controller_name,case_id,r0_over_target,initial_velocity_angle_deg,thrust_scale,candidate_id,selected,transfer_family,first_coast,burn1_duration,burn1_norm,burn1_radial_bias,burn1_tangential_bias,transfer_coast,burn2_duration,burn2_norm,burn2_radial_bias,burn2_tangential_bias,transfer_score,transfer_end_radius_ratio,transfer_end_vr_ratio,transfer_end_vt_error_ratio,transfer_end_energy_error_ratio,transfer_end_angular_momentum_error_ratio,transfer_end_eccentricity_proxy,transfer_end_periapsis_ratio,transfer_end_apoapsis_ratio,transfer_end_orbit_crosses_target,transfer_end_predicted_crossing_step,preview_crossing,preview_crossing_step,preview_sync_error,preview_distance_to_recoverable,preview_min_radius_error_ratio,preview_vr_ratio,preview_vt_error_ratio,overspeed,instability
phase31_direct_transfer,phase31_direct_transfer|r0=0.98|angle=150|thrust=8000|target=1,0.98,150.0,8000.0,1,True,direct_transfer,0,8,0.075,0.0,1.0,24,8,0.105,-0.12,0.2853571800517752,16.32587993150681,0.9800011116531081,0.4193181929598836,0.23676852295256864,0.6646101147595831,0.21203452735108994,0.7122520409196587,0.857950617306409,5.1052584358418205,True,850225,False,,20.965911105301274,22.45984996763522,0.019995124825133465,0.4193228562980569,0.2367637733790057,False,False
phase31_direct_transfer,phase31_direct_transfer|r0=0.98|angle=150|thrust=8000|target=1,0.98,150.0,8000.0,2,False,direct_transfer,6,10,0.095,-0.08,1.0,40,10,0.11,0.0,0.15492348798507125,23.311078977596566,0.9800018078301138,0.48512487992585157,0.4139235074290255,1.1937132721900068,0.3856475934139404,,,,False,734867,False,,24.256246797553803,25.59470501788713,0.01999383799493125,0.4851338438817501,0.4139172253559506,False,False
phase31_direct_transfer,phase31_direct_transfer|r0=0.98|angle=150|thrust=8000|target=1,0.98,150.0,8000.0,3,False,direct_transfer,12,14,0.11,0.08,1.0,56,8,0.09,-0.18,0.2853571800517752,23.39999622901577,0.9800026541181518,0.4362544406513172,0.4394927672138617,1.2216465644132875,0.41070673245346734,,,,False,817154,False,,21.812725042638686,23.299446248142154,0.019993430330108985,0.436264072808456,0.43948701581526595,False,False
phase31_direct_transfer,phase31_direct_transfer|r0=1|angle=150|thrust=8000|target=1,1.0,150.0,8000.0,1,True,direct_transfer,0,8,0.075,0.0,1.0,24,8,0.105,-0.12,0.2679491924311225,16.01749037222174,1.0000010990853794,0.40957730764813083,0.2259512169431552,0.670712155433038,0.2259525643682136,0.7106994042365582,0.8785644551923671,5.195148963018221,True,,False,,20.478866793088518,20.4988011446001,1.0990853794270833e-06,,,False,False
phase31_direct_transfer,phase31_direct_transfer|r0=1|angle=150|thrust=8000|target=1,1.0,150.0,8000.0,2,False,direct_transfer,6,10,0.095,-0.08,1.0,40,10,0.11,0.0,0.13397459621556124,23.017161839561037,1.000001789036204,0.4800485945574502,0.4051312233575657,1.20484398605692,0.40513373718819595,,,,False,,False,,24.002432460829763,24.057075154806682,1.7890362041666666e-06,,,False,False
phase31_direct_transfer,phase31_direct_transfer|r0=1|angle=150|thrust=8000|target=1,1.0,150.0,8000.0,3,False,direct_transfer,12,14,0.11,0.08,1.0,56,8,0.09,-0.18,0.2679491924311225,23.086240804872812,1.000002627335756,0.42660547878401534,0.42772334311095933,1.2203914336501804,0.4277270942195485,,,,False,,False,,21.3302768516639,21.398781912939256,2.6273357561197916e-06,,,False,False
phase31_direct_transfer,phase31_direct_transfer|r0=1.02|angle=150|thrust=8000|target=1,1.02,150.0,8000.0,1,False,direct_transfer,0,8,0.075,0.0,-1.0,24,8,0.105,0.12,0.25071443154640943,15.506562456377758,1.020001134965922,0.5905836690256397,-0.10097917064679754,0.19624538979041237,-0.0829977337017292,0.5693226228184604,0.5358319214731918,1.9524897311745968,True,,False,,29.529107709689146,30.59645849031648,0.020001134965921874,,,False,False
phase31_direct_transfer,phase31_direct_transfer|r0=1.02|angle=150|thrust=8000|target=1,1.02,150.0,8000.0,2,True,direct_transfer,6,10,0.095,0.08,-1.0,40,10,0.11,0.0,0.11359250989085172,15.415108682093777,1.0200018950283718,0.5150241150491072,-0.10220628985289075,0.11050271421379051,-0.08424871430539577,0.5040507960471519,0.5575612336067874,1.6908998150767265,True,,False,,25.751129041237014,26.96857476360892,0.020001895028371876,,,False,False
phase31_direct_transfer,phase31_direct_transfer|r0=1.02|angle=150|thrust=8000|target=1,1.02,150.0,8000.0,3,False,direct_transfer,12,14,0.11,-0.08,-1.0,56,8,0.09,0.18,0.25071443154640943,16.25851608378848,1.0200023976130104,0.5733174390202322,-0.3927666088098198,-0.26335442745373006,-0.3806204850753372,0.7178705304414904,0.22331775108204338,1.359769272272889,True,,False,,28.665602844676517,29.80295152773185,0.02000239761301042,,,False,False
phase31_direct_transfer,phase31_direct_transfer|r0=1.05|angle=150|thrust=8000|target=1,1.05,150.0,8000.0,1,False,direct_transfer,0,8,0.075,0.0,-1.0,24,8,0.105,0.12,0.22517606507011506,16.024324810816832,1.0500011211357287,0.5919935931260646,-0.11763134550871633,0.22427098577330076,-0.07351192352912773,0.5780394518338556,0.5439535461836297,2.0342663776821026,True,,False,,29.599605372371805,35.72647298891178,0.05000112113572878,,,False,False
phase31_direct_transfer,phase31_direct_transfer|r0=1.05|angle=150|thrust=8000|target=1,1.05,150.0,8000.0,2,True,direct_transfer,6,10,0.095,0.08,-1.0,40,10,0.11,0.0,0.08401660396362895,15.954657724295846,1.0500018686542962,0.5079004436273007,-0.18297685216592804,0.020731169814630312,-0.14212416804040917,0.5284942581669753,0.4814875418262537,1.5608525575940575,True,,False,,25.394900437083688,32.33377733006584,0.050001868654296226,,,False,False
phase31_direct_transfer,phase31_direct_transfer|r0=1.05|angle=150|thrust=8000|target=1,1.05,150.0,8000.0,3,False,direct_transfer,12,14,0.11,-0.08,-1.0,56,8,0.09,0.18,0.22517606507011506,16.72127723010238,1.0500023636201765,0.5740046201128751,-0.41102468377941775,-0.22838438999714414,-0.3815745258544479,0.7281512944815857,0.22130589393035696,1.4068489542476224,True,,False,,28.69997222528534,35.02063051765289,0.05000236362017643,,,False,False
phase31_direct_transfer,phase31_direct_transfer|r0=0.98|angle=165|thrust=8000|target=1,0.98,165.0,8000.0,1,True,direct_transfer,0,8,0.075,0.0,1.0,24,8,0.105,-0.12,0.08756443470178613,12.552365978868734,0.9800005415287628,0.08273816554693748,0.2641573952966822,0.5641243253051703,0.2388749319683387,0.5753374466693911,0.9742744961115999,3.614189866806251,True,4309074,False,,7.999486339592604,9.067769215841151,0.01999871584898151,0.08274345624918913,0.2641564373475123,False,False
phase31_direct_transfer,phase31_direct_transfer|r0=0.98|angle=165|thrust=8000|target=1,0.98,165.0,8000.0,2,False,direct_transfer,6,10,0.095,-0.08,1.0,40,10,0.11,0.0,0.05602711531007671,16.57951373302031,0.9800009058405204,0.24149608511782317,0.3726917514155503,0.9017885633809279,0.3452391598270496,0.9067909720070633,0.9490649073229838,19.41516220155541,True,1476291,False,,12.074806728315357,14.56067076777456,0.01999692662758242,0.24150399683889745,0.37268871535042225,False,False
phase31_direct_transfer,phase31_direct_transfer|r0=0.98|angle=165|thrust=8000|target=1,0.98,165.0,8000.0,3,False,direct_transfer,12,14,0.11,0.08,1.0,56,8,0.09,-0.18,0.08756443470178613,19.87404817904555,0.9800014066271067,0.12327526770146677,0.4629778010028621,1.114687440571838,0.43372030284703617,,,,False,2891979,False,,7.998994758491978,10.267023374484834,0.019997486896229946,0.12328552419466299,0.4629761492205711,False,False
phase31_direct_transfer,phase31_direct_transfer|r0=1|angle=165|thrust=8000|target=1,1.0,165.0,8000.0,1,True,direct_transfer,0,8,0.075,0.0,1.0,24,8,0.105,-0.12,0.06814834742186375,8.340549163711332,1.0000005321837575,0.06644740996254003,0.23319483428655458,0.525185821968722,0.23319549057281527,0.5271776850813977,0.9958049628573967,3.2163691729120947,True,,False,,3.3223719587700913,3.4508307312703534,5.321837575520834e-07,,,False,False
phase31_direct_transfer,phase31_direct_transfer|r0=1|angle=165|thrust=8000|target=1,1.0,165.0,8000.0,2,False,direct_transfer,6,10,0.095,-0.08,1.0,40,10,0.11,0.0,0.034074173710932,15.388072309507367,1.000000896112011,0.2388683238842471,0.3050681484352327,0.760262740437852,0.30506931792247566,0.7692061356818111,0.962695013448085,7.379771250047067,True,,False,,11.943418166540361,12.005594640230125,8.961120109375e-07,,,False,False
phase31_direct_transfer,phase31_direct_transfer|r0=1|angle=165|thrust=8000|target=1,1.0,165.0,8000.0,3,False,direct_transfer,12,14,0.11,0.08,1.0,56,8,0.09,-0.18,0.06814834742186375,17.27292130066595,1.0000013916388106,0.1138255764042223,0.43736069523550025,1.0789648133253829,0.4373626955224287,,,,False,,False,,5.691281810119437,5.95409429470638,1.3916388106770833e-06,,,False,False
phase31_direct_transfer,phase31_direct_transfer|r0=1.02|angle=165|thrust=8000|target=1,1.02,165.0,8000.0,1,True,direct_transfer,0,8,0.075,0.0,-1.0,24,8,0.105,0.12,0.04892546946041667,15.363030853540545,1.020000626733254,0.46112521999035894,-0.11808963686578945,0.029619248181317347,-0.10045087688055372,0.4634424816539742,0.5529350384788779,1.5081116138291055,True,,False,,23.056171851019073,24.409392556497142,0.020000626733253906,,,False,False
phase31_direct_transfer,phase31_direct_transfer|r0=1.02|angle=165|thrust=8000|target=1,1.02,165.0,8000.0,2,False,direct_transfer,6,10,0.095,0.08,-1.0,40,10,0.11,0.0,0.012698028847855468,16.02787406406896,1.020001010901172,0.27621977600053493,-0.2595519771463517,-0.33622173123245924,-0.24474226816950478,0.48764751072565105,0.38343373505966144,1.113323841360913,True,,False,,13.810798679201834,15.99461858468232,0.020001010901171876,,,False,False
phase31_direct_transfer,phase31_direct_transfer|r0=1.02|angle=165|thrust=8000|target=1,1.02,165.0,8000.0,3,False,direct_transfer,12,14,0.11,-0.08,-1.0,56,8,0.09,0.18,0.04892546946041667,16.4576005657008,1.020001210260096,0.40690869143487973,-0.3981497823302897,-0.43298361952548403,-0.3861120495815934,0.678209453978727,0.2245598216452957,1.171129544756727,True,,False,,20.345162600737464,21.91987460951638,0.020001210260095964,,,False,False
phase31_direct_transfer,phase31_direct_transfer|r0=1.05|angle=165|thrust=8000|target=1,1.05,165.0,8000.0,1,True,direct_transfer,0,8,0.075,0.0,-1.0,24,8,0.105,0.12,0.02044112288941483,15.929328111075009,1.050000621799033,0.47066861121161,-0.17822459750288844,-0.007917023053312511,-0.13713531639888235,0.4995698483452031,0.49649935481675783,1.4877909729141319,True,,False,,23.53331214420084,30.892408689482878,0.050000621799032946,,,False,False
phase31_direct_transfer,phase31_direct_transfer|r0=1.05|angle=165|thrust=8000|target=1,1.05,165.0,8000.0,2,False,direct_transfer,6,10,0.095,0.08,-1.0,40,10,0.11,0.0,-0.018350867126721175,16.794050609003367,1.0500009972489703,0.2725322957841058,-0.3550868127234513,-0.41457322432664406,-0.3228405102206119,0.5927516822276679,0.2878948298814207,1.1259591619838833,True,,False,,20.000405014726095,24.242899552898255,0.050000997248970315,,,False,False
phase31_direct_transfer,phase31_direct_transfer|r0=1.05|angle=165|thrust=8000|target=1,1.05,165.0,8000.0,3,False,direct_transfer,12,14,0.11,-0.08,-1.0,56,8,0.09,0.18,0.02044112288941483,17.005906106106366,1.0500011930137734,0.4086493039097341,-0.4402521863888462,-0.42444787213866547,-0.4122641279214374,0.7127047422268193,0.20168885319884378,1.2023639304226452,True,,False,,20.432192064741525,28.64622438316908,0.05000119301377344,,,False,False
phase31_direct_transfer,phase31_direct_transfer|r0=0.98|angle=170|thrust=8000|target=1,0.98,170.0,8000.0,1,True,direct_transfer,0,8,0.075,0.0,1.0,24,8,0.105,-0.12,0.050180127103947106,12.220688267682961,0.9800003420703187,-0.02869079697512003,0.23817565341509533,0.4930864963597895,0.21341256388993396,0.503622615849599,0.9792151532477468,2.9662311322383275,True,,False,,7.999863815643125,8.183114549018393,0.01999965792968125,,,False,False
phase31_direct_transfer,phase31_direct_transfer|r0=0.98|angle=170|thrust=8000|target=1,0.98,170.0,8000.0,2,False,direct_transfer,6,10,0.095,-0.08,1.0,40,10,0.11,0.0,0.03733496151115745,13.45181546150127,0.980000587310834,0.15546064941210308,0.3425365880476727,0.7857574002856057,0.3156866447730024,0.793183045697189,0.965340014443989,8.369871575903542,True,2293340,False,,7.9992069413419795,11.23789093279679,0.01999801735335495,0.1554678112703656,0.3425346765317655,False,False
phase31_direct_transfer,phase31_direct_transfer|r0=0.98|angle=170|thrust=8000|target=1,0.98,170.0,8000.0,3,False,direct_transfer,12,14,0.11,0.08,1.0,56,8,0.09,-0.18,0.050180127103947106,19.353508064267153,0.9800009692038283,0.025098684875904033,0.45002158889737337,1.062378244052024,0.4210225624859009,,,,False,14204620,False,,7.999522193623698,8.295104903644335,0.019998805484059246,0.025108595734754643,0.45002125552285366,False,False
phase31_direct_transfer,phase31_direct_transfer|r0=1|angle=170|thrust=8000|target=1,1.0,170.0,8000.0,1,True,direct_transfer,0,8,0.075,0.0,1.0,24,8,0.105,-0.12,0.030384493975583925,2.5363363421360234,1.0000003354996978,-0.040812364402018055,0.19713069046124818,0.4347882101314782,0.19713109209823312,0.4358693243474191,0.9980872405082132,2.540409365277797,True,147,True,147,2.0404396427352904,2.187501913815489,1.0263954427083333e-09,-0.04080879285470581,0.19713109332696294,False,False
phase31_direct_transfer,phase31_direct_transfer|r0=1|angle=170|thrust=8000|target=1,1.0,170.0,8000.0,2,False,direct_transfer,6,10,0.095,-0.08,1.0,40,10,0.11,0.0,0.015192246987792089,11.917203754176597,1.0000005807837005,0.15369758392148714,0.2742214683046579,0.6472644591585074,0.2742222083517176,0.6536693947714645,0.9818421030166755,4.688128082660566,True,,False,,7.684880945247125,7.7627671432724,5.807837005208333e-07,,,False,False
phase31_direct_transfer,phase31_direct_transfer|r0=1|angle=170|thrust=8000|target=1,1.0,170.0,8000.0,3,False,direct_transfer,12,14,0.11,0.08,1.0,56,8,0.09,-0.18,0.030384493975583925,14.078716295704435,1.0000009592126171,0.019015684791293362,0.42066438902968545,1.018650820948566,0.42066575174889215,,,,False,,False,,1.6826565860220606,1.9327008768894594,9.592126170572916e-07,,,False,False
phase31_direct_transfer,phase31_direct_transfer|r0=1.02|angle=170|thrust=8000|target=1,1.02,170.0,8000.0,1,False,direct_transfer,0,8,0.075,0.0,-1.0,24,8,0.105,0.12,0.010785847023188262,15.552249223748747,1.0200004414166204,0.39227763860262765,-0.16311154431743285,-0.10651943217170169,-0.14637340578730781,0.44011729375226194,0.5059854259846921,1.301483961222287,True,,False,,19.613758735700547,21.192757871653054,0.020000441416620444,,,False,False
phase31_direct_transfer,phase31_direct_transfer|r0=1.02|angle=170|thrust=8000|target=1,1.02,170.0,8000.0,2,True,direct_transfer,6,10,0.095,0.08,-1.0,40,10,0.11,0.0,-0.006371782370758862,14.11303457118331,1.0200006986795263,0.19188813163753343,-0.29107966341536823,-0.42139387194190175,-0.2769007613755508,0.5067467020550871,0.34702084178190007,1.060048683055441,True,,False,,9.594196356572308,12.546425425693005,0.0200006986795263,,,False,False
phase31_direct_transfer,phase31_direct_transfer|r0=1.02|angle=170|thrust=8000|target=1,1.02,170.0,8000.0,3,False,direct_transfer,12,14,0.11,-0.08,-1.0,56,8,0.09,0.18,0.010785847023188262,16.592186734547514,1.0200007860935587,0.3288765933417952,-0.4178484750919754,-0.5137225909886364,-0.406204986968251,0.6828416660138812,0.2095220986158222,1.1117239552557583,True,,False,,16.44354743428222,18.362956815054638,0.020000786093558723,,,False,False
phase31_direct_transfer,phase31_direct_transfer|r0=1.05|angle=170|thrust=8000|target=1,1.05,170.0,8000.0,1,True,direct_transfer,0,8,0.075,0.0,-1.0,24,8,0.105,0.12,-0.01825531181027917,16.22099533542403,1.0500004354543517,0.3881755131984293,-0.23021949902424044,-0.16151886609300994,-0.1917301387711834,0.49110032476390564,0.43813293962919037,1.2837504136110212,True,,False,,20.00018289170646,27.884688763021373,0.05000043545435182,,,False,False
phase31_direct_transfer,phase31_direct_transfer|r0=1.05|angle=170|thrust=8000|target=1,1.05,170.0,8000.0,2,False,direct_transfer,6,10,0.095,0.08,-1.0,40,10,0.11,0.0,-0.03769908447656804,16.958042789614822,1.0500006895199483,0.18941411619055978,-0.3876167667758386,-0.49386972218655967,-0.35699718286417537,0.6183491288696241,0.25547801489125704,1.0833268154741535,True,,False,,20.00028005809354,22.183538715070735,0.05000068951994831,,,False,False
phase31_direct_transfer,phase31_direct_transfer|r0=1.05|angle=170|thrust=8000|target=1,1.05,170.0,8000.0,3,False,direct_transfer,12,14,0.11,-0.08,-1.0,56,8,0.09,0.18,-0.01825531181027917,17.15169608674078,1.0500007734447594,0.32577442411971774,-0.46235502606758666,-0.5095694082832256,-0.4354723615322786,0.7203562517697073,0.18524736040346806,1.1396337540558679,True,,False,,20.000316687700103,25.860305552570882,0.050000773444759374,,,False,False
phase31_direct_transfer,phase31_direct_transfer|r0=0.98|angle=175|thrust=8000|target=1,0.98,175.0,8000.0,1,True,direct_transfer,0,8,0.075,0.0,1.0,24,8,0.105,-0.12,0.027635126072275962,12.575721465209629,0.9800001431276217,-0.12754495075006006,0.21397725033160298,0.44919245031221267,0.18969787907864766,0.4694650525480107,0.9631947633119972,2.6678375294255563,True,,False,,7.9999456108329685,10.26649792586759,0.019999856872378256,,,False,False
phase31_direct_transfer,phase31_direct_transfer|r0=0.98|angle=175|thrust=8000|target=1,0.98,175.0,8000.0,2,False,direct_transfer,6,10,0.095,-0.08,1.0,40,10,0.11,0.0,0.02606246099532175,12.797398970138927,0.9800002638385079,0.06809017752798438,0.3243513671915051,0.7177270389616687,0.2978646892625638,0.724240660324269,0.9769243878739204,6.108415960146198,True,5236142,False,,7.999650001091042,8.790370889143842,0.019999125002727606,0.06809689523213232,0.32435054128515595,False,False
phase31_direct_transfer,phase31_direct_transfer|r0=0.98|angle=175|thrust=8000|target=1,0.98,175.0,8000.0,3,False,direct_transfer,12,14,0.11,0.08,1.0,56,8,0.09,-0.18,0.027635126072275962,19.42193248730543,0.980000526901471,-0.06704078388753207,0.43937876221939254,1.035490458555493,0.41059194538579175,,,,False,,False,,7.999790743687292,8.849952415389222,0.019999473098529036,,,False,False
phase31_direct_transfer,phase31_direct_transfer|r0=1|angle=175|thrust=8000|target=1,1.0,175.0,8000.0,1,False,direct_transfer,0,8,0.075,0.0,1.0,24,8,0.105,-0.12,0.0076106038165090276,5.960046865367732,1.00000013982968,-0.13362918601611887,0.168217997209569,0.3825903280189878,0.16821816056111777,0.39673698095010285,0.9770870888923324,2.262253159184487,True,19,True,19,6.68143986387647,6.715236128654988,2.5941764322916665e-09,-0.1336287972775294,0.16821816359168162,False,False
phase31_direct_transfer,phase31_direct_transfer|r0=1|angle=175|thrust=8000|target=1,1.0,175.0,8000.0,2,False,direct_transfer,6,10,0.095,-0.08,1.0,40,10,0.11,0.0,0.00380530190825464,8.4880037331749,1.0000002605624305,0.06720522710896713,0.25561921391922005,0.5810966740386139,0.25561954108641427,0.5827222437895526,0.9961194632503617,3.778251796299764,True,,False,,3.3602629726259656,3.51238183261098,2.6056243046875e-07,,,False,False
phase31_direct_transfer,phase31_direct_transfer|r0=1|angle=175|thrust=8000|target=1,1.0,175.0,8000.0,3,True,direct_transfer,12,14,0.11,0.08,1.0,56,8,0.09,-0.18,0.0076106038165090276,4.800982055585496,1.00000052192236,-0.0699525715058608,0.40849959963351534,0.9887655282722307,0.4085003347609506,0.9887933215295898,0.9975260734966147,177.02597591782788,True,133,True,134,3.497258796637824,3.860152786860822,3.869740625e-09,-0.06994517593275648,0.40850034021148107,False,False
phase31_direct_transfer,phase31_direct_transfer|r0=1.02|angle=175|thrust=8000|target=1,1.02,175.0,8000.0,1,False,direct_transfer,0,8,0.075,0.0,-1.0,24,8,0.105,0.12,-0.012214654589540788,15.74604231844316,1.0200002491923095,0.3063884005626968,-0.1940442237525986,-0.21734526942795188,-0.1779249073896695,0.42108073821196523,0.47555880515318155,1.167360463707845,True,,False,,15.31927447576452,17.29996409308242,0.020000249192309374,,,False,False
phase31_direct_transfer,phase31_direct_transfer|r0=1.02|angle=175|thrust=8000|target=1,1.02,175.0,8000.0,2,True,direct_transfer,6,10,0.095,0.08,-1.0,40,10,0.11,0.0,-0.01787203317712326,12.707904721013708,1.0200003816131653,0.10624790961392906,-0.31009266532474844,-0.47352283140040385,-0.29629425535352183,0.5199123756135218,0.32580942361796555,1.031482066802474,True,,False,,8.000155029278854,9.683105437626363,0.020000381613165235,,,False,False
phase31_direct_transfer,phase31_direct_transfer|r0=1.02|angle=175|thrust=8000|target=1,1.02,175.0,8000.0,3,False,direct_transfer,12,14,0.11,-0.08,-1.0,56,8,0.09,0.18,-0.012214654589540788,16.396532994398925,1.0200003537062525,0.24314080796469437,-0.43075396854616155,-0.5776251369592419,-0.4193688465712042,0.6842011664676749,0.20017355589364177,1.0675547232429692,True,,False,,12.156751627397103,14.65485319617041,0.020000353706252604,,,False,False
phase31_direct_transfer,phase31_direct_transfer|r0=1.05|angle=175|thrust=8000|target=1,1.05,175.0,8000.0,1,True,direct_transfer,0,8,0.075,0.0,-1.0,24,8,0.105,0.12,-0.04159160493122075,16.404498878165647,1.0500002436136746,0.29408458447507224,-0.2582836373272907,-0.26813255735012936,-0.22119763850140672,0.4804535415660703,0.4096941249734698,1.1674280681347726,True,,False,,20.000104044202864,24.845238061620808,0.05000024361367461,,,False,False
phase31_direct_transfer,phase31_direct_transfer|r0=1.05|angle=175|thrust=8000|target=1,1.05,175.0,8000.0,2,False,direct_transfer,6,10,0.095,0.08,-1.0,40,10,0.11,0.0,-0.04936723103703897,17.05767848012011,1.050000377015925,0.1050061897066458,-0.4072342038226539,-0.542363631838564,-0.3775956905316417,0.6344353298909553,0.23701587781428415,1.059695195187297,True,,False,,20.000153162520782,20.741872975930747,0.050000377015925,,,False,False
phase31_direct_transfer,phase31_direct_transfer|r0=1.05|angle=175|thrust=8000|target=1,1.05,175.0,8000.0,3,False,direct_transfer,12,14,0.11,-0.08,-1.0,56,8,0.09,0.18,-0.04159160493122075,17.250321922312,1.050000346318402,0.23746623735600733,-0.474799708310137,-0.5725357162449765,-0.4485395118391182,0.7223422006231497,0.17656692723003034,1.095264281014801,True,,False,,20.000143855678854,23.336413656610993,0.05000034631840195,,,False,False
phase31_direct_transfer,phase31_direct_transfer|r0=0.98|angle=150|thrust=10000|target=1,0.98,150.0,10000.0,1,True,direct_transfer,0,8,0.075,0.0,1.0,24,8,0.105,-0.12,0.2853571800517752,16.767776252768755,0.9800011062413037,0.39787884242830773,0.32725646737455627,0.8791032806159675,0.30071280629298985,0.8918858813570526,0.8942684234426529,15.648777659114256,True,896039,False,,19.893944242747978,21.48175980273331,0.01999532265172448,0.39788563063881915,0.32725163089271725,False,False
phase31_direct_transfer,phase31_direct_transfer|r0=0.98|angle=150|thrust=10000|target=1,0.98,150.0,10000.0,2,False,direct_transfer,6,10,0.095,-0.08,1.0,40,10,0.11,0.0,0.15492348798507125,24.051759051851604,0.9800017923014993,0.4801373526860444,0.5487003656386034,1.5881921058423563,0.5177291340638189,,,,False,742501,False,,24.006871578345248,25.399515607919945,0.019993898271622786,0.480149973520607,0.5486935554657183,False,False
phase31_direct_transfer,phase31_direct_transfer|r0=0.98|angle=150|thrust=10000|target=1,0.98,150.0,10000.0,3,False,direct_transfer,12,14,0.11,0.08,1.0,56,8,0.09,-0.18,0.2853571800517752,24.174101692187005,0.9800026801670731,0.41904952546303587,0.5806620743741083,1.6332843529654164,0.5490530693250718,,,,False,850703,False,,20.952480503451483,22.54736861173817,0.019993558682714973,0.4190630623267652,0.5806560079777612,False,False
phase31_direct_transfer,phase31_direct_transfer|r0=1|angle=150|thrust=10000|target=1,1.0,150.0,10000.0,1,True,direct_transfer,0,8,0.075,0.0,1.0,24,8,0.105,-0.12,0.2679491924311225,16.45623660176834,1.0000010933791972,0.38697179751326743,0.3159329152804624,0.8814287963451901,0.31593435409413706,0.8914439049921579,0.9155350680581423,15.951966807207413,True,,False,,19.348591927861815,19.38981761679041,1.093379197265625e-06,,,False,False
phase31_direct_transfer,phase31_direct_transfer|r0=1|angle=150|thrust=10000|target=1,1.0,150.0,10000.0,2,False,direct_transfer,6,10,0.095,-0.08,1.0,40,10,0.11,0.0,0.13397459621556124,23.75852405220063,1.0000017735075701,0.47506105290527756,0.5399080842904065,1.59700345905927,0.5399108153290512,,,,False,,False,,23.753056491500107,23.85103151500176,1.7735075700520834e-06,,,False,False
phase31_direct_transfer,phase31_direct_transfer|r0=1|angle=150|thrust=10000|target=1,1.0,150.0,10000.0,3,False,direct_transfer,12,14,0.11,0.08,1.0,56,8,0.09,-0.18,0.2679491924311225,23.85513421962925,1.0000026530960529,0.4082573736612825,0.5681483625091182,1.6257686761668653,0.5681525229573492,,,,False,,False,,20.412872775480785,20.538988690535547,2.653096052864583e-06,,,False,False
phase31_direct_transfer,phase31_direct_transfer|r0=1.02|angle=150|thrust=10000|target=1,1.02,150.0,10000.0,1,False,direct_transfer,0,8,0.075,0.0,-1.0,24,8,0.105,0.12,0.25071443154640943,15.534738237264484,1.0200011409932617,0.614461290607893,-0.09059696114520509,0.24379444438011455,-0.07240786274536976,0.5910500752880661,0.540792013061455,2.103991518528097,True,,False,,30.722997049241872,31.74973254122414,0.02000114099326172,,,False,False
phase31_direct_transfer,phase31_direct_transfer|r0=1.02|angle=150|thrust=10000|target=1,1.02,150.0,10000.0,2,True,direct_transfer,6,10,0.095,0.08,-1.0,40,10,0.11,0.0,0.11359250989085172,15.417384560157476,1.020001910557356,0.5200119728083332,-0.09213070446321893,0.13385846864626622,-0.07397158401612257,0.5072069022095462,0.5689521630722915,1.7401392816874408,True,,False,,26.000529933464833,27.206236993253818,0.02000191055735586,,,False,False
phase31_direct_transfer,phase31_direct_transfer|r0=1.02|angle=150|thrust=10000|target=1,1.02,150.0,10000.0,3,False,direct_transfer,12,14,0.11,-0.08,-1.0,56,8,0.09,0.18,0.25071443154640943,16.45809669678725,1.0200023721602158,0.5928788451879833,-0.4553309797750825,-0.3126100869792001,-0.44443630732840367,0.7712726899319706,0.17425381104179632,1.3494279127538342,True,,False,,29.643641445977565,30.758670613185444,0.020002372160215887,,,False,False
phase31_direct_transfer,phase31_direct_transfer|r0=1.05|angle=150|thrust=10000|target=1,1.05,150.0,10000.0,1,False,direct_transfer,0,8,0.075,0.0,-1.0,24,8,0.105,0.12,0.22517606507011506,16.055144417089114,1.0500011277016081,0.6180046215518779,-0.10832752509598502,0.27224965571403226,-0.06374289581030032,0.6017229601086728,0.5472715238384349,2.200923672087305,True,,False,,30.900163847882965,36.81074042375601,0.0500011277016082,,,False,False
phase31_direct_transfer,phase31_direct_transfer|r0=1.05|angle=150|thrust=10000|target=1,1.05,150.0,10000.0,2,True,direct_transfer,6,10,0.095,0.08,-1.0,40,10,0.11,0.0,0.08401660396362895,15.96426918710667,1.0500018841832963,0.5128883042306656,-0.19000926129729173,0.014380922652313251,-0.1495081981911364,0.5357853474190235,0.4709878930409747,1.5581936091901154,True,,False,,25.644288577124346,32.53066638179135,0.05000188418329622,,,False,False
phase31_direct_transfer,phase31_direct_transfer|r0=1.05|angle=150|thrust=10000|target=1,1.05,150.0,10000.0,3,False,direct_transfer,12,14,0.11,-0.08,-1.0,56,8,0.09,0.18,0.22517606507011506,16.92321735671618,1.0500023386603372,0.5955187331744572,-0.4750689347722446,-0.2745624775007657,-0.44882115387539495,0.7828092455914543,0.17040416475654113,1.398761753199645,True,,False,,29.775647388650228,35.92012386305186,0.05000233866033711,,,False,False
phase31_direct_transfer,phase31_direct_transfer|r0=0.98|angle=165|thrust=10000|target=1,0.98,165.0,10000.0,1,True,direct_transfer,0,8,0.075,0.0,1.0,24,8,0.105,-0.12,0.08756443470178613,12.755086175546246,0.9800005302510735,0.038061086816899764,0.33626378592517764,0.7462343296032036,0.309539218761981,0.7515444344530128,0.9790747706673397,6.902211917452188,True,9367182,False,,7.9996512434258324,8.332258874224582,0.019999128108564582,0.038068094796944806,0.3362633200871834,False,False
phase31_direct_transfer,phase31_direct_transfer|r0=0.98|angle=165|thrust=10000|target=1,0.98,165.0,10000.0,2,False,direct_transfer,6,10,0.095,-0.08,1.0,40,10,0.11,0.0,0.05602711531007671,22.982218325196126,0.9800008903119617,0.23650856036515294,0.471931827468084,1.1817051313513027,0.44249450139723523,,,,False,1507424,False,,11.825431298630521,14.401296654669379,0.019996986909004037,0.23651905751440142,0.47192863912480226,False,False
phase31_direct_transfer,phase31_direct_transfer|r0=0.98|angle=165|thrust=10000|target=1,0.98,165.0,10000.0,3,False,direct_transfer,12,14,0.11,0.08,1.0,56,8,0.09,-0.18,0.08756443470178613,20.370118526736007,0.9800014282996348,0.08873270147036923,0.5847894619391443,1.4786177788335573,0.5530959362545711,,,,False,4017787,False,,7.999110095154531,9.441729464724437,0.019997775237886328,0.08874635807051548,0.5847881739570242,False,False
phase31_direct_transfer,phase31_direct_transfer|r0=1|angle=165|thrust=10000|target=1,1.0,165.0,10000.0,1,True,direct_transfer,0,8,0.075,0.0,1.0,24,8,0.105,-0.12,0.06814834742186375,7.081833932940208,1.0000005200438213,0.018354557547769636,0.3000122300969007,0.6903697282713934,0.3000129061602288,0.6904451106123815,0.9997565407911597,5.459560207646849,True,,False,,1.2000480636023279,1.5107433439108566,5.200438213541666e-07,,,False,False
phase31_direct_transfer,phase31_direct_transfer|r0=1|angle=165|thrust=10000|target=1,1.0,165.0,10000.0,2,False,direct_transfer,6,10,0.095,-0.08,1.0,40,10,0.11,0.0,0.034074173710932,15.648900644871441,1.0000008805834277,0.23388076915862452,0.3898539652352154,0.9863960200275864,0.38985518911758416,0.9867731383768502,0.9722788220779125,146.04352126404686,True,,False,,11.694041071125469,11.797557980397295,8.80583427734375e-07,,,False,False
phase31_direct_transfer,phase31_direct_transfer|r0=1|angle=165|thrust=10000|target=1,1.0,165.0,10000.0,3,False,direct_transfer,12,14,0.11,0.08,1.0,56,8,0.09,-0.18,0.06814834742186375,16.600945080884596,1.0000014128807613,0.07757749653203037,0.5552197182996426,1.424729465913727,0.5552219156396621,,,,False,,False,,3.8788788057606585,4.469676046462516,1.4128807611979167e-06,,,False,False
phase31_direct_transfer,phase31_direct_transfer|r0=1.02|angle=165|thrust=10000|target=1,1.02,165.0,10000.0,1,True,direct_transfer,0,8,0.075,0.0,-1.0,24,8,0.105,0.12,0.04892546946041667,15.425401311841915,1.0200006396611265,0.5123393141511862,-0.13671418062241183,0.04697089468169105,-0.11944791202448028,0.5109285037621856,0.5131758238112423,1.5853959709420833,True,,False,,25.616862258738315,26.84273140268173,0.020000639661126564,,,False,False
phase31_direct_transfer,phase31_direct_transfer|r0=1.02|angle=165|thrust=10000|target=1,1.02,165.0,10000.0,2,False,direct_transfer,6,10,0.095,0.08,-1.0,40,10,0.11,0.0,0.012698028847855468,16.236215304214255,1.0200010264300938,0.2812075752625875,-0.3135420153819257,-0.4104800755513793,-0.2998121510884308,0.5554221576441988,0.3151961166002353,1.10276081499142,True,,False,,14.060154748137288,16.225714761054718,0.02000102643009375,,,False,False
phase31_direct_transfer,phase31_direct_transfer|r0=1.02|angle=165|thrust=10000|target=1,1.02,165.0,10000.0,3,False,direct_transfer,12,14,0.11,-0.08,-1.0,56,8,0.09,0.18,0.04892546946041667,16.73704715586517,1.0200011893758365,0.4445688765211421,-0.4867892057282946,-0.4997552220180446,-0.47652437944234277,0.7674809363961353,0.1550380089965554,1.17851294027691,True,,False,,22.228128369979093,23.70448942735852,0.02000118937583659,,,False,False
phase31_direct_transfer,phase31_direct_transfer|r0=1.05|angle=165|thrust=10000|target=1,1.05,165.0,10000.0,1,True,direct_transfer,0,8,0.075,0.0,-1.0,24,8,0.105,0.12,0.02044112288941483,15.99454314466038,1.050000635561879,0.5251904307095345,-0.20844238860463424,-0.00237231114908069,-0.16886400495102313,0.5545937215042549,0.44435213696710024,1.5509144698162394,True,,False,,26.259382283174855,33.01921013312879,0.05000063556187904,,,False,False
phase31_direct_transfer,phase31_direct_transfer|r0=1.05|angle=165|thrust=10000|target=1,1.05,165.0,10000.0,2,False,direct_transfer,6,10,0.095,0.08,-1.0,40,10,0.11,0.0,-0.018350867126721175,17.066207725889427,1.0500010127779111,0.27752010300402385,-0.4295200725458749,-0.5022953123254079,-0.4009954984036994,0.6789453865112555,0.213709389129214,1.117586783861031,True,,False,,20.00041133821979,24.403108944367744,0.050001012777911066,,,False,False
phase31_direct_transfer,phase31_direct_transfer|r0=1.05|angle=165|thrust=10000|target=1,1.05,165.0,10000.0,3,False,direct_transfer,12,14,0.11,-0.08,-1.0,56,8,0.09,0.18,0.02044112288941483,17.30286374436051,1.050001172472108,0.4476665128312151,-0.5359767274122852,-0.48903687361727793,-0.5127750197285551,0.8040648260766624,0.1315851725332747,1.2115649102054105,True,,False,,22.383010626477656,30.09366506827613,0.050001172472107815,,,False,False
phase31_direct_transfer,phase31_direct_transfer|r0=0.98|angle=170|thrust=10000|target=1,0.98,170.0,10000.0,1,True,direct_transfer,0,8,0.075,0.0,1.0,24,8,0.105,-0.12,0.050180127103947106,12.718623722827784,0.9800003291901138,-0.07971624743467035,0.29901815584254526,0.6529872083098914,0.273038220349629,0.6615299991058871,0.9753819138643613,4.788094384110419,True,,False,,7.999870112645207,9.017493922397747,0.019999670809886197,,,False,False
phase31_direct_transfer,phase31_direct_transfer|r0=0.98|angle=170|thrust=10000|target=1,0.98,170.0,10000.0,2,False,direct_transfer,6,10,0.095,-0.08,1.0,40,10,0.11,0.0,0.03733496151115745,19.88612951178779,0.9800005717822845,0.15047311910087888,0.4294693904546469,1.0252097620043805,0.40088081999082764,,,,False,2369356,False,,7.999231054606249,11.115359717618981,0.019998077636515624,0.15048248794265495,0.42946742044373143,False,False
phase31_direct_transfer,phase31_direct_transfer|r0=0.98|angle=170|thrust=10000|target=1,0.98,170.0,10000.0,3,False,direct_transfer,12,14,0.11,0.08,1.0,56,8,0.09,-0.18,0.050180127103947106,19.998078273257875,0.9800009901101834,-0.01247918568184811,0.563825686620702,1.4048922435477331,0.5325507212480255,,,,False,,False,,7.999604235937083,8.33482362078411,0.019999009889816666,,,False,False
phase31_direct_transfer,phase31_direct_transfer|r0=1|angle=170|thrust=10000|target=1,1.0,170.0,10000.0,1,True,direct_transfer,0,8,0.075,0.0,1.0,24,8,0.105,-0.12,0.030384493975583925,4.863580761164334,1.0000003219657831,-0.09442746608305726,0.25021152407647024,0.5719460452158367,0.2502119266018027,0.5752728799226876,0.9922280014711503,3.680080191566,True,61,True,61,4.72127697465462,4.826194402869831,1.1455768229166667e-09,-0.0944255394930924,0.25021192803401643,False,False
phase31_direct_transfer,phase31_direct_transfer|r0=1|angle=170|thrust=10000|target=1,1.0,170.0,10000.0,2,False,direct_transfer,6,10,0.095,-0.08,1.0,40,10,0.11,0.0,0.015192246987792089,12.109576933864123,1.0000005652551265,0.14871002414465637,0.3465750601845175,0.8353801945016555,0.34657582134297366,0.8375562255146304,0.9867814750091121,11.162424958235722,True,,False,,7.435503488258448,7.5636327521526825,5.652551265625e-07,,,False,False
phase31_direct_transfer,phase31_direct_transfer|r0=1|angle=170|thrust=10000|target=1,1.0,170.0,10000.0,3,False,direct_transfer,12,14,0.11,0.08,1.0,56,8,0.09,-0.18,0.030384493975583925,14.378287577206418,1.0000009798462903,-0.01964220008041759,0.5296287542274289,1.3401519014740157,0.5296302530284891,,,,False,889,False,,2.1185150236513306,2.334838325466001,8.036056182291666e-07,-0.01963017531199016,0.5296290238100091,False,False
phase31_direct_transfer,phase31_direct_transfer|r0=1.02|angle=170|thrust=10000|target=1,1.02,170.0,10000.0,1,False,direct_transfer,0,8,0.075,0.0,-1.0,24,8,0.105,0.12,0.010785847023188262,15.643982090075736,1.0200004553216522,0.44736275003467024,-0.19766557997654005,-0.11690948677100135,-0.18161852625583716,0.5019480459464137,0.44591970965656363,1.3447356869432308,True,,False,,22.367989387055236,23.7689241577351,0.020000455321652212,,,False,False
phase31_direct_transfer,phase31_direct_transfer|r0=1.02|angle=170|thrust=10000|target=1,1.02,170.0,10000.0,2,True,direct_transfer,6,10,0.095,0.08,-1.0,40,10,0.11,0.0,-0.006371782370758862,14.54975127624277,1.0200007142084369,0.19687592063407128,-0.3576256667334335,-0.5093780286115671,-0.3447777212789338,0.5932954645625608,0.26945173954304535,1.0555973615358551,True,,False,,9.843546243452767,12.765236748156987,0.02000071420843685,,,False,False
phase31_direct_transfer,phase31_direct_transfer|r0=1.02|angle=170|thrust=10000|target=1,1.02,170.0,10000.0,3,False,direct_transfer,12,14,0.11,-0.08,-1.0,56,8,0.09,0.18,0.010785847023188262,16.90561213019397,1.0200007656068164,0.36811164277412656,-0.5160866403618877,-0.5911045207897426,-0.5064080026817589,0.7825307259858576,0.13667818246547495,1.1203102641560598,True,,False,,18.405253829440777,20.175032524305855,0.020000765606816406,,,False,False
phase31_direct_transfer,phase31_direct_transfer|r0=1.05|angle=170|thrust=10000|target=1,1.05,170.0,10000.0,1,True,direct_transfer,0,8,0.075,0.0,-1.0,24,8,0.105,0.12,-0.01825531181027917,16.36234923463965,1.0500004492566444,0.44285360504538623,-0.2780427732874014,-0.18741953707997286,-0.2419445876076905,0.5636060042717951,0.3675145827576304,1.3168100704464711,True,,False,,22.142495977875402,29.858713101178992,0.05000044925664427,,,False,False
phase31_direct_transfer,phase31_direct_transfer|r0=1.05|angle=170|thrust=10000|target=1,1.05,170.0,10000.0,2,False,direct_transfer,6,10,0.095,0.08,-1.0,40,10,0.11,0.0,-0.03769908447656804,17.270748049813687,1.0500007050488775,0.19440191434259357,-0.47478929974851913,-0.5911222418038167,-0.44852839443673054,0.7184054713783575,0.17697856344614082,1.079995883553386,True,,False,,20.000286381582395,22.31811997264014,0.05000070504887747,,,False,False
phase31_direct_transfer,phase31_direct_transfer|r0=1.05|angle=170|thrust=10000|target=1,1.05,170.0,10000.0,3,False,direct_transfer,12,14,0.11,-0.08,-1.0,56,8,0.09,0.18,-0.01825531181027917,17.484714856763247,1.050000752918417,0.3648524373193784,-0.5682120855397869,-0.5852024348326947,-0.5466223647157032,0.8210722320125422,0.11287376555559112,1.1487947482270562,True,,False,,20.00030935400401,27.165628869799598,0.05000075291841706,,,False,False
phase31_direct_transfer,phase31_direct_transfer|r0=0.98|angle=175|thrust=10000|target=1,0.98,175.0,10000.0,1,False,direct_transfer,0,8,0.075,0.0,1.0,24,8,0.105,-0.12,0.027635126072275962,13.855998397233936,0.9800001295227142,-0.18144131570739472,0.26589446469286243,0.5945936899816132,0.24057673936109217,0.6132432345334828,0.9539978927535099,3.9793244324695287,True,,False,,9.071799236291465,12.142190146644646,0.019999870477285808,,,False,False
phase31_direct_transfer,phase31_direct_transfer|r0=0.98|angle=175|thrust=10000|target=1,0.98,175.0,10000.0,2,True,direct_transfer,6,10,0.095,-0.08,1.0,40,10,0.11,0.0,0.02606246099532175,13.207387361384823,0.9800002483099638,0.06310264401226179,0.40386214530614845,0.9339950572711433,0.37578525099298393,0.9354500685363124,0.9779560256396846,29.32280505850894,True,5650003,False,,7.999674114760208,8.749974589316817,0.01999918528690052,0.06311134838889351,0.40386133392731177,False,False
phase31_direct_transfer,phase31_direct_transfer|r0=0.98|angle=175|thrust=10000|target=1,0.98,175.0,10000.0,3,False,direct_transfer,12,14,0.11,0.08,1.0,56,8,0.09,-0.18,0.027635126072275962,20.24880575910729,0.9800005475068814,-0.10581091451872122,0.5476464047402645,1.3655901573697724,0.516694323992516,,,,False,,False,,7.999783371455468,9.837910262749205,0.01999945249311862,,,False,False
phase31_direct_transfer,phase31_direct_transfer|r0=1|angle=175|thrust=10000|target=1,1.0,175.0,10000.0,1,True,direct_transfer,0,8,0.075,0.0,1.0,24,8,0.105,-0.12,0.0076106038165090276,8.316967718072053,1.000000125896648,-0.1888253981832138,0.21122387361830652,0.5027185548152487,0.21122402610733218,0.5200542973736781,0.9651389716501714,3.0567283619619947,True,12,True,12,9.44125418905215,9.4789836005494,1.2104244791666668e-09,-0.188825083781043,0.21122402757342762,False,False
phase31_direct_transfer,phase31_direct_transfer|r0=1|angle=175|thrust=10000|target=1,1.0,175.0,10000.0,2,False,direct_transfer,6,10,0.095,-0.08,1.0,40,10,0.11,0.0,0.00380530190825464,8.650587602628118,1.0000002450338616,0.06221766443644628,0.3204754279547023,0.7475268836676837,0.3204757515158955,0.7481802475091766,0.9974121449008739,6.924223350608722,True,,False,,3.1108853076100234,3.3646514468050985,2.450338615885417e-07,,,False,False
phase31_direct_transfer,phase31_direct_transfer|r0=1|angle=175|thrust=10000|target=1,1.0,175.0,10000.0,3,False,direct_transfer,12,14,0.11,0.08,1.0,56,8,0.09,-0.18,0.0076106038165090276,12.890471447395054,1.0000005423997984,-0.10922944174754515,0.5115759248513112,1.2967939323335858,0.5115767447297882,,,,False,89,True,89,5.461151353247693,5.831941908758056,2.912682421875e-09,-0.10922302706495388,0.511576749132528,False,False
phase31_direct_transfer,phase31_direct_transfer|r0=1.02|angle=175|thrust=10000|target=1,1.02,175.0,10000.0,1,False,direct_transfer,0,8,0.075,0.0,-1.0,24,8,0.105,0.12,-0.012214654589540788,15.888189506900563,1.020000263081625,0.36141125934027646,-0.2391501630782686,-0.2512732352721812,-0.22393296617422256,0.49636992714018646,0.40249408255764557,1.1958778346399226,True,,False,,18.070386321492894,19.785401296245855,0.020000263081625,,,False,False
phase31_direct_transfer,phase31_direct_transfer|r0=1.02|angle=175|thrust=10000|target=1,1.02,175.0,10000.0,2,True,direct_transfer,6,10,0.095,0.08,-1.0,40,10,0.11,0.0,-0.01787203317712326,13.025208810508595,1.0200003971420681,0.1112356925728216,-0.38421068288087695,-0.5692136879044812,-0.37189465198265154,0.6171868255837923,0.24395222739065844,1.0305714499236713,True,,False,,8.00016135275698,9.863969645345842,0.02000039714206823,,,False,False
phase31_direct_transfer,phase31_direct_transfer|r0=1.02|angle=175|thrust=10000|target=1,1.02,175.0,10000.0,3,False,direct_transfer,12,14,0.11,-0.08,-1.0,56,8,0.09,0.18,-0.012214654589540788,17.030789633005053,1.0200003332134604,0.2823519531816259,-0.5350372980446749,-0.6648707335018729,-0.5257378890737376,0.7909043555902402,0.12559272032486876,1.0757017464192367,True,,False,,14.117261437944292,16.36731428708617,0.020000333213460286,,,False,False
phase31_direct_transfer,phase31_direct_transfer|r0=1.05|angle=175|thrust=10000|target=1,1.05,175.0,10000.0,1,True,direct_transfer,0,8,0.075,0.0,-1.0,24,8,0.105,0.12,-0.04159160493122075,16.59402971056335,1.0500002568048965,0.3463419272012038,-0.3159011188300254,-0.31681742914734135,-0.28169599909158444,0.5661925816318695,0.3294362671437506,1.1893771657062604,True,,False,,20.000110493253175,26.485522416415908,0.05000025680489648,,,False,False
phase31_direct_transfer,phase31_direct_transfer|r0=1.05|angle=175|thrust=10000|target=1,1.05,175.0,10000.0,2,False,direct_transfer,6,10,0.095,0.08,-1.0,40,10,0.11,0.0,-0.04936723103703897,17.394158979574016,1.0500003925448478,0.1099939825472051,-0.5020892968103404,-0.6447474481152579,-0.47719356619857645,0.74192103761516,0.15691099729662256,1.0590811614337843,True,,False,,20.000159486007032,20.83954289079594,0.05000039254484779,,,False,False
phase31_direct_transfer,phase31_direct_transfer|r0=1.05|angle=175|thrust=10000|target=1,1.05,175.0,10000.0,3,False,direct_transfer,12,14,0.11,-0.08,-1.0,56,8,0.09,0.18,-0.04159160493122075,17.60792075456528,1.0500003255459054,0.2755691729359581,-0.5865461648010296,-0.657878871289277,-0.5658733384428781,0.8291840988701096,0.10303279937276273,1.1033279514851493,True,,False,,20.000136401642134,24.399916061602287,0.05000032554590547,,,False,False
phase31_direct_transfer,phase31_direct_transfer|r0=0.98|angle=150|thrust=12000|target=1,0.98,150.0,12000.0,1,True,direct_transfer,0,8,0.075,0.0,1.0,24,8,0.105,-0.12,0.2853571800517752,23.22869755550082,0.9800011008295052,0.37643950120716224,0.4177444126317065,1.110891883523951,0.3893910850739527,,,,False,947071,False,,18.82197789258496,20.51943564255912,0.019995520477553257,0.3764485642704878,0.4177395247733952,False,False
phase31_direct_transfer,phase31_direct_transfer|r0=0.98|angle=150|thrust=12000|target=1,0.98,150.0,12000.0,2,False,direct_transfer,6,10,0.095,-0.08,1.0,40,10,0.11,0.0,0.15492348798507125,24.832456456553633,0.9800017767729229,0.4751498574111819,0.6834772259927839,2.0190503309654657,0.6498106726296797,,,,False,750296,False,,23.757498061359772,25.216689505538223,0.019993958546496354,0.47516646784538924,0.6834699000250553,True,False
phase31_direct_transfer,phase31_direct_transfer|r0=0.98|angle=150|thrust=12000|target=1,0.98,150.0,12000.0,3,False,direct_transfer,12,14,0.11,0.08,1.0,56,8,0.09,-0.18,0.2853571800517752,24.992701731101985,0.9800027062161539,0.4018446959425386,0.7218313765811557,2.0853717580924864,0.6873994086974182,,,,False,887125,False,,20.092240361726034,21.817820871002493,0.019993687032754556,0.40186250254490535,0.7218250396656534,True,False
phase31_direct_transfer,phase31_direct_transfer|r0=1|angle=150|thrust=12000|target=1,1.0,150.0,12000.0,1,True,direct_transfer,0,8,0.075,0.0,1.0,24,8,0.105,-0.12,0.2679491924311225,22.913919815270965,1.0000010876730216,0.3643662964640646,0.40591461447665705,1.1093608765416627,0.40591614365205386,,,,False,,False,,18.218317562337013,18.290526548278937,1.0876730216145832e-06,,,False,False
phase31_direct_transfer,phase31_direct_transfer|r0=1|angle=150|thrust=12000|target=1,1.0,150.0,12000.0,2,False,direct_transfer,6,10,0.095,-0.08,1.0,40,10,0.11,0.0,0.13397459621556124,24.539903595983347,1.0000017579789742,0.4700735425787526,0.6746849473249628,2.0255423241811195,0.6746878913858885,,,,False,,False,,23.50368219034916,23.65811219246593,1.7579789740885417e-06,,,True,False
phase31_direct_transfer,phase31_direct_transfer|r0=1|angle=150|thrust=12000|target=1,1.0,150.0,12000.0,3,False,direct_transfer,12,14,0.11,0.08,1.0,56,8,0.09,-0.18,0.2679491924311225,24.66815053189753,1.000002678856503,0.38990935239588365,0.7085733771238876,2.071257645800958,0.70857795414679,,,,False,,False,,19.49547300277981,19.70042353895223,2.678856503125e-06,,,True,False
phase31_direct_transfer,phase31_direct_transfer|r0=1.02|angle=150|thrust=12000|target=1,1.02,150.0,12000.0,1,False,direct_transfer,0,8,0.075,0.0,-1.0,24,8,0.105,0.12,0.25071443154640943,15.564405473344905,1.020001147020607,0.6383389171519965,-0.08021475159436003,0.29269936756823667,-0.06181799161361341,0.6143649182127243,0.5452208920857707,2.2824310401962915,True,,False,,31.916886731728873,32.90595584692621,0.020001147020606902,,,False,False
phase31_direct_transfer,phase31_direct_transfer|r0=1.02|angle=150|thrust=12000|target=1,1.02,150.0,12000.0,2,True,direct_transfer,6,10,0.095,0.08,-1.0,40,10,0.11,0.0,0.11359250989085172,15.419938531723503,1.0200019260863744,0.52499985035156,-0.08205511745003882,0.15746703912452628,-0.06369445175790894,0.5112516475587409,0.5800940439569297,1.793700327152072,True,,False,,26.24993190422016,27.444167542054192,0.02000192608637435,,,False,False
phase31_direct_transfer,phase31_direct_transfer|r0=1.02|angle=150|thrust=12000|target=1,1.02,150.0,12000.0,3,False,direct_transfer,12,14,0.11,-0.08,-1.0,56,8,0.09,0.18,0.25071443154640943,16.648223934754643,1.0200023467075712,0.6124403257556118,-0.517895355795168,-0.35327176199624916,-0.5082521315524527,0.8202178256087218,0.13285001537760324,1.3450497355561957,True,,False,,30.62168721156015,31.717730769034365,0.020002346707571225,,,False,False
phase31_direct_transfer,phase31_direct_transfer|r0=1.05|angle=150|thrust=12000|target=1,1.05,150.0,12000.0,1,False,direct_transfer,0,8,0.075,0.0,-1.0,24,8,0.105,0.12,0.22517606507011506,16.08764292631041,1.0500011342674933,0.6440156548024945,-0.09902370462157782,0.3217546013284898,-0.053973867904532555,0.6268921809860483,0.5501074091247267,2.3986778003546614,True,,False,,32.200722638620356,37.90865340012159,0.050001134267493356,,,False,False
phase31_direct_transfer,phase31_direct_transfer|r0=1.05|angle=150|thrust=12000|target=1,1.05,150.0,12000.0,2,True,direct_transfer,6,10,0.095,0.08,-1.0,40,10,0.11,0.0,0.08401660396362895,15.97404420528444,1.0500018997123295,0.5178761844074756,-0.19704166880138166,0.008179365439742873,-0.156892226851609,0.5431237677160432,0.46064400796271165,1.5558496304124758,True,,False,,25.89367773811217,32.72829633563432,0.05000189971232943,,,False,False
phase31_direct_transfer,phase31_direct_transfer|r0=1.05|angle=150|thrust=12000|target=1,1.05,150.0,12000.0,3,False,direct_transfer,12,14,0.11,-0.08,-1.0,56,8,0.09,0.18,0.22517606507011506,17.11511544662311,1.0500023137006445,0.6170329186159837,-0.5391131905970102,-0.3116114338443486,-0.516067783772753,0.8323660294048912,0.12780764658613242,1.3970341994002027,True,,False,,30.85132967705029,36.83085387759646,0.05000231370064453,,,False,False
phase31_direct_transfer,phase31_direct_transfer|r0=0.98|angle=165|thrust=12000|target=1,0.98,165.0,12000.0,1,True,direct_transfer,0,8,0.075,0.0,1.0,24,8,0.105,-0.12,0.08756443470178613,13.100080443954633,0.9800005189733908,-0.006615983911533482,0.40837017799440123,0.9427350837201683,0.38020350534116,0.943881627540255,0.9799782503045332,33.94541988049455,True,,False,,7.999792559094583,8.171558389688386,0.019999481026609246,,,False,False
phase31_direct_transfer,phase31_direct_transfer|r0=0.98|angle=165|thrust=12000|target=1,0.98,165.0,12000.0,2,False,direct_transfer,6,10,0.095,-0.08,1.0,40,10,0.11,0.0,0.05602711531007671,23.36848821621288,0.9800008747834397,0.23152106307501544,0.5711719055536154,1.4813686546225815,0.5397498418777072,,,,False,1539899,False,,11.576057298446008,14.255497820869001,0.019997047189333463,0.23153432604800456,0.5711685739942683,False,False
phase31_direct_transfer,phase31_direct_transfer|r0=0.98|angle=165|thrust=12000|target=1,0.98,165.0,12000.0,3,False,direct_transfer,12,14,0.11,0.08,1.0,56,8,0.09,-0.18,0.08756443470178613,20.965210080149912,0.9800014499723207,0.05419021846159928,0.706601118858123,1.87461065164717,0.6724715710053455,,,,False,6578839,False,,7.999225430967291,8.906219286895329,0.019998063577418228,0.054207546958862166,0.7066002717408583,True,False
phase31_direct_transfer,phase31_direct_transfer|r0=1|angle=165|thrust=12000|target=1,1.0,165.0,12000.0,1,True,direct_transfer,0,8,0.075,0.0,1.0,24,8,0.105,-0.12,0.06814834742186375,7.07927302163645,1.000000507903891,-0.029738287349721393,0.3668296273361446,0.8691086117056248,0.3668303215542306,0.8691751373343056,0.9994917493843734,14.28035229583266,True,304,False,,1.486524739609304,2.088727770805101,2.4102894921875e-07,-0.02973049479218608,0.3668299921086354,False,False
phase31_direct_transfer,phase31_direct_transfer|r0=1|angle=165|thrust=12000|target=1,1.0,165.0,12000.0,2,False,direct_transfer,6,10,0.095,-0.08,1.0,40,10,0.11,0.0,0.034074173710932,21.928140771219542,1.0000008650548808,0.2288932398636903,0.4746397839830566,1.2269563378691573,0.47464105962739916,,,,False,,False,,11.44466528757003,11.601072802670986,8.650548807291666e-07,,,False,False
phase31_direct_transfer,phase31_direct_transfer|r0=1|angle=165|thrust=12000|target=1,1.0,165.0,12000.0,3,False,direct_transfer,12,14,0.11,0.08,1.0,56,8,0.09,-0.18,0.06814834742186375,16.396541670683533,1.0000014341228676,0.0413294977612979,0.6730787374799906,1.8009034574344631,0.6730811368804673,,,,False,,False,,2.6923124669664023,3.3939504055621215,1.434122867578125e-06,,,True,False
phase31_direct_transfer,phase31_direct_transfer|r0=1.02|angle=165|thrust=12000|target=1,1.02,165.0,12000.0,1,True,direct_transfer,0,8,0.075,0.0,-1.0,24,8,0.105,0.12,0.04892546946041667,15.494305242651274,1.0200006525890053,0.5635534136885468,-0.15533872375255312,0.07026206244204454,-0.13844494701094215,0.5566657985489455,0.47683780938907755,1.6743059906081443,True,,False,,28.177553240526496,29.29797851108945,0.02000065258900534,,,False,False
phase31_direct_transfer,phase31_direct_transfer|r0=1.02|angle=165|thrust=12000|target=1,1.02,165.0,12000.0,2,False,direct_transfer,6,10,0.095,0.08,-1.0,40,10,0.11,0.0,0.012698028847855468,16.436905048918057,1.0200010419590502,0.28619539694994733,-0.36753205180068566,-0.47885879999572684,-0.3548820338309968,0.620107006738154,0.2568825321680093,1.0955116247358,True,,False,,14.309514503261846,16.460179705624082,0.02000104195905026,,,False,False
phase31_direct_transfer,phase31_direct_transfer|r0=1.02|angle=165|thrust=12000|target=1,1.02,165.0,12000.0,3,False,direct_transfer,12,14,0.11,-0.08,-1.0,56,8,0.09,0.18,0.04892546946041667,16.996088152450138,1.0200011684917283,0.48222913815061347,-0.5754286332062492,-0.5479762803099258,-0.5669367097622441,0.8424290031883562,0.10179160935211226,1.190217851929538,True,,False,,24.11110487993359,25.50819064151888,0.020001168491728255,,,False,False
phase31_direct_transfer,phase31_direct_transfer|r0=1.05|angle=165|thrust=12000|target=1,1.05,165.0,12000.0,1,True,direct_transfer,0,8,0.075,0.0,-1.0,24,8,0.105,0.12,0.02044112288941483,16.075286103525876,1.0500006493247316,0.5797122557516844,-0.23866017884321614,0.010943895898462503,-0.2005926934286019,0.6065819624909885,0.3977712041587307,1.6243587758354863,True,,False,,28.985453479904898,35.229078040807245,0.05000064932473164,,,False,False
phase31_direct_transfer,phase31_direct_transfer|r0=1.05|angle=165|thrust=12000|target=1,1.05,165.0,12000.0,2,False,direct_transfer,6,10,0.095,0.08,-1.0,40,10,0.11,0.0,-0.018350867126721175,17.326121410306865,1.0500010283068852,0.282507933537965,-0.5039533305434665,-0.5788870085636051,-0.47915048698243434,0.7560905216808069,0.1544819084559383,1.1122331820808464,True,,False,,20.00041766172755,24.568414439934216,0.050001028306885284,,,False,False
phase31_direct_transfer,phase31_direct_transfer|r0=1.05|angle=165|thrust=12000|target=1,1.05,165.0,12000.0,3,False,direct_transfer,12,14,0.11,-0.08,-1.0,56,8,0.09,0.18,0.02044112288941483,17.576313142931927,1.0500011519305887,0.4866837967546976,-0.631701272252774,-0.5322547442104019,-0.6132859116108423,0.877983311442897,0.07963211666868128,1.225633869654393,True,,False,,24.33384077088966,31.59994147077266,0.0500011519305888,,,False,False
phase31_direct_transfer,phase31_direct_transfer|r0=0.98|angle=170|thrust=12000|target=1,0.98,170.0,12000.0,1,True,direct_transfer,0,8,0.075,0.0,1.0,24,8,0.105,-0.12,0.050180127103947106,13.357814695598885,0.980000316309915,-0.13074169057279275,0.3598606597057169,0.8254987356428038,0.33266387664901237,0.8307147371947946,0.9701090902051348,10.491125917846674,True,,False,,7.999876409644584,10.430889747230982,0.019999683690085025,,,False,False
phase31_direct_transfer,phase31_direct_transfer|r0=0.98|angle=170|thrust=12000|target=1,0.98,170.0,12000.0,2,False,direct_transfer,6,10,0.095,-0.08,1.0,40,10,0.11,0.0,0.03733496151115745,20.340484872404872,0.9800005562537717,0.14548561495241535,0.5164021948559702,1.2798265125701827,0.48607499446329117,,,,False,2450583,False,,7.9992551675135415,11.008103418396185,0.019998137918783854,0.14549732920440034,0.516400174288786,False,False
phase31_direct_transfer,phase31_direct_transfer|r0=0.98|angle=170|thrust=12000|target=1,0.98,170.0,12000.0,3,False,direct_transfer,12,14,0.11,0.08,1.0,56,8,0.09,-0.18,0.050180127103947106,20.769838268813405,0.980001011016696,-0.05005697394891745,0.6776297804076562,1.7761331596263095,0.6440788809112209,,,,False,,False,,7.999596716510364,8.80928345395006,0.019998988983304038,,,True,False
phase31_direct_transfer,phase31_direct_transfer|r0=1|angle=170|thrust=12000|target=1,1.0,170.0,12000.0,1,True,direct_transfer,0,8,0.075,0.0,1.0,24,8,0.105,-0.12,0.030384493975583925,7.211714160610859,1.0000003084318752,-0.1480425609956095,0.3032923590212942,0.7204881898129885,0.3032927609982005,0.7247268862913315,0.9848353582072003,6.170497358009227,True,37,True,38,7.402053594952965,7.50081205569392,7.13865703125e-09,-0.1480410718990593,0.30329277030196017,False,False
phase31_direct_transfer,phase31_direct_transfer|r0=1|angle=170|thrust=12000|target=1,1.0,170.0,12000.0,2,False,direct_transfer,6,10,0.095,-0.08,1.0,40,10,0.11,0.0,0.015192246987792089,18.316695158330802,1.000000549726588,0.14372248866771087,0.41892865397397555,1.0340157782698098,0.4189294339967833,,,,False,,False,,7.186127275630301,7.378918931111014,5.497265880208333e-07,,,False,False
phase31_direct_transfer,phase31_direct_transfer|r0=1|angle=170|thrust=12000|target=1,1.0,170.0,12000.0,3,False,direct_transfer,12,14,0.11,0.08,1.0,56,8,0.09,-0.18,0.030384493975583925,15.783840749847965,1.000001000480116,-0.058300004836866044,0.6385931155664296,1.6883882899039069,0.6385947549462601,,,,False,306,False,,2.9142440791705773,3.87526189879942,4.77288462109375e-07,-0.058284881583411545,0.6385939728642643,False,False
phase31_direct_transfer,phase31_direct_transfer|r0=1.02|angle=170|thrust=12000|target=1,1.02,170.0,12000.0,1,False,direct_transfer,0,8,0.075,0.0,-1.0,24,8,0.105,0.12,0.010785847023188262,15.7264125752049,1.0200004692266895,0.5024478673219362,-0.23221961465417107,-0.11884283221566316,-0.21686364668420605,0.560188218654706,0.3930952307879806,1.3944659372443216,True,,False,,25.122221381821358,26.381823160200927,0.020000469226689584,,,False,False
phase31_direct_transfer,phase31_direct_transfer|r0=1.02|angle=170|thrust=12000|target=1,1.02,170.0,12000.0,2,True,direct_transfer,6,10,0.095,0.08,-1.0,40,10,0.11,0.0,-0.006371782370758862,14.978116562150241,1.0200007297373814,0.20186373298097882,-0.4241716681967982,-0.5884556765246404,-0.4126546813572752,0.6723267510352826,0.20628416254058096,1.052800387036384,True,,False,,10.0929011945024,12.990606966152283,0.020000729737381512,,,False,False
phase31_direct_transfer,phase31_direct_transfer|r0=1.02|angle=170|thrust=12000|target=1,1.02,170.0,12000.0,3,False,direct_transfer,12,14,0.11,-0.08,-1.0,56,8,0.09,0.18,0.010785847023188262,17.1944191862515,1.0200007451202249,0.40734676965872296,-0.6143248095190064,-0.6461061380499923,-0.606611018335002,0.8632827023656765,0.0830549710459626,1.131933512241778,True,,False,,20.366972589179262,22.01980060186556,0.02000074512022487,,,False,False
phase31_direct_transfer,phase31_direct_transfer|r0=1.05|angle=170|thrust=12000|target=1,1.05,170.0,12000.0,1,True,direct_transfer,0,8,0.075,0.0,-1.0,24,8,0.105,0.12,-0.01825531181027917,16.492094253622156,1.0500004630589423,0.4975317030995848,-0.32586604635707084,-0.20276668170263298,-0.2921590365111688,0.6303706762901499,0.30731589869666487,1.3555169935221367,True,,False,,24.876372345541423,31.946068574994754,0.05000046305894245,,,False,False
phase31_direct_transfer,phase31_direct_transfer|r0=1.05|angle=170|thrust=12000|target=1,1.05,170.0,12000.0,2,False,direct_transfer,6,10,0.095,0.08,-1.0,40,10,0.11,0.0,-0.03769908447656804,17.566680653353767,1.0500007205778408,0.19938973693562898,-0.5619618308590265,-0.6731268927724806,-0.54005960676138,0.8037773913504905,0.11727897596837726,1.078087620934425,True,,False,,20.00029270508552,22.460079105944505,0.05000072057784075,,,False,False
phase31_direct_transfer,phase31_direct_transfer|r0=1.05|angle=170|thrust=12000|target=1,1.05,170.0,12000.0,3,False,direct_transfer,12,14,0.11,-0.08,-1.0,56,8,0.09,0.18,-0.01825531181027917,17.789721387463388,1.050000732392222,0.40393052650396943,-0.6740691487028365,-0.6353697860910934,-0.657772367428758,0.8991473157468088,0.0616696511767238,1.1612953424351833,True,,False,,20.19616468692847,28.551384779719346,0.050000732392222004,,,False,False
phase31_direct_transfer,phase31_direct_transfer|r0=0.98|angle=175|thrust=12000|target=1,0.98,175.0,12000.0,1,True,direct_transfer,0,8,0.075,0.0,1.0,24,8,0.105,-0.12,0.027635126072275962,16.100063666885266,0.9800001159178128,-0.23533767381650617,0.31781168039508756,0.7511953605673103,0.29145559954503353,0.7648720806558105,0.9450302851277816,7.093405029263009,True,,False,,11.766555716015823,14.285479151131304,0.01999988408218724,,,False,False
phase31_direct_transfer,phase31_direct_transfer|r0=0.98|angle=175|thrust=12000|target=1,0.98,175.0,12000.0,2,False,direct_transfer,6,10,0.095,-0.08,1.0,40,10,0.11,0.0,0.02606246099532175,19.635418415184393,0.9800002327814566,0.05811513594000211,0.48337292539183213,1.1629567630395041,0.4537058121857058,,,,False,6134898,False,,7.999698228115521,8.728121948631445,0.0199992455702888,0.05812594278824215,0.48337213580172744,False,False
phase31_direct_transfer,phase31_direct_transfer|r0=0.98|angle=175|thrust=12000|target=1,0.98,175.0,12000.0,3,False,direct_transfer,12,14,0.11,0.08,1.0,56,8,0.09,-0.18,0.027635126072275962,21.164349829663312,0.9800005681124491,-0.14458096347599192,0.6559140433207727,1.7221398304099516,0.62279670319974,,,,False,,False,,7.999775999158959,11.096667340825393,0.019999431887550913,,,True,False
phase31_direct_transfer,phase31_direct_transfer|r0=1|angle=175|thrust=12000|target=1,1.0,175.0,12000.0,1,False,direct_transfer,0,8,0.075,0.0,1.0,24,8,0.105,-0.12,0.0076106038165090276,10.574237310052121,1.0000001119636228,-0.24402160404522621,0.2542297511969901,0.6326390359556893,0.25422989162509707,0.6496977591169493,0.9535641376441879,4.490672446400604,True,8,True,9,12.201065735690557,12.243370884115665,1.1233038151041667e-08,-0.24402131471381117,0.2542299057139093,False,False
phase31_direct_transfer,phase31_direct_transfer|r0=1|angle=175|thrust=12000|target=1,1.0,175.0,12000.0,2,True,direct_transfer,6,10,0.095,-0.08,1.0,40,10,0.11,0.0,0.00380530190825464,8.829806238693768,1.000000229505329,0.057230125446412115,0.38533164387670693,0.9224195097953036,0.38533196181770146,0.9225572164972303,0.9982249828331425,24.781452288127568,True,,False,,2.861508850314069,3.2502185259787035,2.2950532890625e-07,,,False,False
phase31_direct_transfer,phase31_direct_transfer|r0=1|angle=175|thrust=12000|target=1,1.0,175.0,12000.0,3,False,direct_transfer,12,14,0.11,0.08,1.0,56,8,0.09,-0.18,0.0076106038165090276,15.01079552020268,1.0000005628773918,-0.14850623249566244,0.6146522461679972,1.6291571028995648,0.6146531550192424,,,,False,68,True,68,7.425005110272697,7.821475373426413,3.5875924479166666e-09,-0.14850010220545395,0.6146531608119586,False,False
phase31_direct_transfer,phase31_direct_transfer|r0=1.02|angle=175|thrust=12000|target=1,1.02,175.0,12000.0,1,False,direct_transfer,0,8,0.075,0.0,-1.0,24,8,0.105,0.12,-0.012214654589540788,16.019200152850285,1.0200002769709475,0.4164341243881379,-0.2842561012200168,-0.27507707269829257,-0.2699410250041514,0.5660403121097449,0.3403399662515446,1.228192668224927,True,,False,,20.821500271029823,22.334684754082677,0.020000276970947525,,,False,False
phase31_direct_transfer,phase31_direct_transfer|r0=1.02|angle=175|thrust=12000|target=1,1.02,175.0,12000.0,2,True,direct_transfer,6,10,0.095,0.08,-1.0,40,10,0.11,0.0,-0.01787203317712326,13.332941967822633,1.020000412671006,0.11622349950449731,-0.45832869855945707,-0.6538678197914723,-0.4474950489986054,0.7036600480492403,0.17917994921028424,1.0301065343081928,True,,False,,8.00016767624953,10.056513246204299,0.02000041267100599,,,False,False
phase31_direct_transfer,phase31_direct_transfer|r0=1.02|angle=175|thrust=12000|target=1,1.02,175.0,12000.0,3,False,direct_transfer,12,14,0.11,-0.08,-1.0,56,8,0.09,0.18,-0.012214654589540788,17.341806367520345,1.0200003127208188,0.3215631764565072,-0.6393206313555262,-0.7272912291521229,-0.6321069311906893,0.8753394958503319,0.07217109775452304,1.0857112362985144,True,,False,,16.07778472064247,18.139705809819464,0.02000031272081888,,,False,False
phase31_direct_transfer,phase31_direct_transfer|r0=1.05|angle=175|thrust=12000|target=1,1.05,175.0,12000.0,1,True,direct_transfer,0,8,0.075,0.0,-1.0,24,8,0.105,0.12,-0.04159160493122075,16.770249205126984,1.0500002699961244,0.3985992765948214,-0.37351859901779294,-0.35340108589459923,-0.34219435982113233,0.6437174618577298,0.26324978002124705,1.2145087505757626,True,,False,,20.000116942306093,28.274375940167474,0.05000026999612448,,,False,False
phase31_direct_transfer,phase31_direct_transfer|r0=1.05|angle=175|thrust=12000|target=1,1.05,175.0,12000.0,2,False,direct_transfer,6,10,0.095,0.08,-1.0,40,10,0.11,0.0,-0.04936723103703897,17.7107902632388,1.050000408073805,0.11498180057294703,-0.5969443879133359,-0.7290865235946995,-0.5767914428325657,0.8308496393965032,0.09782642932861459,1.0588536862749023,True,,False,,20.000165809507603,20.946601776585805,0.050000408073804944,,,False,False
phase31_direct_transfer,phase31_direct_transfer|r0=1.05|angle=175|thrust=12000|target=1,1.05,175.0,12000.0,3,False,direct_transfer,12,14,0.11,-0.08,-1.0,56,8,0.09,0.18,-0.04159160493122075,17.934853510171212,1.0500003047735569,0.31367218510430933,-0.6982926249620066,-0.7153437720244361,-0.6832071642576774,0.9098637496880206,0.05254704729280074,1.113399996453197,True,,False,,20.0001289476663,25.569170627460142,0.0500003047735569,,,False,False
phase31_hohmann_like_transfer,phase31_hohmann_like_transfer|r0=0.98|angle=150|thrust=8000|target=1,0.98,150.0,8000.0,1,False,hohmann_like_transfer,0,10,0.08,0.0,1.0,80,10,0.095,0.0,-1.0,15.678889677863323,0.9800028332545277,0.5050769084597441,-0.16469052054867844,-0.08796581647197821,-0.1813943434933402,0.5205166151062204,0.440715487227929,1.3975775636378949,True,705802,False,,25.253697668468956,26.49785080283686,0.01999263354882513,0.5050739533693791,-0.16469438441976894,False,False
phase31_hohmann_like_transfer,phase31_hohmann_like_transfer|r0=0.98|angle=150|thrust=8000|target=1,0.98,150.0,8000.0,2,True,hohmann_like_transfer,4,12,0.1,0.0,1.0,120,12,0.105,0.0,-1.0,15.553835731374567,0.9800041932248785,0.5050790097381885,-0.14098926688144794,-0.0478033486302674,-0.15816587951864197,0.5073832993508466,0.47014232326430594,1.4386127905788446,True,705751,False,,25.253821122079323,26.495616802076697,0.019991273557964064,0.5050764224415865,-0.14099324039932443,False,False
phase31_hohmann_like_transfer,phase31_hohmann_like_transfer|r0=0.98|angle=150|thrust=8000|target=1,0.98,150.0,8000.0,3,False,hohmann_like_transfer,8,16,0.11,0.04,1.0,160,10,0.09,-0.04,-1.0,16.000748857264625,0.9800056791287439,0.5141363144837902,0.10112584348792195,0.43600977305928545,0.07910958005359184,0.5858720666979484,0.7342821090153107,2.8118786300611767,True,693266,False,,25.706816273910675,26.924758874529598,0.019989706342685157,0.5141380735573363,0.10112065866823401,False,False
phase31_hohmann_like_transfer,phase31_hohmann_like_transfer|r0=1|angle=150|thrust=8000|target=1,1.0,150.0,8000.0,1,False,hohmann_like_transfer,0,10,0.08,0.0,1.0,80,10,0.095,0.0,-1.0,15.318076723830583,1.0000028047788976,0.5000006335898409,-0.17348276571303267,-0.06686301829431805,-0.1734804475149354,0.5207580916948845,0.4492065992420649,1.4254483149357318,True,,False,,24.999889481460354,25.009519057848937,2.80477889765625e-06,,,False,False
phase31_hohmann_like_transfer,phase31_hohmann_like_transfer|r0=1|angle=150|thrust=8000|target=1,1.0,150.0,8000.0,2,True,hohmann_like_transfer,4,12,0.1,0.0,1.0,120,12,0.105,0.0,-1.0,15.192879693563805,1.0000041510807505,0.5000026840222549,-0.1497814442359724,-0.02711742127803432,-0.14977791491009193,0.5074641167384226,0.47953220640413124,1.4676648312153995,True,,False,,25.0000098379609,25.007188442984138,4.151080750390625e-06,,,False,False
phase31_hohmann_like_transfer,phase31_hohmann_like_transfer|r0=1|angle=150|thrust=8000|target=1,1.0,150.0,8000.0,3,False,hohmann_like_transfer,8,16,0.11,0.04,1.0,160,10,0.09,-0.04,-1.0,15.723922759570819,1.000005623885205,0.5090598690915431,0.09233375306047888,0.45234622610184433,0.0923398962201117,0.5886730716063435,0.7510711109792313,2.9008712206953233,True,,False,,25.452993996453138,25.45567356709694,5.623885205078125e-06,,,False,False
phase31_hohmann_like_transfer,phase31_hohmann_like_transfer|r0=1.02|angle=150|thrust=8000|target=1,1.02,150.0,8000.0,1,False,hohmann_like_transfer,0,10,0.08,0.0,-1.0,80,10,0.095,0.0,1.0,15.457827386373804,1.0200027771348215,0.49507086605941186,-0.10300368385573269,0.08891857844776006,-0.08506126645314305,0.4871570605994833,0.5628947394479509,1.6322987445685855,True,,False,,24.75346596255748,26.017793738171388,0.020002777134821483,,,False,False
phase31_hohmann_like_transfer,phase31_hohmann_like_transfer|r0=1.02|angle=150|thrust=8000|target=1,1.02,150.0,8000.0,2,True,hohmann_like_transfer,4,12,0.1,0.0,-1.0,120,12,0.105,0.0,1.0,15.453190302988551,1.0200041101503157,0.4950685538328285,-0.1267073106674913,0.04695658157474474,-0.10923786751661853,0.4937619466664666,0.5311804725224452,1.5673598052171203,True,,False,,24.75333189015613,26.01952179147885,0.020004110150315627,,,False,False
phase31_hohmann_like_transfer,phase31_hohmann_like_transfer|r0=1.02|angle=150|thrust=8000|target=1,1.02,150.0,8000.0,3,False,hohmann_like_transfer,8,16,0.11,-0.04,-1.0,160,10,0.09,0.04,1.0,16.538193855021394,1.0200052050325314,0.486012878530855,-0.3688248997497149,-0.32618378267319537,-0.3561981124577794,0.6710604976031364,0.24803462890627312,1.260051977286867,True,,False,,24.300387866637468,25.626767600357983,0.02000520503253151,,,False,False
phase31_hohmann_like_transfer,phase31_hohmann_like_transfer|r0=1.05|angle=150|thrust=8000|target=1,1.05,150.0,8000.0,1,False,hohmann_like_transfer,0,10,0.08,0.0,-1.0,80,10,0.095,0.0,1.0,15.96583799269641,1.0500027371742628,0.4879472761825141,-0.11534224505215815,0.11595494834392987,-0.07110693584232791,0.48704056560248177,0.5802412823154183,1.6820868606377333,True,,False,,24.397291254772824,31.55136184203433,0.05000273717426276,,,False,False
phase31_hohmann_like_transfer,phase31_hohmann_like_transfer|r0=1.05|angle=150|thrust=8000|target=1,1.05,150.0,8000.0,2,True,hohmann_like_transfer,4,12,0.1,0.0,-1.0,120,12,0.105,0.0,1.0,15.963416502326943,1.0500040510091455,0.4879450781272394,-0.1390458352369371,0.07457791707062891,-0.0959946392655887,0.4936813726150216,0.547121834160533,1.6140541707053908,True,,False,,24.39716366836586,31.553138788605725,0.05000405100914544,,,False,False
phase31_hohmann_like_transfer,phase31_hohmann_like_transfer|r0=1.05|angle=150|thrust=8000|target=1,1.05,150.0,8000.0,3,False,hohmann_like_transfer,8,16,0.11,-0.04,-1.0,160,10,0.09,0.04,1.0,16.96333978907296,1.05000512751042,0.47888955964472385,-0.38116341410759075,-0.2924586728254327,-0.35021841172192786,0.6740201210926478,0.2522168683310627,1.2952213918245346,True,,False,,23.944234618067206,31.236917200662514,0.05000512751042018,,,False,False
phase31_hohmann_like_transfer,phase31_hohmann_like_transfer|r0=0.98|angle=165|thrust=8000|target=1,0.98,165.0,8000.0,1,False,hohmann_like_transfer,0,10,0.08,0.0,1.0,80,10,0.095,0.0,-1.0,15.284973357126669,0.9800014666049203,0.2614486386846742,-0.06377452420397854,-0.0959397401812737,-0.08249766064700964,0.27825594788170865,0.6585618037711739,1.166356051355779,True,1363589,False,,13.072366044179892,15.327342614152268,0.019996186824708204,0.26144732088359784,-0.06377676594929917,False,False
phase31_hohmann_like_transfer,phase31_hohmann_like_transfer|r0=0.98|angle=165|thrust=8000|target=1,0.98,165.0,8000.0,2,True,hohmann_like_transfer,4,12,0.1,0.0,1.0,120,12,0.105,0.0,-1.0,15.15199134146613,0.9800021705866315,0.26145151727438115,-0.0400724385308206,-0.05099398721530552,-0.059268906154272015,0.26437966203655583,0.6999282078792195,1.2030322508187066,True,1363526,False,,13.07253055425327,15.32605115897397,0.0199954828153138,0.2614506110850654,-0.0400747370550713,False,False
phase31_hohmann_like_transfer,phase31_hohmann_like_transfer|r0=0.98|angle=165|thrust=8000|target=1,0.98,165.0,8000.0,3,False,hohmann_like_transfer,8,16,0.11,0.04,1.0,160,10,0.09,-0.04,-1.0,16.267103511854152,0.9800030278375521,0.2705097730530385,0.20204369914177686,0.47727457078122343,0.17800646475199297,0.5240365672834976,0.9105419520681041,2.9155584980076448,True,1317810,False,,13.525489867586082,15.734113158446483,0.019994544242434895,0.2705136608164853,0.2020407211318725,False,False
phase31_hohmann_like_transfer,phase31_hohmann_like_transfer|r0=1|angle=165|thrust=8000|target=1,1.0,165.0,8000.0,1,False,hohmann_like_transfer,0,10,0.08,0.0,1.0,80,10,0.095,0.0,-1.0,14.398694806516229,1.0000014518647105,0.2588209154097628,-0.07358106299128797,-0.07475678317289496,-0.0735797179563262,0.2785410428290571,0.6712764864261225,1.1896096520131287,True,,False,,12.94098215949844,12.944329004044583,1.451864710546875e-06,,,False,False
phase31_hohmann_like_transfer,phase31_hohmann_like_transfer|r0=1|angle=165|thrust=8000|target=1,1.0,165.0,8000.0,2,True,hohmann_like_transfer,4,12,0.1,0.0,1.0,120,12,0.105,0.0,-1.0,14.265547133994342,1.0000021487708102,0.2588237149479432,-0.04987893934564865,-0.030275957149210275,-0.04987689775324743,0.26445218361393336,0.7139328170108318,1.2272946629878585,True,,False,,12.941142096785066,12.942680249046717,2.14877081015625e-06,,,False,False
phase31_hohmann_like_transfer,phase31_hohmann_like_transfer|r0=1|angle=165|thrust=8000|target=1,1.0,165.0,8000.0,3,False,hohmann_like_transfer,8,16,0.11,0.04,1.0,160,10,0.09,-0.04,-1.0,15.480537622416161,1.0000029992404038,0.2678818178673951,0.19223724979601656,0.49319632660792606,0.1922408256021471,0.5287815292893727,0.9297850340285178,3.0165162755374806,True,,False,,13.39409207539082,13.416146482165166,2.99924040390625e-06,,,False,False
phase31_hohmann_like_transfer,phase31_hohmann_like_transfer|r0=1.02|angle=165|thrust=8000|target=1,1.02,165.0,8000.0,1,False,hohmann_like_transfer,0,10,0.08,0.0,-1.0,80,10,0.095,0.0,1.0,15.069887729640845,1.0200014375488995,0.256266918959524,-0.004086785405017517,0.0967343144827812,0.015832910560827716,0.2605863259329282,0.8186004250163409,1.3955875288355541,True,,False,,12.81334597946758,15.106005265238625,0.02000143754889948,,,False,False
phase31_hohmann_like_transfer,phase31_hohmann_like_transfer|r0=1.02|angle=165|thrust=8000|target=1,1.02,165.0,8000.0,2,True,hohmann_like_transfer,4,12,0.1,0.0,-1.0,120,12,0.105,0.0,1.0,15.000840454151113,1.0200021275641358,0.25626483154943064,-0.027790238928286894,0.05008325957460894,-0.008343975268232636,0.2566501278436599,0.7825421329278329,1.3229055498915703,True,,False,,12.813226091045514,15.10646295990963,0.020002127564135677,,,False,False
phase31_hohmann_like_transfer,phase31_hohmann_like_transfer|r0=1.02|angle=165|thrust=8000|target=1,1.02,165.0,8000.0,3,False,hohmann_like_transfer,8,16,0.11,-0.04,-1.0,160,10,0.09,0.04,1.0,16.070114862630284,1.0200026062375194,0.247209177598629,-0.2699078785233061,-0.36663242033868115,-0.25530413330029267,0.4920406647322764,0.37168687622809377,1.0917644295036675,True,,False,,12.36026205997455,14.763579761495045,0.020002606237519403,,,False,False
phase31_hohmann_like_transfer,phase31_hohmann_like_transfer|r0=1.05|angle=165|thrust=8000|target=1,1.05,165.0,8000.0,1,False,hohmann_like_transfer,0,10,0.08,0.0,-1.0,80,10,0.095,0.0,1.0,15.82842320023947,1.0500014168638634,0.2525795006065739,-0.01784871998184408,0.12365820647717726,0.031260235593720674,0.2607921421034842,0.8435154677776582,1.4386990914072493,True,,False,,20.000572412978435,23.654154079692468,0.05000141686386328,,,False,False
phase31_hohmann_like_transfer,phase31_hohmann_like_transfer|r0=1.05|angle=165|thrust=8000|target=1,1.05,165.0,8000.0,2,True,hohmann_like_transfer,4,12,0.1,0.0,-1.0,120,12,0.105,0.0,1.0,15.72900064950656,1.0500020969506705,0.25257751127690714,-0.04155215077663159,0.0776595781063808,0.006372251502397003,0.2566463630208533,0.8059428160515809,1.3624539629748464,True,,False,,20.000844447656718,23.654807115380684,0.05000209695067057,,,False,False
phase31_hohmann_like_transfer,phase31_hohmann_like_transfer|r0=1.05|angle=165|thrust=8000|target=1,1.05,165.0,8000.0,3,False,hohmann_like_transfer,8,16,0.11,-0.04,-1.0,160,10,0.09,0.04,1.0,16.764829954838923,1.050002566109782,0.2435220069842017,-0.2836697842641697,-0.33232530383709186,-0.24785143529540443,0.4962529450327564,0.37809614027178945,1.1230387509143251,True,,False,,20.001031908111667,23.44325415463659,0.05000256610978203,,,False,False
phase31_hohmann_like_transfer,phase31_hohmann_like_transfer|r0=0.98|angle=170|thrust=8000|target=1,0.98,170.0,8000.0,1,False,hohmann_like_transfer,0,10,0.08,0.0,1.0,80,10,0.095,0.0,-1.0,12.702116683765341,0.9800009839844457,0.17541332629639414,-0.044700344197727324,-0.09744701000056659,-0.06380539731377051,0.19527218685502706,0.7332725915801233,1.089138861341843,True,2032440,False,,8.770616946085399,11.871786776043056,0.01999744163531393,0.175412338921708,-0.044701878892600265,False,False
phase31_hohmann_like_transfer,phase31_hohmann_like_transfer|r0=0.98|angle=170|thrust=8000|target=1,0.98,170.0,8000.0,2,True,hohmann_like_transfer,4,12,0.1,0.0,1.0,120,12,0.105,0.0,-1.0,12.567839849180631,0.9800014563089542,0.17541635809529843,-0.020997924445342275,-0.05159733119401579,-0.04057654022694661,0.17891792335293547,0.7807951316449072,1.121073521567762,True,2032357,False,,8.770789530873731,11.870737530988695,0.019996969281710155,0.17541579061747464,-0.020999497246608403,False,False
phase31_hohmann_like_transfer,phase31_hohmann_like_transfer|r0=0.98|angle=170|thrust=8000|target=1,0.98,170.0,8000.0,3,False,hohmann_like_transfer,8,16,0.11,0.04,1.0,160,10,0.09,-0.04,-1.0,14.031908169693658,0.980002091555608,0.18447479965950198,0.2211186176840756,0.4843496592168592,0.19669879936788717,0.5114130681821525,0.9475159680410742,2.9310812941318005,True,1932499,False,,9.223741330194471,12.240900940697529,0.01999625271105065,0.18447911074279089,0.2211165545829754,False,False
phase31_hohmann_like_transfer,phase31_hohmann_like_transfer|r0=1|angle=170|thrust=8000|target=1,1.0,170.0,8000.0,1,False,hohmann_like_transfer,0,10,0.08,0.0,1.0,80,10,0.095,0.0,-1.0,11.590334532697325,1.0000009740947955,0.1736502943062093,-0.054698603612909236,-0.07624889708829022,-0.05469768279973892,0.19562153191145584,0.7473907478695022,1.1109154538008068,True,,False,,8.682466964660263,8.685223497028769,9.740947954427083e-07,,,False,False
phase31_hohmann_like_transfer,phase31_hohmann_like_transfer|r0=1|angle=170|thrust=8000|target=1,1.0,170.0,8000.0,2,True,hohmann_like_transfer,4,12,0.1,0.0,1.0,120,12,0.105,0.0,-1.0,11.455831203898406,1.0000014416719398,0.1736532414733146,-0.030996158019334263,-0.030873222612796916,-0.030994761033685644,0.178996596106802,0.7964154911428645,1.143687283988791,True,,False,,8.682634685276604,8.683520035402998,1.44167193984375e-06,,,False,False
phase31_hohmann_like_transfer,phase31_hohmann_like_transfer|r0=1|angle=170|thrust=8000|target=1,1.0,170.0,8000.0,3,False,hohmann_like_transfer,8,16,0.11,0.04,1.0,160,10,0.09,-0.04,-1.0,13.032234610481336,1.0000020723684813,0.18271152366744037,0.21112042143718987,0.5002003208314467,0.2111229313249782,0.516608611002503,0.9671702666989453,3.0344329422649334,True,,False,,9.13557749268058,9.17452593066494,2.07236848125e-06,,,False,False
phase31_hohmann_like_transfer,phase31_hohmann_like_transfer|r0=1.02|angle=170|thrust=8000|target=1,1.02,170.0,8000.0,1,False,hohmann_like_transfer,0,10,0.08,0.0,-1.0,80,10,0.095,0.0,1.0,12.503498656454706,1.0200009644859527,0.17193535388397432,0.014609446899722094,0.09821163599369949,0.03490261441427541,0.18483382015759925,0.9039439988124591,1.3138712667502563,True,,False,,8.596767829050862,11.743681989300443,0.020000964485952604,,,False,False
phase31_hohmann_like_transfer,phase31_hohmann_like_transfer|r0=1.02|angle=170|thrust=8000|target=1,1.02,170.0,8000.0,2,True,hohmann_like_transfer,4,12,0.1,0.0,-1.0,120,12,0.105,0.0,1.0,12.379451016355109,1.0200014274311846,0.17193331477008672,-0.009093908262293286,0.05067437764597945,0.01072562802271711,0.17378417962665588,0.8703186777205023,1.2364400075034852,True,,False,,8.596665742640232,11.743644353271526,0.020001427431184503,,,False,False
phase31_hohmann_like_transfer,phase31_hohmann_like_transfer|r0=1.02|angle=170|thrust=8000|target=1,1.02,170.0,8000.0,3,False,hohmann_like_transfer,8,16,0.11,-0.04,-1.0,160,10,0.09,0.04,1.0,13.184274410980466,1.0200016884957812,0.16287767041598766,-0.2512115329846549,-0.3735677640166695,-0.2362344993181804,0.44580947136422666,0.4034679199336887,1.0525942070279108,True,,False,,8.143698865058981,11.460514871265481,0.02000168849578125,,,False,False
phase31_hohmann_like_transfer,phase31_hohmann_like_transfer|r0=1.05|angle=170|thrust=8000|target=1,1.05,170.0,8000.0,1,False,hohmann_like_transfer,0,10,0.08,0.0,-1.0,80,10,0.095,0.0,1.0,15.851755834092849,1.0500009506079122,0.16946139536601568,0.0005784723480837686,0.1251142635411535,0.05060834712330048,0.18525782009643393,0.9312555296664052,1.3547572793835199,True,,False,,20.000384045575885,21.721148239237273,0.05000095060791211,,,False,False
phase31_hohmann_like_transfer,phase31_hohmann_like_transfer|r0=1.05|angle=170|thrust=8000|target=1,1.05,170.0,8000.0,2,True,hohmann_like_transfer,4,12,0.1,0.0,-1.0,120,12,0.105,0.0,1.0,15.75000636418373,1.0500014068920585,0.1694594509643243,-0.023124867087027712,0.07824217824468291,0.025720263916487532,0.17382950579880807,0.8962988701608231,1.273468451359021,True,,False,,20.000566559190833,21.721475151008615,0.05000140689205847,,,False,False
phase31_hohmann_like_transfer,phase31_hohmann_like_transfer|r0=1.05|angle=170|thrust=8000|target=1,1.05,170.0,8000.0,3,False,hohmann_like_transfer,8,16,0.11,-0.04,-1.0,160,10,0.09,0.04,1.0,16.726184062343332,1.0500016615735852,0.16040395460156193,-0.26524248903375863,-0.33916086200110385,-0.22850339263177497,0.4504687119895619,0.41035494958333485,1.08311760980091,True,,False,,20.00066822861203,21.574891444613346,0.050001661573585154,,,False,False
phase31_hohmann_like_transfer,phase31_hohmann_like_transfer|r0=0.98|angle=175|thrust=8000|target=1,0.98,175.0,8000.0,1,False,hohmann_like_transfer,0,10,0.08,0.0,1.0,80,10,0.095,0.0,-1.0,11.647157726410901,0.9800004938750215,0.08804292952065547,-0.03319720718744258,-0.09835610042462829,-0.05253278556394362,0.11837307258129452,0.8026785912855271,1.018224483069678,True,4049454,False,,7.999486367283645,9.13170104213223,0.019998715918209113,0.08804214463842176,-0.03319798675184074,False,False
phase31_hohmann_like_transfer,phase31_hohmann_like_transfer|r0=0.98|angle=175|thrust=8000|target=1,0.98,175.0,8000.0,2,True,hohmann_like_transfer,4,12,0.1,0.0,1.0,120,12,0.105,0.0,-1.0,11.511901445750755,0.9800007309473874,0.08804605468301761,-0.009494437039212161,-0.0519614263574171,-0.02930382429097447,0.09374553382332111,0.8614902062661445,1.0397201897512423,True,4049262,False,,7.999391526354843,9.130816953065477,0.019998478815887108,0.08804569469642516,-0.0094952357460056,False,False
phase31_hohmann_like_transfer,phase31_hohmann_like_transfer|r0=0.98|angle=175|thrust=8000|target=1,0.98,175.0,8000.0,3,False,hohmann_like_transfer,8,16,0.11,0.04,1.0,160,10,0.09,-0.04,-1.0,12.76952998313124,0.9800011407444067,0.09710460921890714,0.23262252795857663,0.48797365059020126,0.2079714835066593,0.5028455601156085,0.9709547964815681,2.935094183820627,True,3671445,False,,7.99919507744776,9.40363797188133,0.0199979876936194,0.09710917882702447,0.232621431729273,False,False
phase31_hohmann_like_transfer,phase31_hohmann_like_transfer|r0=1|angle=175|thrust=8000|target=1,1.0,175.0,8000.0,1,False,hohmann_like_transfer,0,10,0.08,0.0,1.0,80,10,0.095,0.0,-1.0,8.232365403195784,1.0000004889112073,0.08715800987491004,-0.04331109534009163,-0.07714884319333387,-0.04331062760416424,0.11888908519918352,0.818002934662827,1.038750672453127,True,,False,,4.357862462714692,4.36130486842947,4.889112072916667e-07,,,False,False
phase31_hohmann_like_transfer,phase31_hohmann_like_transfer|r0=1|angle=175|thrust=8000|target=1,1.0,175.0,8000.0,2,True,hohmann_like_transfer,4,12,0.1,0.0,1.0,120,12,0.105,0.0,-1.0,8.0968079163143,1.0000007236005954,0.08716104700179922,-0.019608312111093828,-0.03123364300374816,-0.019607602699084715,0.09386122740518561,0.8786939591647137,1.060730742083838,True,,False,,4.358034923790859,4.358740760302616,7.236005954427083e-07,,,False,False
phase31_hohmann_like_transfer,phase31_hohmann_like_transfer|r0=1|angle=175|thrust=8000|target=1,1.0,175.0,8000.0,3,False,hohmann_like_transfer,8,16,0.11,0.04,1.0,160,10,0.09,-0.04,-1.0,9.747013153849066,1.0000011311133616,0.09621943820415117,0.22250867538606023,0.503787903906666,0.22251005818195754,0.5083263892799258,0.9908537389374598,3.039680816237539,True,,False,,4.810973297248459,4.892609323916319,1.1311133615885417e-06,,,False,False
phase31_hohmann_like_transfer,phase31_hohmann_like_transfer|r0=1.02|angle=175|thrust=8000|target=1,1.02,175.0,8000.0,1,False,hohmann_like_transfer,0,10,0.08,0.0,-1.0,80,10,0.095,0.0,1.0,11.622747169464146,1.020000484082469,0.08629518034028476,0.02588456821250133,0.09910262229049407,0.046402756189486104,0.11642402286324624,0.9807731701730656,1.2392355117091227,True,,False,,8.00019556929703,9.090159316615496,0.02000048408246901,,,False,False
phase31_hohmann_like_transfer,phase31_hohmann_like_transfer|r0=1.02|angle=175|thrust=8000|target=1,1.02,175.0,8000.0,2,True,hohmann_like_transfer,4,12,0.1,0.0,-1.0,120,12,0.105,0.0,1.0,11.483284705051561,1.0200007164341598,0.08629317124352869,0.0021813232137589704,0.0510309795035849,0.02222566767496839,0.0915383380444927,0.9573143509787939,1.1502360082034062,True,,False,,8.000288509928229,9.089607882058147,0.020000716434159765,,,False,False
phase31_hohmann_like_transfer,phase31_hohmann_like_transfer|r0=1.02|angle=175|thrust=8000|target=1,1.02,175.0,8000.0,3,False,hohmann_like_transfer,8,16,0.11,-0.04,-1.0,160,10,0.09,0.04,1.0,12.525814934613312,1.0200007565132614,0.07723753353026099,-0.2399362779380684,-0.37712036127223436,-0.2247344284985446,0.415090488695983,0.42473376166165766,1.027572119686525,True,,False,,8.000304338376301,8.935326693685235,0.02000075651326146,,,False,False
phase31_hohmann_like_transfer,phase31_hohmann_like_transfer|r0=1.05|angle=175|thrust=8000|target=1,1.05,175.0,8000.0,1,False,hohmann_like_transfer,0,10,0.08,0.0,-1.0,80,10,0.095,0.0,1.0,21.883046073295297,1.0500004771170572,0.08505351433495134,0.011691336691710063,0.12599242179395775,0.06227638622148905,0.1172290450522974,1.0100266599056817,1.2782830182611038,False,,False,,20.000192755271613,20.447375127678846,0.05000047711705729,,,False,False
phase31_hohmann_like_transfer,phase31_hohmann_like_transfer|r0=1.05|angle=175|thrust=8000|target=1,1.05,175.0,8000.0,2,True,hohmann_like_transfer,4,12,0.1,0.0,-1.0,120,12,0.105,0.0,1.0,15.762669399598053,1.050000706125715,0.08505159786892838,-0.012011900269162585,0.07859363570072084,0.03738820236118255,0.09168515203194169,0.9857918103906558,1.1848031382571989,True,,False,,20.000284358691612,20.447447745176394,0.05000070612571497,,,False,False
phase31_hohmann_like_transfer,phase31_hohmann_like_transfer|r0=1.05|angle=175|thrust=8000|target=1,1.05,175.0,8000.0,3,False,hohmann_like_transfer,8,16,0.11,-0.04,-1.0,160,10,0.09,0.04,1.0,16.701879011674553,1.0500007430015454,0.07599610709380529,-0.2541295025248583,-0.34266234961702136,-0.21683542346816886,0.4200980912032613,0.43190449852276636,1.0576732799637434,True,,False,,20.00029890583453,20.38341919074669,0.050000743001545445,,,False,False
phase31_hohmann_like_transfer,phase31_hohmann_like_transfer|r0=0.98|angle=150|thrust=10000|target=1,0.98,150.0,10000.0,1,False,hohmann_like_transfer,0,10,0.08,0.0,1.0,80,10,0.095,0.0,-1.0,15.730455516383676,0.9800028332562224,0.5050775010211879,-0.17456695971833977,-0.10436744036250659,-0.1910732818606755,0.5266340591308665,0.42863083749893244,1.3823606196047862,True,705801,False,,25.253719785663296,26.49888347970637,0.01999263354248607,0.505074395713266,-0.17457077790813327,False,False
phase31_hohmann_like_transfer,phase31_hohmann_like_transfer|r0=0.98|angle=150|thrust=10000|target=1,0.98,150.0,10000.0,2,True,hohmann_like_transfer,4,12,0.1,0.0,1.0,120,12,0.105,0.0,-1.0,15.5747985021633,0.9800041932307999,0.5050804627893593,-0.14494008914042858,-0.05457386925822587,-0.16203770189406608,0.5094099165369294,0.46520219945156194,1.431298423503163,True,705749,False,,25.253890673624728,26.496024181130363,0.01999127353927982,0.5050778134724946,-0.14494404439415964,False,False
phase31_hohmann_like_transfer,phase31_hohmann_like_transfer|r0=0.98|angle=150|thrust=10000|target=1,0.98,150.0,10000.0,3,False,hohmann_like_transfer,8,16,0.11,0.04,1.0,160,10,0.09,-0.04,-1.0,16.354033044679333,0.9800057247905867,0.5164026902538249,0.15770406338091553,0.5661460319495066,0.1345566097266215,0.6644810448490057,0.7733453647056316,3.836500683232861,True,690222,False,,25.82013542817786,27.037354292656733,0.019989640334216928,0.5164056197683808,0.1576985881185423,False,False
phase31_hohmann_like_transfer,phase31_hohmann_like_transfer|r0=1|angle=150|thrust=10000|target=1,1.0,150.0,10000.0,1,False,hohmann_like_transfer,0,10,0.08,0.0,1.0,80,10,0.095,0.0,-1.0,15.369720253244783,1.0000028047805463,0.5000012096774611,-0.18335920083846455,-0.08309098592052523,-0.1833569103402379,0.5269536909270934,0.43675583604904794,1.409811096922136,True,,False,,24.999911003119006,25.010667918316084,2.8047805462239582e-06,,,False,False
phase31_hohmann_like_transfer,phase31_hohmann_like_transfer|r0=1|angle=150|thrust=10000|target=1,1.0,150.0,10000.0,2,True,hohmann_like_transfer,4,12,0.1,0.0,1.0,120,12,0.105,0.0,-1.0,15.213873576654066,1.000004151086513,0.5000040977502733,-0.15373225751651046,-0.03381850812627035,-0.15372874458589822,0.5095144658654871,0.47444065885750725,1.4601348824769882,True,,False,,25.000077516551276,25.007639716075207,4.151086513020833e-06,,,False,False
phase31_hohmann_like_transfer,phase31_hohmann_like_transfer|r0=1|angle=150|thrust=10000|target=1,1.0,150.0,10000.0,3,False,hohmann_like_transfer,8,16,0.11,0.04,1.0,160,10,0.09,-0.04,-1.0,16.077616895738686,1.000005669546618,0.5113261603974817,0.14891199267220556,0.5814645482417987,0.14891850648230806,0.6689749287441955,0.7909128602253894,3.987654861095029,True,,False,,25.56630891740998,25.573246825609797,5.66954661796875e-06,,,False,False
phase31_hohmann_like_transfer,phase31_hohmann_like_transfer|r0=1.02|angle=150|thrust=10000|target=1,1.02,150.0,10000.0,1,False,hohmann_like_transfer,0,10,0.08,0.0,-1.0,80,10,0.095,0.0,1.0,15.460297813632625,1.0200027771338929,0.4950705424626595,-0.09312725257885342,0.10673404687822376,-0.0749872791233872,0.4854670915032068,0.5760131198313437,1.6629617263613512,True,,False,,24.753457620971655,26.017182768674054,0.020002777133892837,,,False,False
phase31_hohmann_like_transfer,phase31_hohmann_like_transfer|r0=1.02|angle=150|thrust=10000|target=1,1.02,150.0,10000.0,2,True,hohmann_like_transfer,4,12,0.1,0.0,-1.0,120,12,0.105,0.0,1.0,15.453840666347828,1.020004110147924,0.4950679676035069,-0.12275650593519735,0.05387202776050408,-0.10520803045337532,0.49242269853562703,0.5364784853183566,1.5774004599008367,True,,False,,24.753305621467884,26.019190893219225,0.020004110147924088,,,False,False
phase31_hohmann_like_transfer,phase31_hohmann_like_transfer|r0=1.02|angle=150|thrust=10000|target=1,1.02,150.0,10000.0,3,False,hohmann_like_transfer,8,16,0.11,-0.04,-1.0,160,10,0.09,0.04,1.0,16.800000070061287,1.0200051593830306,0.48374894028900806,-0.42540324905594096,-0.39659993227365187,-0.4139083494723337,0.7212926888276858,0.19956130938555985,1.2324880225544885,True,,False,,24.187160940183524,25.533530731330696,0.0200051593830306,,,False,False
phase31_hohmann_like_transfer,phase31_hohmann_like_transfer|r0=1.05|angle=150|thrust=10000|target=1,1.05,150.0,10000.0,1,False,hohmann_like_transfer,0,10,0.08,0.0,-1.0,80,10,0.095,0.0,1.0,15.967385168855346,1.050002737173378,0.4879469680095912,-0.10546581920432224,0.13352670482058185,-0.06073666166939299,0.48536967950065923,0.5939367356875987,1.714270581406768,True,,False,,24.39728335626275,31.550797007119655,0.050002737173378,,,False,False
phase31_hohmann_like_transfer,phase31_hohmann_like_transfer|r0=1.05|angle=150|thrust=10000|target=1,1.05,150.0,10000.0,2,True,hohmann_like_transfer,4,12,0.1,0.0,-1.0,120,12,0.105,0.0,1.0,15.963697591925467,1.050004051006878,0.48794452236302205,-0.1350950425571515,0.08139588628834794,-0.09184629094907777,0.4923286921818721,0.5526551647660973,1.6245612989387406,True,,False,,24.397138794320632,31.552842711409173,0.05000405100687799,,,False,False
phase31_hohmann_like_transfer,phase31_hohmann_like_transfer|r0=1.05|angle=150|thrust=10000|target=1,1.05,150.0,10000.0,3,False,hohmann_like_transfer,8,16,0.11,-0.04,-1.0,160,10,0.09,0.04,1.0,17.225915747964155,1.0500050818611701,0.4766256705759261,-0.43774178731444247,-0.3614463584264399,-0.4096260193619861,0.724899668792904,0.20206475966123041,1.2669611682582513,True,,False,,23.831011604510465,31.162118373494668,0.05000508186117005,,,False,False
phase31_hohmann_like_transfer,phase31_hohmann_like_transfer|r0=0.98|angle=165|thrust=10000|target=1,0.98,165.0,10000.0,1,False,hohmann_like_transfer,0,10,0.08,0.0,1.0,80,10,0.095,0.0,-1.0,15.339888975399681,0.9800014666067698,0.26144928538708584,-0.07365089802185593,-0.1143348848118465,-0.09217652147155474,0.28570646357957713,0.6410043750367109,1.153788220312843,True,1363585,False,,13.072389955632307,15.328071425224882,0.019996186817810416,0.26144779911264615,-0.0736531161234628,False,False
phase31_hohmann_like_transfer,phase31_hohmann_like_transfer|r0=0.98|angle=165|thrust=10000|target=1,0.98,165.0,10000.0,2,True,hohmann_like_transfer,4,12,0.1,0.0,1.0,120,12,0.105,0.0,-1.0,15.174282432770253,0.9800021705930427,0.2614530905212603,-0.044023115708480894,-0.058562284512356906,-0.06314057835753722,0.2662592353790314,0.6931484102127988,1.1962066416926551,True,1363518,False,,13.072605750544728,15.326288723721078,0.01999548279509323,0.26145211501089455,-0.044025404786397396,False,False
phase31_hohmann_like_transfer,phase31_hohmann_like_transfer|r0=0.98|angle=165|thrust=10000|target=1,0.98,165.0,10000.0,3,False,hohmann_like_transfer,8,16,0.11,0.04,1.0,160,10,0.09,-0.04,-1.0,16.661255678257735,0.9800030735005902,0.2727763838501634,0.25862219801476793,0.6177268668305833,0.23345362243054116,0.6468436122252432,0.9238326137302569,4.308028656294272,True,1306857,False,,13.638820805893467,15.84484891299513,0.01999447823019258,0.27278154665228665,0.25861905369984806,False,False
phase31_hohmann_like_transfer,phase31_hohmann_like_transfer|r0=1|angle=165|thrust=10000|target=1,1.0,165.0,10000.0,1,False,hohmann_like_transfer,0,10,0.08,0.0,1.0,80,10,0.095,0.0,-1.0,14.453711708883265,1.0000014518665088,0.258821544022241,-0.08345743471563016,-0.09295823064308853,-0.0834561040181759,0.28610744986235637,0.6531745954441411,1.1767215011552823,True,,False,,12.94100542185597,12.94531079538619,1.4518665087239583e-06,,,False,False
phase31_hohmann_like_transfer,phase31_hohmann_like_transfer|r0=1|angle=165|thrust=10000|target=1,1.0,165.0,10000.0,2,True,hohmann_like_transfer,4,12,0.1,0.0,1.0,120,12,0.105,0.0,-1.0,14.287876041668515,1.0000021487770474,0.25882524528378237,-0.053829611875393577,-0.03776679149506132,-0.05382757876618072,0.2663593848105316,0.7069416955735759,1.2202735674227423,True,,False,,12.94121525162108,12.94300665256462,2.1487770473958332e-06,,,False,False
phase31_hohmann_like_transfer,phase31_hohmann_like_transfer|r0=1|angle=165|thrust=10000|target=1,1.0,165.0,10000.0,3,False,hohmann_like_transfer,8,16,0.11,0.04,1.0,160,10,0.09,-0.04,-1.0,15.878707614830734,1.0000030449029762,0.27014833718468556,0.2488157600605464,0.6325270164466603,0.24881956258337093,0.6533815105262601,0.9432489053264709,4.4993280717908,True,,False,,13.50741842862521,13.544035678954334,3.044902976171875e-06,,,False,False
phase31_hohmann_like_transfer,phase31_hohmann_like_transfer|r0=1.02|angle=165|thrust=10000|target=1,1.02,165.0,10000.0,1,False,hohmann_like_transfer,0,10,0.08,0.0,-1.0,80,10,0.095,0.0,1.0,15.121012467458716,1.0200014375478248,0.2562665443756311,0.005789584326134771,0.11650367942796337,0.02590682188328664,0.26482738792015376,0.8321173444206815,1.4316159088259892,True,,False,,12.81332730463482,15.105998330717958,0.02000143754782487,,,False,False
phase31_hohmann_like_transfer,phase31_hohmann_like_transfer|r0=1.02|angle=165|thrust=10000|target=1,1.02,165.0,10000.0,2,True,hohmann_like_transfer,4,12,0.1,0.0,-1.0,120,12,0.105,0.0,1.0,15.002711400513588,1.0200021275612825,0.25626413212735005,-0.023839570828383942,0.05778026505244638,-0.0043142854038170295,0.2566958066675463,0.7888862499508439,1.333760862838961,True,,False,,12.813194506494051,15.106325295725338,0.020002127561282553,,,False,False
phase31_hohmann_like_transfer,phase31_hohmann_like_transfer|r0=1.02|angle=165|thrust=10000|target=1,1.02,165.0,10000.0,3,False,hohmann_like_transfer,8,16,0.11,-0.04,-1.0,160,10,0.09,0.04,1.0,16.33132198430189,1.020002560586892,0.24494501802715052,-0.3264864905650993,-0.4471608821778452,-0.3130144957865374,0.5630397398972177,0.301943111843375,1.0800732379837308,True,,False,,12.24701914216184,14.68731053890552,0.020002560586892187,,,False,False
phase31_hohmann_like_transfer,phase31_hohmann_like_transfer|r0=1.05|angle=165|thrust=10000|target=1,1.05,165.0,10000.0,1,False,hohmann_like_transfer,0,10,0.08,0.0,-1.0,80,10,0.095,0.0,1.0,15.87038452153124,1.0500014168628393,0.252579143616015,-0.007972353061015472,0.1431557415884496,0.04163043485304228,0.26519644144148025,0.857569565699986,1.476576903003293,True,,False,,20.000572412560885,23.654058327991766,0.05000141686283932,,,False,False
phase31_hohmann_like_transfer,phase31_hohmann_like_transfer|r0=1.05|angle=165|thrust=10000|target=1,1.05,165.0,10000.0,2,True,hohmann_like_transfer,4,12,0.1,0.0,-1.0,120,12,0.105,0.0,1.0,15.745448132131616,1.0500020969479615,0.25257684713630424,-0.037601488915662756,0.08524785706439478,0.01052045473815006,0.2567087752567509,0.812560244306062,1.3738243577366707,True,,False,,20.000844446558176,23.654683638770173,0.050002096947961455,,,False,False
phase31_hohmann_like_transfer,phase31_hohmann_like_transfer|r0=1.05|angle=165|thrust=10000|target=1,1.05,165.0,10000.0,3,False,hohmann_like_transfer,8,16,0.11,-0.04,-1.0,160,10,0.09,0.04,1.0,17.0433532240738,1.0500025204594532,0.24125790600339767,-0.34024840902748016,-0.4112797935109187,-0.30725916660172004,0.5681031018094103,0.3060320853288319,1.1111213446260386,True,,False,,20.001013597177653,23.396714692078245,0.05000252045945312,,,False,False
phase31_hohmann_like_transfer,phase31_hohmann_like_transfer|r0=0.98|angle=170|thrust=10000|target=1,0.98,170.0,10000.0,1,False,hohmann_like_transfer,0,10,0.08,0.0,1.0,80,10,0.095,0.0,-1.0,12.757637464126473,0.9800009839863245,0.17541398323210053,-0.05457669493708981,-0.11621898614553124,-0.07348423075474499,0.20445658254097926,0.7127126731701182,1.0790504349869066,True,2032432,False,,8.770641196678609,11.872465412541816,0.019997441628310807,0.1754128239335722,-0.05457821377048693,False,False
phase31_hohmann_like_transfer,phase31_hohmann_like_transfer|r0=0.98|angle=170|thrust=10000|target=1,0.98,170.0,10000.0,2,True,hohmann_like_transfer,4,12,0.1,0.0,1.0,120,12,0.105,0.0,-1.0,12.59040119756789,0.9800014563154583,0.1754179540609533,-0.024948550388413083,-0.059316505811628985,-0.04444815939814613,0.1809972517099325,0.77314262904132,1.1148672235641925,True,2032338,False,,8.770865794127772,11.870916209511051,0.01999696926119883,0.17541731588255546,-0.02495011685679585,False,False
phase31_hohmann_like_transfer,phase31_hohmann_like_transfer|r0=0.98|angle=170|thrust=10000|target=1,0.98,170.0,10000.0,3,False,hohmann_like_transfer,8,16,0.11,0.04,1.0,160,10,0.09,-0.04,-1.0,14.48973301463363,0.9800021372188723,0.18674145488106692,0.27769721584899326,0.6265706705039128,0.2521460022506163,0.6438256770623774,0.9537931137285096,4.401972601564499,True,1909038,False,,9.337074495902497,12.344860932641692,0.01999618669809492,0.18674706077612038,0.27769503062624656,False,False
phase31_hohmann_like_transfer,phase31_hohmann_like_transfer|r0=1|angle=170|thrust=10000|target=1,1.0,170.0,10000.0,1,False,hohmann_like_transfer,0,10,0.08,0.0,1.0,80,10,0.095,0.0,-1.0,11.645989106217796,1.0000009740966214,0.1736509328465113,-0.06457495294761238,-0.09482338667723006,-0.06457404175323453,0.20495305172844092,0.7261873996723004,1.1005912610119268,True,,False,,8.682490556034775,8.686332084796577,9.740966213541668e-07,,,False,False
phase31_hohmann_like_transfer,phase31_hohmann_like_transfer|r0=1|angle=170|thrust=10000|target=1,1.0,170.0,10000.0,2,True,hohmann_like_transfer,4,12,0.1,0.0,1.0,120,12,0.105,0.0,-1.0,11.478437066659533,1.0000014416782645,0.1736547938497417,-0.03494678084380056,-0.038513413416888354,-0.03494538954755054,0.18111014901725322,0.7885212077217741,1.1373085159595553,True,,False,,8.682708875223735,8.683834232302697,1.441678264453125e-06,,,False,False
phase31_hohmann_like_transfer,phase31_hohmann_like_transfer|r0=1|angle=170|thrust=10000|target=1,1.0,170.0,10000.0,3,False,hohmann_like_transfer,8,16,0.11,0.04,1.0,160,10,0.09,-0.04,-1.0,13.497356467375425,1.0000021180312728,0.18497808608300026,0.267699028029877,0.6412819540523989,0.267701713056063,0.6507809453896676,0.9735196167447447,4.601889879916444,True,,False,,9.248906006822617,9.310685648699845,2.1180312729166665e-06,,,False,False
phase31_hohmann_like_transfer,phase31_hohmann_like_transfer|r0=1.02|angle=170|thrust=10000|target=1,1.02,170.0,10000.0,1,False,hohmann_like_transfer,0,10,0.08,0.0,-1.0,80,10,0.095,0.0,1.0,12.561798863662407,1.0200009644848502,0.17193496966298277,0.024485794896478404,0.11835031807589186,0.04497649889543649,0.1930280028113493,0.9152977806644458,1.3531769219353549,True,,False,,8.596748673378569,11.743930994073603,0.02000096448485026,,,False,False
phase31_hohmann_like_transfer,phase31_hohmann_like_transfer|r0=1.02|angle=170|thrust=10000|target=1,1.02,170.0,10000.0,2,True,hohmann_like_transfer,4,12,0.1,0.0,-1.0,120,12,0.105,0.0,1.0,12.396061421313206,1.0200014274282445,0.17193259395329644,-0.0051432884131226595,0.0585191237225663,0.014755265905184212,0.1747299206246007,0.8765659506951158,1.247746980554105,True,,False,,8.596629723372706,11.743579669501676,0.020001427428244532,,,False,False
phase31_hohmann_like_transfer,phase31_hohmann_like_transfer|r0=1.02|angle=170|thrust=10000|target=1,1.02,170.0,10000.0,3,False,hohmann_like_transfer,8,16,0.11,-0.04,-1.0,160,10,0.09,0.04,1.0,13.389996414734194,1.0200016428449414,0.1606134690106585,-0.30779023853619025,-0.45583011533461454,-0.29394490611360913,0.5236875055331226,0.3271758768071642,1.046610788912628,True,,False,,8.030452924629087,11.402544610455912,0.020001642844941405,,,False,False
phase31_hohmann_like_transfer,phase31_hohmann_like_transfer|r0=1.05|angle=170|thrust=10000|target=1,1.05,170.0,10000.0,1,False,hohmann_like_transfer,0,10,0.08,0.0,-1.0,80,10,0.095,0.0,1.0,15.91010168073256,1.0500009506068622,0.16946102914842343,0.01045481845929923,0.14497580024108495,0.06097851992754847,0.19370151016960002,0.9430124785447548,1.3961026021324068,True,,False,,20.000384045147708,21.721181250317883,0.05000095060686211,,,False,False
phase31_hohmann_like_transfer,phase31_hohmann_like_transfer|r0=1.05|angle=170|thrust=10000|target=1,1.05,170.0,10000.0,2,True,hohmann_like_transfer,4,12,0.1,0.0,-1.0,120,12,0.105,0.0,1.0,15.766686771978808,1.0500014068892662,0.1694587663393805,-0.019174251423759683,0.08597606997415748,0.029868415918270035,0.17481348651871453,0.9028062465038028,1.2853202721787587,True,,False,,20.00056655805854,21.72140025962789,0.05000140688926628,,,False,False
phase31_hohmann_like_transfer,phase31_hohmann_like_transfer|r0=1.05|angle=170|thrust=10000|target=1,1.05,170.0,10000.0,3,False,hohmann_like_transfer,8,16,0.11,-0.04,-1.0,160,10,0.09,0.04,1.0,17.007441787122854,1.0500016159230534,0.15813981356699322,-0.32182120332805014,-0.4198242924963099,-0.28791116760970076,0.5291965406986283,0.33159276242105523,1.0770322417924139,True,,False,,20.000649917596043,21.545384196177316,0.050001615923053515,,,False,False
phase31_hohmann_like_transfer,phase31_hohmann_like_transfer|r0=0.98|angle=175|thrust=10000|target=1,0.98,175.0,10000.0,1,False,hohmann_like_transfer,0,10,0.08,0.0,1.0,80,10,0.095,0.0,-1.0,11.703027230576138,0.980000493876918,0.088043592627864,-0.0430735344901201,-0.11735536345336621,-0.06221159119642419,0.13170066929198948,0.7771022175294278,1.0128386244052983,True,4049423,False,,7.999486364456666,9.132372737616627,0.019998715911141666,0.08804263374094375,-0.04307430609596516,False,False
phase31_hohmann_like_transfer,phase31_hohmann_like_transfer|r0=0.98|angle=175|thrust=10000|target=1,0.98,175.0,10000.0,2,True,hohmann_like_transfer,4,12,0.1,0.0,1.0,120,12,0.105,0.0,-1.0,11.534552727276289,0.9800007309539474,0.08804766435021409,-0.013445010952473408,-0.05977166673317525,-0.03317538960716035,0.0968432629808616,0.8522182328229119,1.0349807391642791,True,4049188,False,,7.999391518080416,9.130933430822248,0.01999847879520104,0.08804723283142224,-0.013445806487892103,False,False
phase31_hohmann_like_transfer,phase31_hohmann_like_transfer|r0=0.98|angle=175|thrust=10000|target=1,0.98,175.0,10000.0,3,False,hohmann_like_transfer,8,16,0.11,0.04,1.0,160,10,0.09,-0.04,-1.0,13.162055858450637,0.9800011864078069,0.09937129123325926,0.2892012273231461,0.6311006021727598,0.2634187322950841,0.6412120244775168,0.9725902986984751,4.448941999211706,True,3587690,False,,7.999168672093386,9.487593992952071,0.019997921680233465,0.09937716758031268,0.28920005400523313,False,False
phase31_hohmann_like_transfer,phase31_hohmann_like_transfer|r0=1|angle=175|thrust=10000|target=1,1.0,175.0,10000.0,1,False,hohmann_like_transfer,0,10,0.08,0.0,1.0,80,10,0.095,0.0,-1.0,8.288525888194668,1.0000004889130514,0.08715865440248492,-0.0531874219376804,-0.09594833316010759,-0.05318695902865381,0.13240735902146492,0.7916364437335096,1.0332671027987512,True,,False,,4.357886252516221,4.363076499291045,4.889130514322916e-07,,,False,False
phase31_hohmann_like_transfer,phase31_hohmann_like_transfer|r0=1|angle=175|thrust=10000|target=1,1.0,175.0,10000.0,2,True,hohmann_like_transfer,4,12,0.1,0.0,1.0,120,12,0.105,0.0,-1.0,8.119574411026674,1.0000007236069752,0.08716261267073738,-0.023558884458803882,-0.03896397962017271,-0.02355817789920184,0.09701342498945477,0.8691221184979497,1.0558724330274702,True,,False,,4.358109738022405,4.359128555567574,7.236069751302084e-07,,,False,False
phase31_hohmann_like_transfer,phase31_hohmann_like_transfer|r0=1|angle=175|thrust=10000|target=1,1.0,175.0,10000.0,3,False,hohmann_like_transfer,8,16,0.11,0.04,1.0,160,10,0.09,-0.04,-1.0,10.21807821143467,1.0000011767762882,0.09848602661261681,0.27908738015767204,0.6457663770663656,0.2790888853573718,0.6484208290716573,0.9925064933607698,4.653484938612078,True,,False,,4.924303114651262,5.0492571312739605,1.17677628828125e-06,,,False,False
phase31_hohmann_like_transfer,phase31_hohmann_like_transfer|r0=1.02|angle=175|thrust=10000|target=1,1.02,175.0,10000.0,1,False,hohmann_like_transfer,0,10,0.08,0.0,-1.0,80,10,0.095,0.0,1.0,11.681475282529195,1.0200004840813506,0.08629479030741986,0.03576089413756872,0.11946403750068854,0.05647661341285258,0.13113388109499688,0.9867468858839283,1.2845970287055497,True,,False,,8.000195568840885,9.090685885958209,0.020000484081350522,,,False,False
phase31_hohmann_like_transfer,phase31_hohmann_like_transfer|r0=1.02|angle=175|thrust=10000|target=1,1.02,175.0,10000.0,2,True,hohmann_like_transfer,4,12,0.1,0.0,-1.0,120,12,0.105,0.0,1.0,11.5063951154723,1.0200007164311673,0.0862924375240888,0.006131894063373653,0.05896483652148668,0.02625525276888842,0.09434994849227246,0.9623976729626281,1.1629214199042626,True,,False,,8.000288508714792,9.089619382324587,0.02000071643116732,,,False,False
phase31_hohmann_like_transfer,phase31_hohmann_like_transfer|r0=1.02|angle=175|thrust=10000|target=1,1.02,175.0,10000.0,3,False,hohmann_like_transfer,8,16,0.11,-0.04,-1.0,160,10,0.09,0.04,1.0,12.803349316113962,1.0200007108622933,0.07497330689589388,-0.296515078795682,-0.4602709161004029,-0.28244488029069137,0.49812438058195185,0.3436866501171493,1.0259222203662284,True,,False,,8.000286027183801,8.914246882026099,0.02000071086229336,,,False,False
phase31_hohmann_like_transfer,phase31_hohmann_like_transfer|r0=1.05|angle=175|thrust=10000|target=1,1.05,175.0,10000.0,1,False,hohmann_like_transfer,0,10,0.08,0.0,-1.0,80,10,0.095,0.0,1.0,21.94174309737329,1.0500004771159912,0.08505314255279046,0.021567661670375358,0.14607348518302307,0.07264653216016152,0.13227725445484306,1.0161562271328897,1.3259656830043804,False,,False,,20.000192754836878,20.44749978774036,0.05000047711599115,,,False,False
phase31_hohmann_like_transfer,phase31_hohmann_like_transfer|r0=1.05|angle=175|thrust=10000|target=1,1.05,175.0,10000.0,2,True,hohmann_like_transfer,4,12,0.1,0.0,-1.0,120,12,0.105,0.0,1.0,15.779490273708086,1.0500007061228718,0.08505090089037355,-0.008061331520548786,0.08641535395280447,0.04153630233400508,0.09457971634641882,0.9910633760878764,1.1981152716196952,True,,False,,20.000284357538803,20.44740947448706,0.05000070612287188,,,False,False
phase31_hohmann_like_transfer,phase31_hohmann_like_transfer|r0=1.05|angle=175|thrust=10000|target=1,1.05,175.0,10000.0,3,False,hohmann_like_transfer,8,16,0.11,-0.04,-1.0,160,10,0.09,0.04,1.0,16.984537567352326,1.0500006973508909,0.07373194190376367,-0.31070830807001965,-0.42420120390652066,-0.2762432427953453,0.5039538186290456,0.3482978247808819,1.0559981374146905,True,,False,,20.0002805947688,20.3751526885623,0.05000069735089088,,,False,False
phase31_hohmann_like_transfer,phase31_hohmann_like_transfer|r0=0.98|angle=150|thrust=12000|target=1,0.98,150.0,12000.0,1,False,hohmann_like_transfer,0,10,0.08,0.0,1.0,80,10,0.095,0.0,-1.0,15.781709169675942,0.9800028332579951,0.5050781209673154,-0.1844433988882525,-0.12057394848842747,-0.20075222022822706,0.5330860233894577,0.4166739528795715,1.3681257050973556,True,705800,False,,25.25374336142625,26.499976400384714,0.019992633535815364,0.505074867228525,-0.18444717139686684,False,False
phase31_hohmann_like_transfer,phase31_hohmann_like_transfer|r0=0.98|angle=150|thrust=12000|target=1,0.98,150.0,12000.0,2,True,hohmann_like_transfer,4,12,0.1,0.0,1.0,120,12,0.105,0.0,-1.0,15.595711176477428,0.9800041932370935,0.5050820072027766,-0.14889091140077093,-0.0613130795996153,-0.16590952427055466,0.5115047843657717,0.46027437617042766,1.4241836960456504,True,705746,False,,25.253964807577717,26.496445346967143,0.019991273519401692,0.5050792961515543,-0.1488948483909665,False,False
phase31_hohmann_like_transfer,phase31_hohmann_like_transfer|r0=0.98|angle=150|thrust=12000|target=1,0.98,150.0,12000.0,3,False,hohmann_like_transfer,8,16,0.11,0.04,1.0,160,10,0.09,-0.04,-1.0,16.71757755024992,0.980005770453759,0.5186693288288422,0.21428227275588213,0.7026950007672592,0.19000363426046982,0.7609098626191741,0.8041914464871066,5.922907005141451,True,687204,False,,25.933467741017125,27.151857950284825,0.019989574321797137,0.5186734874174037,0.2142765046983497,True,False
phase31_hohmann_like_transfer,phase31_hohmann_like_transfer|r0=1|angle=150|thrust=12000|target=1,1.0,150.0,12000.0,1,False,hohmann_like_transfer,0,10,0.08,0.0,1.0,80,10,0.095,0.0,-1.0,15.421051599014206,1.0000028047822704,0.5000018126020753,-0.1932356359641344,-0.09912383876763733,-0.19323337316574982,0.5334891188811818,0.42443887091183546,1.395192302079959,True,,False,,24.99993395417504,25.011880552755756,2.804782270442708e-06,,,False,False
phase31_hohmann_like_transfer,phase31_hohmann_like_transfer|r0=1|angle=150|thrust=12000|target=1,1.0,150.0,12000.0,2,True,hohmann_like_transfer,4,12,0.1,0.0,1.0,120,12,0.105,0.0,-1.0,15.234817367929521,1.0000041510926385,0.5000056010133094,-0.1576830707983475,-0.04048828758480402,-0.15767957426274345,0.5116343523976329,0.4693619845889553,1.4528124635659856,True,,False,,25.000149685901825,25.008105456926746,4.151092638541666e-06,,,False,False
phase31_hohmann_like_transfer,phase31_hohmann_like_transfer|r0=1|angle=150|thrust=12000|target=1,1.0,150.0,12000.0,3,False,hohmann_like_transfer,8,16,0.11,0.04,1.0,160,10,0.09,-0.04,-1.0,16.441571344430223,1.0000057152093351,0.5135927092523811,0.20549022197641031,0.7169955766312794,0.2054971116053805,0.7672883303520321,0.8222898669847736,6.244737482599235,True,,False,,25.67963673377137,25.692788239705184,5.71520933515625e-06,,,False,False
phase31_hohmann_like_transfer,phase31_hohmann_like_transfer|r0=1.02|angle=150|thrust=12000|target=1,1.02,150.0,12000.0,1,False,hohmann_like_transfer,0,10,0.08,0.0,-1.0,80,10,0.095,0.0,1.0,15.463080423038525,1.020002777133039,0.49507024517668846,-0.08325082130210028,0.12474462914971177,-0.06491329179370954,0.48444602292565137,0.5890326346395351,1.6960147545093611,True,,False,,24.753450680755893,26.016633025731842,0.020002777133039194,,,False,False
phase31_hohmann_like_transfer,phase31_hohmann_like_transfer|r0=1.02|angle=150|thrust=12000|target=1,1.02,150.0,12000.0,2,True,hohmann_like_transfer,4,12,0.1,0.0,-1.0,120,12,0.105,0.0,1.0,15.454541117121689,1.0200041101458903,0.49506746915363004,-0.11880570120338894,0.06081877857633522,-0.10117819339033102,0.4911758073495206,0.5417742402037964,1.587740228759164,True,,False,,24.753283755486418,26.018873764899055,0.020004110145890236,,,False,False
phase31_hohmann_like_transfer,phase31_hohmann_like_transfer|r0=1.02|angle=150|thrust=12000|target=1,1.02,150.0,12000.0,3,False,hohmann_like_transfer,8,16,0.11,-0.04,-1.0,160,10,0.09,0.04,1.0,17.051545978064823,1.0200051137348074,0.48148525454672114,-0.48198160846324023,-0.46060337913401656,-0.47161859162382547,0.769557438970409,0.157772167531352,1.2115249521191507,True,,False,,24.073949455419122,25.442480954652517,0.02000511373480742,,,False,False
phase31_hohmann_like_transfer,phase31_hohmann_like_transfer|r0=1.05|angle=150|thrust=12000|target=1,1.05,150.0,12000.0,1,False,hohmann_like_transfer,0,10,0.08,0.0,-1.0,80,10,0.095,0.0,1.0,15.969244525044607,1.050002737172567,0.48794668539571734,-0.09558939335660233,0.15129357381530895,-0.05036638749653058,0.48438946287199314,0.6075251950735228,1.7490022663607923,True,,False,,24.39727681908377,31.55028261786843,0.050002737172567056,,,False,False
phase31_hohmann_like_transfer,phase31_hohmann_like_transfer|r0=1.05|angle=150|thrust=12000|target=1,1.05,150.0,12000.0,2,True,hohmann_like_transfer,4,12,0.1,0.0,-1.0,120,12,0.105,0.0,1.0,15.964028762716625,1.0500040510049584,0.48794405187028583,-0.13114424987781276,0.08824515624755305,-0.08769794263275155,0.4910712395512822,0.5581859684497584,1.6353861454846594,True,,False,,24.397118197191535,31.55255784336696,0.050004051004958465,,,False,False
phase31_hohmann_like_transfer,phase31_hohmann_like_transfer|r0=1.05|angle=150|thrust=12000|target=1,1.05,150.0,12000.0,3,False,hohmann_like_transfer,8,16,0.11,-0.04,-1.0,160,10,0.09,0.04,1.0,17.478231407486238,1.0500050362131614,0.47436202679249884,-0.4943201703336954,-0.42402134622409987,-0.4690336321389667,0.7736487431833456,0.1589521515368023,1.2455211769727392,True,,False,,23.717803591460438,31.089208597870073,0.05000503621316133,,,False,False
phase31_hohmann_like_transfer,phase31_hohmann_like_transfer|r0=0.98|angle=165|thrust=12000|target=1,0.98,165.0,12000.0,1,False,hohmann_like_transfer,0,10,0.08,0.0,1.0,80,10,0.095,0.0,-1.0,15.394515098809244,0.9800014666086977,0.2614499594742354,-0.08352727184000668,-0.13253492960286373,-0.10185538229633231,0.29398149907650006,0.623396667483866,1.1425532804804965,True,1363582,False,,13.072415325655271,15.328903258499862,0.019996186810580338,0.2614483065131054,-0.08352946629803554,False,False
phase31_hohmann_like_transfer,phase31_hohmann_like_transfer|r0=0.98|angle=165|thrust=12000|target=1,0.98,165.0,12000.0,2,True,hohmann_like_transfer,4,12,0.1,0.0,1.0,120,12,0.105,0.0,-1.0,15.196527946182915,0.9800021705998263,0.26145475513065464,-0.04797379288761164,-0.06609931833183863,-0.06701225056193967,0.2683218978648556,0.6863132632708421,1.1896845594549685,True,1363509,False,,13.072685529256248,15.326546487052376,0.019995482773679296,0.26145371058512495,-0.047976072519880404,False,False
phase31_hohmann_like_transfer,phase31_hohmann_like_transfer|r0=0.98|angle=165|thrust=12000|target=1,0.98,165.0,12000.0,3,False,hohmann_like_transfer,8,16,0.11,0.04,1.0,160,10,0.09,-0.04,-1.0,17.066385452161555,0.9800031191649589,0.27504325745327884,0.31520068636926646,0.7645918078992641,0.2889007749697759,0.7803361845072451,0.9331188245086911,7.562762232783316,True,1296083,False,,13.752164902823566,15.958845545717057,0.019994412213998048,0.2750497539279722,0.3151973733962274,True,False
phase31_hohmann_like_transfer,phase31_hohmann_like_transfer|r0=1|angle=165|thrust=12000|target=1,1.0,165.0,12000.0,1,False,hohmann_like_transfer,0,10,0.08,0.0,1.0,80,10,0.095,0.0,-1.0,14.508443271179416,1.0000014518683822,0.25882219947176416,-0.09333380644023274,-0.11096457878389251,-0.09333249008025314,0.29450983219684307,0.6350248975313105,1.1652125161486848,True,,False,,12.9410301136127,12.946414490611046,1.4518683821614583e-06,,,False,False
phase31_hohmann_like_transfer,phase31_hohmann_like_transfer|r0=1|angle=165|thrust=12000|target=1,1.0,165.0,12000.0,2,True,hohmann_like_transfer,4,12,0.1,0.0,1.0,120,12,0.105,0.0,-1.0,14.310160160874492,1.0000021487836483,0.25882686515489495,-0.05778028440654095,-0.04522636386300902,-0.05777825978022284,0.2684530670141056,0.699893303764555,1.213567807767575,True,,False,,12.941292897229149,12.943356831934844,2.1487836484375e-06,,,False,False
phase31_hohmann_like_transfer,phase31_hohmann_like_transfer|r0=1|angle=165|thrust=12000|target=1,1.0,165.0,12000.0,3,False,hohmann_like_transfer,8,16,0.11,0.04,1.0,160,10,0.09,-0.04,-1.0,16.287908188903202,1.000003090566853,0.2724151140518946,0.30539426001711373,0.7782703495641377,0.30539829442534394,0.7887701364638212,0.9526459953414272,8.067347479002326,True,,False,,13.620757677312255,13.675426557052822,3.0905668529947916e-06,,,True,False
phase31_hohmann_like_transfer,phase31_hohmann_like_transfer|r0=1.02|angle=165|thrust=12000|target=1,1.02,165.0,12000.0,1,False,hohmann_like_transfer,0,10,0.08,0.0,-1.0,80,10,0.095,0.0,1.0,15.179011195003334,1.0200014375468252,0.25626619610256807,0.01566595405714114,0.13646814321655767,0.03598073320565175,0.2705719586393487,0.844703105775029,1.4713666307252222,True,,False,,12.813309945879988,15.106095827689769,0.02000143754682526,,,False,False
phase31_hohmann_like_transfer,phase31_hohmann_like_transfer|r0=1.02|angle=165|thrust=12000|target=1,1.02,165.0,12000.0,2,True,hohmann_like_transfer,4,12,0.1,0.0,-1.0,120,12,0.105,0.0,1.0,15.004636819417373,1.0200021275587878,0.25626352048495715,-0.01988890272906489,0.06550853107713364,-0.0002845955396681434,0.25698318932602954,0.795102829061032,1.3450986243618475,True,,False,,12.81316732466064,15.106207884539526,0.02000212755878789,,,False,False
phase31_hohmann_like_transfer,phase31_hohmann_like_transfer|r0=1.02|angle=165|thrust=12000|target=1,1.02,165.0,12000.0,3,False,hohmann_like_transfer,8,16,0.11,-0.04,-1.0,160,10,0.09,0.04,1.0,16.583147671986694,1.0200025149375436,0.24268111095614406,-0.38306511270838695,-0.5212767024060799,-0.37072486340984484,0.6305504753353905,0.2428549152697081,1.0718303072389668,True,,False,,12.133791666124887,14.615035749235634,0.02000251493754349,,,False,False
phase31_hohmann_like_transfer,phase31_hohmann_like_transfer|r0=1.05|angle=165|thrust=12000|target=1,1.05,165.0,12000.0,1,False,hohmann_like_transfer,0,10,0.08,0.0,-1.0,80,10,0.095,0.0,1.0,15.915704422053357,1.050001416861888,0.2525788121845499,0.0019040138596778083,0.16284837485831732,0.05200063411227451,0.27114540553809113,0.8706363012059553,1.518417174813413,True,,False,,20.00057241217302,23.65402923815562,0.05000141686188815,,,False,False
phase31_hohmann_like_transfer,phase31_hohmann_like_transfer|r0=1.05|angle=165|thrust=12000|target=1,1.05,165.0,12000.0,2,True,hohmann_like_transfer,4,12,0.1,0.0,-1.0,120,12,0.105,0.0,1.0,15.761945628416555,1.0500020969456,0.25257626826740864,-0.03365082705523362,0.09286739455637028,0.0146686579736511,0.25702017705028574,0.8190421317579727,1.385707193752059,True,,False,,20.000844445600677,23.65457299508993,0.05000209694560013,,,False,False
phase31_hohmann_like_transfer,phase31_hohmann_like_transfer|r0=1.05|angle=165|thrust=12000|target=1,1.05,165.0,12000.0,3,False,hohmann_like_transfer,8,16,0.11,-0.04,-1.0,160,10,0.09,0.04,1.0,17.31161628758518,1.050002474810367,0.23899405030881324,-0.3968270436035826,-0.48382164390956806,-0.3666669030450764,0.6362570989746273,0.24513923389537845,1.1027316562544693,True,,False,,20.000995286746196,23.352830929726647,0.0500024748103668,,,False,False
phase31_hohmann_like_transfer,phase31_hohmann_like_transfer|r0=0.98|angle=170|thrust=12000|target=1,0.98,170.0,12000.0,1,False,hohmann_like_transfer,0,10,0.08,0.0,1.0,80,10,0.095,0.0,-1.0,12.812876042303575,0.980000983988282,0.1754146675525637,-0.0644530456767277,-0.13479586807475583,-0.08316306419595296,0.2147137137407759,0.6920066492588715,1.0704248648716048,True,2032424,False,,8.770666905843042,11.873276532457275,0.01999744162097461,0.17541333811686086,-0.06445454864878877,False,False
phase31_hohmann_like_transfer,phase31_hohmann_like_transfer|r0=0.98|angle=170|thrust=12000|target=1,0.98,170.0,12000.0,2,True,hohmann_like_transfer,4,12,0.1,0.0,1.0,120,12,0.105,0.0,-1.0,12.612920443337618,0.9800014563223349,0.17541964138921842,-0.028899176332974758,-0.06700443348200019,-0.04831977857049632,0.18335528194655917,0.7653620663865941,1.1090443908324414,True,2032319,False,,8.770946639806274,11.871119307035388,0.01999696923949414,0.17541893279612547,-0.028900736469174796,False,False
phase31_hohmann_like_transfer,phase31_hohmann_like_transfer|r0=0.98|angle=170|thrust=12000|target=1,0.98,170.0,12000.0,3,False,hohmann_like_transfer,8,16,0.11,0.04,1.0,160,10,0.09,-0.04,-1.0,14.958769188941899,0.9800021828834663,0.18900837290898395,0.3342758034953224,0.7752043040618649,0.30759319999400686,0.7846300557137312,0.9580696969640368,7.938897799025788,True,1886137,False,,9.450420820251393,12.453111443728087,0.01999612068118724,0.18901533225001968,0.33427349379769505,True,False
phase31_hohmann_like_transfer,phase31_hohmann_like_transfer|r0=1|angle=170|thrust=12000|target=1,1.0,170.0,12000.0,1,False,hohmann_like_transfer,0,10,0.08,0.0,1.0,80,10,0.095,0.0,-1.0,11.701372120791726,1.0000009740985245,0.1736515982238761,-0.07445130228258057,-0.1132027823927311,-0.07445040070695973,0.21536869423567356,0.7048413084971192,1.0917765509203508,True,,False,,8.682515576809129,8.68762160474249,9.74098524609375e-07,,,False,False
phase31_hohmann_like_transfer,phase31_hohmann_like_transfer|r0=1|angle=170|thrust=12000|target=1,1.0,170.0,12000.0,2,True,hohmann_like_transfer,4,12,0.1,0.0,1.0,120,12,0.105,0.0,-1.0,11.501002717524697,1.0000014416849559,0.17365643576153258,-0.038897403669688226,-0.04612235827998001,-0.03889601806253404,0.18350736023227057,0.780494397529363,1.131327851722983,True,,False,,8.682787555947103,8.6841816640828,1.441684955859375e-06,,,False,False
phase31_hohmann_like_transfer,phase31_hohmann_like_transfer|r0=1|angle=170|thrust=12000|target=1,1.0,170.0,12000.0,3,False,hohmann_like_transfer,8,16,0.11,0.04,1.0,160,10,0.09,-0.04,-1.0,13.973808259603153,1.0000021636953693,0.18724490604882232,0.32427762431451085,0.7887762084826921,0.3242804896478744,0.7934562764167388,0.9778430833930791,8.490787252390465,True,,False,,9.362247416434569,9.451675668400627,2.1636953694010415e-06,,,True,False
phase31_hohmann_like_transfer,phase31_hohmann_like_transfer|r0=1.02|angle=170|thrust=12000|target=1,1.02,170.0,12000.0,1,False,hohmann_like_transfer,0,10,0.08,0.0,-1.0,80,10,0.095,0.0,1.0,12.620441390661025,1.0200009644838233,0.17193461175283822,0.03436214289308209,0.13868409370520723,0.05505038337649794,0.20308199241248623,0.9252331249932376,1.3967952798966667,True,,False,,8.596730833785069,11.744313845534402,0.020000964483823307,,,False,False
phase31_hohmann_like_transfer,phase31_hohmann_like_transfer|r0=1.02|angle=170|thrust=12000|target=1,1.02,170.0,12000.0,2,True,hohmann_like_transfer,4,12,0.1,0.0,-1.0,120,12,0.105,0.0,1.0,12.412729617201066,1.020001427425662,0.17193196091627955,-0.0011926685645549536,0.06639511477834924,0.018784903787370143,0.17604066375953217,0.8825567960099613,1.259677067221348,True,,False,,8.596598093179683,11.743539462851707,0.02000142742566198,,,False,False
phase31_hohmann_like_transfer,phase31_hohmann_like_transfer|r0=1.02|angle=170|thrust=12000|target=1,1.02,170.0,12000.0,3,False,hohmann_like_transfer,8,16,0.11,-0.04,-1.0,160,10,0.09,0.04,1.0,13.632526034107684,1.0200015971953795,0.1583495201061286,-0.3643689541893083,-0.5316798464653909,-0.35165531804612515,0.5967889999190158,0.26324757161978823,1.0425083307088459,True,,False,,8.000642431231771,11.349930234659277,0.020001597195379427,,,False,False
phase31_hohmann_like_transfer,phase31_hohmann_like_transfer|r0=1.05|angle=170|thrust=12000|target=1,1.05,170.0,12000.0,1,False,hohmann_like_transfer,0,10,0.08,0.0,-1.0,80,10,0.095,0.0,1.0,15.968759676313393,1.050000950605884,0.1694606884899413,0.020331164570374826,0.16503243002867496,0.0713486927317024,0.2040446640186355,0.9532769470420267,1.4420256634158686,True,,False,,20.000384044748852,21.72128661026176,0.050000950605884116,,,False,False
phase31_hohmann_like_transfer,phase31_hohmann_like_transfer|r0=1.05|angle=170|thrust=12000|target=1,1.05,170.0,12000.0,2,True,hohmann_like_transfer,4,12,0.1,0.0,-1.0,120,12,0.105,0.0,1.0,15.783417169585336,1.0500014068868213,0.169458166986224,-0.015223635761048095,0.09374120533233513,0.03401656791978835,0.1761729866510002,0.9090416757291789,1.2978334594615615,True,,False,,20.000566557067135,21.721338527748678,0.05000140688682135,,,False,False
phase31_hohmann_like_transfer,phase31_hohmann_like_transfer|r0=1.05|angle=170|thrust=12000|target=1,1.05,170.0,12000.0,3,False,hohmann_like_transfer,8,16,0.11,-0.04,-1.0,160,10,0.09,0.04,1.0,17.278439338998474,1.0500015702737624,0.15587591781894822,-0.3783999274352151,-0.4940751042285363,-0.34731894772469124,0.6029387427383551,0.2657572274230932,1.0728635650254212,True,,False,,20.00063160708177,21.51881687382642,0.05000157027376237,,,False,False
phase31_hohmann_like_transfer,phase31_hohmann_like_transfer|r0=0.98|angle=175|thrust=12000|target=1,0.98,175.0,12000.0,1,False,hohmann_like_transfer,0,10,0.08,0.0,1.0,80,10,0.095,0.0,-1.0,11.758622330387356,0.9800004938788924,0.08804428311984873,-0.052949861793078104,-0.13615953797746927,-0.07189039682914321,0.14603578076976478,0.7516235094504571,1.008692654915239,True,4049391,False,,7.999486361497188,9.133215966423382,0.01999871590374297,0.0880431520149042,-0.05295062544051059,False,False
phase31_hohmann_like_transfer,phase31_hohmann_like_transfer|r0=0.98|angle=175|thrust=12000|target=1,0.98,175.0,12000.0,2,True,hohmann_like_transfer,4,12,0.1,0.0,1.0,120,12,0.105,0.0,-1.0,11.557160542509829,0.9800007309608795,0.08804936538011698,-0.017395584867238818,-0.06755067694859525,-0.03704695492450666,0.10041482986939503,0.8426627321354992,1.0307846303041428,True,4049110,False,,7.999391509328593,9.131079464228645,0.019998478773321483,0.08804886261499785,-0.01739637723199183,False,False
phase31_hohmann_like_transfer,phase31_hohmann_like_transfer|r0=0.98|angle=175|thrust=12000|target=1,0.98,175.0,12000.0,3,False,hohmann_like_transfer,8,16,0.11,0.04,1.0,160,10,0.09,-0.04,-1.0,13.56615414135318,0.9800012320725376,0.10163823605433311,0.3457799161690615,0.780640153007129,0.3188659759441567,0.7864120072627672,0.9736877357695013,8.143751154790072,True,3507662,False,,7.999142265158176,9.577514865744172,0.019997855662895442,0.10164547777487336,0.34577866340921826,True,False
phase31_hohmann_like_transfer,phase31_hohmann_like_transfer|r0=1|angle=175|thrust=12000|target=1,1.0,175.0,12000.0,1,False,hohmann_like_transfer,0,10,0.08,0.0,1.0,80,10,0.095,0.0,-1.0,8.344453832371393,1.0000004889149707,0.087159325767141,-0.06306374853553874,-0.11455273479407786,-0.06306329045337879,0.1469334492476068,0.7653891324487251,1.0290526535377544,True,,False,,4.357911471718244,4.365206377144502,4.88914970703125e-07,,,False,False
phase31_hohmann_like_transfer,phase31_hohmann_like_transfer|r0=1|angle=175|thrust=12000|target=1,1.0,175.0,12000.0,2,True,hohmann_like_transfer,4,12,0.1,0.0,1.0,120,12,0.105,0.0,-1.0,8.142306990039444,1.000000723613721,0.08716426787513085,-0.02750945680794957,-0.04666308658142888,-0.027508753100449097,0.10064622869390016,0.8592581345765569,1.0515764268412187,True,,False,,4.358189043034437,4.359578086334166,7.236137208333333e-07,,,False,False
phase31_hohmann_like_transfer,phase31_hohmann_like_transfer|r0=1|angle=175|thrust=12000|target=1,1.0,175.0,12000.0,3,False,hohmann_like_transfer,8,16,0.11,0.04,1.0,160,10,0.09,-0.04,-1.0,10.701082276870201,1.0000012224405161,0.10075287257169595,0.3356660746211657,0.7941574491034054,0.3356677073934914,0.79547168160358,0.9936153506918269,8.722548733403224,True,,False,,5.037645827541626,5.213503914106287,1.2224405161458334e-06,,,True,False
phase31_hohmann_like_transfer,phase31_hohmann_like_transfer|r0=1.02|angle=175|thrust=12000|target=1,1.02,175.0,12000.0,1,False,hohmann_like_transfer,0,10,0.08,0.0,-1.0,80,10,0.095,0.0,1.0,11.740553433973059,1.0200004840803065,0.08629442658541953,0.04563722006248393,0.14002054087953011,0.06655047063611955,0.14747083219613105,0.9913366636405239,1.3343002789504859,True,,False,,8.000195568415208,9.091384715716087,0.02000048408030651,,,False,False
phase31_hohmann_like_transfer,phase31_hohmann_like_transfer|r0=1.02|angle=175|thrust=12000|target=1,1.02,175.0,12000.0,2,True,hohmann_like_transfer,4,12,0.1,0.0,-1.0,120,12,0.105,0.0,1.0,11.529561994921512,1.0200007164285319,0.08629179158450964,0.010082464912372231,0.06692992270933834,0.03028483786251714,0.09776699599535799,0.9669509568074879,1.176510770962588,True,,False,,8.000288507646145,9.08966043837387,0.020000716428531903,,,False,False
phase31_hohmann_like_transfer,phase31_hohmann_like_transfer|r0=1.02|angle=175|thrust=12000|target=1,1.02,175.0,12000.0,3,False,hohmann_like_transfer,8,16,0.11,-0.04,-1.0,160,10,0.09,0.04,1.0,13.072197185158211,1.0200006652126035,0.07270933276266009,-0.3530938897549382,-0.5370088724199629,-0.34015533721993935,0.5751469849272648,0.2764154603765039,1.0248132025726404,True,,False,,8.000267716508228,8.900319922751125,0.020000665212603387,,,False,False
phase31_hohmann_like_transfer,phase31_hohmann_like_transfer|r0=1.05|angle=175|thrust=12000|target=1,1.05,175.0,12000.0,1,False,hohmann_like_transfer,0,10,0.08,0.0,-1.0,80,10,0.095,0.0,1.0,22.000752262153014,1.0500004771149976,0.08505279632975582,0.031443986648900135,0.16634963651012388,0.0830166780987403,0.14896490581331662,1.0208537433175584,1.3782335570555648,False,,False,,20.000192754431612,20.447701038022636,0.05000047711499753,,,False,False
phase31_hohmann_like_transfer,phase31_hohmann_like_transfer|r0=1.05|angle=175|thrust=12000|target=1,1.05,175.0,12000.0,2,True,hohmann_like_transfer,4,12,0.1,0.0,-1.0,120,12,0.105,0.0,1.0,15.796361113411054,1.0500007061203764,0.085050289183687,-0.004110762772504833,0.09426830069701835,0.04568440230655302,0.09809361575565231,0.9957765472252128,1.212382890651509,True,,False,,20.000284356526926,20.44738430307146,0.05000070612037643,,,False,False
phase31_hohmann_like_transfer,phase31_hohmann_like_transfer|r0=1.05|angle=175|thrust=12000|target=1,1.05,175.0,12000.0,3,False,hohmann_like_transfer,8,16,0.11,-0.04,-1.0,160,10,0.09,0.04,1.0,17.256935983336113,1.0500006517014775,0.07146802200055667,-0.36728712342811065,-0.4993274601891893,-0.3356510672595998,0.5815991533587788,0.27905901662631216,1.054872398027852,True,,False,,20.000262284205103,20.370028808142845,0.05000065170147747,,,False,False
phase31_lambert_like_transfer,phase31_lambert_like_transfer|r0=0.98|angle=150|thrust=8000|target=1,0.98,150.0,8000.0,1,False,lambert_like_transfer,0,8,0.09,-0.16,0.75,48,12,0.11,0.2,0.2853571800517752,23.08255830885189,0.9800018562192254,0.6650429358763953,0.34495303260898846,1.2103683054580316,0.31805646848448516,,,,False,536058,False,,33.252149050494324,34.228394621665565,0.019992174797465755,0.6650501571411807,0.34494484083541727,False,False
phase31_lambert_like_transfer,phase31_lambert_like_transfer|r0=0.98|angle=150|thrust=8000|target=1,0.98,150.0,8000.0,2,True,lambert_like_transfer,8,10,0.1,-0.1,0.6426785900258876,72,12,0.11,-0.22,0.02448979591836729,12.345897506787193,0.9800025606445857,0.11907321531177015,0.17351295778986822,0.3505000986152274,0.15004570358367242,0.37545719432959174,0.9615749045363144,2.117717325894946,True,2993863,False,,7.99854824989724,9.995323735341373,0.0199963706247431,0.11907648236279016,0.17351167803002512,False,False
phase31_lambert_like_transfer,phase31_lambert_like_transfer|r0=0.98|angle=150|thrust=8000|target=1,0.98,150.0,8000.0,3,False,lambert_like_transfer,16,12,0.11,0.16,0.5,96,14,0.105,-0.18,0.2853571800517752,23.87266217521701,0.9800045154199147,0.4044823435849911,0.5333674757609982,1.4740148586265438,0.502707050043815,,,,False,881260,False,,20.224120988040035,21.852636508073672,0.01999185418056341,0.4044945316300268,0.5333617954647939,False,False
phase31_lambert_like_transfer,phase31_lambert_like_transfer|r0=1|angle=150|thrust=8000|target=1,1.0,150.0,8000.0,1,False,lambert_like_transfer,0,8,0.09,-0.16,0.75,48,12,0.11,0.2,0.2679491924311225,22.755918888239997,1.0000018399250934,0.6683843950697389,0.3300713772816735,1.2158312480801257,0.33007382451337663,,,,False,,False,,33.41922191061355,33.44529185062775,1.8399250934895834e-06,,,False,False
phase31_lambert_like_transfer,phase31_lambert_like_transfer|r0=1|angle=150|thrust=8000|target=1,1.0,150.0,8000.0,2,True,lambert_like_transfer,8,10,0.1,-0.1,0.6339745962155612,72,12,0.11,-0.22,-0.0,9.546570923363653,1.0000025280975031,0.11132024793587286,0.12617429820566403,0.2806658037217475,0.12617714528409543,0.29611897802556136,0.9785173923556441,1.8018314501542163,True,,False,,5.5660131492323,5.5888480595860015,2.528097503125e-06,,,False,False
phase31_lambert_like_transfer,phase31_lambert_like_transfer|r0=1|angle=150|thrust=8000|target=1,1.0,150.0,8000.0,3,False,lambert_like_transfer,16,12,0.11,0.16,0.5,96,14,0.105,-0.18,0.2679491924311225,23.533817995270276,1.0000044721957166,0.3900702032109799,0.5184968977111549,1.4579965361428895,0.5185036887264766,,,,False,,False,,19.503513823115043,19.61347696497499,4.4721957165364584e-06,,,False,False
phase31_lambert_like_transfer,phase31_lambert_like_transfer|r0=1.02|angle=150|thrust=8000|target=1,1.02,150.0,8000.0,1,True,lambert_like_transfer,0,8,0.09,0.16,-0.75,48,12,0.11,-0.2,0.25071443154640943,15.25449832531799,1.020001952551478,0.3178403846686398,-0.05619255423972149,0.031014444529223924,-0.037314562491892626,0.3193427560913047,0.7024431273157647,1.3615711283232799,True,,False,,15.891979804369138,17.793802298057123,0.020001952551478124,,,False,False
phase31_lambert_like_transfer,phase31_lambert_like_transfer|r0=1.02|angle=150|thrust=8000|target=1,1.02,150.0,8000.0,2,False,lambert_like_transfer,8,10,0.1,0.1,-0.3746427842267953,72,12,0.11,0.22,-0.023529411764705986,16.55879976378907,1.0200032997160124,0.9086655476395202,-0.43393897857842645,0.18532018686189033,-0.42261589030937863,0.8534683516190887,0.17986409632083308,2.2750881042204947,True,,False,,45.43298702360238,46.16510396343179,0.02000329971601237,,,False,False
phase31_lambert_like_transfer,phase31_lambert_like_transfer|r0=1.02|angle=150|thrust=8000|target=1,1.02,150.0,8000.0,3,False,lambert_like_transfer,16,12,0.11,-0.16,-0.5,96,14,0.105,0.18,0.25071443154640943,15.650989701024947,1.0200032350103592,0.6149041630581356,-0.15912325162804072,0.12440274073554025,-0.1423029964156098,0.5965500804652999,0.4607711082531434,1.8233840542242814,True,,False,,30.745087903886024,31.775679822445035,0.020003235010359246,,,False,False
phase31_lambert_like_transfer,phase31_lambert_like_transfer|r0=1.05|angle=150|thrust=8000|target=1,1.05,150.0,8000.0,1,True,lambert_like_transfer,0,8,0.09,0.16,-0.75,48,12,0.11,-0.2,0.22517606507011506,15.77257796353585,1.0500019202488018,0.29664899526074373,-0.08037546273191028,0.028951494611019632,-0.034392469960590095,0.30756529512976827,0.7130794198512853,1.34654992811712,True,,False,,20.000774755794687,24.90252822164921,0.05000192024880169,,,False,False
phase31_lambert_like_transfer,phase31_lambert_like_transfer|r0=1.05|angle=150|thrust=8000|target=1,1.05,150.0,8000.0,2,False,lambert_like_transfer,8,10,0.1,0.1,-0.38741196746494244,72,12,0.11,0.22,-0.057142857142857176,17.18129744694026,1.0500032450779129,0.8902516589919472,-0.49725497665774177,0.14054455681587802,-0.4721160940438579,0.8720681896219606,0.14885217307377305,2.178202726468632,True,,False,,44.51228393621625,48.84033985395783,0.05000324507791289,,,False,False
phase31_lambert_like_transfer,phase31_lambert_like_transfer|r0=1.05|angle=150|thrust=8000|target=1,1.05,150.0,8000.0,3,False,lambert_like_transfer,16,12,0.11,-0.16,-0.5,96,14,0.105,0.18,0.22517606507011506,16.19667504269735,1.050003186574213,0.6237276073115074,-0.183547419951853,0.15087481944385878,-0.1427221892627081,0.6131528918864959,0.45558313069945183,1.8997821862142268,True,,False,,31.18625822360349,37.05645495725269,0.05000318657421289,,,False,False
phase31_lambert_like_transfer,phase31_lambert_like_transfer|r0=0.98|angle=165|thrust=8000|target=1,0.98,165.0,8000.0,1,False,lambert_like_transfer,0,8,0.09,-0.16,0.75,48,12,0.11,0.2,0.08756443470178613,16.732191974665177,0.9800009702615599,0.5403456045497406,0.30061232088569156,0.9427514755996368,0.27460133640211715,0.9523620933368315,0.8321246208900749,34.1032736439307,True,659795,False,,27.01728214842885,28.202103074981675,0.019994179954279295,0.5403517514952774,0.3006058845065354,False,False
phase31_lambert_like_transfer,phase31_lambert_like_transfer|r0=0.98|angle=165|thrust=8000|target=1,0.98,165.0,8000.0,2,True,lambert_like_transfer,8,10,0.1,-0.1,0.543782217350893,72,12,0.11,-0.22,0.02448979591836729,12.94378504725153,0.9800011308083332,-0.13169638426846367,0.273217121860539,0.5976118053643911,0.2477542191878595,0.6111674121226567,0.9663121161629974,4.004012626617149,True,,False,,7.999550631699062,10.418588837116708,0.019998869191666796,,,False,False
phase31_lambert_like_transfer,phase31_lambert_like_transfer|r0=0.98|angle=165|thrust=8000|target=1,0.98,165.0,8000.0,3,False,lambert_like_transfer,16,12,0.11,0.16,0.5,96,14,0.105,-0.18,0.08756443470178613,19.529502069665135,0.9800025698757586,0.019263190423606226,0.4761958820393819,1.138714377788643,0.44667575803860643,,,,False,18506215,False,,7.998902873687344,8.2788490856255,0.01999725718421836,0.01927380274203378,0.47619562153669254,False,False
phase31_lambert_like_transfer,phase31_lambert_like_transfer|r0=1|angle=165|thrust=8000|target=1,1.0,165.0,8000.0,1,False,lambert_like_transfer,0,8,0.09,-0.16,0.75,48,12,0.11,0.2,0.06814834742186375,16.294560295960718,1.0000009641056256,0.5483244205501484,0.2635035551311325,0.897102832210059,0.2635047732820178,0.9141829148205991,0.8340082338766797,18.602872711990493,True,,False,,27.416222700393057,27.43647595747812,9.641056255208333e-07,,,False,False
phase31_lambert_like_transfer,phase31_lambert_like_transfer|r0=1|angle=165|thrust=8000|target=1,1.0,165.0,8000.0,2,True,lambert_like_transfer,8,10,0.1,-0.1,0.5340741737109319,72,12,0.11,-0.22,2.5255857824206993e-16,6.411796987025031,1.0000011107940379,-0.13729506353289295,0.2247938776357577,0.5189721987501439,0.2247952381294944,0.527635244420266,0.981990550966882,3.175773293042536,True,144,True,145,6.864549780683111,6.923190747702867,5.9276166666666666e-09,-0.13729099561366223,0.224795245389611,False,False
phase31_lambert_like_transfer,phase31_lambert_like_transfer|r0=1|angle=165|thrust=8000|target=1,1.0,165.0,8000.0,3,False,lambert_like_transfer,16,12,0.11,0.16,0.5,96,14,0.105,-0.18,0.06814834742186375,14.16934704870345,1.0000025436743092,0.002707285067505134,0.43410948580252795,1.0566824339969056,0.4341131337099838,,,,False,,False,,1.7364378035800185,1.741706647638349,2.543674309244792e-06,,,False,False
phase31_lambert_like_transfer,phase31_lambert_like_transfer|r0=1.02|angle=165|thrust=8000|target=1,1.02,165.0,8000.0,1,True,lambert_like_transfer,0,8,0.09,0.16,-0.75,48,12,0.11,-0.2,0.04892546946041667,11.800118651867022,1.0200009975521165,-0.04185783914007476,-0.1464357321698948,-0.230458358081642,-0.12936359533845085,0.2594282744848691,0.6018665488767344,1.0235440039176888,True,8518174,False,,8.00024874232578,8.290219161744101,0.020000621855814454,-0.04186005497077811,-0.1464354177770092,False,False
phase31_lambert_like_transfer,phase31_lambert_like_transfer|r0=1.02|angle=165|thrust=8000|target=1,1.02,165.0,8000.0,2,False,lambert_like_transfer,8,10,0.1,0.1,-0.4755372652697917,72,12,0.11,0.22,-0.023529411764705733,16.185461005580038,1.0200018644431383,0.6561389133206843,-0.338293912493884,-0.09240750982666347,-0.32505855703038733,0.7087723058769313,0.26659254124798065,1.5642260699471657,True,,False,,32.80670697065713,33.79554466526557,0.02000186444313828,,,False,False
phase31_lambert_like_transfer,phase31_lambert_like_transfer|r0=1.02|angle=165|thrust=8000|target=1,1.02,165.0,8000.0,3,False,lambert_like_transfer,16,12,0.11,-0.16,-0.5,96,14,0.105,0.18,0.04892546946041667,16.03428915891109,1.020001448567642,0.5239076090413719,-0.27315170473987366,-0.15799390195945612,-0.25861368594574985,0.602913265578076,0.3429091757305532,1.3842156360804372,True,,False,,26.195181552301367,27.411697156787547,0.020001448567642188,,,False,False
phase31_lambert_like_transfer,phase31_lambert_like_transfer|r0=1.05|angle=165|thrust=8000|target=1,1.05,165.0,8000.0,1,True,lambert_like_transfer,0,8,0.09,0.16,-0.75,48,12,0.11,-0.2,0.02044112288941483,16.370615815173817,1.050000980512502,-0.0537009400562022,-0.20745833124714508,-0.27375403838359946,-0.16783047071248802,0.3433912143188138,0.5154910335078712,1.054670818569953,True,16598478,False,,20.00019940739604,20.196703169414693,0.0500004985184901,-0.05370371177409639,-0.2074579674374716,False,False
phase31_lambert_like_transfer,phase31_lambert_like_transfer|r0=1.05|angle=165|thrust=8000|target=1,1.05,165.0,8000.0,2,False,lambert_like_transfer,8,10,0.1,0.1,-0.4897794385552926,72,12,0.11,0.22,-0.057142857142857176,16.87889285184818,1.0500018324009586,0.6417457698838963,-0.4027962310678313,-0.13626860589367207,-0.37293494830446433,0.7437789749053197,0.22549335937444392,1.5346538361269275,True,,False,,32.08703388511371,37.844679848970365,0.050001832400958596,,,False,False
phase31_lambert_like_transfer,phase31_lambert_like_transfer|r0=1.05|angle=165|thrust=8000|target=1,1.05,165.0,8000.0,3,False,lambert_like_transfer,16,12,0.11,-0.16,-0.5,96,14,0.105,0.18,0.02044112288941483,16.74076192276726,1.0500014246849656,0.5313024221396745,-0.3447753943688761,-0.19315777270694232,-0.31201323059867525,0.6597330132914758,0.2851818883403435,1.391042367788465,True,,False,,26.5648975546858,33.28108740287937,0.0500014246849655,,,False,False
phase31_lambert_like_transfer,phase31_lambert_like_transfer|r0=0.98|angle=170|thrust=8000|target=1,0.98,170.0,8000.0,1,False,lambert_like_transfer,0,8,0.09,-0.16,0.75,48,12,0.11,0.2,0.050180127103947106,16.494361013507824,0.9800006489102112,0.4730439900842819,0.26485950016573534,0.7828251965160827,0.23956313094266596,0.8162764700482782,0.8459707434031467,8.36320070704142,True,753678,False,,23.652201162643394,24.99060091442965,0.019995105360697915,0.4730492970036576,0.2648540203453741,False,False
phase31_lambert_like_transfer,phase31_lambert_like_transfer|r0=0.98|angle=170|thrust=8000|target=1,0.98,170.0,8000.0,2,True,lambert_like_transfer,8,10,0.1,-0.1,0.5250900635519735,72,12,0.11,-0.22,0.024489795918367793,15.402975438508978,0.9800006303152644,-0.21936899530432308,0.29198489939596706,0.676532722446458,0.2661460157658512,0.6938597001504813,0.9464335996052795,5.236572035853317,True,,False,,10.9681526557212,13.625967025186515,0.019999369684735546,,,False,False
phase31_lambert_like_transfer,phase31_lambert_like_transfer|r0=0.98|angle=170|thrust=8000|target=1,0.98,170.0,8000.0,3,False,lambert_like_transfer,16,12,0.11,0.16,0.5,96,14,0.105,-0.18,0.050180127103947106,19.527327568363916,0.9800018934310306,-0.09156045533826243,0.42987494385643993,1.0121132885170379,0.40128015234889974,,,,False,,False,,7.999244682041145,9.37565254694992,0.0199981065689694,,,False,False
phase31_lambert_like_transfer,phase31_lambert_like_transfer|r0=1|angle=170|thrust=8000|target=1,1.0,170.0,8000.0,1,False,lambert_like_transfer,0,8,0.09,-0.16,0.75,48,12,0.11,0.2,0.030384493975583925,16.027866489318573,1.0000006445581155,0.47778859310317906,0.2224749937684947,0.722728339204197,0.22247578172467294,0.7652660897403214,0.8465845719175347,6.366557926164527,True,,False,,23.889431041968056,23.906000027470974,6.445581154947917e-07,,,False,False
phase31_lambert_like_transfer,phase31_lambert_like_transfer|r0=1|angle=170|thrust=8000|target=1,1.0,170.0,8000.0,2,True,lambert_like_transfer,8,10,0.1,-0.1,0.515192246987792,72,12,0.11,-0.22,2.5255857824206993e-16,9.871822782880447,1.000000614868212,-0.22417873856740392,0.24334975684197713,0.5961759544003435,0.24335052133821877,0.6129601307405137,0.9584369070562733,3.9942151744464764,True,49,True,49,11.20886190039487,11.251048694887505,1.3257811197916667e-09,-0.2241772380078974,0.24335052298662943,False,False
phase31_lambert_like_transfer,phase31_lambert_like_transfer|r0=1|angle=170|thrust=8000|target=1,1.0,170.0,8000.0,3,False,lambert_like_transfer,16,12,0.11,0.16,0.5,96,14,0.105,-0.18,0.030384493975583925,9.895382052467388,1.0000018760724623,-0.10214342615622732,0.38035221862275503,0.9158092791015802,0.3803548082635406,0.9162885653587217,0.9943071367957551,22.761279923838824,True,327,False,,5.10676500818015,5.328578549770601,9.593421217447917e-07,-0.102135300163603,0.3803534840323028,False,False
phase31_lambert_like_transfer,phase31_lambert_like_transfer|r0=1.02|angle=170|thrust=8000|target=1,1.02,170.0,8000.0,1,True,lambert_like_transfer,0,8,0.09,0.16,-0.75,48,12,0.11,-0.2,0.010785847023188262,12.477514666497742,1.0200006724225132,-0.13564231982383276,-0.19162639888840582,-0.28891630320196976,-0.1754583832975654,0.35171852314885954,0.5029663099463151,1.0487248239399831,True,2628579,False,,7.999781992249062,10.515849237378427,0.019999454980622656,-0.13564519652128054,-0.19162543403702212,False,False
phase31_lambert_like_transfer,phase31_lambert_like_transfer|r0=1.02|angle=170|thrust=8000|target=1,1.02,170.0,8000.0,2,False,lambert_like_transfer,8,10,0.1,0.1,-0.49460707648840585,72,12,0.11,0.22,-0.023529411764705986,16.193355203882334,1.0200013718477858,0.5698013560843155,-0.32001138921961847,-0.17372358038795066,-0.3064106841631408,0.6598191637706445,0.2898304523428894,1.4141482641270826,True,,False,,28.489839900464187,29.61978028072482,0.020001371847785807,,,False,False
phase31_lambert_like_transfer,phase31_lambert_like_transfer|r0=1.02|angle=170|thrust=8000|target=1,1.02,170.0,8000.0,3,False,lambert_like_transfer,16,12,0.11,-0.16,-0.5,96,14,0.105,0.18,0.010785847023188262,16.343274741698867,1.0200008011520028,0.45243755280805775,-0.3328448463713869,-0.31098703543794964,-0.3195012088061273,0.6268252967909865,0.2846517113606317,1.2409163880461471,True,,False,,22.621642129865457,24.031794409456058,0.020000801152002735,,,False,False
phase31_lambert_like_transfer,phase31_lambert_like_transfer|r0=1.05|angle=170|thrust=8000|target=1,1.05,170.0,8000.0,1,True,lambert_like_transfer,0,8,0.09,0.16,-0.75,48,12,0.11,-0.2,-0.01825531181027917,16.571063608673466,1.0500006633262062,-0.13718157359802743,-0.25597901540474344,-0.332374691796894,-0.21877747264636374,0.4322501793521587,0.4261187368263135,1.0749605108609266,True,6497580,False,,19.999772826678488,21.168103568972633,0.04999943206669622,-0.13718498260868175,-0.25597814294435456,False,False
phase31_lambert_like_transfer,phase31_lambert_like_transfer|r0=1.05|angle=170|thrust=8000|target=1,1.05,170.0,8000.0,2,False,lambert_like_transfer,8,10,0.1,0.1,-0.5091276559051395,72,12,0.11,0.22,-0.05714285714285692,16.88582305019598,1.0500013471482035,0.5567012376309438,-0.3847548968368879,-0.2163166560127622,-0.35399181285239695,0.7017112884584142,0.24523935446170192,1.3990692966721645,True,,False,,27.83481662086691,34.310074620434555,0.050001347148203514,,,False,False
phase31_lambert_like_transfer,phase31_lambert_like_transfer|r0=1.05|angle=170|thrust=8000|target=1,1.05,170.0,8000.0,3,False,lambert_like_transfer,16,12,0.11,-0.16,-0.5,96,14,0.105,0.18,-0.01825531181027917,17.073226544541832,1.0500007814608785,0.4486809940436652,-0.4090967661100895,-0.3542792209092886,-0.3795511426478339,0.6918533267118401,0.22753555436024814,1.249264775380588,True,,False,,22.433791892818437,30.099454857783797,0.050000781460878385,,,False,False
phase31_lambert_like_transfer,phase31_lambert_like_transfer|r0=0.98|angle=175|thrust=8000|target=1,0.98,175.0,8000.0,1,False,lambert_like_transfer,0,8,0.09,-0.16,0.75,48,12,0.11,0.2,0.027635126072275962,16.30927670507664,0.9800003182534832,0.39285298622335335,0.23934422937397024,0.6494919238882825,0.21455773921210874,0.6949444838336346,0.8703237869735562,4.835678831244405,True,907538,False,,19.64265078672678,21.230517713924232,0.019996155757320312,0.39285770797049113,0.23933977029517317,False,False
phase31_lambert_like_transfer,phase31_lambert_like_transfer|r0=0.98|angle=175|thrust=8000|target=1,0.98,175.0,8000.0,2,False,lambert_like_transfer,8,10,0.1,-0.1,0.513817563036138,72,12,0.11,-0.22,0.024489795918367543,16.588281137004486,0.9800001251727138,-0.30778129202667887,0.3032874806714515,0.7524715151337807,0.2772218941940534,0.7721449542823374,0.920520504299982,7.15935766035219,True,,False,,15.388754058942805,17.38661243367186,0.0199998748272862,,,False,False
phase31_lambert_like_transfer,phase31_lambert_like_transfer|r0=0.98|angle=175|thrust=8000|target=1,0.98,175.0,8000.0,3,True,lambert_like_transfer,16,12,0.11,0.16,0.5,96,14,0.105,-0.18,0.027635126072275962,14.838482531921724,0.9800012129838307,-0.18866765183745313,0.3961636859733885,0.9440547203440668,0.368242105777897,0.9461847596816898,0.9619263796566397,34.78729164731755,True,,False,,9.432957241903383,12.469646854897883,0.01999878701616927,,,False,False
phase31_lambert_like_transfer,phase31_lambert_like_transfer|r0=1|angle=175|thrust=8000|target=1,1.0,175.0,8000.0,1,False,lambert_like_transfer,0,8,0.09,-0.16,0.75,48,12,0.11,0.2,0.0076106038165090276,15.831065508372667,1.000000315979477,0.3949885688269297,0.1948656556810102,0.5837205365887108,0.1948660332340353,0.6369268375466952,0.8721861018029229,3.9322786287186875,True,,False,,19.74942964096109,19.76480541206266,3.1597947708333333e-07,,,False,False
phase31_lambert_like_transfer,phase31_lambert_like_transfer|r0=1|angle=175|thrust=8000|target=1,1.0,175.0,8000.0,2,False,lambert_like_transfer,8,10,0.1,-0.1,0.5038053019082546,72,12,0.11,-0.22,2.5255857824206993e-16,11.362591073486298,1.0000001144999644,-0.3117627284831358,0.2545230097356774,0.6710242098274151,0.2545231533785174,0.6944411979967745,0.9288185061974483,5.1506562142698975,True,7,True,7,15.588125157934886,15.621336645436717,7.919499739583334e-09,-0.31176250315869775,0.25452316331371333,False,False
phase31_lambert_like_transfer,phase31_lambert_like_transfer|r0=1|angle=175|thrust=8000|target=1,1.0,175.0,8000.0,3,True,lambert_like_transfer,16,12,0.11,0.16,0.5,96,14,0.105,-0.18,0.0076106038165090276,9.218814998154295,1.0000012043925928,-0.19369076731106805,0.34365405381743325,0.8429247384638565,0.34365567210442305,0.8464128208471844,0.9777935599201577,11.754956208825538,True,111,True,111,9.684287617504879,9.781360550461574,1.627928125e-09,-0.19368575235009758,0.3436556742917967,False,False
phase31_lambert_like_transfer,phase31_lambert_like_transfer|r0=1.02|angle=175|thrust=8000|target=1,1.02,175.0,8000.0,1,True,lambert_like_transfer,0,8,0.09,0.16,-0.75,48,12,0.11,-0.2,-0.012214654589540788,14.955672040305906,1.020000345799897,-0.2211404447634218,-0.2202648509049668,-0.3038936499371673,-0.20466987829073202,0.41859535171214657,0.4458988264233594,1.087968602178948,True,1612282,False,,11.05702326220289,13.675786258916201,0.019998360986007813,-0.22114372166634158,-0.22026333361904465,False,False
phase31_lambert_like_transfer,phase31_lambert_like_transfer|r0=1.02|angle=175|thrust=8000|target=1,1.02,175.0,8000.0,2,False,lambert_like_transfer,8,10,0.1,0.1,-0.5061073272947704,72,12,0.11,0.22,-0.023529411764705733,16.219790699054407,1.0200008761083084,0.48302028235431244,-0.30896432561679205,-0.24994373311513218,-0.29514300670703225,0.6156287261503274,0.3075108612223173,1.292561163632405,True,,False,,24.150792877120523,25.47164188290977,0.020000876108308332,,,False,False
phase31_lambert_like_transfer,phase31_lambert_like_transfer|r0=1.02|angle=175|thrust=8000|target=1,1.02,175.0,8000.0,3,False,lambert_like_transfer,16,12,0.11,-0.16,-0.5,96,14,0.105,0.18,-0.012214654589540788,16.558089408093565,1.0200001381132033,0.366602231612289,-0.37093820363029517,-0.4306681083503372,-0.3583568808211614,0.6410815156735968,0.2508747362379259,1.1470735288604998,True,,False,,18.32985434538333,20.054811635274476,0.020000138113203385,,,False,False
phase31_lambert_like_transfer,phase31_lambert_like_transfer|r0=1.05|angle=175|thrust=8000|target=1,1.05,175.0,8000.0,1,True,lambert_like_transfer,0,8,0.09,0.16,-0.75,48,12,0.11,-0.2,-0.04159160493122075,16.670484233364057,1.050000343482733,-0.21574682062201336,-0.28404713236512485,-0.3456260823810722,-0.2482492430659335,0.4894358056206032,0.37942501343014884,1.1068719796104585,True,4131428,False,,19.99936283040651,22.751619894728012,0.04999840707601628,-0.21575057991936508,-0.2840458120050825,False,False
phase31_lambert_like_transfer,phase31_lambert_like_transfer|r0=1.05|angle=175|thrust=8000|target=1,1.05,175.0,8000.0,2,False,lambert_like_transfer,8,10,0.1,0.1,-0.5207958024656104,72,12,0.11,0.22,-0.057142857142857176,16.910804940094387,1.0500008586832346,0.47119699878820215,-0.37385497255123695,-0.2906761399953451,-0.34254718351856145,0.6649155711776046,0.25961929444485116,1.2899561087288784,True,,False,,23.55961046137009,30.940538157051936,0.050000858683234506,,,False,False
phase31_lambert_like_transfer,phase31_lambert_like_transfer|r0=1.05|angle=175|thrust=8000|target=1,1.05,175.0,8000.0,3,False,lambert_like_transfer,16,12,0.11,-0.16,-0.5,96,14,0.105,0.18,-0.04159160493122075,17.28362828424543,1.0500001246934065,0.35631004640393227,-0.44608029831328916,-0.4709777934756736,-0.41838424415881914,0.7088033652048404,0.19796127180622541,1.161678560195817,True,,False,,20.000057872323854,26.843587290931357,0.05000012469340651,,,False,False
phase31_lambert_like_transfer,phase31_lambert_like_transfer|r0=0.98|angle=150|thrust=10000|target=1,0.98,150.0,10000.0,1,False,lambert_like_transfer,0,8,0.09,-0.16,0.75,48,12,0.11,0.2,0.2853571800517752,23.751663344103946,0.9800018386216323,0.7050349077065694,0.4624872801111223,1.5951307679002162,0.43324022346965013,,,,False,505651,False,,35.251748586382206,36.195187233769076,0.01999183344207539,0.7050451509499392,0.4624778367955941,False,False
phase31_lambert_like_transfer,phase31_lambert_like_transfer|r0=0.98|angle=150|thrust=10000|target=1,0.98,150.0,10000.0,2,True,lambert_like_transfer,8,10,0.1,-0.1,0.6426785900258876,72,12,0.11,-0.22,0.02448979591836729,12.301008508393174,0.9800024783276408,0.02257293229428176,0.248187429117646,0.5176702299681709,0.2232267739526996,0.5275393895579418,0.9795385642708316,3.1670020895810334,True,15792826,False,,7.998927620793385,8.138967498183032,0.019997319051983462,0.022577855556429733,0.24818717104875415,False,False
phase31_lambert_like_transfer,phase31_lambert_like_transfer|r0=0.98|angle=150|thrust=10000|target=1,0.98,150.0,10000.0,3,False,lambert_like_transfer,16,12,0.11,0.16,0.5,96,14,0.105,-0.18,0.2853571800517752,24.788599972851195,0.9800046668054194,0.37933462877300184,0.6980057148595377,1.9863115601670407,0.6640535248246193,,,,False,939675,False,,18.966736770048197,20.77263811615494,0.01999192848114922,0.3793516891424505,0.6979998157011208,True,False
phase31_lambert_like_transfer,phase31_lambert_like_transfer|r0=1|angle=150|thrust=10000|target=1,1.0,150.0,10000.0,1,False,lambert_like_transfer,0,8,0.09,-0.16,0.75,48,12,0.11,0.2,0.2679491924311225,23.419645545857378,1.000001823094803,0.7104807882544717,0.44608328399054825,1.5959434608985423,0.4460859203374682,,,,False,,False,,35.524042473174624,35.5688267744187,1.8230948029947917e-06,,,False,False
phase31_lambert_like_transfer,phase31_lambert_like_transfer|r0=1|angle=150|thrust=10000|target=1,1.0,150.0,10000.0,2,True,lambert_like_transfer,8,10,0.1,-0.1,0.6339745962155612,72,12,0.11,-0.22,-0.0,6.2180437334955325,1.0000024449050224,0.01415077175468933,0.19121216794962148,0.41919156321058076,0.1912150803502339,0.4193288450827518,0.9997636365736526,2.4437125137652753,True,,False,,0.7648480665505674,1.0419246412694174,2.4449050225260416e-06,,,False,False
phase31_lambert_like_transfer,phase31_lambert_like_transfer|r0=1|angle=150|thrust=10000|target=1,1.0,150.0,10000.0,3,False,lambert_like_transfer,16,12,0.11,0.16,0.5,96,14,0.105,-0.18,0.2679491924311225,24.4405406880338,1.0000046225991677,0.36258849526616965,0.6816155499890602,1.9593105200199938,0.681623323423702,,,,False,,False,,18.129429889955755,18.333298311151808,4.6225991677083335e-06,,,True,False
phase31_lambert_like_transfer,phase31_lambert_like_transfer|r0=1.02|angle=150|thrust=10000|target=1,1.02,150.0,10000.0,1,True,lambert_like_transfer,0,8,0.09,0.16,-0.75,48,12,0.11,-0.2,0.25071443154640943,15.16506167141394,1.020001968575528,0.2735322989300754,-0.03461352048638156,0.04601044391955848,-0.015303890459910579,0.2738366561503871,0.7611858423619702,1.3352731673332656,True,,False,,13.676593643336362,15.845556475438512,0.020001968575527995,,,False,False
phase31_lambert_like_transfer,phase31_lambert_like_transfer|r0=1.02|angle=150|thrust=10000|target=1,1.02,150.0,10000.0,2,False,lambert_like_transfer,8,10,0.1,0.1,-0.3746427842267953,72,12,0.11,0.22,-0.023529411764705986,16.883694200826206,1.020003416474759,1.0120639353672067,-0.5067963221173308,0.30674553101822144,-0.4969305635417611,0.9080484297421162,0.1326375441804772,2.752305993129151,True,,False,,50.60287245643852,51.27197118685577,0.020003416474758853,,,False,False
phase31_lambert_like_transfer,phase31_lambert_like_transfer|r0=1.02|angle=150|thrust=10000|target=1,1.02,150.0,10000.0,3,False,lambert_like_transfer,16,12,0.11,-0.16,-0.5,96,14,0.105,0.18,0.25071443154640943,15.688588748950025,1.0200030856510793,0.6448624237052271,-0.16327655193326293,0.15517529197120938,-0.1465395011353176,0.6201887262970651,0.44957405967581066,1.9177809442593279,True,,False,,32.24299787069468,33.22747873642827,0.0200030856510793,,,False,False
phase31_lambert_like_transfer,phase31_lambert_like_transfer|r0=1.05|angle=150|thrust=10000|target=1,1.05,150.0,10000.0,1,True,lambert_like_transfer,0,8,0.09,0.16,-0.75,48,12,0.11,-0.2,0.22517606507011506,15.72045428024602,1.0500019349905212,0.24882398210963716,-0.0617575110571213,0.0374539475491379,-0.014843571119654704,0.2565484550818272,0.7723802336783527,1.3054424272816536,True,,False,,20.000779579374477,23.5557983953308,0.050001934990521225,,,False,False
phase31_lambert_like_transfer,phase31_lambert_like_transfer|r0=1.05|angle=150|thrust=10000|target=1,1.05,150.0,10000.0,2,False,lambert_like_transfer,8,10,0.1,0.1,-0.38741196746494244,72,12,0.11,0.22,-0.057142857142857176,17.540586800799915,1.050003358367121,0.9908274897735546,-0.582856685924781,0.2509918464631866,-0.5619981193006294,0.9253680596415719,0.09964102527591512,2.5705568765172875,True,,False,,49.54104182134885,53.477450914603224,0.050003358367121095,,,False,False
phase31_lambert_like_transfer,phase31_lambert_like_transfer|r0=1.05|angle=150|thrust=10000|target=1,1.05,150.0,10000.0,3,False,lambert_like_transfer,16,12,0.11,-0.16,-0.5,96,14,0.105,0.18,0.22517606507011506,16.244847036390986,1.0500030388923098,0.6576726312900064,-0.19072213788570197,0.18270755600816413,-0.1502557854717154,0.6402042981347367,0.4402288367037167,2.0068756418738176,True,,False,,32.88350443730579,38.4962905459871,0.0500030388923099,,,False,False
phase31_lambert_like_transfer,phase31_lambert_like_transfer|r0=0.98|angle=165|thrust=10000|target=1,0.98,165.0,10000.0,1,False,lambert_like_transfer,0,8,0.09,-0.16,0.75,48,12,0.11,0.2,0.08756443470178613,23.220318164900178,0.9800009635052499,0.6100704394104545,0.38183254000627503,1.2408327895966507,0.3541972206090563,,,,False,584387,False,,30.503524515008078,31.571840760628923,0.019993560901236718,0.6100785816698314,0.3818248192883382,False,False
phase31_lambert_like_transfer,phase31_lambert_like_transfer|r0=0.98|angle=165|thrust=10000|target=1,0.98,165.0,10000.0,2,True,lambert_like_transfer,8,10,0.1,-0.1,0.543782217350893,72,12,0.11,-0.22,0.02448979591836729,16.086125817172082,0.9800010395281155,-0.22998195194064305,0.34758869793992897,0.8280728352825347,0.3206383248374701,0.8367462640139324,0.9495517258971211,10.683281301313441,True,,False,,11.498733277783256,14.076779091066022,0.019998960471884507,,,False,False
phase31_lambert_like_transfer,phase31_lambert_like_transfer|r0=0.98|angle=165|thrust=10000|target=1,0.98,165.0,10000.0,3,False,lambert_like_transfer,16,12,0.11,0.16,0.5,96,14,0.105,-0.18,0.08756443470178613,20.294745358011074,0.9800027063691552,-0.04128231396326751,0.6013121951575051,1.5250942851809062,0.569290284996288,,,,False,,False,,7.998918378639115,8.603949098830144,0.019997293630844792,,,False,False
phase31_lambert_like_transfer,phase31_lambert_like_transfer|r0=1|angle=165|thrust=10000|target=1,1.0,165.0,10000.0,1,False,lambert_like_transfer,0,8,0.09,-0.16,0.75,48,12,0.11,0.2,0.06814834742186375,22.747696014533005,1.0000009583161351,0.6207008721221308,0.3378982245063851,1.1752431484209451,0.33789950663584084,,,,False,,False,,31.035045821801315,31.064463172207144,9.583161350260416e-07,,,False,False
phase31_lambert_like_transfer,phase31_lambert_like_transfer|r0=1|angle=165|thrust=10000|target=1,1.0,165.0,10000.0,2,True,lambert_like_transfer,8,10,0.1,-0.1,0.5340741737109319,72,12,0.11,-0.22,2.5255857824206993e-16,10.583849959811843,1.000001018268945,-0.23632339166923091,0.28951127765738505,0.718690117191447,0.2895125907266733,0.7295381476287998,0.9614374357237377,6.148159923716034,True,77,True,77,11.816026431074611,11.872639188176766,2.4900494791666667e-09,-0.23632052862149225,0.28951259393762285,False,False
phase31_lambert_like_transfer,phase31_lambert_like_transfer|r0=1|angle=165|thrust=10000|target=1,1.0,165.0,10000.0,3,False,lambert_like_transfer,16,12,0.11,0.16,0.5,96,14,0.105,-0.18,0.06814834742186375,15.359379933719628,1.0000026787026277,-0.06132029158597824,0.5511558324346102,1.4098499520470034,0.5511599875198145,,,,False,779,False,,3.065383578587487,3.775838488327508,2.1283917998697917e-06,-0.06130767157174974,0.5511566860506449,False,False
phase31_lambert_like_transfer,phase31_lambert_like_transfer|r0=1.02|angle=165|thrust=10000|target=1,1.02,165.0,10000.0,1,True,lambert_like_transfer,0,8,0.09,0.16,-0.75,48,12,0.11,-0.2,0.04892546946041667,12.263317388407025,1.0200010025559851,-0.1163894634654876,-0.17214670419309427,-0.26189479989221565,-0.1555888083076797,0.31659251714681425,0.5415724693623897,1.0433457030326703,True,3063443,False,,7.999983166105208,9.91673619156194,0.01999995791526302,-0.11639205969718475,-0.1721458563408391,False,False
phase31_lambert_like_transfer,phase31_lambert_like_transfer|r0=1.02|angle=165|thrust=10000|target=1,1.02,165.0,10000.0,2,False,lambert_like_transfer,8,10,0.1,0.1,-0.4755372652697917,72,12,0.11,0.22,-0.023529411764705733,16.376488519348364,1.0200019639779194,0.7561065758799198,-0.41196928553830836,-0.04330326306504881,-0.40020751636973534,0.7903610462159618,0.2009376958796758,1.716050461642556,True,,False,,37.80504958958476,38.677785539383095,0.02000196397791953,,,False,False
phase31_lambert_like_transfer,phase31_lambert_like_transfer|r0=1.02|angle=165|thrust=10000|target=1,1.02,165.0,10000.0,3,False,lambert_like_transfer,16,12,0.11,-0.16,-0.5,96,14,0.105,0.18,0.04892546946041667,16.218125935641545,1.0200013147542653,0.5908175835223521,-0.3305414918787717,-0.1635416752321461,-0.31715144154291813,0.6763588408913719,0.27815175510929274,1.4407381158538308,True,,False,,29.54064502058613,30.63364499920347,0.020001314754265365,,,False,False
phase31_lambert_like_transfer,phase31_lambert_like_transfer|r0=1.05|angle=165|thrust=10000|target=1,1.05,165.0,10000.0,1,True,lambert_like_transfer,0,8,0.09,0.16,-0.75,48,12,0.11,-0.2,0.02044112288941483,16.524564728832793,1.0500009847729623,-0.13027146342449125,-0.24498446735325122,-0.3177410096067555,-0.20723294720203125,0.41451979129607874,0.4443059785159469,1.073442945908016,True,6842281,False,,19.999926213722397,21.056734893931402,0.04999981553430599,-0.13027473155167724,-0.24498362659753486,False,False
phase31_lambert_like_transfer,phase31_lambert_like_transfer|r0=1.05|angle=165|thrust=10000|target=1,1.05,165.0,10000.0,2,False,lambert_like_transfer,8,10,0.1,0.1,-0.4897794385552926,72,12,0.11,0.22,-0.057142857142857176,17.121308002826648,1.0500019291999299,0.7390370211501882,-0.489156703480831,-0.09762181285680689,-0.4636135531360209,0.8271655014599003,0.1574627039255527,1.6646585190433603,True,,False,,36.951555551080055,42.063036980389306,0.050001929199929816,,,False,False
phase31_lambert_like_transfer,phase31_lambert_like_transfer|r0=1.05|angle=165|thrust=10000|target=1,1.05,165.0,10000.0,3,False,lambert_like_transfer,16,12,0.11,-0.16,-0.5,96,14,0.105,0.18,0.02044112288941483,16.976262992153277,1.0500012920373076,0.6009829701515833,-0.4166306272010063,-0.20325920540082823,-0.387461404826063,0.740630068207833,0.2155561583306285,1.446596095334252,True,,False,,30.048886917729057,36.135159299121845,0.05000129203730755,,,False,False
phase31_lambert_like_transfer,phase31_lambert_like_transfer|r0=0.98|angle=170|thrust=10000|target=1,0.98,170.0,10000.0,1,False,lambert_like_transfer,0,8,0.09,-0.16,0.75,48,12,0.11,0.2,0.050180127103947106,22.902912406746857,0.9800006438615968,0.5474522735141081,0.3323730297182051,1.0341068963843936,0.3057264269876674,,,,False,651240,False,,27.372615835984327,28.54839430437205,0.01999444256641263,0.5474591863317012,0.332366349438945,False,False
phase31_lambert_like_transfer,phase31_lambert_like_transfer|r0=0.98|angle=170|thrust=10000|target=1,0.98,170.0,10000.0,2,True,lambert_like_transfer,8,10,0.1,-0.1,0.5250900635519735,72,12,0.11,-0.22,0.024489795918367793,16.921592905296716,0.9800005369800272,-0.31806387873282693,0.3662798962671025,0.9270701776094451,0.3389550320067764,0.9323365123623604,0.9277890089363874,26.495834612269913,True,,False,,15.902806388381796,17.86210384013732,0.019999463019972786,,,False,False
phase31_lambert_like_transfer,phase31_lambert_like_transfer|r0=0.98|angle=170|thrust=10000|target=1,0.98,170.0,10000.0,3,False,lambert_like_transfer,16,12,0.11,0.16,0.5,96,14,0.105,-0.18,0.050180127103947106,20.591336654326753,0.9800020273172675,-0.1583030607389638,0.5386424568365656,1.351668364298591,0.5078727270162556,,,,False,,False,,7.999192625131251,11.457670403250091,0.019997972682732554,,,False,False
phase31_lambert_like_transfer,phase31_lambert_like_transfer|r0=1|angle=170|thrust=10000|target=1,1.0,170.0,10000.0,1,False,lambert_like_transfer,0,8,0.09,-0.16,0.75,48,12,0.11,0.2,0.030384493975583925,16.393851652034165,1.0000006401026844,0.5538237662357689,0.2818919667159747,0.9499690585830712,0.2818927872584637,0.9580118473394039,0.839243705424031,39.1360184695001,True,,False,,27.691190115953418,27.7141375302407,6.40102684375e-07,,,False,False
phase31_lambert_like_transfer,phase31_lambert_like_transfer|r0=1|angle=170|thrust=10000|target=1,1.0,170.0,10000.0,2,True,lambert_like_transfer,8,10,0.1,-0.1,0.515192246987792,72,12,0.11,-0.22,2.5255857824206993e-16,11.727441748562548,1.0000005201930158,-0.32363532155198077,0.3079855326395002,0.8155670153357808,0.307986213044439,0.8273251464660272,0.9362471352309709,9.907800113916046,True,29,True,29,16.181708259958345,16.228535682872234,6.286565755208334e-09,-0.32363416519916693,0.30798622126718,False,False
phase31_lambert_like_transfer,phase31_lambert_like_transfer|r0=1|angle=170|thrust=10000|target=1,1.0,170.0,10000.0,3,False,lambert_like_transfer,16,12,0.11,0.16,0.5,96,14,0.105,-0.18,0.030384493975583925,19.094532557660195,1.000002009030901,-0.17109104269399145,0.4792386135070837,1.2174230386342062,0.4792415853431683,,,,False,209,False,,8.55401893533652,8.766184414827046,4.7348730768229167e-07,-0.1710803787067304,0.47924088494138445,False,False
phase31_lambert_like_transfer,phase31_lambert_like_transfer|r0=1.02|angle=170|thrust=10000|target=1,1.02,170.0,10000.0,1,True,lambert_like_transfer,0,8,0.09,0.16,-0.75,48,12,0.11,-0.2,0.010785847023188262,14.703803748608692,1.020000676564694,-0.21253716465571543,-0.23330908490401212,-0.32779600749001403,-0.21797474788608792,0.43355326441735653,0.42660674711126784,1.0796487233963443,True,1677573,False,,10.626859312284768,13.334047692319418,0.019998768966915624,-0.21254061905411412,-0.23330765104160855,False,False
phase31_lambert_like_transfer,phase31_lambert_like_transfer|r0=1.02|angle=170|thrust=10000|target=1,1.02,170.0,10000.0,2,False,lambert_like_transfer,8,10,0.1,0.1,-0.49460707648840585,72,12,0.11,0.22,-0.023529411764705986,16.40130830181633,1.02000146886475,0.6692675102989157,-0.39379021412576654,-0.14537218524427983,-0.3816651279680964,0.7497203968389877,0.21851377777925854,1.527643520054414,True,,False,,33.46310586166015,34.44253419011384,0.02000146886475,,,False,False
phase31_lambert_like_transfer,phase31_lambert_like_transfer|r0=1.02|angle=170|thrust=10000|target=1,1.02,170.0,10000.0,3,False,lambert_like_transfer,16,12,0.11,-0.16,-0.5,96,14,0.105,0.18,0.010785847023188262,16.606675404837393,1.0200006686913234,0.5225628818167828,-0.4098320371300029,-0.33941283842510084,-0.3980282832324069,0.717382073704908,0.21100135685379703,1.2821902436923245,True,,False,,26.12786599298274,27.374654100345,0.02000066869132344,,,False,False
phase31_lambert_like_transfer,phase31_lambert_like_transfer|r0=1.05|angle=170|thrust=10000|target=1,1.05,170.0,10000.0,1,True,lambert_like_transfer,0,8,0.09,0.16,-0.75,48,12,0.11,-0.2,-0.01825531181027917,16.78350848480439,1.050000667553616,-0.21384272060002676,-0.31024211075584845,-0.3832660388528903,-0.27575375584326794,0.5238624222777242,0.3442125840934586,1.101640884309881,True,4168242,False,,19.99949929413255,22.712245400450364,0.04999874823533138,-0.21384679464964598,-0.3102408499306038,False,False
phase31_lambert_like_transfer,phase31_lambert_like_transfer|r0=1.05|angle=170|thrust=10000|target=1,1.05,170.0,10000.0,2,False,lambert_like_transfer,8,10,0.1,0.1,-0.5091276559051395,72,12,0.11,0.22,-0.05714285714285692,17.144860345631425,1.0500014415292243,0.6535108722796662,-0.4712118572982661,-0.19806592969681422,-0.44477168789961835,0.7941423411335549,0.17182498372067057,1.4975322281200214,True,,False,,32.67525608046167,38.357102790735084,0.050001441529224346,,,False,False
phase31_lambert_like_transfer,phase31_lambert_like_transfer|r0=1.05|angle=170|thrust=10000|target=1,1.05,170.0,10000.0,3,False,lambert_like_transfer,16,12,0.11,-0.16,-0.5,96,14,0.105,0.18,-0.01825531181027917,17.392753881696052,1.0500006488653988,0.518485691138903,-0.5016391972737029,-0.3875698260727586,-0.47672083376830715,0.7874351551617447,0.15319217876038566,1.2881767256504315,True,,False,,25.923983665197024,32.80404776745081,0.0500006488653987,,,False,False
phase31_lambert_like_transfer,phase31_lambert_like_transfer|r0=0.98|angle=175|thrust=10000|target=1,0.98,175.0,10000.0,1,True,lambert_like_transfer,0,8,0.09,-0.16,0.75,48,12,0.11,0.2,0.027635126072275962,16.659138128340892,0.9800003138593201,0.46905613260245754,0.2976032204050854,0.862972100208051,0.27165156326184825,0.8822768832045932,0.8591178655890302,13.736449920508715,True,760099,False,,23.45280852868799,24.807992019141643,0.01999547620030573,0.4690622079519652,0.2975976461122584,False,False
phase31_lambert_like_transfer,phase31_lambert_like_transfer|r0=0.98|angle=175|thrust=10000|target=1,0.98,175.0,10000.0,2,False,lambert_like_transfer,8,10,0.1,-0.1,0.513817563036138,72,12,0.11,-0.22,0.024489795918367543,23.0323051114755,0.9800000305297584,-0.40673664509392093,0.37753235999135903,1.0222138383321802,0.34998175484726185,,,,False,,False,,20.33643056752966,21.905868756773103,0.019999969470241668,,,False,False
phase31_lambert_like_transfer,phase31_lambert_like_transfer|r0=0.98|angle=175|thrust=10000|target=1,0.98,175.0,10000.0,3,False,lambert_like_transfer,16,12,0.11,0.16,0.5,96,14,0.105,-0.18,0.027635126072275962,23.42273545875132,0.9800013458459939,-0.2578444682127587,0.4936275765201134,1.2565935832728445,0.46375703518240136,,,,False,,False,,12.891669085734893,15.300310646343716,0.01999865415400612,,,False,False
phase31_lambert_like_transfer,phase31_lambert_like_transfer|r0=1|angle=175|thrust=10000|target=1,1.0,175.0,10000.0,1,False,lambert_like_transfer,0,8,0.09,-0.16,0.75,48,12,0.11,0.2,0.0076106038165090276,16.135337680893787,1.0000003118606264,0.4719468212587132,0.24453347835795608,0.7715980045710151,0.24453386647894637,0.8038882057322998,0.8586255732983544,7.8978653507130465,True,,False,,23.59734260237591,23.617606220932004,3.1186062643229166e-07,,,False,False
phase31_lambert_like_transfer,phase31_lambert_like_transfer|r0=1|angle=175|thrust=10000|target=1,1.0,175.0,10000.0,2,True,lambert_like_transfer,8,10,0.1,-0.1,0.5038053019082546,72,12,0.11,-0.22,2.5255857824206993e-16,11.836725985500706,1.000000018454538,-0.4114922326547852,0.31910524247360644,0.9093645351656476,0.31910526681708423,0.9177640127764787,0.9073268104689258,21.159090608532008,True,1,True,1,20.574609557095606,20.614165256692857,4.62834296875e-09,-0.4114921911419121,0.3191052729223558,False,False
phase31_lambert_like_transfer,phase31_lambert_like_transfer|r0=1|angle=175|thrust=10000|target=1,1.0,175.0,10000.0,3,False,lambert_like_transfer,16,12,0.11,0.16,0.5,96,14,0.105,-0.18,0.0076106038165090276,17.75564026106487,1.0000013368193805,-0.2639021586028457,0.43051900753715927,1.1160316538755284,0.4305209198826928,,,,False,90,True,91,13.194840855752556,13.306742561990472,1.0307009635416667e-08,-0.26389681711505114,0.430520934627087,False,False
phase31_lambert_like_transfer,phase31_lambert_like_transfer|r0=1.02|angle=175|thrust=10000|target=1,1.02,175.0,10000.0,1,True,lambert_like_transfer,0,8,0.09,0.16,-0.75,48,12,0.11,-0.2,-0.012214654589540788,16.177513215071222,1.0200003499550232,-0.2979997718646799,-0.27192591690737794,-0.34188790649147105,-0.25736418045234283,0.5098412865829185,0.36527545337125883,1.1251620044259747,True,1196447,False,,14.899989831460019,16.946497261805956,0.019997675303544793,-0.2980037341922103,-0.27192400774182796,False,False
phase31_lambert_like_transfer,phase31_lambert_like_transfer|r0=1.02|angle=175|thrust=10000|target=1,1.02,175.0,10000.0,2,False,lambert_like_transfer,8,10,0.1,0.1,-0.5061073272947704,72,12,0.11,0.22,-0.023529411764705733,16.443359037737924,1.0200009716932734,0.5822012052820792,-0.3828001897146108,-0.2408885965565654,-0.37045559377999915,0.7128838532888019,0.23137947073406764,1.3803687599692767,True,,False,,29.109796525745573,30.228240382673384,0.020000971693273306,,,False,False
phase31_lambert_like_transfer,phase31_lambert_like_transfer|r0=1.02|angle=175|thrust=10000|target=1,1.02,175.0,10000.0,3,False,lambert_like_transfer,16,12,0.11,-0.16,-0.5,96,14,0.105,0.18,-0.012214654589540788,16.875824436311177,1.020000005631959,0.4366787605690565,-0.4602675782096536,-0.4787848758351645,-0.44947292673409595,0.7428390091215803,0.17390020352567126,1.1785615592919068,True,,False,,21.833634857781245,23.32617628314872,0.020000005631958855,,,False,False
phase31_lambert_like_transfer,phase31_lambert_like_transfer|r0=1.05|angle=175|thrust=10000|target=1,1.05,175.0,10000.0,1,True,lambert_like_transfer,0,8,0.09,0.16,-0.75,48,12,0.11,-0.2,-0.04159160493122075,16.91283283715251,1.0500003482427267,-0.2909473036254931,-0.34810546061289593,-0.3951444490596074,-0.315510506626009,0.588505512341845,0.2949475862055154,1.1385957299350415,True,3063588,False,,19.999094754694998,24.76963874724137,0.0499977368867375,-0.2909518119098871,-0.3481038393439641,False,False
phase31_lambert_like_transfer,phase31_lambert_like_transfer|r0=1.05|angle=175|thrust=10000|target=1,1.05,175.0,10000.0,2,False,lambert_like_transfer,8,10,0.1,0.1,-0.5207958024656104,72,12,0.11,0.22,-0.057142857142857176,17.185057764963567,1.050000951688164,0.5677325380111042,-0.4603651917039961,-0.29123421730383653,-0.433382937725136,0.7651424270069601,0.18188611318203338,1.3670195564462877,True,,False,,28.386344319505866,34.773656713672786,0.05000095168816406,,,False,False
phase31_lambert_like_transfer,phase31_lambert_like_transfer|r0=1.05|angle=175|thrust=10000|target=1,1.05,175.0,10000.0,3,False,lambert_like_transfer,16,12,0.11,-0.16,-0.5,96,14,0.105,0.18,-0.04159160493122075,17.656167324039668,1.0499999912603402,0.42412396489178084,-0.5506468898650083,-0.5229625654326486,-0.5281792382854522,0.8129981215201514,0.12278823046889828,1.1904416843004335,True,,False,,21.205877501848303,29.232762304172308,0.049999991260340236,,,False,False
phase31_lambert_like_transfer,phase31_lambert_like_transfer|r0=0.98|angle=150|thrust=12000|target=1,0.98,150.0,12000.0,1,False,lambert_like_transfer,0,8,0.09,-0.16,0.75,48,12,0.11,0.2,0.2853571800517752,24.44543025449914,0.9800018210240682,0.7450269026141962,0.5800215278985946,2.010720579924304,0.5484239745978535,,,,False,478509,False,,37.251349355216114,38.17111349734118,0.01999149208531354,0.7450404208651934,0.5800107469400151,True,False
phase31_lambert_like_transfer,phase31_lambert_like_transfer|r0=0.98|angle=150|thrust=12000|target=1,0.98,150.0,12000.0,2,True,lambert_like_transfer,8,10,0.1,-0.1,0.6426785900258876,72,12,0.11,-0.22,0.02448979591836729,12.856916251772718,0.9800023960108012,-0.07392730717571169,0.3228619117519972,0.7146175473777538,0.29640784310838636,0.7213635233529233,0.9763616301101076,6.031777733830925,True,,False,,7.999043254476666,8.90593237675759,0.01999760398919883,,,False,False
phase31_lambert_like_transfer,phase31_lambert_like_transfer|r0=0.98|angle=150|thrust=12000|target=1,0.98,150.0,12000.0,3,False,lambert_like_transfer,16,12,0.11,0.16,0.5,96,14,0.105,-0.18,0.2853571800517752,25.7489187988039,0.9800048181912169,0.3541870193953419,0.8626439295268155,2.5540845600489632,0.8254000255109007,,,,False,1006385,False,,17.70935797892559,19.73567510711975,0.01999200277826797,0.35420944857900927,0.8626378873292952,True,False
phase31_lambert_like_transfer,phase31_lambert_like_transfer|r0=1|angle=150|thrust=12000|target=1,1.0,150.0,12000.0,1,False,lambert_like_transfer,0,8,0.09,-0.16,0.75,48,12,0.11,0.2,0.2679491924311225,24.10774161638986,1.0000018062645402,0.7525772038436046,0.5620951908611562,2.0065174455791652,0.5620980124183081,,,,False,,False,,37.62886423145323,37.6959764267634,1.806264540234375e-06,,,True,False
phase31_lambert_like_transfer,phase31_lambert_like_transfer|r0=1|angle=150|thrust=12000|target=1,1.0,150.0,12000.0,2,True,lambert_like_transfer,8,10,0.1,-0.1,0.6339745962155612,72,12,0.11,-0.22,-0.0,8.48995997412545,1.0000023617126441,-0.08301866273639087,0.25625004839123905,0.585061005859661,0.2562530152928626,0.5874989768229774,0.9941245074631575,3.8258611488465215,True,507,False,,4.1506736764412135,4.275362611365153,1.6166193604166668e-06,-0.08301347352882427,0.25625098441319794,False,False
phase31_lambert_like_transfer,phase31_lambert_like_transfer|r0=1|angle=150|thrust=12000|target=1,1.0,150.0,12000.0,3,False,lambert_like_transfer,16,12,0.11,0.16,0.5,96,14,0.105,-0.18,0.2679491924311225,25.391044058869827,1.0000047730029058,0.335106890292158,0.84473417858414,2.5153503635180314,0.8447429835057348,,,,False,,False,,16.755351254592306,17.092659585936328,4.773002905729166e-06,,,True,False
phase31_lambert_like_transfer,phase31_lambert_like_transfer|r0=1.02|angle=150|thrust=12000|target=1,1.02,150.0,12000.0,1,True,lambert_like_transfer,0,8,0.09,0.16,-0.75,48,12,0.11,-0.2,0.25071443154640943,14.423652993224644,1.020001984599604,0.22922422591857106,-0.013034483994735875,0.06586417686895721,0.006706785056741539,0.23085073571111359,0.8233805462152674,1.3176357283735673,True,,False,,11.46120852842111,13.977655980635983,0.020001984599603905,,,False,False
phase31_lambert_like_transfer,phase31_lambert_like_transfer|r0=1.02|angle=150|thrust=12000|target=1,1.02,150.0,12000.0,2,False,lambert_like_transfer,8,10,0.1,0.1,-0.3746427842267953,72,12,0.11,0.22,-0.023529411764705986,17.234187765397017,1.0200035332336024,1.115462363081536,-0.5796536507797354,0.4601698150729026,-0.5712452386134845,0.9490851746245877,0.09431637355048637,3.610552408972475,True,,False,,55.77276455946599,56.39183851850156,0.020003533233602475,,,False,False
phase31_lambert_like_transfer,phase31_lambert_like_transfer|r0=1.02|angle=150|thrust=12000|target=1,1.02,150.0,12000.0,3,False,lambert_like_transfer,16,12,0.11,-0.16,-0.5,96,14,0.105,0.18,0.25071443154640943,15.72765152039412,1.0200029362920744,0.6748207634392861,-0.1674298768113808,0.18777740359790301,-0.15077602967855436,0.643614954759287,0.4387775553393763,2.0236016112331883,True,,False,,33.74091180701376,34.683211557796106,0.02000293629207435,,,False,False
phase31_lambert_like_transfer,phase31_lambert_like_transfer|r0=1.05|angle=150|thrust=12000|target=1,1.05,150.0,12000.0,1,True,lambert_like_transfer,0,8,0.09,0.16,-0.75,48,12,0.11,-0.2,0.22517606507011506,15.68477863258341,1.0500019497322661,0.2009989813228226,-0.04313955678234571,0.05122413044830653,0.004705331000217319,0.20560767348369072,0.8372813348337664,1.2706980775695245,True,,False,,20.000784402964687,22.384428233621573,0.05000194973226615,,,False,False
phase31_lambert_like_transfer,phase31_lambert_like_transfer|r0=1.05|angle=150|thrust=12000|target=1,1.05,150.0,12000.0,2,False,lambert_like_transfer,8,10,0.1,0.1,-0.38741196746494244,72,12,0.11,0.22,-0.057142857142857176,17.927785252114404,1.050003471656424,1.0914033608710267,-0.6684583804836499,0.39632553459880043,-0.6518801485092394,0.962726462904471,0.06174443219286627,3.2512994592210402,True,,False,,54.56980798586311,58.1816887764209,0.05000347165642396,,,False,False
phase31_lambert_like_transfer,phase31_lambert_like_transfer|r0=1.05|angle=150|thrust=12000|target=1,1.05,150.0,12000.0,3,False,lambert_like_transfer,16,12,0.11,-0.16,-0.5,96,14,0.105,0.18,0.22517606507011506,16.29494514315264,1.050002891210675,0.6916177322388808,-0.1978968795624353,0.21694784341320508,-0.15778940449145298,0.666758181270402,0.42556784490850325,2.1285404391650578,True,,False,,34.580754543514644,39.95636562874493,0.05000289121067487,,,False,False
phase31_lambert_like_transfer,phase31_lambert_like_transfer|r0=0.98|angle=165|thrust=12000|target=1,0.98,165.0,12000.0,1,False,lambert_like_transfer,0,8,0.09,-0.16,0.75,48,12,0.11,0.2,0.08756443470178613,23.726777613164643,0.9800009567489679,0.6797952928533287,0.46305275851965166,1.5618306802617996,0.4337931031234754,,,,False,524448,False,,33.989767848455145,34.96747567849,0.019992941847457032,0.6798055512531019,0.46304364973287643,False,False
phase31_lambert_like_transfer,phase31_lambert_like_transfer|r0=0.98|angle=165|thrust=12000|target=1,0.98,165.0,12000.0,2,True,lambert_like_transfer,8,10,0.1,-0.1,0.543782217350893,72,12,0.11,-0.22,0.02448979591836729,23.222225493873005,0.9800009482480024,-0.328267476465122,0.4219602864510765,1.0889162405101669,0.39352242909305635,,,,False,,False,,16.41291518198186,18.336891870258313,0.019999051751997527,,,False,False
phase31_lambert_like_transfer,phase31_lambert_like_transfer|r0=0.98|angle=165|thrust=12000|target=1,0.98,165.0,12000.0,3,False,lambert_like_transfer,16,12,0.11,0.16,0.5,96,14,0.105,-0.18,0.08756443470178613,21.30817620565695,0.9800028428628417,-0.10182772144347085,0.7264284869375092,1.9501137989801052,0.6919048251981534,,,,False,,False,,7.9988651396953125,9.916851255458138,0.019997157137158335,,,True,False
phase31_lambert_like_transfer,phase31_lambert_like_transfer|r0=1|angle=165|thrust=12000|target=1,1.0,165.0,12000.0,1,False,lambert_like_transfer,0,8,0.09,-0.16,0.75,48,12,0.11,0.2,0.06814834742186375,23.218068416884517,1.000000952526673,0.6930773412257081,0.4122928933852529,1.4749293226785172,0.4122942386319042,,,,False,,False,,34.653869850835726,34.69308954172976,9.525266731770833e-07,,,False,False
phase31_lambert_like_transfer,phase31_lambert_like_transfer|r0=1|angle=165|thrust=12000|target=1,1.0,165.0,12000.0,2,True,lambert_like_transfer,8,10,0.1,-0.1,0.5340741737109319,72,12,0.11,-0.22,2.5255857824206993e-16,11.975621159296436,1.0000009257439537,-0.33535167852531256,0.35422868950965786,0.9463979432669827,0.35422994317867895,0.9495773331683689,0.9406853002446893,36.37131580377377,True,49,True,50,16.76746697587014,16.82722825236047,1.4839573958333333e-08,-0.33534933951740276,0.3542299632748749,False,False
phase31_lambert_like_transfer,phase31_lambert_like_transfer|r0=1|angle=165|thrust=12000|target=1,1.0,165.0,12000.0,3,False,lambert_like_transfer,16,12,0.11,0.16,0.5,96,14,0.105,-0.18,0.06814834742186375,18.458989818718067,1.0000028137312302,-0.1253477747542332,0.668202158239026,1.7986161328358083,0.6682068521115373,,,,False,400,False,,6.266588635841646,6.812787953784267,1.688770545703125e-06,-0.1253317727168329,0.668204034897697,True,False
phase31_lambert_like_transfer,phase31_lambert_like_transfer|r0=1.02|angle=165|thrust=12000|target=1,1.02,165.0,12000.0,1,True,lambert_like_transfer,0,8,0.09,0.16,-0.75,48,12,0.11,-0.2,0.04892546946041667,13.773152562295648,1.0200010075598807,-0.1909210740088826,-0.19785767510803726,-0.2808992109734102,-0.18181402040377298,0.3775312203026491,0.48596234142755873,1.0754407595081616,True,1867539,False,,9.54605462700649,12.480056378842514,0.019999293974914064,-0.19092403900865731,-0.1978563275198211,False,False
phase31_lambert_like_transfer,phase31_lambert_like_transfer|r0=1.02|angle=165|thrust=12000|target=1,1.02,165.0,12000.0,2,False,lambert_like_transfer,8,10,0.1,0.1,-0.4755372652697917,72,12,0.11,0.22,-0.023529411764705733,16.60147220319689,1.0200020635128002,0.8560742794487273,-0.4856446456800666,0.03664425548589347,-0.47535647721481056,0.8572254870162287,0.1482053891273399,1.9278708800900632,True,,False,,42.80339903536194,43.58835725040928,0.02000206351280013,,,False,False
phase31_lambert_like_transfer,phase31_lambert_like_transfer|r0=1.02|angle=165|thrust=12000|target=1,1.02,165.0,12000.0,3,False,lambert_like_transfer,16,12,0.11,-0.16,-0.5,96,14,0.105,0.18,0.04892546946041667,16.38952984354747,1.0200011809411655,0.6577276412070334,-0.3879313010534167,-0.15354830132262606,-0.37568920425736246,0.7418816852153336,0.22376030070757774,1.5100205888371914,True,,False,,32.886115547195466,33.88111068482799,0.020001180941165493,,,False,False
phase31_lambert_like_transfer,phase31_lambert_like_transfer|r0=1.05|angle=165|thrust=12000|target=1,1.05,165.0,12000.0,1,True,lambert_like_transfer,0,8,0.09,0.16,-0.75,48,12,0.11,-0.2,0.02044112288941483,16.666879635361813,1.0500009890334487,-0.2068419728116844,-0.2825106028396432,-0.34718547384444676,-0.24663542336061245,0.4851740483116496,0.38214927467945287,1.1024273028074052,True,4309348,False,,19.9996530201525,22.54386785934956,0.04999913255038125,-0.20684571327461387,-0.28250933426057906,False,False
phase31_lambert_like_transfer,phase31_lambert_like_transfer|r0=1.05|angle=165|thrust=12000|target=1,1.05,165.0,12000.0,2,False,lambert_like_transfer,8,10,0.1,0.1,-0.4897794385552926,72,12,0.11,0.22,-0.057142857142857176,17.336645120986844,1.0500020259989975,0.8363283136688798,-0.5755171630628934,-0.025127502388961515,-0.554292161214236,0.8923860187486569,0.1049761917425483,1.8460006334223134,True,,False,,41.816085654830175,46.41061447374823,0.05000202599899753,,,False,False
phase31_lambert_like_transfer,phase31_lambert_like_transfer|r0=1.05|angle=165|thrust=12000|target=1,1.05,165.0,12000.0,3,False,lambert_like_transfer,16,12,0.11,-0.16,-0.5,96,14,0.105,0.18,0.02044112288941483,17.195734345921114,1.0500011593899183,0.6706636006184593,-0.4884858808317196,-0.19332344225954334,-0.46290958182899294,0.8097941836904798,0.15939166999800797,1.5165998752724215,True,,False,,33.53288481695306,39.09361952069673,0.050001159389918226,,,False,False
phase31_lambert_like_transfer,phase31_lambert_like_transfer|r0=0.98|angle=170|thrust=12000|target=1,0.98,170.0,12000.0,1,True,lambert_like_transfer,0,8,0.09,-0.16,0.75,48,12,0.11,0.2,0.050180127103947106,23.327615285252236,0.9800006388130096,0.6218605741836444,0.3998865589137359,1.3055779553260163,0.37188972200120707,,,,False,573317,False,,31.093031397401322,32.145323520112335,0.019993779771570443,0.6218691763853009,0.39987858615982463,False,False
phase31_lambert_like_transfer,phase31_lambert_like_transfer|r0=0.98|angle=170|thrust=12000|target=1,0.98,170.0,12000.0,2,False,lambert_like_transfer,8,10,0.1,-0.1,0.5250900635519735,72,12,0.11,-0.22,0.024489795918367793,23.374823782298932,0.9800004436448938,-0.41675871911441753,0.44057490582509623,1.2081284865950914,0.4117640468122954,,,,False,,False,,20.837452913155253,22.39023134861365,0.01999955635510625,,,False,False
phase31_lambert_like_transfer,phase31_lambert_like_transfer|r0=0.98|angle=170|thrust=12000|target=1,0.98,170.0,12000.0,3,False,lambert_like_transfer,16,12,0.11,0.16,0.5,96,14,0.105,-0.18,0.050180127103947106,23.581680394836084,0.9800021612037944,-0.22504557221907834,0.6474099485427272,1.7237932222250671,0.6144653099605044,,,,False,,False,,11.251503092957348,14.046413113021048,0.0199978387962056,,,True,False
phase31_lambert_like_transfer,phase31_lambert_like_transfer|r0=1|angle=170|thrust=12000|target=1,1.0,170.0,12000.0,1,False,lambert_like_transfer,0,8,0.09,-0.16,0.75,48,12,0.11,0.2,0.030384493975583925,22.774735588486102,1.0000006356472793,0.6298589555755406,0.3413089395351465,1.1958332464893606,0.3413097921345247,,,,False,,False,,31.492950020101677,31.522527963321057,6.35647279296875e-07,,,False,False
phase31_lambert_like_transfer,phase31_lambert_like_transfer|r0=1|angle=170|thrust=12000|target=1,1.0,170.0,12000.0,2,True,lambert_like_transfer,8,10,0.1,-0.1,0.515192246987792,72,12,0.11,-0.22,2.5255857824206993e-16,18.125748372251685,1.0000004255179216,-0.42309186336036814,0.37262132052557495,1.063096865438603,0.3726219046005464,,,,False,18,True,18,21.154548533853244,21.206991230237165,1.685878515625e-09,-0.4230909706770649,0.3726219069146216,False,False
phase31_lambert_like_transfer,phase31_lambert_like_transfer|r0=1|angle=170|thrust=12000|target=1,1.0,170.0,12000.0,3,False,lambert_like_transfer,16,12,0.11,0.16,0.5,96,14,0.105,-0.18,0.030384493975583925,18.320791067264967,1.0000021419896241,-0.24003856880769284,0.5781249874021922,1.5481012743484872,0.578128367729541,,,,False,159,True,160,12.001259564606627,12.222027248017636,1.2365621484375e-08,-0.24002519129213254,0.5781283872440782,False,False
phase31_lambert_like_transfer,phase31_lambert_like_transfer|r0=1.02|angle=170|thrust=12000|target=1,1.02,170.0,12000.0,1,True,lambert_like_transfer,0,8,0.09,0.16,-0.75,48,12,0.11,-0.2,0.010785847023188262,16.194693114166395,1.0200006807069015,-0.2894319948476285,-0.274991770440712,-0.3513751926077464,-0.2604911123314207,0.5108511139067802,0.36196378975206,1.1180100997645912,True,1231884,False,,14.471600992856276,16.571983369887302,0.019998082953504297,-0.2894359963714176,-0.27498992397391653,False,False
phase31_lambert_like_transfer,phase31_lambert_like_transfer|r0=1.02|angle=170|thrust=12000|target=1,1.02,170.0,12000.0,2,False,lambert_like_transfer,8,10,0.1,0.1,-0.49460707648840585,72,12,0.11,0.22,-0.023529411764705986,16.58472238827149,1.0200015658818136,0.7687337056533704,-0.4675690264253552,-0.08634705174747558,-0.4569195732298838,0.8243765922129508,0.16166418227448126,1.6793681073449742,True,,False,,38.43637866965302,39.305048776126185,0.020001565881813673,,,False,False
phase31_lambert_like_transfer,phase31_lambert_like_transfer|r0=1.02|angle=170|thrust=12000|target=1,1.02,170.0,12000.0,3,False,lambert_like_transfer,16,12,0.11,-0.16,-0.5,96,14,0.105,0.18,0.010785847023188262,16.852724701187693,1.0200005362309204,0.5926882963576894,-0.4868192491011011,-0.346149383176654,-0.4765553588997368,0.7944575208474213,0.15268920501789932,1.3330300063822382,True,,False,,29.634099348093606,30.757014767551762,0.020000536230920442,,,False,False
phase31_lambert_like_transfer,phase31_lambert_like_transfer|r0=1.05|angle=170|thrust=12000|target=1,1.05,170.0,12000.0,1,True,lambert_like_transfer,0,8,0.09,0.16,-0.75,48,12,0.11,-0.2,-0.01825531181027917,16.981839104431042,1.0500006717810513,-0.29050385255063144,-0.3645052060734715,-0.41651456465777137,-0.33273003946378443,0.6076989575162286,0.27694811777565526,1.1349681800869074,True,3068284,False,,19.999225761741354,24.760510269580315,0.049998064404353386,-0.29050854130210574,-0.3645036279997837,False,False
phase31_lambert_like_transfer,phase31_lambert_like_transfer|r0=1.05|angle=170|thrust=12000|target=1,1.05,170.0,12000.0,2,False,lambert_like_transfer,8,10,0.1,0.1,-0.5091276559051395,72,12,0.11,0.22,-0.05714285714285692,17.37694250581977,1.0500015359103425,0.7503205483006531,-0.5576688052105151,-0.14612130744798094,-0.5355515660899841,0.8676217389801586,0.11550109064336504,1.6295148923971337,True,,False,,37.51570399809967,42.57291770590229,0.05000153591034245,,,False,False
phase31_lambert_like_transfer,phase31_lambert_like_transfer|r0=1.05|angle=170|thrust=12000|target=1,1.05,170.0,12000.0,3,False,lambert_like_transfer,16,12,0.11,-0.16,-0.5,96,14,0.105,0.18,-0.01825531181027917,17.690782307858296,1.050000516270188,0.5882904734204797,-0.5941816485653351,-0.3939867527393652,-0.5738905214816854,0.8642307667893838,0.09739635828232378,1.337337505629754,True,,False,,29.414187017394816,35.64928746744531,0.05000051627018802,,,False,False
phase31_lambert_like_transfer,phase31_lambert_like_transfer|r0=0.98|angle=175|thrust=12000|target=1,0.98,175.0,12000.0,1,True,lambert_like_transfer,0,8,0.09,-0.16,0.75,48,12,0.11,0.2,0.027635126072275962,23.02372121206665,0.9800003094651851,0.5452592954246799,0.355862211341338,1.094854353310241,0.3287453867066615,,,,False,653871,False,,27.262967112233106,28.447891022461054,0.019994796642836588,0.5452667865428631,0.3558554405168802,False,False
phase31_lambert_like_transfer,phase31_lambert_like_transfer|r0=0.98|angle=175|thrust=12000|target=1,0.98,175.0,12000.0,2,False,lambert_like_transfer,8,10,0.1,-0.1,0.513817563036138,72,12,0.11,-0.22,0.024489795918367543,23.50081624465069,0.9799999358869065,-0.5056919551801492,0.45177725215986647,1.3225650833788392,0.42274161403873844,,,,False,,False,,25.284099878330267,26.581515418206372,0.02000006411309349,,,False,False
phase31_lambert_like_transfer,phase31_lambert_like_transfer|r0=0.98|angle=175|thrust=12000|target=1,0.98,175.0,12000.0,3,False,lambert_like_transfer,16,12,0.11,0.16,0.5,96,14,0.105,-0.18,0.027635126072275962,24.149155784304845,0.9800014787084463,-0.3270211925467349,0.5910914456193513,1.5977016015220378,0.5592719694673239,,,,False,,False,,16.350367627485397,18.35576634600371,0.019998521291553648,,,False,False
phase31_lambert_like_transfer,phase31_lambert_like_transfer|r0=1|angle=175|thrust=12000|target=1,1.0,175.0,12000.0,1,True,lambert_like_transfer,0,8,0.09,-0.16,0.75,48,12,0.11,0.2,0.0076106038165090276,16.45303301182763,1.0000003077418023,0.5489050891576845,0.2942013012277494,0.9762544204862199,0.29420169950759023,0.9799118076145844,0.8459760846753764,83.38022689509852,True,,False,,27.4452563509883,27.470474446302184,3.0774180221354166e-07,,,False,False
phase31_lambert_like_transfer,phase31_lambert_like_transfer|r0=1|angle=175|thrust=12000|target=1,1.0,175.0,12000.0,2,False,lambert_like_transfer,8,10,0.1,-0.1,0.5038053019082546,72,12,0.11,-0.22,2.5255857824206993e-16,18.890183136984994,0.9999999224092122,-0.5112216957184408,0.38368748746380066,1.1759385299555356,0.3836873801023986,,,,False,,True,,25.56067434619745,25.60671028999872,7.759078776041667e-08,,,False,False
phase31_lambert_like_transfer,phase31_lambert_like_transfer|r0=1|angle=175|thrust=12000|target=1,1.0,175.0,12000.0,3,False,lambert_like_transfer,16,12,0.11,0.16,0.5,96,14,0.105,-0.18,0.0076106038165090276,18.85578830600147,1.0000014692464483,-0.3341134612861552,0.5173839399600393,1.4140887647498461,0.5173861693710038,,,,False,78,True,79,16.70538446922681,16.833089013093165,1.1380701302083334e-08,-0.3341076893845362,0.5173861866399209,False,False
phase31_lambert_like_transfer,phase31_lambert_like_transfer|r0=1.02|angle=175|thrust=12000|target=1,1.02,175.0,12000.0,1,True,lambert_like_transfer,0,8,0.09,0.16,-0.75,48,12,0.11,-0.2,-0.012214654589540788,16.355668215199962,1.0200003541101763,-0.3748590836613971,-0.32358698278900094,-0.3627297305504841,-0.3100584829200482,0.5927177673017647,0.2988723468546554,1.168770102827635,True,951133,False,,18.742955620812516,20.41967196805187,0.01999698962145677,-0.37486368444640056,-0.32358475162166483,False,False
phase31_lambert_like_transfer,phase31_lambert_like_transfer|r0=1.02|angle=175|thrust=12000|target=1,1.02,175.0,12000.0,2,False,lambert_like_transfer,8,10,0.1,0.1,-0.5061073272947704,72,12,0.11,0.22,-0.023529411764705733,16.64246555567118,1.020001067278338,0.6813821694216178,-0.45663604137505776,-0.20125620972012026,-0.44576818228197634,0.7943592619729885,0.17118807491944088,1.4937356805764648,True,,False,,34.06880703218187,35.04350671563428,0.020001067278337892,,,False,False
phase31_lambert_like_transfer,phase31_lambert_like_transfer|r0=1.02|angle=175|thrust=12000|target=1,1.02,175.0,12000.0,3,False,lambert_like_transfer,16,12,0.11,-0.16,-0.5,96,14,0.105,0.18,-0.012214654589540788,17.172934711759662,1.0199998731509916,0.5067553767490203,-0.5495969735955323,-0.5011206595137893,-0.5405889702006204,0.8265444536371929,0.11555070224600683,1.216787232965542,True,,False,,25.337426752968515,26.661483472750973,0.019999873150991537,,,False,False
phase31_lambert_like_transfer,phase31_lambert_like_transfer|r0=1.05|angle=175|thrust=12000|target=1,1.05,175.0,12000.0,1,True,lambert_like_transfer,0,8,0.09,0.16,-0.75,48,12,0.11,-0.2,-0.04159160493122075,17.139567720721242,1.0500003530027462,-0.3661477708258423,-0.41216378910929463,-0.42514566347925126,-0.3827717710569627,0.6760630725556386,0.22730092491284323,1.17606439503441,True,2434380,False,,19.998826679176407,27.16323028719123,0.04999706669794102,-0.36615295794638386,-0.41216194928609357,False,False
phase31_lambert_like_transfer,phase31_lambert_like_transfer|r0=1.05|angle=175|thrust=12000|target=1,1.05,175.0,12000.0,2,False,lambert_like_transfer,8,10,0.1,0.1,-0.5207958024656104,72,12,0.11,0.22,-0.057142857142857176,17.432425513160304,1.0500010446931907,0.6642681186725051,-0.546875398468685,-0.2581859716311282,-0.5242186950159337,0.8456873810604385,0.12264690786490702,1.466943220379151,True,,False,,33.21308664688291,38.8321088293728,0.050001044693190756,,,False,False
phase31_lambert_like_transfer,phase31_lambert_like_transfer|r0=1.05|angle=175|thrust=12000|target=1,1.05,175.0,12000.0,3,False,lambert_like_transfer,16,12,0.11,-0.16,-0.5,96,14,0.105,0.18,-0.04159160493122075,18.003853693671307,1.0499998578275447,0.49193797037121073,-0.6552135013154117,-0.5438814663030319,-0.6379742254003256,0.8931152143061835,0.06923121238689538,1.2262050265033781,True,,False,,24.596542285048418,31.809972491060922,0.04999985782754466,,,False,False
phase31_energy_ladder_transfer,phase31_energy_ladder_transfer|r0=0.98|angle=150|thrust=8000|target=1,0.98,150.0,8000.0,1,True,energy_ladder_transfer,0,8,0.06,0.0,0.5,40,8,0.07,0.0,0.1426785900258876,16.47235448960107,0.9800015866212455,0.5050762461022124,0.14871896004156307,0.5338442410839378,0.12574640342263893,0.639717509801555,0.7728800584512763,3.517531379670907,True,705846,False,,25.253813161277993,26.49672896313554,0.019993880162495963,0.5050789857974489,0.14871364640998408,False,False
phase31_energy_ladder_transfer,phase31_energy_ladder_transfer|r0=0.98|angle=150|thrust=8000|target=1,0.98,150.0,8000.0,2,False,energy_ladder_transfer,8,10,0.08,-0.06,1.0,80,10,0.09,0.06,0.2853571800517752,17.77770982393784,0.9800030073602183,0.5412305374414678,0.3170899531618734,0.986846375553615,0.2907521150625648,0.9889820635771195,0.8376350159448661,151.21171139440153,True,658649,False,,27.061528916465836,28.247164177385343,0.019992134911321614,0.5412370794259792,0.31708342457615685,False,False
phase31_energy_ladder_transfer,phase31_energy_ladder_transfer|r0=0.98|angle=150|thrust=8000|target=1,0.98,150.0,8000.0,3,False,energy_ladder_transfer,16,12,0.1,-0.08,0.02448979591836729,120,12,0.11,0.08,0.2853571800517752,17.202993441605088,0.9800026030944745,0.3460864446701769,0.286953225223866,0.7352135254083426,0.26121751078021826,0.7607970832362358,0.9033804205167683,6.6498754740084935,True,1030055,False,,17.304324053298103,19.097919971722238,0.019994290654514323,0.3460922679535755,0.28694914606420513,False,False
phase31_energy_ladder_transfer,phase31_energy_ladder_transfer|r0=1|angle=150|thrust=8000|target=1,1.0,150.0,8000.0,1,True,energy_ladder_transfer,0,8,0.06,0.0,0.5,40,8,0.07,0.0,0.13397459621556124,16.194723457326305,1.0000015706749195,0.4999999831755404,0.13992666093298295,0.5494359168262647,0.13992845138719942,0.6438325994363581,0.7904922160124899,3.648388011439661,True,,False,,24.99999999862221,25.006264649561984,1.57067491953125e-06,,,False,False
phase31_energy_ladder_transfer,phase31_energy_ladder_transfer|r0=1|angle=150|thrust=8000|target=1,1.0,150.0,8000.0,2,False,energy_ladder_transfer,8,10,0.08,-0.06,1.0,80,10,0.09,0.06,0.2679491924311225,23.49968057749281,1.0000029775388464,0.5391759917940624,0.3076417477505283,1.0006436456471284,0.3076456413046294,,,,False,,False,,26.958801580892207,26.98687234296319,2.9775388463541665e-06,,,False,False
phase31_energy_ladder_transfer,phase31_energy_ladder_transfer|r0=1|angle=150|thrust=8000|target=1,1.0,150.0,8000.0,3,False,energy_ladder_transfer,16,12,0.1,-0.08,-0.0,120,12,0.11,0.08,0.2679491924311225,16.354149166402014,1.000002559575755,0.34662100760589976,0.19913888181042472,0.5580852999216916,0.19914195109723337,0.6037818721565777,0.8965941340562135,3.6291661532698134,True,,False,,17.331051608606348,17.34934729273098,2.5595757549479166e-06,,,False,False
phase31_energy_ladder_transfer,phase31_energy_ladder_transfer|r0=1.02|angle=150|thrust=8000|target=1,1.02,150.0,8000.0,1,False,energy_ladder_transfer,0,8,0.06,0.0,-0.5,40,8,0.07,0.0,0.12535721577320472,15.459246870373189,1.020001555198081,0.4950724928484504,-0.121438771219374,0.0561852817773416,-0.10386618030702449,0.4920000964321973,0.538241133306801,1.5808188488963728,True,,False,,24.753532900334523,26.018992948459157,0.02000155519808099,,,False,False
phase31_energy_ladder_transfer,phase31_energy_ladder_transfer|r0=1.02|angle=150|thrust=8000|target=1,1.02,150.0,8000.0,2,True,energy_ladder_transfer,8,10,0.08,0.06,-1.0,80,10,0.09,-0.06,0.25071443154640943,15.377695952230088,1.0200030498864465,0.4525221137268127,-0.12230342031000221,0.014349098579559783,-0.10474681184129975,0.45828181265496626,0.549604516735442,1.4795114685670236,True,,False,,22.626013276947894,24.00415892615647,0.020003049886446484,,,False,False
phase31_energy_ladder_transfer,phase31_energy_ladder_transfer|r0=1.02|angle=150|thrust=8000|target=1,1.02,150.0,8000.0,3,False,energy_ladder_transfer,16,12,0.1,0.08,-0.023529411764705986,120,12,0.11,-0.08,0.25071443154640943,16.772452134611292,1.0200063692038215,0.6422242312933746,0.11431904431727087,0.6933868257463267,0.13661252252873168,0.777103668408951,0.7269626692773417,5.795914258200407,True,,False,,32.11121228323944,33.096526338759844,0.020006369203821484,,,False,False
phase31_energy_ladder_transfer,phase31_energy_ladder_transfer|r0=1.05|angle=150|thrust=8000|target=1,1.05,150.0,8000.0,1,False,energy_ladder_transfer,0,8,0.06,0.0,-0.5,40,8,0.07,0.0,0.11258803253505753,15.98780591397709,1.050001532820042,0.4879488231925176,-0.1337773754809149,0.08367656514365734,-0.09046491649156088,0.4919021353783275,0.5544962022076081,1.6281392340601022,True,,False,,24.397354809510684,31.55228065508703,0.050001532820042056,,,False,False
phase31_energy_ladder_transfer,phase31_energy_ladder_transfer|r0=1.05|angle=150|thrust=8000|target=1,1.05,150.0,8000.0,2,True,energy_ladder_transfer,8,10,0.08,0.06,-1.0,80,10,0.09,-0.06,0.22517606507011506,15.895706070838079,1.050003004920496,0.43953661880527867,-0.1361241132462239,0.03471753331083525,-0.09292772303017709,0.45363507406863524,0.5660155910687461,1.5059167904027904,True,,False,,21.976742855627347,29.720801219820668,0.05000300492049596,,,False,False
phase31_energy_ladder_transfer,phase31_energy_ladder_transfer|r0=1.05|angle=150|thrust=8000|target=1,1.05,150.0,8000.0,3,False,energy_ladder_transfer,16,12,0.1,0.08,-0.057142857142857176,120,12,0.11,-0.08,0.22517606507011506,16.56534059474113,1.0500063013597098,0.624395651988596,-0.007859380799955216,0.4694624646964288,0.04175390199497121,0.6513321021110183,0.6571974171242673,3.112564130200766,True,,False,,31.21978268482198,37.07798818444727,0.050006301359709765,,,False,False
phase31_energy_ladder_transfer,phase31_energy_ladder_transfer|r0=0.98|angle=165|thrust=8000|target=1,0.98,165.0,8000.0,1,True,energy_ladder_transfer,0,8,0.06,0.0,0.5,40,8,0.07,0.0,0.04378221735089306,16.27724386996064,0.9800008212964886,0.26144733998901665,0.19439490972714393,0.4541192957591164,0.1705079924849464,0.5020905031818013,0.912121445125277,2.75168272392161,True,1363640,False,,13.072368161920839,15.345226660369613,0.019996832122188803,0.261451059868631,0.19439204979272867,False,False
phase31_energy_ladder_transfer,phase31_energy_ladder_transfer|r0=0.98|angle=165|thrust=8000|target=1,0.98,165.0,8000.0,2,False,energy_ladder_transfer,8,10,0.08,-0.06,1.0,80,10,0.09,0.06,0.08756443470178613,23.98601440672267,0.9800015576678138,0.3828107535568379,0.38157936152557714,1.0144925224861077,0.35394992633676925,,,,False,931287,False,,19.14054022032522,20.80080254272917,0.0199950064595875,0.382818889444666,0.381574517743451,False,False
phase31_energy_ladder_transfer,phase31_energy_ladder_transfer|r0=0.98|angle=165|thrust=8000|target=1,0.98,165.0,8000.0,3,False,energy_ladder_transfer,16,12,0.1,-0.08,0.02448979591836729,120,12,0.11,0.08,0.08756443470178613,16.94727298705801,0.9800004677385531,0.24310084812172428,0.3097885644527365,0.7338287534470493,0.2835934058022898,0.7493017094345462,0.941868416713378,6.572091208531609,True,1466577,False,,12.155044395583456,14.603811555707034,0.019997350333276303,0.2431072144814373,0.30978564827228783,False,False
phase31_energy_ladder_transfer,phase31_energy_ladder_transfer|r0=1|angle=165|thrust=8000|target=1,1.0,165.0,8000.0,1,True,energy_ladder_transfer,0,8,0.06,0.0,0.5,40,8,0.07,0.0,0.034074173710931875,15.329008347805695,1.000000813042031,0.2588196402984892,0.16413402968220947,0.42219727135111806,0.16413497617210532,0.46578516920114355,0.9245626652682133,2.5368263189561175,True,,False,,12.94098301120524,12.957626364126382,8.130420309895833e-07,,,False,False
phase31_energy_ladder_transfer,phase31_energy_ladder_transfer|r0=1|angle=165|thrust=8000|target=1,1.0,165.0,8000.0,2,False,energy_ladder_transfer,8,10,0.08,-0.06,1.0,80,10,0.09,0.06,0.06814834742186375,17.601949233427398,1.0000015487371248,0.40283502010179845,0.3541447254174617,0.9959870882658007,0.35414682263167024,0.9963139410387686,0.9185497228403358,497.47267651705215,True,,False,,20.14175334345545,20.191506223695452,1.5487371247395833e-06,,,False,False
phase31_energy_ladder_transfer,phase31_energy_ladder_transfer|r0=1|angle=165|thrust=8000|target=1,1.0,165.0,8000.0,3,False,energy_ladder_transfer,16,12,0.1,-0.08,2.5255857824206993e-16,120,12,0.11,0.08,0.06814834742186375,15.451533609709577,1.000000450839314,0.2588186073259481,0.18130258444636893,0.4624637691960364,0.18130311702401597,0.4998805097852713,0.9303921513657363,2.7902872845277464,True,,False,,12.940931475519562,12.96123595276583,4.5083931419270834e-07,,,False,False
phase31_energy_ladder_transfer,phase31_energy_ladder_transfer|r0=1.02|angle=165|thrust=8000|target=1,1.02,165.0,8000.0,1,False,energy_ladder_transfer,0,8,0.06,0.0,-0.5,40,8,0.07,0.0,0.024462734730208335,15.380601880168825,1.020000805029498,0.25626820777534703,-0.11846663673541134,-0.11800830132330323,-0.10083525980975881,0.3099893308834302,0.6171784845424275,1.1717169982842646,True,,False,,12.813320948016528,15.113347257187169,0.020000805029497918,,,False,False
phase31_energy_ladder_transfer,phase31_energy_ladder_transfer|r0=1.02|angle=165|thrust=8000|target=1,1.02,165.0,8000.0,2,True,energy_ladder_transfer,8,10,0.08,0.06,-1.0,80,10,0.09,-0.06,0.04892546946041667,12.146080742978523,1.020001571401079,0.11086494462262678,-0.12505428025023843,-0.18296024451221773,-0.1075539909645952,0.24045712038294678,0.6420696579961936,1.0486042334368026,True,,False,,8.000631048042552,9.746173488694302,0.020001571401079037,,,False,False
phase31_energy_ladder_transfer,phase31_energy_ladder_transfer|r0=1.02|angle=165|thrust=8000|target=1,1.02,165.0,8000.0,3,False,energy_ladder_transfer,16,12,0.1,0.08,-0.023529411764705733,120,12,0.11,-0.08,0.04892546946041667,15.359863484232498,1.0200041722142774,0.2562675252063314,0.03666756967642468,0.17957640114012946,0.05740524626918818,0.2875405548228671,0.8684043781373747,1.569360701730352,True,,False,,12.813376519596478,15.1073136912296,0.020004172214277343,,,False,False
phase31_energy_ladder_transfer,phase31_energy_ladder_transfer|r0=1.05|angle=165|thrust=8000|target=1,1.05,165.0,8000.0,1,True,energy_ladder_transfer,0,8,0.06,0.0,-0.5,40,8,0.07,0.0,0.010220561444707415,16.16896493506194,1.0500007934457785,0.25258071789243713,-0.16223606823861966,-0.13911504099422597,-0.12034720693029574,0.3443330802162547,0.5755932422869912,1.1801556750957423,True,,False,,20.000323045771665,23.66276783023593,0.05000079344577839,,,False,False
phase31_energy_ladder_transfer,phase31_energy_ladder_transfer|r0=1.05|angle=165|thrust=8000|target=1,1.05,165.0,8000.0,2,False,energy_ladder_transfer,8,10,0.08,0.06,-1.0,80,10,0.09,-0.06,0.02044112288941483,16.56862823964354,1.0500015490612211,0.10717749547743488,-0.21383488704166728,-0.27521649430806394,-0.1745254135758608,0.36201782500617585,0.5002932269473154,1.0680679171619487,True,,False,,20.000622029359583,20.72375488673117,0.0500015490612211,,,False,False
phase31_energy_ladder_transfer,phase31_energy_ladder_transfer|r0=1.05|angle=165|thrust=8000|target=1,1.05,165.0,8000.0,3,False,energy_ladder_transfer,16,12,0.1,0.08,-0.057142857142857176,120,12,0.11,-0.08,0.02044112288941483,16.23344517764117,1.050004139113073,0.2525787334578409,-0.1733487757290892,-0.15760613301259713,-0.1320127929126544,0.3575716226761647,0.5549628314873867,1.1727405237074635,True,,False,,20.001661312645,23.665106706572512,0.05000413911307305,,,False,False
phase31_energy_ladder_transfer,phase31_energy_ladder_transfer|r0=0.98|angle=170|thrust=8000|target=1,0.98,170.0,8000.0,1,True,energy_ladder_transfer,0,8,0.06,0.0,0.5,40,8,0.07,0.0,0.025090063551973553,13.521621629903292,0.9800005510288263,0.1754118836135216,0.17408549494451683,0.3684308993192951,0.15060443200057871,0.40481061039822513,0.942397892740921,2.224318144893601,True,2032500,False,,8.77059520547565,11.891067159781873,0.019997874584734635,0.1754151629568359,0.1740836087605653,False,False
phase31_energy_ladder_transfer,phase31_energy_ladder_transfer|r0=0.98|angle=170|thrust=8000|target=1,0.98,170.0,8000.0,2,False,energy_ladder_transfer,8,10,0.08,-0.06,1.0,80,10,0.09,0.06,0.050180127103947106,17.5528157868365,0.9800010438547059,0.32081547145177586,0.33727948459911744,0.8504248339111355,0.31053529083261816,0.8620349419439904,0.9223794408093318,12.448824164017529,True,1111280,False,,16.040775770356298,17.975334997476963,0.019996076703090365,0.32082250426335557,0.33727555541180004,False,False
phase31_energy_ladder_transfer,phase31_energy_ladder_transfer|r0=0.98|angle=170|thrust=8000|target=1,0.98,170.0,8000.0,3,False,energy_ladder_transfer,16,12,0.1,-0.08,0.024489795918367793,120,12,0.11,0.08,0.050180127103947106,13.932371289971307,0.9799997022358519,0.17541226738670437,0.23079449952400377,0.5048076169938798,0.2061782430470479,0.5287357196976918,0.9516791785880189,3.0871551586018593,True,2032582,False,,8.770614784450489,11.906792322033441,0.019998723368659373,0.17541679573726357,0.2307925222232039,False,False
phase31_energy_ladder_transfer,phase31_energy_ladder_transfer|r0=1|angle=170|thrust=8000|target=1,1.0,170.0,8000.0,1,False,energy_ladder_transfer,0,8,0.06,0.0,0.5,40,8,0.07,0.0,0.015192246987791962,12.347679402103877,1.00000054549069,0.1736488802573507,0.14323306248086634,0.3371368597447967,0.14323368610385848,0.3655803213034116,0.9570899936483658,2.060124086516051,True,,False,,8.68244487388418,8.701327505003078,5.454906899739583e-07,,,False,False
phase31_energy_ladder_transfer,phase31_energy_ladder_transfer|r0=1|angle=170|thrust=8000|target=1,1.0,170.0,8000.0,2,False,energy_ladder_transfer,8,10,0.08,-0.06,1.0,80,10,0.09,0.06,0.030384493975583925,16.87387436916566,1.0000010331738927,0.31905239135929664,0.2751458502697826,0.7277934342379827,0.27514716771718434,0.7465869290239552,0.9309587014061845,6.416402646771378,True,,False,,15.952621323747715,15.990541294698035,1.033173892578125e-06,,,False,False
phase31_energy_ladder_transfer,phase31_energy_ladder_transfer|r0=1|angle=170|thrust=8000|target=1,1.0,170.0,8000.0,3,True,energy_ladder_transfer,16,12,0.1,-0.08,2.5255857824206993e-16,120,12,0.11,0.08,0.030384493975583925,7.277762440445483,0.9999996864078045,0.17364797832800982,0.08083573519212651,0.19835887966112126,0.08083539625047527,0.25202918825365866,0.9330494566323528,1.5618325413800966,True,32,True,33,8.682414485094016,8.688433175757579,7.857004427083333e-09,0.17364828970188034,0.08083538775834696,False,False
phase31_energy_ladder_transfer,phase31_energy_ladder_transfer|r0=1.02|angle=170|thrust=8000|target=1,1.02,170.0,8000.0,1,False,energy_ladder_transfer,0,8,0.06,0.0,-0.5,40,8,0.07,0.0,0.005392923511594131,12.969567412826251,1.0200005401141494,0.1719365633730643,-0.13994957219360737,-0.19153435524982418,-0.1227480991120742,0.2881489835058902,0.5974238286607011,1.0810842153483768,True,,False,,8.59672226687734,11.75679955803255,0.02000054011414948,,,False,False
phase31_energy_ladder_transfer,phase31_energy_ladder_transfer|r0=1.02|angle=170|thrust=8000|target=1,1.02,170.0,8000.0,2,True,energy_ladder_transfer,8,10,0.08,0.06,-1.0,80,10,0.09,-0.06,0.010785847023188262,12.289601770569814,1.0200010604931442,0.026533344318928783,-0.2068056131845759,-0.33092092146556046,-0.19094088427105818,0.35890143237382605,0.4816954616058031,1.02102342104402,True,,False,,8.000424792617812,8.151756693838761,0.02000106049314427,,,False,False
phase31_energy_ladder_transfer,phase31_energy_ladder_transfer|r0=1.02|angle=170|thrust=8000|target=1,1.02,170.0,8000.0,3,False,energy_ladder_transfer,16,12,0.1,0.08,-0.023529411764705986,120,12,0.11,-0.08,0.010785847023188262,12.51750029589641,1.0200034153141733,0.17193601545471943,-0.06517304017328417,-0.05731431013144536,-0.046473308248984525,0.19666195248657292,0.7597911423458896,1.1317939623249815,True,,False,,8.596753921922131,11.74712137194415,0.020003415314173177,,,False,False
phase31_energy_ladder_transfer,phase31_energy_ladder_transfer|r0=1.05|angle=170|thrust=8000|target=1,1.05,170.0,8000.0,1,True,energy_ladder_transfer,0,8,0.06,0.0,-0.5,40,8,0.07,0.0,-0.009127655905139585,16.368156909716244,1.0500005323423538,0.169462537846398,-0.18457462254675588,-0.2111248411338721,-0.14380291958862895,0.33489781401044477,0.5491607168810749,1.102196708937697,True,,False,,20.000216739378022,21.733559778533827,0.05000053234235378,,,False,False
phase31_energy_ladder_transfer,phase31_energy_ladder_transfer|r0=1.05|angle=170|thrust=8000|target=1,1.05,170.0,8000.0,2,False,energy_ladder_transfer,8,10,0.08,0.06,-1.0,80,10,0.09,-0.06,-0.01825531181027917,17.045249178838937,1.0500010455048383,0.02405935808967079,-0.29732172953556874,-0.41042440366180566,-0.26218708135881574,0.4818819618538797,0.3673490311150031,1.0506638696881259,True,,False,,20.000418741783594,20.071828069727466,0.05000104550483828,,,False,False
phase31_energy_ladder_transfer,phase31_energy_ladder_transfer|r0=1.05|angle=170|thrust=8000|target=1,1.05,170.0,8000.0,3,False,energy_ladder_transfer,16,12,0.1,0.08,-0.05714285714285692,120,12,0.11,-0.08,-0.01825531181027917,16.882030778306365,1.050003393104018,0.16946066265508059,-0.2772182675828925,-0.3536254005876862,-0.24107672848843675,0.46942494564158,0.3919659413365522,1.08554770396863,True,,False,,20.001361044001563,21.75031756463424,0.05000339310401797,,,False,False
phase31_energy_ladder_transfer,phase31_energy_ladder_transfer|r0=0.98|angle=175|thrust=8000|target=1,0.98,175.0,8000.0,1,True,energy_ladder_transfer,0,8,0.06,0.0,0.5,40,8,0.07,0.0,0.013817563036137981,12.363066017424412,0.9800002765674286,0.08804139901733861,0.16183782058814702,0.3168026587013376,0.13860138550288267,0.338073966108136,0.9688650612041836,1.9585467993254264,True,4049568,False,,7.9995732889902085,9.153784996478766,0.01999893322247552,0.08804441634704543,0.16183688375653862,False,False
phase31_energy_ladder_transfer,phase31_energy_ladder_transfer|r0=0.98|angle=175|thrust=8000|target=1,0.98,175.0,8000.0,2,False,energy_ladder_transfer,8,10,0.08,-0.06,1.0,80,10,0.09,0.06,0.027635126072275962,16.5141415307486,0.9800005145365454,0.23344503977253908,0.28940633451988995,0.6762500270679218,0.2636188712761731,0.695023630666849,0.9420120303674409,5.235594663732868,True,1527235,False,,11.672253826502118,14.197594884146655,0.019997390201111978,0.23345092094438824,0.2894035777470919,False,False
phase31_energy_ladder_transfer,phase31_energy_ladder_transfer|r0=0.98|angle=175|thrust=8000|target=1,0.98,175.0,8000.0,3,False,energy_ladder_transfer,16,12,0.1,-0.08,0.024489795918367543,120,12,0.11,0.08,0.027635126072275962,12.42888343501946,0.9799989180610555,0.08804187847010989,0.1710463102900947,0.33828225357481545,0.14762411708368398,0.3584557462510869,0.9695134477120264,2.0529232495122107,True,4049821,False,,8.000116689465,9.156954576719206,0.0200002917236625,0.08804509253608572,0.17104536602584453,False,False
phase31_energy_ladder_transfer,phase31_energy_ladder_transfer|r0=1|angle=175|thrust=8000|target=1,1.0,175.0,8000.0,1,False,energy_ladder_transfer,0,8,0.06,0.0,0.5,40,8,0.07,0.0,0.0038053019082545138,8.88774268631017,1.0000002737877647,0.08715651109346642,0.1306286408838425,0.2859179285882094,0.13062895043613068,0.2952512562179927,0.986929614951219,1.813868892769132,True,,False,,4.35782633530258,4.389039966448515,2.7378776458333333e-07,,,False,False
phase31_energy_ladder_transfer,phase31_energy_ladder_transfer|r0=1|angle=175|thrust=8000|target=1,1.0,175.0,8000.0,2,False,energy_ladder_transfer,8,10,0.08,-0.06,1.0,80,10,0.09,0.06,0.0076106038165090276,15.262101185300118,1.0000005091756337,0.2325600733763535,0.22655424719574363,0.5585205273934818,0.22655487172727987,0.5795015197648183,0.9524757238485775,3.5777462323205147,True,,False,,11.62800508364697,11.663264182196563,5.091756337239584e-07,,,False,False
phase31_energy_ladder_transfer,phase31_energy_ladder_transfer|r0=1|angle=175|thrust=8000|target=1,1.0,175.0,8000.0,3,True,energy_ladder_transfer,16,12,0.1,-0.08,2.5255857824206993e-16,120,12,0.11,0.08,0.0076106038165090276,3.5030452406061348,0.9999989101142805,0.08715569219435175,0.020248466786526507,0.048500868888320184,0.020247354832292334,0.09787806517380514,0.9481058945079694,1.1538403234179564,True,223,True,,4.357784724449468,4.358537357449543,3.0763697825520834e-07,0.0871560593324542,0.020247668698203578,False,False
phase31_energy_ladder_transfer,phase31_energy_ladder_transfer|r0=1.02|angle=175|thrust=8000|target=1,1.02,175.0,8000.0,1,False,energy_ladder_transfer,0,8,0.06,0.0,-0.5,40,8,0.07,0.0,-0.006107327294770394,12.179068292937064,1.020000271088138,0.0862963410869943,-0.15290498628515437,-0.2357667718571607,-0.1359628563734475,0.2782547923857044,0.5840464592923368,1.0343819088651258,True,,False,,8.000110371590521,9.110076010135291,0.02000027108813802,,,False,False
phase31_energy_ladder_transfer,phase31_energy_ladder_transfer|r0=1.02|angle=175|thrust=8000|target=1,1.02,175.0,8000.0,2,False,energy_ladder_transfer,8,10,0.08,0.06,-1.0,80,10,0.09,-0.06,-0.012214654589540788,12.651408729552985,1.0200005416574112,-0.05910684935386882,-0.25610644523712717,-0.4039120320193717,-0.24122817120641266,0.4378574471516294,0.40041152153941645,1.0241791610571434,True,6032198,False,,8.000004455750103,8.58980068952534,0.02000001113937526,-0.059110606777344976,-0.2561060583263982,False,False
phase31_energy_ladder_transfer,phase31_energy_ladder_transfer|r0=1.02|angle=175|thrust=8000|target=1,1.02,175.0,8000.0,3,True,energy_ladder_transfer,16,12,0.1,0.08,-0.023529411764705733,120,12,0.11,-0.08,-0.012214654589540788,12.023926869353332,1.020002646668973,0.08629587831986257,-0.12658880255687208,-0.19048512751347454,-0.10911826697769267,0.23483474330281073,0.6427339905500237,1.0372533975976397,True,,False,,8.001060603914063,9.104438905202,0.020002646668972918,,,False,False
phase31_energy_ladder_transfer,phase31_energy_ladder_transfer|r0=1.05|angle=175|thrust=8000|target=1,1.05,175.0,8000.0,1,True,energy_ladder_transfer,0,8,0.06,0.0,-0.5,40,8,0.07,0.0,-0.020795802465610375,16.48797160987562,1.0500002671874178,0.08505461085587283,-0.19804603251405745,-0.2543969672740117,-0.15794811986775062,0.3325178390595347,0.5321139785525804,1.0622776312631648,True,,False,,20.000108783440258,20.462590674494614,0.05000026718741784,,,False,False
phase31_energy_ladder_transfer,phase31_energy_ladder_transfer|r0=1.05|angle=175|thrust=8000|target=1,1.05,175.0,8000.0,2,False,energy_ladder_transfer,8,10,0.08,0.06,-1.0,80,10,0.09,-0.06,-0.04159160493122075,17.299909298327535,1.050000534134743,-0.06034854118951066,-0.3476691899820311,-0.4755835036880821,-0.3150523010485833,0.5547297140040678,0.30175878551299956,1.053637229013585,True,14769966,False,,19.99999698753297,20.27412347279333,0.049999992468832424,-0.06035304460274826,-0.3476688534626364,False,False
phase31_energy_ladder_transfer,phase31_energy_ladder_transfer|r0=1.05|angle=175|thrust=8000|target=1,1.05,175.0,8000.0,3,False,energy_ladder_transfer,16,12,0.1,0.08,-0.057142857142857176,120,12,0.11,-0.08,-0.04159160493122075,17.252958385221934,1.050002635518937,0.0850528054181882,-0.33985761351395194,-0.4617351736421726,-0.3068487543718889,0.5456158839462819,0.3108525567743844,1.0573843414433994,True,,False,,20.00105611600724,20.49329730631085,0.05000263551893698,,,False,False
phase31_energy_ladder_transfer,phase31_energy_ladder_transfer|r0=0.98|angle=150|thrust=10000|target=1,0.98,150.0,10000.0,1,True,energy_ladder_transfer,0,8,0.06,0.0,0.5,40,8,0.07,0.0,0.1426785900258876,16.95879428047136,0.9800015866215325,0.5050764628632437,0.21719461281391086,0.695851936350514,0.1928526517848144,0.7531457336760107,0.8116253096007714,5.764119332669549,True,705846,False,,25.25382446299702,26.504373695373022,0.01999388015360482,0.5050806862841333,0.21718898242368198,False,False
phase31_energy_ladder_transfer,phase31_energy_ladder_transfer|r0=0.98|angle=150|thrust=10000|target=1,0.98,150.0,10000.0,2,False,energy_ladder_transfer,8,10,0.08,-0.06,1.0,80,10,0.09,0.06,0.2853571800517752,24.666677156614476,0.9800029942234559,0.5502695855512696,0.4276586859575763,1.3001958491906795,0.3991097869675495,,,,False,647830,False,,27.51348219052796,28.70352939296066,0.01999206690756068,0.5502789069442215,0.4276514910982648,False,False
phase31_energy_ladder_transfer,phase31_energy_ladder_transfer|r0=0.98|angle=150|thrust=10000|target=1,0.98,150.0,10000.0,3,False,energy_ladder_transfer,16,12,0.1,-0.08,0.02448979591836729,120,12,0.11,0.08,0.2853571800517752,17.947176341590747,0.9800021205697234,0.30633960155664874,0.38998815611321963,0.9850991150903313,0.36219134055775504,0.9860783111867141,0.9342860439283471,133.28593054886423,True,1163731,False,,15.316982687016736,17.35006934491749,0.01999512990725052,0.3063479508984532,0.38998425633214906,False,False
phase31_energy_ladder_transfer,phase31_energy_ladder_transfer|r0=1|angle=150|thrust=10000|target=1,1.0,150.0,10000.0,1,True,energy_ladder_transfer,0,8,0.06,0.0,0.5,40,8,0.07,0.0,0.13397459621556124,16.68067232612966,1.0000015706751977,0.5000001938010078,0.20840231528038533,0.7102394907215025,0.20840421328793096,0.7595261014134722,0.8299057010401689,6.072346110222837,True,,False,,25.000010980912457,25.013905205483002,1.5706751977864584e-06,,,False,False
phase31_energy_ladder_transfer,phase31_energy_ladder_transfer|r0=1|angle=150|thrust=10000|target=1,1.0,150.0,10000.0,2,False,energy_ladder_transfer,8,10,0.08,-0.06,1.0,80,10,0.09,0.06,0.2679491924311225,24.387825587961782,1.000002964635107,0.5489704541500883,0.41804649235946867,1.3122303432753821,0.41805069634988323,,,,False,,False,,27.448525542729467,27.49941383443837,2.9646351069010415e-06,,,False,False
phase31_energy_ladder_transfer,phase31_energy_ladder_transfer|r0=1|angle=150|thrust=10000|target=1,1.0,150.0,10000.0,3,False,energy_ladder_transfer,16,12,0.1,-0.08,-0.0,120,12,0.11,0.08,0.2679491924311225,16.797251847173865,1.000002077561409,0.30827682924488453,0.28241822988974064,0.7396352749170005,0.2824208941923652,0.7561767656724339,0.9364680036815272,6.7450641215418,True,,False,,15.413843270195764,15.455184429992114,2.077561408984375e-06,,,False,False
phase31_energy_ladder_transfer,phase31_energy_ladder_transfer|r0=1.02|angle=150|thrust=10000|target=1,1.02,150.0,10000.0,1,False,energy_ladder_transfer,0,8,0.06,0.0,-0.5,40,8,0.07,0.0,0.12535721577320472,15.465023804448103,1.0200015551978885,0.49507237426572803,-0.11617136859699076,0.06546838133409083,-0.09849342144050925,0.49040082194128226,0.5452990223981894,1.5948104827837761,True,,False,,24.753531055456477,26.01860250596485,0.020001555197888543,,,False,False
phase31_energy_ladder_transfer,phase31_energy_ladder_transfer|r0=1.02|angle=150|thrust=10000|target=1,1.02,150.0,10000.0,2,True,energy_ladder_transfer,8,10,0.08,0.06,-1.0,80,10,0.09,-0.06,0.25071443154640943,15.364188472593122,1.0200030625307197,0.4418846289231849,-0.11725187270295044,0.013727854999700789,-0.09959420671375191,0.4476594681623178,0.5600285221859476,1.4678093419761729,True,,False,,22.09414294934195,23.503079951910497,0.02000306253071966,,,False,False
phase31_energy_ladder_transfer,phase31_energy_ladder_transfer|r0=1.02|angle=150|thrust=10000|target=1,1.02,150.0,10000.0,3,False,energy_ladder_transfer,16,12,0.1,0.08,-0.023529411764705986,120,12,0.11,-0.08,0.25071443154640943,17.32000638868569,1.0200068506500204,0.679012401399765,0.17852654443137755,0.8892115126319633,0.2021051489929007,0.9164629529663028,0.7540228142675985,17.298394431542857,True,,False,,33.95062119337417,34.888375174601656,0.02000685065002031,,,False,False
phase31_energy_ladder_transfer,phase31_energy_ladder_transfer|r0=1.05|angle=150|thrust=10000|target=1,1.05,150.0,10000.0,1,False,energy_ladder_transfer,0,8,0.06,0.0,-0.5,40,8,0.07,0.0,0.11258803253505753,15.993101659798032,1.0500015328198578,0.4879487099665761,-0.12850997458850713,0.09282968380939838,-0.08493413748071575,0.4902907181418616,0.5618672400994276,1.6427904347663234,True,,False,,24.39735306022427,31.551926000165142,0.050001532819857815,,,False,False
phase31_energy_ladder_transfer,phase31_energy_ladder_transfer|r0=1.05|angle=150|thrust=10000|target=1,1.05,150.0,10000.0,2,True,energy_ladder_transfer,8,10,0.08,0.06,-1.0,80,10,0.09,-0.06,0.22517606507011506,15.879377456556574,1.050003017112676,0.4274336716616469,-0.13144310677082086,0.03233418888872266,-0.08801264157534948,0.44178284270960755,0.5768697735113015,1.489959473771063,True,,False,,21.371598964399325,29.2758250475527,0.05000301711267604,,,False,False
phase31_energy_ladder_transfer,phase31_energy_ladder_transfer|r0=1.05|angle=150|thrust=10000|target=1,1.05,150.0,10000.0,3,False,energy_ladder_transfer,16,12,0.1,0.08,-0.057142857142857176,120,12,0.11,-0.08,0.22517606507011506,16.87645930870201,1.050006781829365,0.6585076342519318,0.028888187254204098,0.5874936040362565,0.08033957436103605,0.72010410826107,0.6785249743461702,4.16988469776904,True,,False,,32.92538199637422,38.52535839872382,0.050006781829365105,,,False,False
phase31_energy_ladder_transfer,phase31_energy_ladder_transfer|r0=0.98|angle=165|thrust=10000|target=1,0.98,165.0,10000.0,1,True,energy_ladder_transfer,0,8,0.06,0.0,0.5,40,8,0.07,0.0,0.04378221735089306,16.676851322870963,0.9800008212968024,0.26144756751139137,0.24906073376974544,0.5876929309933637,0.2240805449439373,0.6182314660915188,0.9259325454406325,3.9248210562828656,True,1363638,False,,13.072379920328983,15.357921138015842,0.01999683211434323,0.2614525107127637,0.24905774293043748,False,False
phase31_energy_ladder_transfer,phase31_energy_ladder_transfer|r0=0.98|angle=165|thrust=10000|target=1,0.98,165.0,10000.0,2,False,energy_ladder_transfer,8,10,0.08,-0.06,1.0,80,10,0.09,0.06,0.08756443470178613,24.856280475444823,0.9800015511034474,0.41315195332150084,0.48304148846580497,1.3292934966281504,0.45338295904725434,,,,False,862895,False,,20.65760104040389,22.236415417350788,0.019994740691035025,0.4131627510953439,0.48303587684017507,False,False
phase31_energy_ladder_transfer,phase31_energy_ladder_transfer|r0=0.98|angle=165|thrust=10000|target=1,0.98,165.0,10000.0,3,False,energy_ladder_transfer,16,12,0.1,-0.08,0.02448979591836729,120,12,0.11,0.08,0.08756443470178613,17.516942846543678,0.9799999980341928,0.23851456198005766,0.39330323019181335,0.9573667569151412,0.3654371628490117,0.959434097093902,0.9515087281855181,45.96024030341228,True,1494813,False,,11.925730734593847,14.446256324731229,0.019997861191592317,0.23852299583354558,0.39330018657842664,False,False
phase31_energy_ladder_transfer,phase31_energy_ladder_transfer|r0=1|angle=165|thrust=10000|target=1,1.0,165.0,10000.0,1,False,energy_ladder_transfer,0,8,0.06,0.0,0.5,40,8,0.07,0.0,0.034074173710931875,15.686130966323834,1.000000813042336,0.25881985776530253,0.21368627686456199,0.5400237235063635,0.21368726364288768,0.5678362700549853,0.9395348239247582,3.40851550433531,True,,False,,12.940994215022261,12.969191203041477,8.130423359375e-07,,,False,False
phase31_energy_ladder_transfer,phase31_energy_ladder_transfer|r0=1|angle=165|thrust=10000|target=1,1.0,165.0,10000.0,2,False,energy_ladder_transfer,8,10,0.08,-0.06,1.0,80,10,0.09,0.06,0.06814834742186375,24.440035169344707,1.000001543919886,0.43883919743203836,0.4511998283687705,1.2985638708953495,0.451202068905044,,,,False,,False,,21.94196297363133,22.016063217023614,1.5439198859375e-06,,,False,False
phase31_energy_ladder_transfer,phase31_energy_ladder_transfer|r0=1|angle=165|thrust=10000|target=1,1.0,165.0,10000.0,3,True,energy_ladder_transfer,16,12,0.1,-0.08,2.5255857824206993e-16,120,12,0.11,0.08,0.06814834742186375,11.204029847601802,0.999999982806082,0.2588186518621892,0.2351473368360609,0.5925760038571387,0.23514731559903881,0.6151735344301645,0.9445355924369707,3.964355437385214,True,1,True,2,12.940935541428857,12.975073053278022,1.1843227864583333e-08,0.25881871082857716,0.23514730097090802,False,False
phase31_energy_ladder_transfer,phase31_energy_ladder_transfer|r0=1.02|angle=165|thrust=10000|target=1,1.02,165.0,10000.0,1,False,energy_ladder_transfer,0,8,0.06,0.0,-0.5,40,8,0.07,0.0,0.024462734730208335,15.49191102433094,1.0200008050292775,0.25626806308487865,-0.1371853781085194,-0.15066037428167903,-0.11992839107965815,0.32982355976037137,0.582427669552798,1.1557046627164322,True,,False,,12.81329934781491,15.11587395308682,0.020000805029277473,,,False,False
phase31_energy_ladder_transfer,phase31_energy_ladder_transfer|r0=1.02|angle=165|thrust=10000|target=1,1.02,165.0,10000.0,2,True,energy_ladder_transfer,8,10,0.08,0.06,-1.0,80,10,0.09,-0.06,0.04892546946041667,12.081134874470859,1.0200015761119925,0.07451408522050325,-0.1454197549391161,-0.2249215397663175,-0.12832680312372569,0.26322474534112544,0.6014877122655805,1.0312699257310107,True,,False,,8.000632116759478,8.844734698255893,0.020001576111992447,,,False,False
phase31_energy_ladder_transfer,phase31_energy_ladder_transfer|r0=1.02|angle=165|thrust=10000|target=1,1.02,165.0,10000.0,3,False,energy_ladder_transfer,16,12,0.1,0.08,-0.023529411764705733,120,12,0.11,-0.08,0.04892546946041667,15.492838747017892,1.0200046402465603,0.2562673028451686,0.056732771043665135,0.22158168625935268,0.07787232996514457,0.3092358070821013,0.8873945804261317,1.6819180432570235,True,,False,,12.813365517042127,15.108395897997045,0.020004640246560415,,,False,False
phase31_energy_ladder_transfer,phase31_energy_ladder_transfer|r0=1.05|angle=165|thrust=10000|target=1,1.05,165.0,10000.0,1,True,energy_ladder_transfer,0,8,0.06,0.0,-0.5,40,8,0.07,0.0,0.010220561444707415,16.32022169801764,1.0500007934455677,0.25258057710627857,-0.18845667830204652,-0.1823609544820646,-0.14787886830169716,0.37613214047688054,0.5276458573485336,1.1638849669893725,True,,False,,20.00032304568422,23.665872616883973,0.05000079344556784,,,False,False
phase31_energy_ladder_transfer,phase31_energy_ladder_transfer|r0=1.05|angle=165|thrust=10000|target=1,1.05,165.0,10000.0,2,False,energy_ladder_transfer,8,10,0.08,0.06,-1.0,80,10,0.09,-0.06,0.02044112288941483,16.79815515577637,1.0500015537721832,0.07082664753621291,-0.2529550348546914,-0.34166649218155587,-0.2156016258597397,0.41773000228322854,0.43399011685087074,1.056693306827685,True,,False,,20.000623098096092,20.336905661201595,0.05000155377218307,,,False,False
phase31_energy_ladder_transfer,phase31_energy_ladder_transfer|r0=1.05|angle=165|thrust=10000|target=1,1.05,165.0,10000.0,3,False,energy_ladder_transfer,16,12,0.1,0.08,-0.057142857142857176,120,12,0.11,-0.08,0.02044112288941483,16.399281353244906,1.0500046071443803,0.25257824402478324,-0.20234713337616791,-0.20470768217918733,-0.1624608151430546,0.3936132999496699,0.5033475830032406,1.1568061867330113,True,,False,,20.001848525156877,23.668934415158976,0.05000460714438021,,,False,False
phase31_energy_ladder_transfer,phase31_energy_ladder_transfer|r0=0.98|angle=170|thrust=10000|target=1,0.98,170.0,10000.0,1,True,energy_ladder_transfer,0,8,0.06,0.0,0.5,40,8,0.07,0.0,0.025090063551973553,13.845064388588197,0.9800005510291443,0.17541210791049372,0.2189054941186558,0.47568483216224877,0.1945280558887342,0.5018526826537313,0.9500913723335579,2.864408231498041,True,2032498,False,,8.770606727286488,11.902955721115093,0.019997874577995314,0.17541636953059714,0.21890353592279316,False,False
phase31_energy_ladder_transfer,phase31_energy_ladder_transfer|r0=0.98|angle=170|thrust=10000|target=1,0.98,170.0,10000.0,2,False,energy_ladder_transfer,8,10,0.08,-0.06,1.0,80,10,0.09,0.06,0.050180127103947106,24.277834290186714,0.9800010391446085,0.3571666806649745,0.4228981109472567,1.111392909364542,0.394441627325212,,,,False,998178,False,,17.858336907374934,19.641048266697048,0.019995755140942317,0.35717587780881493,0.42289345647248505,False,False
phase31_energy_ladder_transfer,phase31_energy_ladder_transfer|r0=0.98|angle=170|thrust=10000|target=1,0.98,170.0,10000.0,3,False,energy_ladder_transfer,16,12,0.1,-0.08,0.024489795918367793,120,12,0.11,0.08,0.050180127103947106,14.374323266721413,0.9799992342039067,0.17541263706715998,0.2897920564771891,0.6535152209186018,0.26399522762992733,0.668151805038609,0.9577569203506953,4.8145024132408345,True,2032626,False,,8.770633694079061,11.927599344194755,0.01999919139117461,0.17541852735299313,0.2897899843820022,False,False
phase31_energy_ladder_transfer,phase31_energy_ladder_transfer|r0=1|angle=170|thrust=10000|target=1,1.0,170.0,10000.0,1,False,energy_ladder_transfer,0,8,0.06,0.0,0.5,40,8,0.07,0.0,0.015192246987791962,12.629608968527503,1.000000545490999,0.17364909462169842,0.1828395241484682,0.42926443893211363,0.1828401693767819,0.44886264572924955,0.9656614934586059,2.5385883490741765,True,,False,,8.682455850498545,8.713204017077851,5.454909990885417e-07,,,False,False
phase31_energy_ladder_transfer,phase31_energy_ladder_transfer|r0=1|angle=170|thrust=10000|target=1,1.0,170.0,10000.0,2,False,energy_ladder_transfer,8,10,0.08,-0.06,1.0,80,10,0.09,0.06,0.030384493975583925,17.479955145755792,1.0000010284637395,0.35540356690176805,0.347730633997333,0.9426916141067166,0.3477320200894207,0.9465231653022705,0.9331415265701447,33.96576495675492,True,,False,,17.770180634846767,17.824533238575604,1.0284637395833334e-06,,,False,False
phase31_energy_ladder_transfer,phase31_energy_ladder_transfer|r0=1|angle=170|thrust=10000|target=1,1.0,170.0,10000.0,3,True,energy_ladder_transfer,16,12,0.1,-0.08,2.5255857824206993e-16,120,12,0.11,0.08,0.030384493975583925,7.441636460460711,0.9999992183745665,0.1736479968841413,0.10484311529864265,0.25083037299259536,0.10484225172516376,0.29241462996643164,0.9444928685377347,1.725129507891352,True,80,True,81,8.682449979149588,8.692572000104894,7.3878936197916665e-09,0.17364899958299176,0.10484224356270716,False,False
phase31_energy_ladder_transfer,phase31_energy_ladder_transfer|r0=1.02|angle=170|thrust=10000|target=1,1.02,170.0,10000.0,1,False,energy_ladder_transfer,0,8,0.06,0.0,-0.5,40,8,0.07,0.0,0.005392923511594131,13.138014478204969,1.0200005401139234,0.17193641170673812,-0.16871308039395777,-0.240183203066066,-0.1520868930121975,0.32918392284194903,0.5409007923181135,1.0717641712578023,True,,False,,8.596693279851362,11.762833616912642,0.02000054011392331,,,False,False
phase31_energy_ladder_transfer,phase31_energy_ladder_transfer|r0=1.02|angle=170|thrust=10000|target=1,1.02,170.0,10000.0,2,True,energy_ladder_transfer,8,10,0.08,0.06,-1.0,80,10,0.09,-0.06,0.010785847023188262,12.525301741327214,1.020001065204028,-0.009817534550721431,-0.25228301036585193,-0.40160518547370705,-0.23732787410201994,0.4298023190570775,0.40681761658166965,1.0201177434812647,True,36318034,False,,8.000390828783802,8.078721578584883,0.020000977071959504,-0.009821241784256843,-0.25228294576018356,False,False
phase31_energy_ladder_transfer,phase31_energy_ladder_transfer|r0=1.02|angle=170|thrust=10000|target=1,1.02,170.0,10000.0,3,False,energy_ladder_transfer,16,12,0.1,0.08,-0.023529411764705986,120,12,0.11,-0.08,0.010785847023188262,12.579628551877516,1.0200038833464309,0.17193576773570415,-0.07524213392198272,-0.07603782955116499,-0.056743385445263715,0.20643059315093734,0.7374921076706709,1.121178605453083,True,,False,,8.596733298188413,11.748202598560503,0.02000388334643086,,,False,False
phase31_energy_ladder_transfer,phase31_energy_ladder_transfer|r0=1.05|angle=170|thrust=10000|target=1,1.05,170.0,10000.0,1,True,energy_ladder_transfer,0,8,0.06,0.0,-0.5,40,8,0.07,0.0,-0.009127655905139585,16.574208214891797,1.0500005323421373,0.1694623905164158,-0.22098664587019054,-0.26918163135025774,-0.18203556346206612,0.38837346948704354,0.4819062263470193,1.093912356744385,True,,False,,20.000216739288074,21.73899192899837,0.05000053234213737,,,False,False
phase31_energy_ladder_transfer,phase31_energy_ladder_transfer|r0=1.05|angle=170|thrust=10000|target=1,1.05,170.0,10000.0,2,False,energy_ladder_transfer,8,10,0.08,0.06,-1.0,80,10,0.09,-0.06,-0.01825531181027917,17.378884252338423,1.0500010502157728,-0.012291506965027928,-0.361920415819232,-0.4974633627187082,-0.33001576648895015,0.5725559650849354,0.2854454042461659,1.050146537294838,True,72517970,False,,20.000375949931094,20.062123738583093,0.05000093987482773,-0.01229616756597716,-0.3619203487656689,False,False
phase31_energy_ladder_transfer,phase31_energy_ladder_transfer|r0=1.05|angle=170|thrust=10000|target=1,1.05,170.0,10000.0,3,False,energy_ladder_transfer,16,12,0.1,0.08,-0.05714285714285692,120,12,0.11,-0.08,-0.01825531181027917,17.19431529087444,1.0500038611352744,0.16946014922256558,-0.336790876345071,-0.4361918165869602,-0.303627859422183,0.5509460322468526,0.3126699111963346,1.0799017334137164,True,,False,,20.001548256492498,21.763929205630195,0.05000386113527435,,,False,False
phase31_energy_ladder_transfer,phase31_energy_ladder_transfer|r0=0.98|angle=175|thrust=10000|target=1,0.98,175.0,10000.0,1,True,energy_ladder_transfer,0,8,0.06,0.0,0.5,40,8,0.07,0.0,0.013817563036137981,12.641733064643773,0.9800002765677491,0.08804162142959694,0.20072019444608433,0.4086645618666541,0.17670612263764401,0.42569342972234153,0.9712026935009306,2.4109724156272336,True,4049558,False,,7.999573286553438,9.166122435023409,0.019998933216383595,0.08804548007089211,0.20071922625514851,False,False
phase31_energy_ladder_transfer,phase31_energy_ladder_transfer|r0=0.98|angle=175|thrust=10000|target=1,0.98,175.0,10000.0,2,False,energy_ladder_transfer,8,10,0.08,-0.06,1.0,80,10,0.09,0.06,0.027635126072275962,17.615294821896182,0.9800005098264624,0.2697962405010572,0.36018090327049035,0.8820668361751557,0.33297797866129863,0.8890741150951744,0.9405826258470764,16.018175497274456,True,1321462,False,,13.489814399622945,15.749354444968464,0.01999706864103112,0.26980383908588057,0.36017754233945,False,False
phase31_energy_ladder_transfer,phase31_energy_ladder_transfer|r0=0.98|angle=175|thrust=10000|target=1,0.98,175.0,10000.0,3,False,energy_ladder_transfer,16,12,0.1,-0.08,0.024489795918367543,120,12,0.11,0.08,0.027635126072275962,12.726064471288488,0.9799984500291204,0.08804223382574246,0.21223098472176521,0.43643584095971144,0.18798448610460428,0.45236918433397205,0.9717275431400855,2.5771141777490927,True,4049899,False,,8.000303899349792,9.170928288565808,0.02000075974837448,0.08804634683279326,0.21223000723916416,False,False
phase31_energy_ladder_transfer,phase31_energy_ladder_transfer|r0=1|angle=175|thrust=10000|target=1,1.0,175.0,10000.0,1,False,energy_ladder_transfer,0,8,0.06,0.0,0.5,40,8,0.07,0.0,0.0038053019082545138,9.126631630475686,1.0000002737880762,0.08715672364910633,0.1642371947679683,0.3630450877344373,0.16423751352223023,0.3696486288849652,0.9896326395740636,2.1503070350981512,True,,False,,4.357837179408906,4.4070768728345495,2.737880763020833e-07,,,False,False
phase31_energy_ladder_transfer,phase31_energy_ladder_transfer|r0=1|angle=175|thrust=10000|target=1,1.0,175.0,10000.0,2,False,energy_ladder_transfer,8,10,0.08,-0.06,1.0,80,10,0.09,0.06,0.0076106038165090276,16.33321043802748,1.0000005044654954,0.2689112411498744,0.284144266945531,0.7213407628763228,0.2841449147520049,0.735175537105507,0.9503523573379915,6.226872487759611,True,,False,,13.445563877868816,13.493516787402589,5.044654953125e-07,,,False,False
phase31_energy_ladder_transfer,phase31_energy_ladder_transfer|r0=1|angle=175|thrust=10000|target=1,1.0,175.0,10000.0,3,True,energy_ladder_transfer,16,12,0.1,-0.08,2.5255857824206993e-16,120,12,0.11,0.08,0.0076106038165090276,3.5429779900982172,0.9999984420810396,0.08715569664703925,0.02626210399052977,0.06080690570232423,0.026260505157339582,0.10407619650796157,0.9539292919971969,1.1755582565623361,True,319,True,,4.357784981600952,4.3590509858512405,7.756696854166667e-07,0.08715617423976098,0.026261301197119533,False,False
phase31_energy_ladder_transfer,phase31_energy_ladder_transfer|r0=1.02|angle=175|thrust=10000|target=1,1.02,175.0,10000.0,1,False,energy_ladder_transfer,0,8,0.06,0.0,-0.5,40,8,0.07,0.0,-0.006107327294770394,12.381465526284869,1.0200002710879088,0.08629618527780497,-0.18772610047856006,-0.29354787316589126,-0.17148040229049857,0.33474002972032085,0.5142909544209523,1.0318443232051506,True,,False,,8.00011037149526,9.12048215699497,0.020000271087908725,,,False,False
phase31_energy_ladder_transfer,phase31_energy_ladder_transfer|r0=1.02|angle=175|thrust=10000|target=1,1.02,175.0,10000.0,2,False,energy_ladder_transfer,8,10,0.08,0.06,-1.0,80,10,0.09,-0.06,-0.012214654589540788,13.138862484255032,1.0200005463682775,-0.09545773907662365,-0.3167278624706613,-0.4848102695482576,-0.30306204640185375,0.5280096848265101,0.3178792097909514,1.0290942325522812,True,3735101,False,,7.999875834863958,9.40136579616147,0.019999689587159895,-0.09546225778841692,-0.31672728853454,False,False
phase31_energy_ladder_transfer,phase31_energy_ladder_transfer|r0=1.02|angle=175|thrust=10000|target=1,1.02,175.0,10000.0,3,True,energy_ladder_transfer,16,12,0.1,0.08,-0.023529411764705733,120,12,0.11,-0.08,-0.012214654589540788,12.19124909628051,1.0200031147012163,0.08629561688031237,-0.154830706759769,-0.23902025850768502,-0.13792468844513872,0.28141171472985477,0.5799649201342645,1.034213690963558,True,,False,,8.001247816805625,9.11157806463463,0.020003114701216407,,,False,False
phase31_energy_ladder_transfer,phase31_energy_ladder_transfer|r0=1.05|angle=175|thrust=10000|target=1,1.05,175.0,10000.0,1,True,energy_ladder_transfer,0,8,0.06,0.0,-0.5,40,8,0.07,0.0,-0.020795802465610375,16.725986161341773,1.0500002671871984,0.08505445964613954,-0.24060409843042263,-0.3208450236423301,-0.20263410045108043,0.4002709104611682,0.4540495507073446,1.0601326313058403,True,,False,,20.00010878334901,20.46988619694019,0.05000026718719844,,,False,False
phase31_energy_ladder_transfer,phase31_energy_ladder_transfer|r0=1.05|angle=175|thrust=10000|target=1,1.05,175.0,10000.0,2,False,energy_ladder_transfer,8,10,0.08,0.06,-1.0,80,10,0.09,-0.06,-0.04159160493122075,17.681860089581185,1.0500005388456606,-0.09669941566982243,-0.4276329877155936,-0.5678061535223464,-0.3990143286838925,0.6585847338554234,0.21776624959503352,1.0579016609477692,True,9217698,False,,19.999868366586146,20.647037861081504,0.049999670916465365,-0.09670475619225093,-0.42763251459731144,False,False
phase31_energy_ladder_transfer,phase31_energy_ladder_transfer|r0=1.05|angle=175|thrust=10000|target=1,1.05,175.0,10000.0,3,False,energy_ladder_transfer,16,12,0.1,0.08,-0.057142857142857176,120,12,0.11,-0.08,-0.04159160493122075,17.63947225135953,1.0500031035501631,0.08505227909534015,-0.417868359609717,-0.558645137832781,-0.3887599709154555,0.6462722134341603,0.22694568377358865,1.0562200294822852,True,,False,,20.00124332848578,20.516536493426063,0.05000310355016302,,,False,False
phase31_energy_ladder_transfer,phase31_energy_ladder_transfer|r0=0.98|angle=150|thrust=12000|target=1,0.98,150.0,12000.0,1,True,energy_ladder_transfer,0,8,0.06,0.0,0.5,40,8,0.07,0.0,0.1426785900258876,17.463989746677626,0.9800015866218277,0.5050766871740724,0.28567026558622644,0.8672374692887713,0.2599589001470086,0.8883917809447804,0.8406605271631823,14.223830856706211,True,705846,False,,25.253836169045396,26.51485025583407,0.019993880144252605,0.5050824802063243,0.285664318435551,False,False
phase31_energy_ladder_transfer,phase31_energy_ladder_transfer|r0=0.98|angle=150|thrust=12000|target=1,0.98,150.0,12000.0,2,False,energy_ladder_transfer,8,10,0.08,-0.06,1.0,80,10,0.09,0.06,0.2853571800517752,25.60487316988447,0.9800029810867734,0.5593086686851909,0.5382274199349912,1.6381596637675377,0.5074674571257076,,,,False,637361,False,,27.96543728577476,29.16644345003246,0.01999199890240065,0.5593209934159934,0.5382195404908517,False,False
phase31_energy_ladder_transfer,phase31_energy_ladder_transfer|r0=0.98|angle=150|thrust=12000|target=1,0.98,150.0,12000.0,3,False,energy_ladder_transfer,16,12,0.1,-0.08,0.02448979591836729,120,12,0.11,0.08,0.2853571800517752,24.667602403083926,0.980001638044996,0.2665927703237035,0.4930231087006873,1.2593767929392365,0.4631650921657056,,,,False,1337266,False,,13.329641975532857,15.670268513313783,0.019995969158983853,0.2666038401846631,0.49301946330777024,False,False
phase31_energy_ladder_transfer,phase31_energy_ladder_transfer|r0=1|angle=150|thrust=12000|target=1,1.0,150.0,12000.0,1,False,energy_ladder_transfer,0,8,0.06,0.0,0.5,40,8,0.07,0.0,0.13397459621556124,17.18537687068405,1.0000015706754846,0.5000004118252768,0.27687796962775874,0.880420902492189,0.27687997518868257,0.8972377345814422,0.8593664575185912,15.865964655382298,True,,False,,25.00002235944546,25.024541966346778,1.5706754846354167e-06,,,False,False
phase31_energy_ladder_transfer,phase31_energy_ladder_transfer|r0=1|angle=150|thrust=12000|target=1,1.0,150.0,12000.0,2,False,energy_ladder_transfer,8,10,0.08,-0.06,1.0,80,10,0.09,0.06,0.2679491924311225,25.32511123711189,1.000002951731446,0.5587649508109106,0.5284512380836643,1.648387360899672,0.5284557496612475,,,,False,,False,,27.938251288182425,28.018102309610388,2.9517314459635416e-06,,,False,False
phase31_energy_ladder_transfer,phase31_energy_ladder_transfer|r0=1|angle=150|thrust=12000|target=1,1.0,150.0,12000.0,3,True,energy_ladder_transfer,16,12,0.1,-0.08,-0.0,120,12,0.11,0.08,0.2679491924311225,16.980344405888737,1.0000015955470665,0.2699326543961822,0.3656975807595066,0.9379967110907791,0.36569975979427516,0.9404017460828245,0.9612111706595664,31.2951422451762,True,,False,,13.496635146306133,13.575673684011926,1.59554706640625e-06,,,False,False
phase31_energy_ladder_transfer,phase31_energy_ladder_transfer|r0=1.02|angle=150|thrust=12000|target=1,1.02,150.0,12000.0,1,False,energy_ladder_transfer,0,8,0.06,0.0,-0.5,40,8,0.07,0.0,0.12535721577320472,15.470911730440518,1.020001555197704,0.4950722606296407,-0.11090396597462296,0.07480697684951211,-0.0931206625740048,0.48897175710187357,0.5523477048691544,1.609363365097149,True,,False,,24.753529482324094,26.01822935528357,0.020001555197703906,,,False,False
phase31_energy_ladder_transfer,phase31_energy_ladder_transfer|r0=1.02|angle=150|thrust=12000|target=1,1.02,150.0,12000.0,2,True,energy_ladder_transfer,8,10,0.08,0.06,-1.0,80,10,0.09,-0.06,0.25071443154640943,15.351235736657124,1.0200030751750673,0.4312471703973564,-0.11220032359586493,0.013383985180243644,-0.09444159992835259,0.4369660558261816,0.5706718071839513,1.4564592853164857,True,,False,,21.562273958082116,23.003402841862872,0.020003075175067317,,,False,False
phase31_energy_ladder_transfer,phase31_energy_ladder_transfer|r0=1.02|angle=150|thrust=12000|target=1,1.02,150.0,12000.0,3,False,energy_ladder_transfer,16,12,0.1,0.08,-0.023529411764705986,120,12,0.11,-0.08,0.25071443154640943,23.88946474604254,1.0200073320962393,0.7158005778985567,0.24273405918316726,1.0959881901109856,0.26759785221255233,,,,False,,False,,35.790030445801015,36.686730396694266,0.02000733209623932,,,False,False
phase31_energy_ladder_transfer,phase31_energy_ladder_transfer|r0=1.05|angle=150|thrust=12000|target=1,1.05,150.0,12000.0,1,False,energy_ladder_transfer,0,8,0.06,0.0,-0.5,40,8,0.07,0.0,0.11258803253505753,15.998508397046763,1.0500015328196812,0.4879486015459376,-0.12324257369611387,0.10203829818895825,-0.07940335846988102,0.48885488157654083,0.5692281946908907,1.658038286681675,True,,False,,24.39735157491941,31.551585597080287,0.05000153281968112,,,False,False
phase31_energy_ladder_transfer,phase31_energy_ladder_transfer|r0=1.05|angle=150|thrust=12000|target=1,1.05,150.0,12000.0,2,True,energy_ladder_transfer,8,10,0.08,0.06,-1.0,80,10,0.09,-0.06,0.22517606507011506,15.863722458617065,1.0500030293049294,0.4153307500504092,-0.12676209885041392,0.03028765450155087,-0.08309755848905623,0.42982909325664376,0.5879794244037168,1.474487872505827,True,,False,,20.76645636852277,28.83669537373666,0.050003029304929295,,,False,False
phase31_energy_ladder_transfer,phase31_energy_ladder_transfer|r0=1.05|angle=150|thrust=12000|target=1,1.05,150.0,12000.0,3,False,energy_ladder_transfer,16,12,0.1,0.08,-0.057142857142857176,120,12,0.11,-0.08,0.22517606507011506,17.21335321281434,1.050007262299135,0.6926196443473726,0.06563579357588009,0.7105528856717468,0.11892532222057593,0.7985073482634233,0.6961294197186912,6.2135957113871605,True,,False,,34.63098270674601,39.99363348123959,0.050007262299134894,,,False,False
phase31_energy_ladder_transfer,phase31_energy_ladder_transfer|r0=0.98|angle=165|thrust=12000|target=1,0.98,165.0,12000.0,1,True,energy_ladder_transfer,0,8,0.06,0.0,0.5,40,8,0.07,0.0,0.04378221735089306,17.089094746973664,0.9800008212971244,0.26144780183186594,0.303726557812313,0.7272432744188522,0.27765309740293964,0.744817172300752,0.935569332545491,6.3969721317894725,True,1363637,False,,13.072392035747542,15.373718137548234,0.019996832106182423,0.2614540230921404,0.3037234360668639,False,False
phase31_energy_ladder_transfer,phase31_energy_ladder_transfer|r0=0.98|angle=165|thrust=12000|target=1,0.98,165.0,12000.0,2,False,energy_ladder_transfer,8,10,0.08,-0.06,1.0,80,10,0.09,0.06,0.08756443470178613,25.77140720943104,0.9800015445391592,0.4434931870784286,0.5845036154543926,1.6665248042870704,0.552815990473187,,,,False,803861,False,,22.17466361902216,23.689068652279843,0.019994474921252864,0.44350683529926765,0.5844971795933623,False,False
phase31_energy_ladder_transfer,phase31_energy_ladder_transfer|r0=0.98|angle=165|thrust=12000|target=1,0.98,165.0,12000.0,3,False,energy_ladder_transfer,16,12,0.1,-0.08,0.02448979591836729,120,12,0.11,0.08,0.08756443470178613,24.031466992179368,0.9799995283298556,0.23392828566551158,0.4768179152755415,1.1948962889452481,0.44728086039911147,,,,False,1524155,False,,11.696417604884495,14.298452995365961,0.019998372049224087,0.23393891477014658,0.4768147512422355,False,False
phase31_energy_ladder_transfer,phase31_energy_ladder_transfer|r0=1|angle=165|thrust=12000|target=1,1.0,165.0,12000.0,1,False,energy_ladder_transfer,0,8,0.06,0.0,0.5,40,8,0.07,0.0,0.034074173710931875,16.053738861150038,1.0000008130426488,0.25882008165608034,0.2632385240468849,0.6627610293885883,0.2632395511136807,0.6795901439644956,0.9500973610926512,4.980415344405219,True,,False,,12.941005753811327,12.983772264020173,8.13042648828125e-07,,,False,False
phase31_energy_ladder_transfer,phase31_energy_ladder_transfer|r0=1|angle=165|thrust=12000|target=1,1.0,165.0,12000.0,2,False,energy_ladder_transfer,8,10,0.08,-0.06,1.0,80,10,0.09,0.06,0.06814834742186375,25.320985139891008,1.0000015391027244,0.47484340761102317,0.548254931130144,1.622572671721167,0.5482573140535265,,,,False,,False,,23.74217429908465,23.84324171812579,1.5391027243489582e-06,,,False,False
phase31_energy_ladder_transfer,phase31_energy_ladder_transfer|r0=1|angle=165|thrust=12000|target=1,1.0,165.0,12000.0,3,True,energy_ladder_transfer,16,12,0.1,-0.08,2.5255857824206993e-16,120,12,0.11,0.08,0.06814834742186375,11.60917311479179,0.9999995147728532,0.25881869786672046,0.2889920899845353,0.7284867559533604,0.28899146453058133,0.740865046898242,0.9544099920858551,6.411713185524029,True,33,True,34,12.94099797554988,12.992524218493706,8.405569010416666e-09,0.2588199595109976,0.288991453695875,False,False
phase31_energy_ladder_transfer,phase31_energy_ladder_transfer|r0=1.02|angle=165|thrust=12000|target=1,1.02,165.0,12000.0,1,False,energy_ladder_transfer,0,8,0.06,0.0,-0.5,40,8,0.07,0.0,0.024462734730208335,15.60190013483942,1.020000805029065,0.25626792367304135,-0.15590411948164673,-0.18261166197735523,-0.1390215223495623,0.35121071869886894,0.5486072073873682,1.1425650212510268,True,,False,,12.813278319863397,15.118771271130155,0.020000805029064973,,,False,False
phase31_energy_ladder_transfer,phase31_energy_ladder_transfer|r0=1.02|angle=165|thrust=12000|target=1,1.02,165.0,12000.0,2,True,energy_ladder_transfer,8,10,0.08,0.06,-1.0,80,10,0.09,-0.06,0.04892546946041667,12.077098892752069,1.0200015808229805,0.03816325274613387,-0.16578522869503737,-0.2634105563312485,-0.149099614523057,0.29197774355853456,0.5604055252612848,1.0226111671175526,True,,False,,8.000633185506771,8.251725208481105,0.02000158082298047,,,False,False
phase31_energy_ladder_transfer,phase31_energy_ladder_transfer|r0=1.02|angle=165|thrust=12000|target=1,1.02,165.0,12000.0,3,False,energy_ladder_transfer,16,12,0.1,0.08,-0.023529411764705733,120,12,0.11,-0.08,0.04892546946041667,15.627518423639367,1.0200051082788637,0.25626708538810994,0.07679798868151198,0.264392233543537,0.09833944903954822,0.3355590937584035,0.9032543381676241,1.8155859068644689,True,,False,,12.813354761907156,15.109904576152692,0.020005108278863672,,,False,False
phase31_energy_ladder_transfer,phase31_energy_ladder_transfer|r0=1.05|angle=165|thrust=12000|target=1,1.05,165.0,12000.0,1,True,energy_ladder_transfer,0,8,0.06,0.0,-0.5,40,8,0.07,0.0,0.010220561444707415,16.4687283740411,1.0500007934453643,0.2525804416292514,-0.2146772883654913,-0.22423182450371656,-0.17541052967310072,0.40937302168242384,0.4824470059475922,1.1512305050996043,True,,False,,20.000323045599842,23.66944189243537,0.050000793445364455,,,False,False
phase31_energy_ladder_transfer,phase31_energy_ladder_transfer|r0=1.05|angle=165|thrust=12000|target=1,1.05,165.0,12000.0,2,False,energy_ladder_transfer,8,10,0.08,0.06,-1.0,80,10,0.09,-0.06,0.02044112288941483,17.016274984890238,1.0500015584832185,0.03447582656001659,-0.2920751820314252,-0.40241294707282327,-0.2566778378440477,0.474476351487169,0.3747281780375221,1.0513852960105365,True,,False,,20.00062416686276,20.10873805226742,0.05000155848321862,,,False,False
phase31_energy_ladder_transfer,phase31_energy_ladder_transfer|r0=1.05|angle=165|thrust=12000|target=1,1.05,165.0,12000.0,3,False,energy_ladder_transfer,16,12,0.1,0.08,-0.057142857142857176,120,12,0.11,-0.08,0.02044112288941483,16.561753700114256,1.0500050751758006,0.25257778343813436,-0.2313454515959744,-0.2501273466695686,-0.19290882311881014,0.43089655036694235,0.4552363814368122,1.144600631430835,True,,False,,20.002035737714582,23.673330617815978,0.05000507517580052,,,False,False
phase31_energy_ladder_transfer,phase31_energy_ladder_transfer|r0=0.98|angle=170|thrust=12000|target=1,0.98,170.0,12000.0,1,True,energy_ladder_transfer,0,8,0.06,0.0,0.5,40,8,0.07,0.0,0.025090063551973553,14.177133801940789,0.9800005510294707,0.1754123385546246,0.26372549329276257,0.5869564318839197,0.23845167977689707,0.6053835464206749,0.9553869955636821,3.886717214222553,True,2032495,False,,8.770618577953883,11.91753128264312,0.01999787457102552,0.175417619247013,0.263723463084115,False,False
phase31_energy_ladder_transfer,phase31_energy_ladder_transfer|r0=0.98|angle=170|thrust=12000|target=1,0.98,170.0,12000.0,2,False,energy_ladder_transfer,8,10,0.08,-0.06,1.0,80,10,0.09,0.06,0.050180127103947106,25.03746068140324,0.9800010344345897,0.39351792224936233,0.5085167372597005,1.3896649293657113,0.47834796297639864,,,,False,905972,False,,19.675899704913306,21.337095050349077,0.019995433577822398,0.3935294179954792,0.5085113004866744,False,False
phase31_energy_ladder_transfer,phase31_energy_ladder_transfer|r0=0.98|angle=170|thrust=12000|target=1,0.98,170.0,12000.0,3,False,energy_ladder_transfer,16,12,0.1,-0.08,0.024489795918367793,120,12,0.11,0.08,0.050180127103947106,14.83121621633716,0.9799987661719847,0.1754130145534624,0.34878963220458836,0.8091843016790288,0.32181217538606155,0.8164613959150774,0.9618632308553153,9.519454698426362,True,2032669,False,,8.770653013924266,11.953032849830484,0.01999965941331081,0.1754203305321514,0.34878746531326993,False,False
phase31_energy_ladder_transfer,phase31_energy_ladder_transfer|r0=1|angle=170|thrust=12000|target=1,1.0,170.0,12000.0,1,False,energy_ladder_transfer,0,8,0.06,0.0,0.5,40,8,0.07,0.0,0.015192246987791962,12.91844266121936,1.0000005454913157,0.1736493150003317,0.22244598581604044,0.5245293638198709,0.22244665264970961,0.5380224705811005,0.9716215771606184,3.234737023798943,True,,False,,8.682467136626729,8.727940822946517,5.45491315625e-07,,,False,False
phase31_energy_ladder_transfer,phase31_energy_ladder_transfer|r0=1|angle=170|thrust=12000|target=1,1.0,170.0,12000.0,2,False,energy_ladder_transfer,8,10,0.08,-0.06,1.0,80,10,0.09,0.06,0.030384493975583925,24.11031489062047,1.0000010237536627,0.39175477302363415,0.4203154178869512,1.170769735979413,0.42031687194006273,,,,False,,False,,19.587741504469736,19.659762404701144,1.0237536627604167e-06,,,False,False
phase31_energy_ladder_transfer,phase31_energy_ladder_transfer|r0=1|angle=170|thrust=12000|target=1,1.0,170.0,12000.0,3,True,energy_ladder_transfer,16,12,0.1,-0.08,2.5255857824206993e-16,120,12,0.11,0.08,0.030384493975583925,7.608059895463213,0.9999987503413316,0.17364801573217162,0.1288504957437114,0.3044545757880836,0.128849085065904,0.33714431223593405,0.9530012917777594,1.9224399524315432,True,128,True,129,8.682500033306301,8.697783636289858,6.9218020833333335e-09,0.17365000066612601,0.1288490772522346,False,False
phase31_energy_ladder_transfer,phase31_energy_ladder_transfer|r0=1.02|angle=170|thrust=12000|target=1,1.02,170.0,12000.0,1,False,energy_ladder_transfer,0,8,0.06,0.0,-0.5,40,8,0.07,0.0,0.005392923511594131,13.303399540089183,1.0200005401137056,0.17193626557791994,-0.19747658859432776,-0.2871773701700976,-0.1814256869123209,0.37082192972984135,0.4888044840215099,1.0649829320326618,True,,False,,8.596665297699575,11.769989517833437,0.02000054011370547,,,False,False
phase31_energy_ladder_transfer,phase31_energy_ladder_transfer|r0=1.02|angle=170|thrust=12000|target=1,1.02,170.0,12000.0,2,False,energy_ladder_transfer,8,10,0.08,0.06,-1.0,80,10,0.09,-0.06,0.010785847023188262,12.836656430383698,1.0200010699149866,-0.04616838531317073,-0.2977604069863547,-0.46551029119148485,-0.2837148637894171,0.4980952189050026,0.34247782776533103,1.0222345267101642,True,7722896,False,,8.000262208399688,8.411454221606252,0.02000065552099922,-0.04617267277488248,-0.2977601216886309,False,False
phase31_energy_ladder_transfer,phase31_energy_ladder_transfer|r0=1.02|angle=170|thrust=12000|target=1,1.02,170.0,12000.0,3,True,energy_ladder_transfer,16,12,0.1,0.08,-0.023529411764705986,120,12,0.11,-0.08,0.010785847023188262,12.64138174920886,1.0200043513787092,0.17193552501603562,-0.08531121098395711,-0.09455854342825916,-0.06701345504631431,0.21731615011384278,0.7150680560536475,1.1121526184438664,True,,False,,8.596713013655604,11.749421976061884,0.020004351378709116,,,False,False
phase31_energy_ladder_transfer,phase31_energy_ladder_transfer|r0=1.05|angle=170|thrust=12000|target=1,1.05,170.0,12000.0,1,True,energy_ladder_transfer,0,8,0.06,0.0,-0.5,40,8,0.07,0.0,-0.009127655905139585,16.774956174490033,1.0500005323419292,0.16946224880330352,-0.2573986691936449,-0.32458674877790694,-0.220268207335502,0.44122050996739787,0.4218519402735567,1.0880529427741141,True,,False,,20.00021673920167,21.745398390094522,0.0500005323419293,,,False,False
phase31_energy_ladder_transfer,phase31_energy_ladder_transfer|r0=1.05|angle=170|thrust=12000|target=1,1.05,170.0,12000.0,2,False,energy_ladder_transfer,8,10,0.08,0.06,-1.0,80,10,0.09,-0.06,-0.01825531181027917,17.69053837357804,1.050001054926781,-0.04864234349524734,-0.42651910183343344,-0.5735135729218104,-0.3978444519447473,0.6553301928402582,0.21904469913134264,1.051996132303152,True,18324677,False,,20.000247329458436,20.219720001461063,0.05000061832364609,-0.04864767309940662,-0.42651886337304246,False,False
phase31_energy_ladder_transfer,phase31_energy_ladder_transfer|r0=1.05|angle=170|thrust=12000|target=1,1.05,170.0,12000.0,3,False,energy_ladder_transfer,16,12,0.1,0.08,-0.05714285714285692,120,12,0.11,-0.08,-0.01825531181027917,17.492404083230877,1.0500043291666452,0.16945966652845176,-0.39636344526982586,-0.5116603826443069,-0.3661790042900786,0.6266754372080674,0.246963251189322,1.0760852476417804,True,,False,,20.00173546903,21.78014015950416,0.050004329166645316,,,False,False
phase31_energy_ladder_transfer,phase31_energy_ladder_transfer|r0=0.98|angle=175|thrust=12000|target=1,0.98,175.0,12000.0,1,True,energy_ladder_transfer,0,8,0.06,0.0,0.5,40,8,0.07,0.0,0.013817563036137981,12.92702371702959,0.9800002765680786,0.0880418499512678,0.23960256830399415,0.5035501441014459,0.21481085977241499,0.5170652448272454,0.9727765038800592,3.0558277473591344,True,4049547,False,,7.999573284041301,9.1810791784407,0.019998933210103254,0.08804657759633203,0.23960156875304586,False,False
phase31_energy_ladder_transfer,phase31_energy_ladder_transfer|r0=0.98|angle=175|thrust=12000|target=1,0.98,175.0,12000.0,2,False,energy_ladder_transfer,8,10,0.08,-0.06,1.0,80,10,0.09,0.06,0.027635126072275962,24.275264472497984,0.9800005051164583,0.30614747228272454,0.43095547221437486,1.100544563601881,0.4023370855692477,,,,False,1164555,False,,15.307376554073151,17.35744156125013,0.01999674708018112,0.306156880028533,0.4309514599988617,False,False
phase31_energy_ladder_transfer,phase31_energy_ladder_transfer|r0=0.98|angle=175|thrust=12000|target=1,0.98,175.0,12000.0,3,False,energy_ladder_transfer,16,12,0.1,-0.08,0.024489795918367543,120,12,0.11,0.08,0.027635126072275962,13.030675762108974,0.9799979819972073,0.08804259590830983,0.2534156776716864,0.5379818307667046,0.2283448347219147,0.5503568373850721,0.9732153247589735,3.355618762694637,True,4049978,False,,8.000491109145573,9.187835908624127,0.020001227772863932,0.08804763892647824,0.2534146669698265,False,False
phase31_energy_ladder_transfer,phase31_energy_ladder_transfer|r0=1|angle=175|thrust=12000|target=1,1.0,175.0,12000.0,1,False,energy_ladder_transfer,0,8,0.06,0.0,0.5,40,8,0.07,0.0,0.0038053019082545138,9.370920869336613,1.0000002737883948,0.08715694200616927,0.19784574865206533,0.44243131768033345,0.19784607660833017,0.4471921457594042,0.9914614499880731,2.5955405883605507,True,,False,,4.357848319922568,4.429122825002215,2.73788394921875e-07,,,False,False
phase31_energy_ladder_transfer,phase31_energy_ladder_transfer|r0=1|angle=175|thrust=12000|target=1,1.0,175.0,12000.0,2,False,energy_ladder_transfer,8,10,0.08,-0.06,1.0,80,10,0.09,0.06,0.0076106038165090276,17.218371989439117,1.0000004997554326,0.3052624383678055,0.34173428708406806,0.8934370529256165,0.34173495762306744,0.8989770671054549,0.9480118152515857,17.82023788981664,True,,False,,15.263124162915863,15.324212089748164,4.997554326822917e-07,,,False,False
phase31_energy_ladder_transfer,phase31_energy_ladder_transfer|r0=1|angle=175|thrust=12000|target=1,1.0,175.0,12000.0,3,True,energy_ladder_transfer,16,12,0.1,-0.08,2.5255857824206993e-16,120,12,0.11,0.08,0.0076106038165090276,3.5830765758787266,0.9999979740478012,0.08715570111804595,0.03227574127966051,0.07318527035924417,0.032273649938352716,0.11133967185674803,0.9588327631431872,1.1990958239167349,True,414,True,,4.3577852398712915,4.3596972854524445,1.2437023834635417e-06,0.08715628981465412,0.03227493378114891,False,False
phase31_energy_ladder_transfer,phase31_energy_ladder_transfer|r0=1.02|angle=175|thrust=12000|target=1,1.02,175.0,12000.0,1,False,energy_ladder_transfer,0,8,0.06,0.0,-0.5,40,8,0.07,0.0,-0.006107327294770394,12.579477513536052,1.0200002710876874,0.0862960351964407,-0.22254721467198693,-0.3489039534986738,-0.20699794820754905,0.3895365300129232,0.4525625923207564,1.0301226610010743,True,,False,,8.000110371403386,9.133001012278573,0.0200002710876875,,,False,False
phase31_energy_ladder_transfer,phase31_energy_ladder_transfer|r0=1.02|angle=175|thrust=12000|target=1,1.02,175.0,12000.0,2,False,energy_ladder_transfer,8,10,0.08,0.06,-1.0,80,10,0.09,-0.06,-0.012214654589540788,13.663837022814324,1.0200005510792187,-0.13180859972272949,-0.3773492793678706,-0.5557158275012039,-0.3648959218253555,0.6103202726463683,0.2504825884426057,1.035099241249522,True,2705016,False,,7.999747214228438,10.474322461335309,0.019999368035571095,-0.13181381504939074,-0.37734855718803123,False,False
phase31_energy_ladder_transfer,phase31_energy_ladder_transfer|r0=1.02|angle=175|thrust=12000|target=1,1.02,175.0,12000.0,3,True,energy_ladder_transfer,16,12,0.1,0.08,-0.023529411764705733,120,12,0.11,-0.08,-0.012214654589540788,12.355687507756633,1.0200035827334795,0.08629536093339989,-0.1830725940249903,-0.28596015057485336,-0.16673111907232255,0.3272770248934871,0.5231289436191241,1.0321292026818747,True,,False,,8.001435029704998,9.120111162760287,0.020003582733479425,,,False,False
phase31_energy_ladder_transfer,phase31_energy_ladder_transfer|r0=1.05|angle=175|thrust=12000|target=1,1.05,175.0,12000.0,1,True,energy_ladder_transfer,0,8,0.06,0.0,-0.5,40,8,0.07,0.0,-0.020795802465610375,16.95675595492411,1.050000267186987,0.0850543142730597,-0.2831621643468078,-0.38367070106866774,-0.2473200810344067,0.46487966737911557,0.38673965720860337,1.0586909632817454,True,,False,,20.000108783261197,20.478594320187824,0.05000026718698711,,,False,False
phase31_energy_ladder_transfer,phase31_energy_ladder_transfer|r0=1.05|angle=175|thrust=12000|target=1,1.05,175.0,12000.0,2,False,energy_ladder_transfer,8,10,0.08,0.06,-1.0,80,10,0.09,-0.06,-0.04159160493122075,18.03294851741322,1.0500005435566515,-0.1330502604270395,-0.5075967854009135,-0.6445976211713861,-0.4829763570219167,0.7485832888206806,0.1528743006451904,1.0632286380027896,True,6699319,False,,19.99973974597125,21.17479679484078,0.04999934936492813,-0.13305632874528242,-0.5075962253778584,False,False
phase31_energy_ladder_transfer,phase31_energy_ladder_transfer|r0=1.05|angle=175|thrust=12000|target=1,1.05,175.0,12000.0,3,False,energy_ladder_transfer,16,12,0.1,0.08,-0.057142857142857176,120,12,0.11,-0.08,-0.04159160493122075,18.001643322871445,1.0500035715815037,0.08505178508774629,-0.49587906562068884,-0.643383703098444,-0.4706712183927185,0.7345352482550318,0.16153546566420218,1.0554657716178701,True,,False,,20.001430541010937,20.54448977195405,0.05000357158150378,,,False,False
