controller_name,r0_over_target,initial_velocity_angle_deg,thrust_scale,target_radius_scale,success,capture_entered,lock_entered,crossing_occurs,crossing_vr,crossing_vt_error,crossing_vr_ratio,crossing_vt_error_ratio,crossing_radius_error,crossing_radius_error_ratio,sync_error_at_crossing,min_distance_to_recoverable,recoverable_crossing,near_recoverable_crossing,family_label,window_quality_label,family_quality_score,crossing_score,recoverability_score,near_miss,radius_crossings_total,first_crossing_step,minimum_abs_radius_error,final_radius_error,tail_mean_abs_vr,steps,terminated,truncated,termination_reason,dominant_transfer_stage,transfer_stage_counts_json,intercept_classification_counts_json,initial_energy_error_ratio,final_energy_error_ratio,initial_angular_momentum_error_ratio,final_angular_momentum_error_ratio,mean_energy_error_ratio,mean_angular_momentum_error_ratio,max_speed_ratio,overspeed,instability,turning_point_count,burn_a_steps,burn_b_steps,coast_arc_steps,safe_coast_steps,burn_a_count,burn_b_count,insertion_attempts,insertion_windows,successful_insertion_windows,good_windows,dead_windows,handoff_ready_count,handoff_entered,handoff_rate,predicted_crossing_step,burn_a_strategy,burn_a_end_step,burn_a_end_radius_ratio,burn_a_end_r_error_ratio,burn_a_end_vr_ratio,burn_a_end_vt_error_ratio,burn_a_end_energy_error_ratio,burn_a_end_angular_momentum_error_ratio,burn_a_end_eccentricity_proxy,burn_a_end_periapsis_ratio,burn_a_end_apoapsis_ratio,burn_a_end_orbit_crosses_target,burn_a_end_predicted_crossing_step,phase28_reference_family_label,phase28_reference_window_quality,endpoint_candidate_id,endpoint_duration,endpoint_norm,endpoint_radial_bias,endpoint_tangential_bias,endpoint_score,endpoint_preview_crossing,endpoint_preview_sync,endpoint_preview_distance,endpoint_preview_min_radius_error_ratio,transfer_candidate_id,transfer_family,transfer_score,transfer_first_coast,transfer_burn1_duration,transfer_burn1_norm,transfer_burn1_radial_bias,transfer_burn1_tangential_bias,transfer_coast_duration,transfer_burn2_duration,transfer_burn2_norm,transfer_burn2_radial_bias,transfer_burn2_tangential_bias,transfer_preview_crossing,transfer_preview_sync,transfer_preview_distance
phase31_phase22_baseline,0.98,150.0,8000.0,1.0,False,False,False,False,,,,,,,,,False,False,window_no_crossing,dead_window_no_crossing,0.0,,,False,0,,149552684346.02148,149552684346.02148,44.324188967479536,100000,False,True,max_steps,phase76_handoff,"{""burn_a"": 18, ""burn_b"": 46, ""coast_arc"": 1, ""phase76_handoff"": 99935}","{""insertion_window"": 99637, ""no_intercept_possible"": 363}",0.020408163265306076,1.0222626531660615,-0.1426785900258876,-0.8676919986097228,1.0227987570251573,0.9993550945117833,1.2998219393460562,False,False,0,18,46,1,0,1,1,1,1,1,0,1,0,True,0.0,705902,baseline_phase22_burn_a,18,0.9800004769559255,-0.01999952304407448,0.49579972402077377,0.18360751399154399,0.6059287802295499,0.15993592824033054,0.6854169113465116,0.7982899356028477,4.276934794498014,True,719093,dead_geometry,no_window,,,,,,,,,,,,,,,,,,,,,,,,,,
phase31_phase22_baseline,1.0,150.0,8000.0,1.0,True,True,True,True,-25.192574395203952,-3281.9890635371144,-0.005988015668111895,-0.7800950243010297,-1460.0703125,1.9467604166666666e-10,3.120380097204119,3.134710956393185,False,False,crossing_bad_sync,no_window,8.93980995139794,0.6312616384372342,0.022897899677950195,False,1,631,473.6396484375,1334.857421875,19.644712995676638,852,True,False,success,phase76_handoff,"{""phase76_handoff"": 631}","{""handoff_ready"": 216, ""insertion_window"": 382, ""intercept_possible_poor_alignment"": 254}",0.0,3.55947010158653e-10,-0.13397459621556124,-1.7797318008717732e-10,0.730935153977333,0.7067683357255949,1.0000000000000073,False,False,0,0,0,0,0,1,0,0,0,0,0,0,631,True,0.7406103286384976,0,baseline_phase22_burn_a,,,,,,,,,,,,,crossing_bad_sync,no_window,,,,,,,,,,,,,,,,,,,,,,,,,,
phase31_phase22_baseline,1.02,150.0,8000.0,1.0,False,False,False,False,,,,,,,,,False,False,dead_geometry,no_window,0.0,,,False,0,,150000208058.7246,170343025558.44434,2026.6388578588494,100000,False,True,max_steps,coast_arc,"{""burn_a"": 18, ""coast_arc"": 99982}","{""intercept_possible_poor_alignment"": 100000}",0.01960784313725499,0.44365947118547316,-0.12535721577320472,-0.4588594855455239,0.44361905538495505,0.4588278026998162,0.9741850063012878,False,False,0,18,0,99982,0,1,0,0,0,0,0,0,0,False,0.0,,baseline_phase22_burn_a,18,1.0200004675100474,0.020000467510047266,0.48598018772498364,-0.4513055010587962,-0.4235410189842285,-0.4403313545597811,0.7443827513935656,0.17956437166020744,1.2253828503222721,True,,dead_geometry,no_window,,,,,,,,,,,,,,,,,,,,,,,,,,
phase31_phase22_baseline,1.05,150.0,8000.0,1.0,False,False,False,False,,,,,,,,,False,False,dead_geometry,no_window,0.0,,,False,0,,375000204948.18164,394624067795.2461,1952.6134973316935,100000,False,True,max_steps,coast_arc,"{""burn_a"": 24, ""coast_arc"": 99976}","{""intercept_possible_poor_alignment"": 100000}",0.04761904761904765,0.6518721252678656,-0.11258803253505753,-0.8091753282905207,0.6518032612188849,0.809088254310838,0.9516473510587419,False,False,0,24,0,99976,0,1,0,0,0,0,0,0,0,False,0.0,,baseline_phase22_burn_a,24,1.0500006171729654,0.05000061717296536,0.46967137828890315,-0.7906194526914015,-0.6403293679993707,-0.7801502961019586,0.9595397318422709,0.02466594145484109,1.194601383155278,True,,dead_geometry,no_window,,,,,,,,,,,,,,,,,,,,,,,,,,
phase31_phase22_baseline,0.98,165.0,8000.0,1.0,False,False,False,False,,,,,,,,,False,False,window_no_crossing,dead_window_no_crossing,0.0,,,False,0,,149554963635.83203,149554963635.83203,44.324188966992175,100000,False,True,max_steps,phase76_handoff,"{""burn_a"": 18, ""burn_b"": 46, ""coast_arc"": 1, ""phase76_handoff"": 99935}","{""insertion_window"": 99637, ""no_intercept_possible"": 363}",0.020408163265306076,1.0222632858503917,-0.04378221735089306,-0.8676920391849806,1.0228091285678254,0.9993657265564457,1.3277791329177384,False,False,0,18,46,1,0,1,1,1,1,1,0,1,0,True,0.0,1363699,baseline_phase22_burn_a,18,0.9800002468898223,-0.019999753110177605,0.2566434845518192,0.28462494947249095,0.6753113265789297,0.2589327676438668,0.6967044698229179,0.9341118277438504,5.225634919585132,True,1389204,dead_geometry,no_window,,,,,,,,,,,,,,,,,,,,,,,,,,
phase31_phase22_baseline,1.0,165.0,8000.0,1.0,True,True,True,True,-88.06929902399378,-3143.494158607936,-0.020933166025926386,-0.7471762106990555,-2645.9189453125,3.5278919270833335e-10,2.988704842796222,3.1666781075799455,False,True,near_recoverable_crossing,no_window,11.00564757860189,0.6228607681431453,0.021398883100412866,False,1,182,2175.0126953125,2201.5400390625,24.039640678408468,403,True,False,success,phase76_handoff,"{""phase76_handoff"": 182}","{""handoff_ready"": 216, ""insertion_window"": 109, ""intercept_possible_poor_alignment"": 78}",2.104654818683916e-16,5.870625232460438e-10,-0.034074173710931875,-2.935310709686659e-10,0.4505343981162966,0.4324346135808888,1.0000000000000073,False,False,0,0,0,0,0,1,0,0,0,0,0,0,182,True,0.45161290322580644,1,baseline_phase22_burn_a,,,,,,,,,,,,,near_recoverable_crossing,no_window,,,,,,,,,,,,,,,,,,,,,,,,,,
phase31_phase22_baseline,1.02,165.0,8000.0,1.0,False,False,False,False,,,,,,,,,False,False,dead_geometry,no_window,0.0,,,False,0,,150000107699.07715,160504502316.9912,1044.0342145911768,100000,False,True,max_steps,coast_arc,"{""burn_a"": 18, ""coast_arc"": 99982}","{""intercept_possible_poor_alignment"": 100000}",0.019607843137254777,0.5015665861185644,-0.024462734730208335,-0.3580700078271545,0.5015206672753344,0.3580383150899955,0.9725342061045669,False,False,0,18,0,99982,0,1,0,0,0,0,0,0,0,False,0.0,,baseline_phase22_burn_a,18,1.0200002420002223,0.020000242000222396,0.2515603009451782,-0.35248661412242427,-0.478227678617212,-0.3395361897064895,0.5959686992420059,0.273321428493302,1.0796501258418683,True,,dead_geometry,no_window,,,,,,,,,,,,,,,,,,,,,,,,,,
phase31_phase22_baseline,1.05,165.0,8000.0,1.0,False,False,False,False,,,,,,,,,False,False,dead_geometry,no_window,0.0,,,False,0,,375000106088.9248,385113246594.83887,1001.998143845107,100000,False,True,max_steps,coast_arc,"{""burn_a"": 24, ""coast_arc"": 99976}","{""intercept_possible_poor_alignment"": 100000}",0.04761904761904765,0.7679929840763221,-0.010220561444707415,-0.7070169013260886,0.7679095772321304,0.7069298016036287,0.9491073110340807,False,False,0,24,0,99976,0,1,0,0,0,0,0,0,0,False,0.0,,baseline_phase22_burn_a,24,1.0500003194701832,0.050000319470183206,0.24311675008035075,-0.6933177526941889,-0.7516015702421596,-0.6779835423530648,0.9046371524395213,0.05444323023031711,1.087368945539484,True,,dead_geometry,no_window,,,,,,,,,,,,,,,,,,,,,,,,,,
phase31_phase22_baseline,0.98,170.0,8000.0,1.0,False,False,False,False,,,,,,,,,False,False,window_no_crossing,dead_window_no_crossing,0.0,,,False,0,,149555718428.92773,149555718428.92773,44.32418896683088,100000,False,True,max_steps,phase76_handoff,"{""burn_a"": 18, ""burn_b"": 46, ""coast_arc"": 1, ""phase76_handoff"": 99935}","{""insertion_window"": 99637, ""no_intercept_possible"": 363}",0.020408163265306496,1.0222634953656649,-0.025090063551973553,-0.8676920526217073,1.022811322831694,0.9993689067635908,1.3330339359186443,False,False,0,18,46,1,0,1,1,1,1,1,0,1,0,True,0.0,2032565,baseline_phase22_burn_a,18,0.9800001656444901,-0.019999834355509897,0.1721884583827116,0.30371940747471615,0.6885171770447284,0.27764523527915846,0.7011009169556716,0.9596005333727498,5.461299280698849,True,2070589,dead_geometry,no_window,,,,,,,,,,,,,,,,,,,,,,,,,,
phase31_phase22_baseline,1.0,170.0,8000.0,1.0,True,True,True,True,-26.609700880474676,-3835.407376660934,-0.006324852049514541,-0.911636861908399,-2190.5517578125,2.920735677083333e-10,3.646547447633596,3.6602346470497937,False,False,crossing_bad_sync,no_window,8.676726276183203,0.7368993122782103,0.029925929496057102,False,1,2307,470.41796875,2058.1533203125,20.503655353634183,2529,True,False,success,phase76_handoff,"{""phase76_handoff"": 2307}","{""handoff_ready"": 216, ""insertion_window"": 1096, ""intercept_possible_poor_alignment"": 1217}",2.104654818683916e-16,5.488264172930856e-10,-0.015192246987791962,-2.744130855547726e-10,0.8975993091151757,0.8706165037730679,1.0000000000000073,False,False,0,0,0,0,0,1,0,0,0,0,0,0,2307,True,0.9122182680901542,0,baseline_phase22_burn_a,,,,,,,,,,,,,crossing_bad_sync,no_window,,,,,,,,,,,,,,,,,,,,,,,,,,
phase31_phase22_baseline,1.02,170.0,8000.0,1.0,False,False,False,False,,,,,,,,,False,False,dead_geometry,no_window,0.0,,,False,0,,150000072257.99902,157028239961.47754,696.6677659893638,100000,False,True,max_steps,coast_arc,"{""burn_a"": 18, ""coast_arc"": 99982}","{""intercept_possible_poor_alignment"": 100000}",0.01960784313725499,0.5124324209772779,-0.005392923511594131,-0.3390212365297166,0.5123854695101537,0.33898954181399565,0.9722241532219635,False,False,0,18,0,99982,0,1,0,0,0,0,0,0,0,False,0.0,,baseline_phase22_burn_a,18,1.0200001623638741,0.020000162363874217,0.1687778291827092,-0.333810189216919,-0.48848918199254104,-0.32048628483609887,0.5592018049645204,0.29613799036511135,1.0475063062785053,True,,dead_geometry,no_window,,,,,,,,,,,,,,,,,,,,,,,,,,
phase31_phase22_baseline,1.05,170.0,8000.0,1.0,False,False,False,False,,,,,,,,,False,False,dead_geometry,no_window,0.0,,,False,0,,375000071177.7051,381754068109.56836,666.18989069654,100000,False,True,max_steps,coast_arc,"{""burn_a"": 24, ""coast_arc"": 99976}","{""intercept_possible_poor_alignment"": 100000}",0.047619047619047436,0.7897863012180721,0.009127655905139585,-0.6877105828689392,0.7897001681552682,0.6876236605485023,0.9486299106362504,False,False,0,24,0,99976,0,1,0,0,0,0,0,0,0,False,0.0,,baseline_phase22_burn_a,24,1.0500002143401874,0.0500002143401875,0.16311254864183605,-0.6749291744019263,-0.7724847707567988,-0.6586755634462812,0.8907869114807685,0.061615812062859564,1.066743671187346,True,,dead_geometry,no_window,,,,,,,,,,,,,,,,,,,,,,,,,,
phase31_phase22_baseline,0.98,175.0,8000.0,1.0,False,False,False,False,,,,,,,,,False,False,window_no_crossing,dead_window_no_crossing,0.0,,,False,0,,149556449828.98145,149556449828.98145,44.324188966674576,100000,False,True,max_steps,phase76_handoff,"{""burn_a"": 18, ""burn_b"": 46, ""coast_arc"": 1, ""phase76_handoff"": 99935}","{""insertion_window"": 99637, ""no_intercept_possible"": 363}",0.020408163265306287,1.0222636983875386,-0.013817563036137981,-0.8676920656419702,1.0228119930731487,0.9993706476913755,1.3361986501889813,False,False,0,18,46,1,0,1,1,1,1,1,0,1,0,True,0.0,2807960,baseline_phase22_burn_a,18,0.9800000831386255,-0.019999916861374478,0.08642321338853395,0.3152348424681606,0.6964955092573515,0.2889302549656146,0.7041132611213288,0.9749006947299615,5.6147876328008035,True,4125432,dead_geometry,no_window,,,,,,,,,,,,,,,,,,,,,,,,,,
phase31_phase22_baseline,1.0,175.0,8000.0,1.0,True,True,True,True,-35.33209647045934,-3439.731965189568,-0.00839807571601849,-0.8175888886362344,-454.1748046875,6.0556640625e-11,3.2703555545449374,3.2972025479901705,False,False,crossing_bad_sync,no_window,8.86482222272753,0.6641488018287663,0.02482508985438676,False,1,86,265.2685546875,277.490234375,8.86631054729974,307,True,False,success,phase76_handoff,"{""phase76_handoff"": 86}","{""handoff_ready"": 215, ""insertion_window"": 52, ""intercept_possible_poor_alignment"": 40}",2.104654818683916e-16,7.398261572089514e-11,-0.0038053019082545138,-3.6991364129378737e-11,0.2861142806458803,0.2677516417374583,1.0000000000000073,False,False,0,0,0,0,0,1,0,0,0,0,0,0,86,True,0.28013029315960913,1,baseline_phase22_burn_a,,,,,,,,,,,,,crossing_bad_sync,no_window,,,,,,,,,,,,,,,,,,,,,,,,,,
phase31_phase22_baseline,1.02,175.0,8000.0,1.0,False,False,False,False,,,,,,,,,False,False,dead_geometry,no_window,0.0,,,False,0,,150000036266.99902,153496951935.50977,343.6989150753124,100000,False,True,max_steps,coast_arc,"{""burn_a"": 18, ""coast_arc"": 99982}","{""intercept_possible_poor_alignment"": 100000}",0.019607843137254777,0.5189729724889153,0.006107327294770394,-0.32753377425067104,0.5189253994462651,0.327502200482083,0.9720374749698517,False,False,0,18,0,99982,0,1,0,0,0,0,0,0,0,False,0.0,,baseline_phase22_burn_a,18,1.0200000814919532,0.020000081491953123,0.08471107791621893,-0.32254724938436546,-0.49466596103204363,-0.3089981391651051,0.5350902339437289,0.31104593145030085,1.0270456904523155,True,,dead_geometry,no_window,,,,,,,,,,,,,,,,,,,,,,,,,,
phase31_phase22_baseline,1.05,175.0,8000.0,1.0,False,False,False,False,,,,,,,,,False,False,dead_geometry,no_window,0.0,,,False,0,,375000035724.7881,378342332637.4072,325.08467696479426,100000,False,True,max_steps,coast_arc,"{""burn_a"": 24, ""coast_arc"": 99976}","{""intercept_possible_poor_alignment"": 100000}",0.04761904761904765,0.8029052688622864,0.020795802465610375,-0.6760679156965376,0.8028174946721713,0.6759812236145738,0.9483424233034455,False,False,0,24,0,99976,0,1,0,0,0,0,0,0,0,False,0.0,,baseline_phase22_burn_a,24,1.0500001075792307,0.050000107579230596,0.08186739242209277,-0.6638399339499458,-0.7850558496580884,-0.6470318944836019,0.8818198051863361,0.0662053205989607,1.0542078028240864,True,,dead_geometry,no_window,,,,,,,,,,,,,,,,,,,,,,,,,,
phase31_phase22_baseline,0.98,150.0,10000.0,1.0,False,False,False,False,,,,,,,,,False,False,window_no_crossing,dead_window_no_crossing,0.0,,,False,0,,149442263957.71777,149442263957.71777,55.396047662963205,100000,False,True,max_steps,phase76_handoff,"{""burn_a"": 18, ""burn_b"": 46, ""coast_arc"": 1, ""phase76_handoff"": 99935}","{""insertion_window"": 99526, ""intercept_possible_poor_alignment"": 13, ""no_intercept_possible"": 461}",0.020408163265306076,1.013284738945768,-0.1426785900258876,-0.837969704275357,1.0130375221748993,0.9993636561500027,1.374876627303795,False,False,0,18,46,1,0,1,1,1,1,1,0,1,0,True,0.0,705902,baseline_phase22_burn_a,18,0.9800004757901977,-0.019999524209802343,0.49350582230563467,0.2608058137839166,0.7923639610065297,0.2355902973872855,0.8264414737640089,0.8358786224073995,8.796360605884257,True,722435,dead_geometry,no_window,,,,,,,,,,,,,,,,,,,,,,,,,,
phase31_phase22_baseline,1.0,150.0,10000.0,1.0,True,True,True,True,-6.276680836972505,-4026.540150778171,-0.0014919024394221608,-0.9570671553015822,-547.65234375,7.30203125e-11,3.8282686212063286,3.828995307954149,False,False,crossing_bad_sync,no_window,8.585865689396837,0.7674440072415927,0.02644763969103196,False,1,413,80.015625,399.2158203125,22.040497429913927,630,True,False,success,phase76_handoff,"{""phase76_handoff"": 413}","{""handoff_ready"": 211, ""insertion_window"": 251, ""intercept_possible_poor_alignment"": 168}",0.0,1.0644565350620334e-10,-0.13397459621556124,-5.3222465417905946e-11,0.6430051106494269,0.6187930017814905,1.000000000000006,False,False,0,0,0,0,0,1,0,0,0,0,0,0,413,True,0.6555555555555556,0,baseline_phase22_burn_a,,,,,,,,,,,,,crossing_bad_sync,no_window,,,,,,,,,,,,,,,,,,,,,,,,,,
phase31_phase22_baseline,1.02,150.0,10000.0,1.0,False,False,False,False,,,,,,,,,False,False,dead_geometry,no_window,0.0,,,False,0,,150000208001.97266,170233753030.82324,2014.8353784766816,100000,False,True,max_steps,coast_arc,"{""burn_a"": 18, ""coast_arc"": 99982}","{""intercept_possible_poor_alignment"": 100000}",0.01960784313725499,0.5260135675057651,-0.12535721577320472,-0.5422358781238094,0.5259671295358843,0.5421962744625494,0.970206527515042,False,False,0,18,0,99982,0,1,0,0,0,0,0,0,0,False,0.0,,baseline_phase22_burn_a,18,1.0200004663673365,0.020000466367336458,0.4837315268356118,-0.5285057293534758,-0.5044803799032418,-0.5190756240510184,0.807484586649092,0.12796139844860546,1.2014012351329815,True,,dead_geometry,no_window,,,,,,,,,,,,,,,,,,,,,,,,,,
phase31_phase22_baseline,1.05,150.0,10000.0,1.0,False,False,False,False,,,,,,,,,False,False,dead_geometry,no_window,0.0,,,False,0,,375000204863.0635,394424709804.75195,1932.326912783091,100000,False,True,max_steps,coast_arc,"{""burn_a"": 24, ""coast_arc"": 99976}","{""intercept_possible_poor_alignment"": 100000}",0.04761904761904765,0.688989201875164,-0.11258803253505753,-0.9833255016508394,0.6889255822599637,0.9832166586220563,0.945613346805704,False,False,0,24,0,99976,0,1,0,0,0,0,0,0,0,False,0.0,,baseline_phase22_burn_a,24,1.0500006141249643,0.05000061412496419,0.46520514803724156,-0.9495656869450031,-0.6858013410099834,-0.9470439403192827,0.9976334159855768,0.0014038332731454437,1.184975576534286,True,,dead_geometry,no_window,,,,,,,,,,,,,,,,,,,,,,,,,,
phase31_phase22_baseline,0.98,165.0,10000.0,1.0,False,False,False,False,,,,,,,,,False,False,window_no_crossing,dead_window_no_crossing,0.0,,,False,0,,149444479412.73145,149444479412.73145,55.39604766297371,100000,False,True,max_steps,phase76_handoff,"{""burn_a"": 18, ""burn_b"": 46, ""coast_arc"": 1, ""phase76_handoff"": 99935}","{""insertion_window"": 99526, ""intercept_possible_poor_alignment"": 13, ""no_intercept_possible"": 461}",0.020408163265306076,1.013285353779102,-0.04378221735089306,-0.8379697524596642,1.0130508264100728,0.9993764070267007,1.407866913416998,False,False,0,18,46,1,0,1,1,1,1,1,0,1,0,True,0.0,1363699,baseline_phase22_burn_a,18,0.9800002462862174,-0.019999753713782552,0.25545574554140393,0.36184834436647384,0.8790727373356647,0.3346117128836218,0.8857797466504785,0.9445368300990087,15.594330882068713,True,1395663,dead_geometry,no_window,,,,,,,,,,,,,,,,,,,,,,,,,,
phase31_phase22_baseline,1.0,165.0,10000.0,1.0,True,True,True,True,-8.88966729674766,-3994.6531548940916,-0.0021129824297496515,-0.9494879445402064,-488.6103515625,6.5148046875e-11,3.7979517781608254,3.79942093563033,False,False,crossing_bad_sync,no_window,8.601024110919587,0.7621259346130128,0.026098185272395925,False,1,243,206.97265625,277.3115234375,17.30631244279581,460,True,False,success,phase76_handoff,"{""phase76_handoff"": 243}","{""handoff_ready"": 211, ""insertion_window"": 148, ""intercept_possible_poor_alignment"": 101}",2.104654818683916e-16,7.393778657325719e-11,-0.034074173710931875,-3.6968672685193056e-11,0.5219687416576904,0.504706529929417,1.0000000000000058,False,False,0,0,0,0,0,1,0,0,0,0,0,0,243,True,0.5282608695652173,0,baseline_phase22_burn_a,,,,,,,,,,,,,near_recoverable_crossing,no_window,,,,,,,,,,,,,,,,,,,,,,,,,,
phase31_phase22_baseline,1.02,165.0,10000.0,1.0,False,False,False,False,,,,,,,,,False,False,dead_geometry,no_window,0.0,,,False,0,,150000107669.6914,160441587470.6494,1036.6874215977075,100000,False,True,max_steps,coast_arc,"{""burn_a"": 18, ""coast_arc"": 99982}","{""intercept_possible_poor_alignment"": 100000}",0.019607843137254777,0.5984167021628569,-0.024462734730208335,-0.44147204670352974,0.5983633829346506,0.44143243075425637,0.9681341043581951,False,False,0,18,0,99982,0,1,0,0,0,0,0,0,0,False,0.0,,baseline_phase22_burn_a,18,1.0200002414085185,0.02000024140851849,0.25039592636652636,-0.4297106741274047,-0.5728558145117674,-0.41830474993725164,0.683954514909853,0.20093735368124074,1.0706350190354683,True,,dead_geometry,no_window,,,,,,,,,,,,,,,,,,,,,,,,,,
phase31_phase22_baseline,1.05,165.0,10000.0,1.0,False,False,False,False,,,,,,,,,False,False,dead_geometry,no_window,0.0,,,False,0,,375000106044.8506,385004623547.50195,990.4416383030277,100000,False,True,max_steps,coast_arc,"{""burn_a"": 24, ""coast_arc"": 99976}","{""intercept_possible_poor_alignment"": 100000}",0.04761904761904765,0.8342172773759577,-0.010220561444707415,-0.8812168819651444,0.834135488220382,0.8811080071639357,0.9424168952861584,False,False,0,24,0,99976,0,1,0,0,0,0,0,0,0,False,0.0,,baseline_phase22_burn_a,24,1.050000317891939,0.050000317891938935,0.2408041701539587,-0.8523096741116817,-0.824962247362826,-0.844925110867702,0.9778102597753187,0.012159013292875935,1.0837540681366788,True,,dead_geometry,no_window,,,,,,,,,,,,,,,,,,,,,,,,,,
phase31_phase22_baseline,0.98,170.0,10000.0,1.0,False,False,False,False,,,,,,,,,False,False,window_no_crossing,dead_window_no_crossing,0.0,,,False,0,,149445217226.0918,149445217226.0918,55.39604766297721,100000,False,True,max_steps,phase76_handoff,"{""burn_a"": 18, ""burn_b"": 46, ""coast_arc"": 1, ""phase76_handoff"": 99935}","{""insertion_window"": 99526, ""intercept_possible_poor_alignment"": 13, ""no_intercept_possible"": 461}",0.020408163265306496,1.013285558537213,-0.025090063551973553,-0.8379697685064305,1.013053077316785,0.9993795642760231,1.4140588231546323,False,False,0,18,46,1,0,1,1,1,1,1,0,1,0,True,0.0,1396797,baseline_phase22_burn_a,18,0.9800001652395002,-0.01999983476049987,0.1713915561188427,0.38094787923977064,0.8955761282605698,0.3533291498421126,0.8993040092575407,0.9643004905403889,18.188408240568684,True,2080217,dead_geometry,no_window,,,,,,,,,,,,,,,,,,,,,,,,,,
phase31_phase22_baseline,1.0,170.0,10000.0,1.0,True,True,True,True,-627.8014830847948,-3075.3016548794985,-0.1492219516037754,-0.7309675543558039,-43366.4140625,5.782188541666666e-09,7.4610975801887705,8.013550658069029,False,False,crossing_bad_sync,no_window,6.769451209905615,0.7638403911913622,0.018126425876468198,False,1,3843,15013.0810546875,48971.787109375,233.64182222797018,4059,True,False,success,phase76_handoff,"{""phase76_handoff"": 3843}","{""handoff_ready"": 212, ""insertion_window"": 1791, ""intercept_possible_poor_alignment"": 2056}",2.104654818683916e-16,1.3059133116941239e-08,-0.015192246987791962,-6.529566633759087e-09,0.9258990373606751,0.919683014238784,1.000000000000005,False,False,0,0,0,0,0,1,0,0,0,0,0,0,3843,True,0.9467849223946785,0,baseline_phase22_burn_a,,,,,,,,,,,,,crossing_bad_sync,no_window,,,,,,,,,,,,,,,,,,,,,,,,,,
phase31_phase22_baseline,1.02,170.0,10000.0,1.0,False,False,False,False,,,,,,,,,False,False,dead_geometry,no_window,0.0,,,False,0,,150000072238.28223,156982010040.14062,690.9551264900366,100000,False,True,max_steps,coast_arc,"{""burn_a"": 18, ""coast_arc"": 99982}","{""intercept_possible_poor_alignment"": 100000}",0.01960784313725499,0.6120028652346886,-0.005392923511594131,-0.42242841375953827,0.6119482547325864,0.422388795352401,0.9677447593910704,False,False,0,18,0,99982,0,1,0,0,0,0,0,0,0,False,0.0,,baseline_phase22_burn_a,18,1.020000161966854,0.020000161966853905,0.1679965545507877,-0.4110390281686279,-0.5856861336890828,-0.3992597133398449,0.6540210150499594,0.21818881908560564,1.043094834412089,True,,dead_geometry,no_window,,,,,,,,,,,,,,,,,,,,,,,,,,
phase31_phase22_baseline,1.05,170.0,10000.0,1.0,False,False,False,False,,,,,,,,,False,False,dead_geometry,no_window,0.0,,,False,0,,375000071148.1328,381678095048.9453,657.8331856588024,100000,False,True,max_steps,coast_arc,"{""burn_a"": 24, ""coast_arc"": 99976}","{""intercept_possible_poor_alignment"": 100000}",0.047619047619047436,0.8614744017992496,0.009127655905139585,-0.8619205445269049,0.8613892022927113,0.8618118459216247,0.9418158667040529,False,False,0,24,0,99976,0,1,0,0,0,0,0,0,0,False,0.0,,baseline_phase22_burn_a,24,1.050000213281225,0.05000021328122487,0.16156086228970176,-0.8339302602238261,-0.8510804471641491,-0.8256267378154603,0.9714504536728349,0.015423179673743008,1.0650268910209129,True,,dead_geometry,no_window,,,,,,,,,,,,,,,,,,,,,,,,,,
phase31_phase22_baseline,0.98,175.0,10000.0,1.0,False,False,False,False,,,,,,,,,False,False,window_no_crossing,dead_window_no_crossing,0.0,,,False,0,,149445934569.71094,149445934569.71094,55.39604766298058,100000,False,True,max_steps,phase76_handoff,"{""burn_a"": 18, ""burn_b"": 46, ""coast_arc"": 1, ""phase76_handoff"": 99935}","{""insertion_window"": 99526, ""intercept_possible_poor_alignment"": 13, ""no_intercept_possible"": 461}",0.020408163265306287,1.0132857576147019,-0.013817563036137981,-0.8379697841083087,1.0130540828126604,0.9993814379160177,1.4177865926601643,False,False,0,18,46,1,0,1,1,1,1,1,0,1,0,True,0.0,1396804,baseline_phase22_burn_a,18,0.9800000829353641,-0.019999917064635938,0.08602327355084481,0.39246644573117756,0.9055466522590407,0.36461723230126575,0.9078055116004169,0.976084920276503,20.19838954605001,True,4144612,dead_geometry,no_window,,,,,,,,,,,,,,,,,,,,,,,,,,
phase31_phase22_baseline,1.0,175.0,10000.0,1.0,True,True,True,True,-75.56244302967407,-3051.944929061562,-0.017960415068522723,-0.7254159010011462,-4019.8388671875,5.35978515625e-10,2.9016636040045847,3.037448426622083,False,True,near_recoverable_crossing,no_window,11.049168197997707,0.6018852194191227,0.016617452634956786,False,1,44,1625.736328125,2204.3291015625,8.84814968539807,260,True,False,success,phase76_handoff,"{""phase76_handoff"": 44}","{""handoff_ready"": 212, ""insertion_window"": 27, ""intercept_possible_poor_alignment"": 21}",2.104654818683916e-16,5.878098861721584e-10,-0.0038053019082545138,-2.9390490934242894e-10,0.172384283833011,0.1599501633935743,1.0000000000000058,False,False,0,0,0,0,0,1,0,0,0,0,0,0,44,True,0.16923076923076924,0,baseline_phase22_burn_a,,,,,,,,,,,,,near_recoverable_crossing,no_window,,,,,,,,,,,,,,,,,,,,,,,,,,
phase31_phase22_baseline,1.02,175.0,10000.0,1.0,False,False,False,False,,,,,,,,,False,False,dead_geometry,no_window,0.0,,,False,0,,150000036257.10254,153467813905.25684,339.6743835014483,100000,False,True,max_steps,coast_arc,"{""burn_a"": 18, ""coast_arc"": 99982}","{""intercept_possible_poor_alignment"": 100000}",0.019607843137254777,0.6201809395377146,0.006107327294770394,-0.4109440743069493,0.6201255517614975,0.41090457655646745,0.9675103243982137,False,False,0,18,0,99982,0,1,0,0,0,0,0,0,0,False,0.0,,baseline_phase22_burn_a,18,1.0200000812926666,0.020000081292666668,0.08431890547719831,-0.39977899663123384,-0.593409226747675,-0.38777452777029264,0.634632419330701,0.22929927512410278,1.0258710643135707,True,,dead_geometry,no_window,,,,,,,,,,,,,,,,,,,,,,,,,,
phase31_phase22_baseline,1.05,175.0,10000.0,1.0,False,False,False,False,,,,,,,,,False,False,dead_geometry,no_window,0.0,,,False,0,,375000035709.94434,378299802772.33594,320.0328212813924,100000,False,True,max_steps,coast_arc,"{""burn_a"": 24, ""coast_arc"": 99976}","{""intercept_possible_poor_alignment"": 100000}",0.04761904761904765,0.8778826423135261,0.020795802465610375,-0.8502839455188016,0.8777953898093113,0.8501754764207773,0.9414538917187043,False,False,0,24,0,99976,0,1,0,0,0,0,0,0,0,False,0.0,,baseline_phase22_burn_a,24,1.0500001070476808,0.05000010704768073,0.08108851107850956,-0.822846599917642,-0.8668030367814509,-0.8139889109496635,0.9671651260828504,0.017588826067992665,1.0537614774156536,True,,dead_geometry,no_window,,,,,,,,,,,,,,,,,,,,,,,,,,
phase31_phase22_baseline,0.98,150.0,12000.0,1.0,False,False,False,False,,,,,,,,,False,False,window_no_crossing,dead_window_no_crossing,0.0,,,False,0,,149331287989.1621,149331287989.1621,66.48041404848163,100000,False,True,max_steps,phase76_handoff,"{""burn_a"": 18, ""burn_b"": 46, ""coast_arc"": 1, ""phase76_handoff"": 99935}","{""insertion_window"": 99904, ""intercept_possible_poor_alignment"": 1, ""no_intercept_possible"": 95}",0.020408163265306076,0.9985335735282848,-0.1426785900258876,-1.200595424388594,1.0011406437244936,0.9993735237467325,1.4506621815840994,False,False,0,18,46,1,0,1,1,1,1,1,0,1,0,True,0.0,705902,baseline_phase22_burn_a,18,0.9800004746278483,-0.019999525372151692,0.49122190808937666,0.3380044104897493,0.9907394273420841,0.3112449573341087,0.9920069107026686,0.8631312114914491,215.10623417007633,True,725794,dead_geometry,no_window,,,,,,,,,,,,,,,,,,,,,,,,,,
phase31_phase22_baseline,1.0,150.0,12000.0,1.0,True,True,True,True,-80.49851164523518,-3051.369756909111,-0.019133667779626447,-0.7252791884998071,-3681.29296875,4.908390625e-10,2.9011167539992284,3.0547866581952734,False,True,near_recoverable_crossing,no_window,11.049441623000385,0.6031837526262365,0.014364654403677601,False,3,114,148.345703125,755.0380859375,26.347138132160573,326,True,False,success,phase76_handoff,"{""phase76_handoff"": 114}","{""handoff_ready"": 209, ""insertion_window"": 68, ""intercept_possible_poor_alignment"": 49}",0.0,2.0133359507560395e-10,-0.13397459621556124,-1.0066672571051816e-10,0.34060435774997916,0.3252353379979766,1.0000000000000049,False,False,0,0,0,0,0,1,0,0,0,0,0,0,114,True,0.3496932515337423,0,baseline_phase22_burn_a,,,,,,,,,,,,,near_recoverable_crossing,no_window,,,,,,,,,,,,,,,,,,,,,,,,,,
phase31_phase22_baseline,1.02,150.0,12000.0,1.0,False,False,False,False,,,,,,,,,False,False,dead_geometry,no_window,0.0,,,False,0,,150000207945.22168,170126484326.28125,2003.3783570709747,100000,False,True,max_steps,coast_arc,"{""burn_a"": 18, ""coast_arc"": 99982}","{""intercept_possible_poor_alignment"": 100000}",0.01960784313725499,0.5949826592357413,-0.12535721577320472,-0.6256125947607882,0.5949318710010427,0.6255650702431684,0.966233028349279,False,False,0,18,0,99982,0,1,0,0,0,0,0,0,0,False,0.0,,baseline_phase22_burn_a,18,1.0200004652279373,0.02000046522793737,0.48149265683080356,-0.6057062410538858,-0.5734806724749166,-0.5978201824384914,0.8634186094843946,0.086802077016159,1.184265331046893,True,,dead_geometry,no_window,,,,,,,,,,,,,,,,,,,,,,,,,,
phase31_phase22_baseline,1.05,150.0,12000.0,1.0,False,False,False,False,,,,,,,,,False,False,dead_geometry,no_window,0.0,,,False,0,,375000204777.94336,394233377317.86523,1913.4274862819768,100000,False,True,max_steps,coast_arc,"{""burn_a"": 24, ""coast_arc"": 99976}","{""intercept_possible_poor_alignment"": 100000}",0.04761904761904765,0.671004746308642,-0.11258803253505753,-1.1574769648215892,0.6709554765172211,1.1573463525313261,0.9395914607338702,False,False,0,24,0,99976,0,1,0,0,0,0,0,0,0,False,0.0,,baseline_phase22_burn_a,24,1.0500006110953937,0.05000061109539362,0.460779548306913,-1.1085130529863896,-0.6806679213931279,-1.113938771947536,0.9890305837082886,0.006526819576956559,1.183476258688602,True,,dead_geometry,no_window,,,,,,,,,,,,,,,,,,,,,,,,,,
phase31_phase22_baseline,0.98,165.0,12000.0,1.0,False,False,False,False,,,,,,,,,False,False,window_no_crossing,dead_window_no_crossing,0.0,,,False,0,,149333444925.51855,149333444925.51855,66.480414044586,100000,False,True,max_steps,phase76_handoff,"{""burn_a"": 18, ""burn_b"": 46, ""coast_arc"": 1, ""phase76_handoff"": 99935}","{""insertion_window"": 99904, ""intercept_possible_poor_alignment"": 1, ""no_intercept_possible"": 95}",0.020408163265306076,0.998534172786581,-0.04378221735089306,-1.2005953647286334,1.0011567135413484,0.9993878019806745,1.4881393694525158,False,False,0,18,46,1,0,1,1,1,1,1,0,1,0,True,0.0,1363699,baseline_phase22_burn_a,18,0.9800002456843638,-0.0199997543156362,0.254273184967324,0.43907181919228966,1.094766738485338,0.41029073636588825,,,,False,1402154,dead_geometry,no_window,,,,,,,,,,,,,,,,,,,,,,,,,,
phase31_phase22_baseline,1.0,165.0,12000.0,1.0,True,True,True,True,-29.385295636110204,-3791.606204635221,-0.0069845823583089784,-0.9012257740911267,-579.7763671875,7.7303515625e-11,3.604903096364507,3.621779577911722,False,False,crossing_bad_sync,no_window,8.697548451817747,0.7293621181801756,0.02031839432766244,False,2,105,135.919921875,502.3330078125,21.192783332264064,318,True,False,success,phase76_handoff,"{""phase76_handoff"": 105}","{""handoff_ready"": 209, ""insertion_window"": 63, ""intercept_possible_poor_alignment"": 46}",2.104654818683916e-16,1.3396506758790487e-10,-0.034074173710931875,6.698273464708606e-11,0.3259054175294539,0.3132262829276735,1.0000000000000049,False,False,0,0,0,0,0,1,0,0,0,0,0,0,105,True,0.330188679245283,0,baseline_phase22_burn_a,,,,,,,,,,,,,crossing_bad_sync,no_window,,,,,,,,,,,,,,,,,,,,,,,,,,
phase31_phase22_baseline,1.02,165.0,12000.0,1.0,False,False,False,False,,,,,,,,,False,False,dead_geometry,no_window,0.0,,,False,0,,150000107640.30566,160380456647.33496,1029.6655733346424,100000,False,True,max_steps,coast_arc,"{""burn_a"": 18, ""coast_arc"": 99982}","{""intercept_possible_poor_alignment"": 100000}",0.019607843137254777,0.681889445443471,-0.024462734730208335,-0.5248741722115695,0.6818303967699995,0.5248266330392679,0.9637353295947576,False,False,0,18,0,99982,0,1,0,0,0,0,0,0,0,False,0.0,,baseline_phase22_burn_a,18,1.0200002408185314,0.02000024081853125,0.24923662816547834,-0.5069348099548513,-0.6555516723375356,-0.4970733874147136,0.7623993334561142,0.14351751776397798,1.064539007089834,True,,dead_geometry,no_window,,,,,,,,,,,,,,,,,,,,,,,,,,
phase31_phase22_baseline,1.05,165.0,12000.0,1.0,False,False,False,False,,,,,,,,,False,False,dead_geometry,no_window,0.0,,,False,0,,375000106000.7754,384903140850.61426,980.1854391913504,100000,False,True,max_steps,coast_arc,"{""burn_a"": 24, ""coast_arc"": 99976}","{""intercept_possible_poor_alignment"": 100000}",0.04761904761904765,0.8453702873813108,-0.010220561444707415,-1.055417207463039,0.8452991988716839,1.0552865575263188,0.9357297215169665,False,False,0,24,0,99976,0,1,0,0,0,0,0,0,0,False,0.0,,baseline_phase22_burn_a,24,1.05000031632325,0.05000031632325,0.23851265674960964,-1.011301898413173,-0.8477453105955539,-1.011866996908885,0.9998698865998006,7.041738894068149e-05,1.0823298401202355,True,,dead_geometry,no_window,,,,,,,,,,,,,,,,,,,,,,,,,,
phase31_phase22_baseline,0.98,170.0,12000.0,1.0,False,False,False,False,,,,,,,,,False,False,window_no_crossing,dead_window_no_crossing,0.0,,,False,0,,149334166048.54395,149334166048.54395,66.48041404328342,100000,False,True,max_steps,phase76_handoff,"{""burn_a"": 18, ""burn_b"": 46, ""coast_arc"": 1, ""phase76_handoff"": 99935}","{""insertion_window"": 99904, ""intercept_possible_poor_alignment"": 1, ""no_intercept_possible"": 95}",0.020408163265306496,0.998534373135179,-0.025090063551973553,-1.2005953447826276,1.0011591848019867,0.9993908926068539,1.4951659464547258,False,False,0,18,46,1,0,1,1,1,1,1,0,1,0,True,0.0,2032565,baseline_phase22_burn_a,18,0.9800001648356859,-0.01999983516431419,0.17059813038699786,0.45817638711950265,1.1145661147784065,0.42901309973661744,,,,False,2089892,dead_geometry,no_window,,,,,,,,,,,,,,,,,,,,,,,,,,
phase31_phase22_baseline,1.0,170.0,12000.0,1.0,True,True,True,True,-30.099257367256808,-2552.5823086070577,-0.007154283714171683,-0.6067225452351612,-1052.3896484375,1.4031861979166667e-10,2.426890180940645,2.4531113690583384,False,True,near_recoverable_crossing,no_window,11.286554909529677,0.49396317678545365,0.010598707260321274,False,6,1010,10.53125,67.607421875,14.814055285645287,1222,True,False,success,phase76_handoff,"{""phase76_handoff"": 1010}","{""handoff_ready"": 209, ""insertion_window"": 560, ""intercept_possible_poor_alignment"": 453}",2.104654818683916e-16,1.8038365054494238e-11,-0.015192246987791962,9.019278608507897e-12,0.7941505641062065,0.769303524146656,1.0000000000000049,False,False,0,0,0,0,0,1,0,0,0,0,0,0,1010,True,0.8265139116202946,0,baseline_phase22_burn_a,,,,,,,,,,,,,near_recoverable_crossing,no_window,,,,,,,,,,,,,,,,,,,,,,,,,,
phase31_phase22_baseline,1.02,170.0,12000.0,1.0,False,False,False,False,,,,,,,,,False,False,dead_geometry,no_window,0.0,,,False,0,,150000072218.56543,156937486231.89258,685.5597949833151,100000,False,True,max_steps,coast_arc,"{""burn_a"": 18, ""coast_arc"": 99982}","{""intercept_possible_poor_alignment"": 100000}",0.01960784313725499,0.6981974715878331,-0.005392923511594131,-0.5058356298554714,0.6981368727963326,0.5057880877520339,0.963265962265492,False,False,0,18,0,99982,0,1,0,0,0,0,0,0,0,False,0.0,,baseline_phase22_burn_a,18,1.0200001615709862,0.020000161570986066,0.16721868800975698,-0.48826790116392177,-0.670952172532682,-0.4780331765061405,0.7380719083768554,0.15675379339322265,1.0401685559571938,True,,dead_geometry,no_window,,,,,,,,,,,,,,,,,,,,,,,,,,
phase31_phase22_baseline,1.05,170.0,12000.0,1.0,False,False,False,False,,,,,,,,,False,False,dead_geometry,no_window,0.0,,,False,0,,375000071118.5596,381608948690.8535,650.7459705683316,100000,False,True,max_steps,coast_arc,"{""burn_a"": 24, ""coast_arc"": 99976}","{""intercept_possible_poor_alignment"": 100000}",0.047619047619047436,0.8780972997267489,0.009127655905139585,-1.0361306609375238,0.8780221157248826,1.0360001860219383,0.9350032816756486,False,False,0,24,0,99976,0,1,0,0,0,0,0,0,0,False,0.0,,baseline_phase22_burn_a,24,1.0500002122286762,0.0500002122286763,0.1600233206126968,-0.9929314820885049,-0.8791040926812727,-0.9925780546927881,0.9999482431804503,2.7543348849694395e-05,1.0643094498968104,True,,dead_geometry,no_window,,,,,,,,,,,,,,,,,,,,,,,,,,
phase31_phase22_baseline,0.98,175.0,12000.0,1.0,False,False,False,False,,,,,,,,,False,False,window_no_crossing,dead_window_no_crossing,0.0,,,False,0,,149334875216.38672,149334875216.38672,66.48041404200266,100000,False,True,max_steps,phase76_handoff,"{""burn_a"": 18, ""burn_b"": 46, ""coast_arc"": 1, ""phase76_handoff"": 99935}","{""insertion_window"": 99904, ""intercept_possible_poor_alignment"": 1, ""no_intercept_possible"": 95}",0.020408163265306287,0.9985345701622997,-0.013817563036137981,-1.2005953251673396,1.0011601052029655,0.9993926896503248,1.4993951176966982,False,False,0,18,46,1,0,1,1,1,1,1,0,1,0,True,0.0,4049661,baseline_phase22_burn_a,18,0.9800000827326932,-0.01999991726730677,0.08562508084953349,0.4696980581883014,1.1265278824703169,0.440304218616614,,,,False,4163886,dead_geometry,no_window,,,,,,,,,,,,,,,,,,,,,,,,,,
phase31_phase22_baseline,1.0,175.0,12000.0,1.0,True,True,True,True,-67.92548656141525,-2582.702318568411,-0.016145189110617915,-0.6138817616273774,-5157.419921875,6.876559895833333e-10,2.4555270465095096,2.584817383236934,False,True,near_recoverable_crossing,no_window,11.272236476745245,0.5104796369222995,0.010969941268989187,False,1,43,1216.3447265625,2626.7353515625,7.257112147984378,255,True,False,success,phase76_handoff,"{""phase76_handoff"": 43}","{""handoff_ready"": 209, ""insertion_window"": 26, ""intercept_possible_poor_alignment"": 20}",2.104654818683916e-16,7.004529062574584e-10,-0.0038053019082545138,-3.5022646825758274e-10,0.16585029829326867,0.15445766656619989,1.0000000000000049,False,False,0,0,0,0,0,1,0,0,0,0,0,0,43,True,0.16862745098039217,0,baseline_phase22_burn_a,,,,,,,,,,,,,near_recoverable_crossing,no_window,,,,,,,,,,,,,,,,,,,,,,,,,,
phase31_phase22_baseline,1.02,175.0,12000.0,1.0,False,False,False,False,,,,,,,,,False,False,dead_geometry,no_window,0.0,,,False,0,,150000036247.20605,153440302747.25977,335.9593860876791,100000,False,True,max_steps,coast_arc,"{""burn_a"": 18, ""coast_arc"": 99982}","{""intercept_possible_poor_alignment"": 100000}",0.019607843137254777,0.7080140146639551,0.006107327294770394,-0.4943543840493252,0.7079524827799724,0.49430696231574167,0.9629833240498897,False,False,0,18,0,99982,0,1,0,0,0,0,0,0,0,False,0.0,,baseline_phase22_burn_a,18,1.0200000810939593,0.020000081093959374,0.08392844594425176,-0.47701075238282,-0.6802224206737376,-0.4665509250192077,0.7224005869378006,0.1652158724027068,1.0251027279157185,True,,dead_geometry,no_window,,,,,,,,,,,,,,,,,,,,,,,,,,
phase31_phase22_baseline,1.05,175.0,12000.0,1.0,False,False,False,False,,,,,,,,,False,False,dead_geometry,no_window,0.0,,,False,0,,375000035695.10156,378263780650.0596,316.2190925781402,100000,False,True,max_steps,coast_arc,"{""burn_a"": 24, ""coast_arc"": 99976}","{""intercept_possible_poor_alignment"": 100000}",0.04761904761904765,0.8977985573807181,0.020795802465610375,-1.0245000139379012,0.89772090788909,1.0243697678174712,0.9345657275839377,False,False,0,24,0,99976,0,1,0,0,0,0,0,0,0,False,0.0,,baseline_phase22_burn_a,24,1.0500001065193554,0.05000010651935534,0.08031674129105737,-0.9818532999116788,-0.8979816298738238,-0.9809459629742882,0.9996554035070224,0.00018155944586275394,1.0535694192361376,True,,dead_geometry,no_window,,,,,,,,,,,,,,,,,,,,,,,,,,
phase31_phase30_best_baseline,0.98,150.0,8000.0,1.0,False,False,False,False,,,,,,,,,False,False,window_no_crossing,dead_window_no_crossing,0.0,,,False,0,,149555265465.33398,149555265465.33398,44.31703942883708,100000,False,True,max_steps,phase76_handoff,"{""burn_a"": 6, ""burn_b"": 46, ""coast_arc"": 1, ""phase76_handoff"": 99947}","{""insertion_window"": 99637, ""no_intercept_possible"": 363}",0.020408163265306076,1.0228930012503383,-0.1426785900258876,-0.8693610489064224,1.0228572475532187,0.9994647232793081,1.060830298666915,False,False,0,6,46,1,0,1,1,1,1,1,0,1,0,True,0.0,705902,endpoint_crossing_quality_search,6,0.9800001375474906,-0.019999862452509374,0.4806231040708035,-0.06404957753750048,0.06618572138165595,-0.08276845724911855,0.4630002714095328,0.5750605242243704,1.5666929762245265,True,741812,dead_geometry,no_window,3,6,0.05,-0.08,0.2,15.050148847318699,False,23.786568137814022,25.09612372082996,0.019995565935835027,,,,,,,,,,,,,,,,
phase31_phase30_best_baseline,1.0,150.0,8000.0,1.0,True,True,True,True,-25.192574395203952,-3281.9890635371144,-0.005988015668111895,-0.7800950243010297,-1460.0703125,1.9467604166666666e-10,3.120380097204119,3.134710956393185,False,False,crossing_bad_sync,no_window,8.93980995139794,0.6312616384372342,0.022897899677950195,False,1,631,473.6396484375,1334.857421875,19.644712995676638,852,True,False,success,phase76_handoff,"{""phase76_handoff"": 631}","{""handoff_ready"": 216, ""insertion_window"": 382, ""intercept_possible_poor_alignment"": 254}",0.0,3.55947010158653e-10,-0.13397459621556124,-1.7797318008717732e-10,0.730935153977333,0.7067683357255949,1.0000000000000073,False,False,0,0,0,0,0,1,0,0,0,0,0,0,631,True,0.7406103286384976,0,endpoint_crossing_quality_search,,,,,,,,,,,,,crossing_bad_sync,no_window,15,6,0.105,-0.08,0.2,14.702909908960324,False,21.918906326162908,21.919053486524145,1.5618812447916667e-07,,,,,,,,,,,,,,,,
phase31_phase30_best_baseline,1.02,150.0,8000.0,1.0,False,False,False,False,,,,,,,,,False,False,dead_geometry,no_window,0.0,,,False,0,,150000210343.29297,172020808480.3125,2198.0691623066245,100000,False,True,max_steps,coast_arc,"{""burn_a"": 6, ""coast_arc"": 99994}","{""intercept_possible_poor_alignment"": 100000}",0.01960784313725499,0.07090510789865744,-0.12535721577320472,-0.20018374992345322,0.07090246576642285,0.20018113099469836,0.9820588453336919,False,False,0,6,0,99994,0,1,0,0,0,0,0,0,0,False,0.0,,endpoint_crossing_quality_search,6,1.020000142972274,0.02000014297227409,0.5195268012789128,-0.20363997438843215,-0.05668665124540007,-0.18771266001879705,0.5502606809330887,0.42561275713746666,1.4670959258413716,True,,dead_geometry,no_window,12,6,0.05,0.08,-0.2,15.482893015660695,False,26.220709380301027,27.42773864039755,0.020000172389752345,,,,,,,,,,,,,,,,
phase31_phase30_best_baseline,1.05,150.0,8000.0,1.0,False,False,False,False,,,,,,,,,False,False,dead_geometry,no_window,0.0,,,False,0,,375000207346.2207,396723299068.3262,2168.5269480499933,100000,False,True,max_steps,coast_arc,"{""burn_a"": 6, ""coast_arc"": 99994}","{""intercept_possible_poor_alignment"": 100000}",0.04761904761904765,0.041501664178157184,-0.11258803253505753,-0.18961534687495046,0.04150055633593365,0.18961265091888854,0.9678121795600383,False,False,0,6,0,99994,0,1,0,0,0,0,0,0,0,False,0.0,,endpoint_crossing_quality_search,6,1.0500001409742263,0.050000140974226434,0.5124030707841433,-0.2159786388676552,-0.02751524736554665,-0.1767774602842331,0.5510514448879084,0.4369264166766906,1.5095167189632075,True,,dead_geometry,no_window,12,6,0.05,0.08,-0.2,16.009027080042305,False,25.86453126932153,32.70807608603983,0.05000016999209531,,,,,,,,,,,,,,,,
phase31_phase30_best_baseline,0.98,165.0,8000.0,1.0,False,False,False,False,,,,,,,,,False,False,window_no_crossing,dead_window_no_crossing,0.0,,,False,0,,149554969443.61914,149554969443.61914,44.32521170301662,100000,False,True,max_steps,phase76_handoff,"{""burn_a"": 26, ""burn_b"": 46, ""coast_arc"": 1, ""phase76_handoff"": 99927}","{""insertion_window"": 99637, ""no_intercept_possible"": 363}",0.020408163265306076,1.023885802953837,-0.04378221735089306,-0.8738111264653784,1.0227415562096518,0.9992937943431968,1.300574280040943,False,False,0,26,46,1,0,1,1,1,1,1,0,1,0,True,0.0,1363699,endpoint_crossing_quality_search,26,0.9800002774888126,-0.01999972251118737,0.13918154015082707,0.2813960398450691,0.620531563379524,0.25576847462123353,0.6337156742097617,0.9652563703383222,4.305274211366668,True,2561616,dead_geometry,no_window,51,26,0.05,-0.08,0.2,13.290907611702327,False,7.999403860655313,10.509949669999438,0.019998509651638283,,,,,,,,,,,,,,,,
phase31_phase30_best_baseline,1.0,165.0,8000.0,1.0,True,True,True,True,-88.06929902399378,-3143.494158607936,-0.020933166025926386,-0.7471762106990555,-2645.9189453125,3.5278919270833335e-10,2.988704842796222,3.1666781075799455,False,True,near_recoverable_crossing,no_window,11.00564757860189,0.6228607681431453,0.021398883100412866,False,1,182,2175.0126953125,2201.5400390625,24.039640678408468,403,True,False,success,phase76_handoff,"{""phase76_handoff"": 182}","{""handoff_ready"": 216, ""insertion_window"": 109, ""intercept_possible_poor_alignment"": 78}",2.104654818683916e-16,5.870625232460438e-10,-0.034074173710931875,-2.935310709686659e-10,0.4505343981162966,0.4324346135808888,1.0000000000000073,False,False,0,0,0,0,0,1,0,0,0,0,0,0,182,True,0.45161290322580644,1,endpoint_crossing_quality_search,,,,,,,,,,,,,near_recoverable_crossing,no_window,39,16,0.105,-0.08,0.2,10.91336875343038,False,4.724727132185461,4.959228800453437,1.5394548033854167e-07,,,,,,,,,,,,,,,,
phase31_phase30_best_baseline,1.02,165.0,8000.0,1.0,False,False,False,False,,,,,,,,,False,False,dead_geometry,no_window,0.0,,,False,0,,150000105759.05566,155366439996.32715,530.2868634176164,100000,False,True,max_steps,coast_arc,"{""burn_a"": 26, ""coast_arc"": 99974}","{""intercept_possible_poor_alignment"": 100000}",0.019607843137254777,0.5364080575022332,-0.024462734730208335,-0.3487110741137948,0.5363384595801807,0.34866730058604606,0.9770730401672317,False,False,0,26,0,99974,0,1,0,0,0,0,0,0,0,False,0.0,,endpoint_crossing_quality_search,26,1.0200002702272972,0.020000270227297265,0.13400300853635527,-0.3492550573551869,-0.5193580075829485,-0.33623998265324373,0.5749828338044843,0.27973470641830417,1.036610743448166,True,,dead_geometry,no_window,52,26,0.05,-0.08,-0.2,13.32756770084406,False,8.000113885019791,10.381112912714762,0.020000277469924218,,,,,,,,,,,,,,,,
phase31_phase30_best_baseline,1.05,165.0,8000.0,1.0,False,False,False,False,,,,,,,,,False,False,dead_geometry,no_window,0.0,,,False,0,,375000108322.7881,386838903634.33496,1181.789525966664,100000,False,True,max_steps,coast_arc,"{""burn_a"": 6, ""coast_arc"": 99994}","{""intercept_possible_poor_alignment"": 100000}",0.04761904761904765,0.06961886897398346,-0.010220561444707415,-0.0872478733631772,0.06961646596905675,0.08724517740722436,0.9653881283483092,False,False,0,6,0,99994,0,1,0,0,0,0,0,0,0,False,0.0,,endpoint_crossing_quality_search,6,1.05000007495861,0.05000007495861002,0.2770346039541552,-0.11848576538731169,-0.050946251169747686,-0.07440998757959552,0.31565268256671203,0.6511725187387847,1.2518743761656077,True,,dead_geometry,no_window,12,6,0.05,0.08,-0.2,15.657071407459695,False,20.000042635241456,24.474060369736534,0.05000009077335716,,,,,,,,,,,,,,,,
phase31_phase30_best_baseline,0.98,170.0,8000.0,1.0,False,False,False,False,,,,,,,,,False,False,window_no_crossing,dead_window_no_crossing,0.0,,,False,0,,149556618582.0371,149556618582.0371,44.317039428679436,100000,False,True,max_steps,phase76_handoff,"{""burn_a"": 6, ""burn_b"": 46, ""coast_arc"": 1, ""phase76_handoff"": 99947}","{""insertion_window"": 99637, ""no_intercept_possible"": 363}",0.020408163265306496,1.0228933770106345,-0.025090063551973553,-0.8693610733040121,1.022858680310319,0.9994575567628952,1.0781061613641152,False,False,0,6,46,1,0,1,1,1,1,1,0,1,0,True,0.0,2032565,endpoint_crossing_quality_search,6,0.9800000450837789,-0.019999954916221092,0.15095804704552104,0.055938795263325077,0.09697883866476398,0.0348200669637698,0.18165205125451586,0.9062334126649354,1.308554109083432,True,2361807,dead_geometry,no_window,3,6,0.05,-0.08,0.2,12.116490458643971,False,7.999454288277343,10.835388898067203,0.01999863572069336,,,,,,,,,,,,,,,,
phase31_phase30_best_baseline,1.0,170.0,8000.0,1.0,True,True,True,True,-26.609700880474676,-3835.407376660934,-0.006324852049514541,-0.911636861908399,-2190.5517578125,2.920735677083333e-10,3.646547447633596,3.6602346470497937,False,False,crossing_bad_sync,no_window,8.676726276183203,0.7368993122782103,0.029925929496057102,False,1,2307,470.41796875,2058.1533203125,20.503655353634183,2529,True,False,success,phase76_handoff,"{""phase76_handoff"": 2307}","{""handoff_ready"": 216, ""insertion_window"": 1096, ""intercept_possible_poor_alignment"": 1217}",2.104654818683916e-16,5.488264172930856e-10,-0.015192246987791962,-2.744130855547726e-10,0.8975993091151757,0.8706165037730679,1.0000000000000073,False,False,0,0,0,0,0,1,0,0,0,0,0,0,2307,True,0.9122182680901542,0,endpoint_crossing_quality_search,,,,,,,,,,,,,crossing_bad_sync,no_window,51,26,0.05,-0.08,0.2,8.906480997134476,False,2.3246252986888543,2.621049522125885,1.56969199609375e-07,,,,,,,,,,,,,,,,
phase31_phase30_best_baseline,1.02,170.0,8000.0,1.0,False,False,False,False,,,,,,,,,False,False,dead_geometry,no_window,0.0,,,False,0,,150000070279.30078,155979815875.00684,596.1378237453387,100000,False,True,max_steps,coast_arc,"{""burn_a"": 6, ""coast_arc"": 99994}","{""intercept_possible_poor_alignment"": 100000}",0.01960784313725499,0.12730619111789568,-0.005392923511594131,-0.08021945410267198,0.1273015019452516,0.08021683517408726,0.977261188945851,False,False,0,6,0,99994,0,1,0,0,0,0,0,0,0,False,0.0,,endpoint_crossing_quality_search,6,1.020000044109443,0.02000004410944297,0.1474841750798391,-0.08602784874663744,-0.10368755376657478,-0.06774836540676775,0.20197215453136727,0.7230559434553633,1.089051109101824,True,,dead_geometry,no_window,4,6,0.05,-0.08,-0.2,12.191515211914304,False,8.000024042865782,10.72320555348058,0.020000052108304037,,,,,,,,,,,,,,,,
phase31_phase30_best_baseline,1.05,170.0,8000.0,1.0,False,False,False,False,,,,,,,,,False,False,dead_geometry,no_window,0.0,,,False,0,,375000069238.4297,380876609313.02734,585.9009688503922,100000,False,True,max_steps,coast_arc,"{""burn_a"": 6, ""coast_arc"": 99994}","{""intercept_possible_poor_alignment"": 100000}",0.047619047619047436,0.09709117862130796,0.009127655905139585,-0.06789965492342008,0.09708757948199975,0.06789714152064202,0.9630137743428642,False,False,0,6,0,99994,0,1,0,0,0,0,0,0,0,False,0.0,,endpoint_crossing_quality_search,6,1.0500000434155286,0.050000043415528515,0.1450101291550004,-0.10005886533040677,-0.07383984257563474,-0.05506176952550713,0.20287812912743602,0.7423098298910619,1.1201652997362246,True,,dead_geometry,no_window,4,6,0.05,-0.08,-0.2,15.573437251248953,False,20.00002365427375,21.196375924255133,0.05000005127560664,,,,,,,,,,,,,,,,
phase31_phase30_best_baseline,0.98,175.0,8000.0,1.0,False,False,False,False,,,,,,,,,False,False,window_no_crossing,dead_window_no_crossing,0.0,,,False,0,,149556895640.15527,149556895640.15527,44.31703942864714,100000,False,True,max_steps,phase76_handoff,"{""burn_a"": 6, ""burn_b"": 46, ""coast_arc"": 1, ""phase76_handoff"": 99947}","{""insertion_window"": 99637, ""no_intercept_possible"": 363}",0.020408163265306287,1.0228934539496584,-0.013817563036137981,-0.8693610782995925,1.0228591061388506,0.9994580105968205,1.081262296734432,False,False,0,6,46,1,0,1,1,1,1,1,0,1,0,True,0.0,2807969,endpoint_crossing_quality_search,6,0.9800000205782867,-0.01999997942171328,0.06358750065658034,0.06744137236148497,0.10265816999168251,0.04609256688036984,0.1342764627984417,0.9647644947004577,1.2640405527377767,True,5606986,dead_geometry,no_window,3,6,0.05,-0.08,0.2,11.671170075459818,False,7.999779720791198,8.527117177081056,0.019999449301977994,,,,,,,,,,,,,,,,
phase31_phase30_best_baseline,1.0,175.0,8000.0,1.0,True,True,True,True,-35.33209647045934,-3439.731965189568,-0.00839807571601849,-0.8175888886362344,-454.1748046875,6.0556640625e-11,3.2703555545449374,3.2972025479901705,False,False,crossing_bad_sync,no_window,8.86482222272753,0.6641488018287663,0.02482508985438676,False,1,86,265.2685546875,277.490234375,8.86631054729974,307,True,False,success,phase76_handoff,"{""phase76_handoff"": 86}","{""handoff_ready"": 215, ""insertion_window"": 52, ""intercept_possible_poor_alignment"": 40}",2.104654818683916e-16,7.398261572089514e-11,-0.0038053019082545138,-3.6991364129378737e-11,0.2861142806458803,0.2677516417374583,1.0000000000000073,False,False,0,0,0,0,0,1,0,0,0,0,0,0,86,True,0.28013029315960913,1,endpoint_crossing_quality_search,,,,,,,,,,,,,crossing_bad_sync,no_window,51,26,0.05,-0.08,0.2,3.136180871961565,True,1.9999679431929127,2.361834856244381,5.918640625e-10,,,,,,,,,,,,,,,,
phase31_phase30_best_baseline,1.02,175.0,8000.0,1.0,False,False,False,False,,,,,,,,,False,False,window_no_crossing,dead_window_no_crossing,0.0,,,False,0,,149559549481.49316,149559549481.49316,44.32553590810995,100000,False,True,max_steps,phase76_handoff,"{""burn_a"": 6, ""burn_b"": 46, ""coast_arc"": 80, ""phase76_handoff"": 99868}","{""insertion_window"": 99548, ""intercept_possible_good_alignment"": 4, ""intercept_possible_poor_alignment"": 448}",0.019607843137254777,0.9440215185476949,0.006107327294770394,-1.1315801388725706,0.942339789988561,0.9987210334499246,1.0000027225606127,False,False,0,6,46,80,0,1,1,1,1,1,0,1,0,True,0.0,2808016,endpoint_crossing_quality_search,6,1.0200000200892558,0.02000002008925586,0.061843909012231996,-0.07475307117701668,-0.10087772672888382,-0.05624811401303481,0.1395845718086475,0.7815722012543265,1.035159985655061,True,,dead_geometry,no_window,4,6,0.05,-0.08,-0.2,11.686228161833046,False,8.000010591561198,8.49884722765481,0.02000002328407969,,,,,,,,,,,,,,,,
phase31_phase30_best_baseline,1.05,175.0,8000.0,1.0,False,False,False,False,,,,,,,,,False,False,window_no_crossing,dead_window_no_crossing,0.0,,,False,0,,374559435488.52246,374559435488.52246,44.32545918115175,100000,False,True,max_steps,phase76_handoff,"{""burn_a"": 6, ""burn_b"": 46, ""coast_arc"": 80, ""phase76_handoff"": 99868}","{""intercept_possible_good_alignment"": 4, ""intercept_possible_poor_alignment"": 99951, ""no_intercept_possible"": 45}",0.04761904761904765,0.8880430866504665,0.020795802465610375,-1.135257170936956,0.8863880723458433,0.9987231940864383,1.0000170145598686,False,False,0,6,46,80,0,1,1,1,1,0,0,1,0,True,0.0,7008005,endpoint_crossing_quality_search,6,1.0500000197409738,0.0500000197409737,0.06060216112870988,-0.08894632416305383,-0.07107044676113385,-0.043393622386119914,0.14095379986297701,0.8020445365986316,1.065246271441031,True,,dead_geometry,no_window,4,6,0.05,-0.08,-0.2,15.513406817041474,False,20.000010396523177,20.19711923922687,0.05000002286614102,,,,,,,,,,,,,,,,
phase31_phase30_best_baseline,0.98,150.0,10000.0,1.0,False,False,False,False,,,,,,,,,False,False,window_no_crossing,dead_window_no_crossing,0.0,,,False,0,,149444854645.3672,149444854645.3672,55.402554191556575,100000,False,True,max_steps,phase76_handoff,"{""burn_a"": 6, ""burn_b"": 46, ""coast_arc"": 1, ""phase76_handoff"": 99947}","{""insertion_window"": 99526, ""intercept_possible_poor_alignment"": 13, ""no_intercept_possible"": 461}",0.020408163265306076,1.015640537128108,-0.1426785900258876,-0.8455834261274847,1.0130751087574557,0.9994658826500136,1.0740344632398984,False,False,0,6,46,1,0,1,1,1,1,1,0,1,0,True,0.0,705902,endpoint_crossing_quality_search,6,0.9800001365187081,-0.019999863481291926,0.47450983041921396,-0.048766381568443914,0.08918893376372908,-0.06779092407589045,0.4566099534124288,0.5966001805764314,1.5992449009557532,True,751369,dead_geometry,no_window,3,6,0.05,-0.08,0.2,15.022314929176112,False,23.419787850592677,24.74826177844696,0.019995633216739715,,,,,,,,,,,,,,,,
phase31_phase30_best_baseline,1.0,150.0,10000.0,1.0,True,True,True,True,-6.276680836972505,-4026.540150778171,-0.0014919024394221608,-0.9570671553015822,-547.65234375,7.30203125e-11,3.8282686212063286,3.828995307954149,False,False,crossing_bad_sync,no_window,8.585865689396837,0.7674440072415927,0.02644763969103196,False,1,413,80.015625,399.2158203125,22.040497429913927,630,True,False,success,phase76_handoff,"{""phase76_handoff"": 413}","{""handoff_ready"": 211, ""insertion_window"": 251, ""intercept_possible_poor_alignment"": 168}",0.0,1.0644565350620334e-10,-0.13397459621556124,-5.3222465417905946e-11,0.6430051106494269,0.6187930017814905,1.000000000000006,False,False,0,0,0,0,0,1,0,0,0,0,0,0,413,True,0.6555555555555556,0,endpoint_crossing_quality_search,,,,,,,,,,,,,crossing_bad_sync,no_window,3,6,0.05,-0.08,0.2,14.681133720749822,False,23.165976717047887,23.166594078643747,1.6108512864583332e-07,,,,,,,,,,,,,,,,
phase31_phase30_best_baseline,1.02,150.0,10000.0,1.0,False,False,False,False,,,,,,,,,False,False,dead_geometry,no_window,0.0,,,False,0,,150000210857.68457,172326157119.75488,2228.2941948165117,100000,False,True,max_steps,coast_arc,"{""burn_a"": 6, ""coast_arc"": 99994}","{""intercept_possible_poor_alignment"": 100000}",0.01960784313725499,0.09158251826479366,-0.12535721577320472,-0.21889038349770185,0.09157911344997353,0.21888710983675352,0.9800538931130173,False,False,0,6,0,99994,0,1,0,0,0,0,0,0,0,False,0.0,,endpoint_crossing_quality_search,6,1.0200001440010569,0.02000014400105677,0.5256400757170138,-0.21892317017357676,-0.0744055336154057,-0.20330152110115948,0.5639540969669807,0.40584852682740025,1.455645980995863,True,,dead_geometry,no_window,12,6,0.05,0.08,-0.2,15.555849227444082,False,26.587493303030907,27.780980991137707,0.020000173830048047,,,,,,,,,,,,,,,,
phase31_phase30_best_baseline,1.05,150.0,10000.0,1.0,False,False,False,False,,,,,,,,,False,False,dead_geometry,no_window,0.0,,,False,0,,375000207860.6123,397028791709.5537,2198.7799890323995,100000,False,True,max_steps,coast_arc,"{""burn_a"": 6, ""coast_arc"": 99994}","{""intercept_possible_poor_alignment"": 100000}",0.04761904761904765,0.06183101473417359,-0.11258803253505753,-0.20887217549662346,0.06182897088354081,0.20886880555154036,0.965807684066397,False,False,0,6,0,99994,0,1,0,0,0,0,0,0,0,False,0.0,,endpoint_crossing_quality_search,6,1.050000142003009,0.050000142003008986,0.5185163453989775,-0.23126183467202244,-0.044944079882372465,-0.192824817242491,0.5649652450985211,0.41632347919560436,1.4976545398244532,True,,dead_geometry,no_window,12,6,0.05,0.08,-0.2,16.08238847164117,False,26.231315755071616,33.00100397331865,0.05000017143239076,,,,,,,,,,,,,,,,
phase31_phase30_best_baseline,0.98,165.0,10000.0,1.0,False,False,False,False,,,,,,,,,False,False,window_no_crossing,dead_window_no_crossing,0.0,,,False,0,,149445113668.10742,149445113668.10742,55.396069337889195,100000,False,True,max_steps,phase76_handoff,"{""burn_a"": 16, ""burn_b"": 46, ""coast_arc"": 1, ""phase76_handoff"": 99937}","{""insertion_window"": 99526, ""intercept_possible_poor_alignment"": 13, ""no_intercept_possible"": 461}",0.020408163265306076,1.0139757760206227,-0.04378221735089306,-0.8400279423523711,1.0130127582478685,0.9993750250050782,1.231185974696911,False,False,0,16,46,1,0,1,1,1,1,1,0,1,0,True,0.0,1363699,endpoint_crossing_quality_search,16,0.9800001788386268,-0.019999821161373176,0.1697477021165956,0.20498017645538907,0.4399755539189401,0.18088078842328129,0.46803571019852025,0.9498947653518707,2.621377906753078,True,2100361,dead_geometry,no_window,27,16,0.05,-0.08,0.2,13.154931795989201,False,8.18172386290372,11.476486171650578,0.019998343297070703,,,,,,,,,,,,,,,,
phase31_phase30_best_baseline,1.0,165.0,10000.0,1.0,True,True,True,True,-8.88966729674766,-3994.6531548940916,-0.0021129824297496515,-0.9494879445402064,-488.6103515625,6.5148046875e-11,3.7979517781608254,3.79942093563033,False,False,crossing_bad_sync,no_window,8.601024110919587,0.7621259346130128,0.026098185272395925,False,1,243,206.97265625,277.3115234375,17.30631244279581,460,True,False,success,phase76_handoff,"{""phase76_handoff"": 243}","{""handoff_ready"": 211, ""insertion_window"": 148, ""intercept_possible_poor_alignment"": 101}",2.104654818683916e-16,7.393778657325719e-11,-0.034074173710931875,-3.6968672685193056e-11,0.5219687416576904,0.504706529929417,1.0000000000000058,False,False,0,0,0,0,0,1,0,0,0,0,0,0,243,True,0.5282608695652173,0,endpoint_crossing_quality_search,,,,,,,,,,,,,near_recoverable_crossing,no_window,51,26,0.05,-0.08,0.2,11.001369057615506,False,4.993720846584629,5.200856269857944,2.5711605911458335e-07,,,,,,,,,,,,,,,,
phase31_phase30_best_baseline,1.02,165.0,10000.0,1.0,False,False,False,False,,,,,,,,,False,False,dead_geometry,no_window,0.0,,,False,0,,150000105244.6631,156612067822.97363,655.9734334263595,100000,False,True,max_steps,coast_arc,"{""burn_a"": 16, ""coast_arc"": 99984}","{""intercept_possible_poor_alignment"": 100000}",0.019607843137254777,0.4289055613419443,-0.024462734730208335,-0.2738845206628755,0.4288696722319023,0.2738633198104732,0.9738048134110324,False,False,0,16,0,99984,0,1,0,0,0,0,0,0,0,False,0.0,,endpoint_crossing_quality_search,16,1.0200001744818472,0.020000174481847266,0.16456963278484502,-0.2728390045851887,-0.4049377010249409,-0.25829565780049885,0.4765586866855641,0.3725726150935882,1.0509780509188227,True,,dead_geometry,no_window,28,16,0.05,-0.08,-0.2,13.1899754096907,False,8.000076903692708,11.318147387038726,0.020000183370540103,,,,,,,,,,,,,,,,
phase31_phase30_best_baseline,1.05,165.0,10000.0,1.0,False,False,False,False,,,,,,,,,False,False,dead_geometry,no_window,0.0,,,False,0,,375000108837.1797,387143990402.5879,1211.9630592568572,100000,False,True,max_steps,coast_arc,"{""burn_a"": 6, ""coast_arc"": 99994}","{""intercept_possible_poor_alignment"": 100000}",0.04761904761904765,0.09697752072995063,-0.010220561444707415,-0.10650470137947908,0.09697395030696519,0.10650133143454116,0.9627703547200446,False,False,0,6,0,99994,0,1,0,0,0,0,0,0,0,False,0.0,,endpoint_crossing_quality_search,6,1.0500000759873926,0.050000075987392575,0.28314787809137504,-0.1337689618637329,-0.07423283461802173,-0.09045734413428165,0.33364909740390547,0.6203039798471969,1.241489791063897,True,,dead_geometry,no_window,12,6,0.05,0.08,-0.2,15.738814379329817,False,20.000043375964687,24.688807310539758,0.050000092213652474,,,,,,,,,,,,,,,,
phase31_phase30_best_baseline,0.98,170.0,10000.0,1.0,False,False,False,False,,,,,,,,,False,False,window_no_crossing,dead_window_no_crossing,0.0,,,False,0,,149446107551.21387,149446107551.21387,55.40255419120637,100000,False,True,max_steps,phase76_handoff,"{""burn_a"": 6, ""burn_b"": 46, ""coast_arc"": 1, ""phase76_handoff"": 99947}","{""insertion_window"": 99526, ""intercept_possible_poor_alignment"": 13, ""no_intercept_possible"": 461}",0.020408163265306496,1.0156408849866219,-0.025090063551973553,-0.8455834524986457,1.0130772590260082,0.9994607354704379,1.095326406267061,False,False,0,6,46,1,0,1,1,1,1,1,0,1,0,True,0.0,1396806,endpoint_crossing_quality_search,6,0.9800000440549965,-0.019999955945003516,0.14484477402373805,0.07122199222353097,0.12768033039773846,0.04979759957174147,0.19656627397648727,0.9210313076969161,1.3717061711127845,True,2461489,dead_geometry,no_window,3,6,0.05,-0.08,0.2,12.15656649656496,False,7.99948120056375,10.59379624903834,0.019998703001409376,,,,,,,,,,,,,,,,
phase31_phase30_best_baseline,1.0,170.0,10000.0,1.0,True,True,True,True,-627.8014830847948,-3075.3016548794985,-0.1492219516037754,-0.7309675543558039,-43366.4140625,5.782188541666666e-09,7.4610975801887705,8.013550658069029,False,False,crossing_bad_sync,no_window,6.769451209905615,0.7638403911913622,0.018126425876468198,False,1,3843,15013.0810546875,48971.787109375,233.64182222797018,4059,True,False,success,phase76_handoff,"{""phase76_handoff"": 3843}","{""handoff_ready"": 212, ""insertion_window"": 1791, ""intercept_possible_poor_alignment"": 2056}",2.104654818683916e-16,1.3059133116941239e-08,-0.015192246987791962,-6.529566633759087e-09,0.9258990373606751,0.919683014238784,1.000000000000005,False,False,0,0,0,0,0,1,0,0,0,0,0,0,3843,True,0.9467849223946785,0,endpoint_crossing_quality_search,,,,,,,,,,,,,crossing_bad_sync,no_window,51,26,0.05,-0.08,0.2,8.844610444395013,False,1.5286820918256556,1.6962788910677,1.3289574583333333e-07,,,,,,,,,,,,,,,,
phase31_phase30_best_baseline,1.02,170.0,10000.0,1.0,False,False,False,False,,,,,,,,,False,False,dead_geometry,no_window,0.0,,,False,0,,150000069764.90918,155667404869.33594,564.5367889881231,100000,False,True,max_steps,coast_arc,"{""burn_a"": 6, ""coast_arc"": 99994}","{""intercept_possible_poor_alignment"": 100000}",0.01960784313725499,0.1620838721465828,-0.005392923511594131,-0.09892608671375858,0.16207799989035407,0.09892281305302329,0.974040781665123,False,False,0,6,0,99994,0,1,0,0,0,0,0,0,0,False,0.0,,endpoint_crossing_quality_search,6,1.0200000430806597,0.020000043080659634,0.14137089190853758,-0.10131104370167612,-0.13315666165833756,-0.08333722585959663,0.21872751311681224,0.6894655552214829,1.075515464325334,True,,dead_geometry,no_window,4,6,0.05,-0.08,-0.2,12.2311496011649,False,8.000023302141562,10.485915335980241,0.02000005066800703,,,,,,,,,,,,,,,,
phase31_phase30_best_baseline,1.05,170.0,10000.0,1.0,False,False,False,False,,,,,,,,,False,False,dead_geometry,no_window,0.0,,,False,0,,375000068724.0371,380564364034.96094,554.3322232557416,100000,False,True,max_steps,coast_arc,"{""burn_a"": 6, ""coast_arc"": 99994}","{""intercept_possible_poor_alignment"": 100000}",0.047619047619047436,0.13131790764871532,0.009127655905139585,-0.08715648259387823,0.13131302086631866,0.08715329520212353,0.9597933985165847,False,False,0,6,0,99994,0,1,0,0,0,0,0,0,0,False,0.0,,endpoint_crossing_quality_search,6,1.050000042386745,0.050000042386745054,0.13889684618566953,-0.11534206034283344,-0.10284982379106514,-0.07110912586220454,0.22004313519835958,0.7072194672167833,1.1062640704828157,True,,dead_geometry,no_window,4,6,0.05,-0.08,-0.2,15.660890544229387,False,20.00002291354948,21.079672663144553,0.05000004983530964,,,,,,,,,,,,,,,,
phase31_phase30_best_baseline,0.98,175.0,10000.0,1.0,False,False,False,False,,,,,,,,,False,False,window_no_crossing,dead_window_no_crossing,0.0,,,False,0,,149446372218.13477,149446372218.13477,55.40255419113244,100000,False,True,max_steps,phase76_handoff,"{""burn_a"": 6, ""burn_b"": 46, ""coast_arc"": 1, ""phase76_handoff"": 99947}","{""insertion_window"": 99526, ""intercept_possible_poor_alignment"": 13, ""no_intercept_possible"": 461}",0.020408163265306287,1.0156409584691264,-0.013817563036137981,-0.8455834580693562,1.013077743974203,0.9994612239359505,1.099208349191383,False,False,0,6,46,1,0,1,1,1,1,1,0,1,0,True,0.0,1396809,endpoint_crossing_quality_search,6,0.9800000195495042,-0.019999980450495832,0.05747422769517317,0.0827245695630656,0.13477949456523974,0.06107009933853285,0.16085521723163998,0.9698623385569236,1.3416871305521447,True,6203375,dead_geometry,no_window,3,6,0.05,-0.08,0.2,11.743798220469309,False,7.999806633070365,8.411058136899253,0.019999516582675913,,,,,,,,,,,,,,,,
phase31_phase30_best_baseline,1.0,175.0,10000.0,1.0,True,True,True,True,-75.56244302967407,-3051.944929061562,-0.017960415068522723,-0.7254159010011462,-4019.8388671875,5.35978515625e-10,2.9016636040045847,3.037448426622083,False,True,near_recoverable_crossing,no_window,11.049168197997707,0.6018852194191227,0.016617452634956786,False,1,44,1625.736328125,2204.3291015625,8.84814968539807,260,True,False,success,phase76_handoff,"{""phase76_handoff"": 44}","{""handoff_ready"": 212, ""insertion_window"": 27, ""intercept_possible_poor_alignment"": 21}",2.104654818683916e-16,5.878098861721584e-10,-0.0038053019082545138,-2.9390490934242894e-10,0.172384283833011,0.1599501633935743,1.0000000000000058,False,False,0,0,0,0,0,1,0,0,0,0,0,0,44,True,0.16923076923076924,0,endpoint_crossing_quality_search,,,,,,,,,,,,,near_recoverable_crossing,no_window,27,16,0.05,-0.08,0.2,1.9811009969353337,True,0.9629033757428744,1.1004536616133669,9.339622395833334e-11,,,,,,,,,,,,,,,,
phase31_phase30_best_baseline,1.02,175.0,10000.0,1.0,False,False,False,False,,,,,,,,,False,False,window_no_crossing,dead_window_no_crossing,0.0,,,False,0,,149448832271.18945,149448832271.18945,55.40087972343962,100000,False,True,max_steps,phase76_handoff,"{""burn_a"": 6, ""burn_b"": 46, ""coast_arc"": 80, ""phase76_handoff"": 99868}","{""insertion_window"": 99439, ""intercept_possible_good_alignment"": 2, ""intercept_possible_poor_alignment"": 559}",0.019607843137254777,0.9316628365150489,0.006107327294770394,-1.1740149231928974,0.9326222272008504,0.9987388025220036,1.0000027224979553,False,False,0,6,46,80,0,1,1,1,1,1,0,1,0,True,0.0,1396832,endpoint_crossing_quality_search,6,1.0200000190604723,0.020000019060472395,0.05573062578407111,-0.09003626633662784,-0.12964437785196053,-0.07183697431902178,0.16378798241434928,0.7402435969944128,1.030225091393199,True,,dead_geometry,no_window,4,6,0.05,-0.08,-0.2,11.754044813402233,False,8.000009850836927,8.3864373022099,0.020000021843782814,,,,,,,,,,,,,,,,
phase31_phase30_best_baseline,1.05,175.0,10000.0,1.0,False,False,False,False,,,,,,,,,False,False,window_no_crossing,dead_window_no_crossing,0.0,,,False,0,,374448717483.3408,374448717483.3408,55.40090741642968,100000,False,True,max_steps,phase76_handoff,"{""burn_a"": 6, ""burn_b"": 46, ""coast_arc"": 80, ""phase76_handoff"": 99868}","{""intercept_possible_good_alignment"": 4, ""intercept_possible_poor_alignment"": 99951, ""no_intercept_possible"": 45}",0.04761904761904765,0.8756298573667491,0.020795802465610375,-1.1791383167724214,0.8766694284248226,0.9987415398274834,1.000017014410686,False,False,0,6,46,80,0,1,1,1,1,0,0,1,0,True,0.0,3496784,endpoint_crossing_quality_search,6,1.05000001871219,0.050000018712190106,0.054488878104939006,-0.10422951937134826,-0.09938807901406879,-0.05944097857808813,0.16560476026698256,0.7589633321122629,1.0602304886844842,True,,dead_geometry,no_window,4,6,0.05,-0.08,-0.2,15.604080716893566,False,20.000009655798905,20.151412131409117,0.05000002142584401,,,,,,,,,,,,,,,,
phase31_phase30_best_baseline,0.98,150.0,12000.0,1.0,False,False,False,False,,,,,,,,,False,False,window_no_crossing,dead_window_no_crossing,0.0,,,False,0,,149333863049.86328,149333863049.86328,66.47631385666689,100000,False,True,max_steps,phase76_handoff,"{""burn_a"": 6, ""burn_b"": 46, ""coast_arc"": 1, ""phase76_handoff"": 99947}","{""insertion_window"": 99904, ""no_intercept_possible"": 96}",0.020408163265306076,1.0033688861326424,-0.1426785900258876,-1.1889810615566103,1.0011557916629434,0.9994667557874704,1.0874371084416183,False,False,0,6,46,1,0,1,1,1,1,1,0,1,0,True,0.0,705902,endpoint_crossing_quality_search,6,0.9800001354899255,-0.01999986451007448,0.4683965568264523,-0.0334831855758561,0.11273404263393359,-0.0528133909110478,0.45163954651901195,0.6180339152297113,1.6360816443677637,True,761176,dead_geometry,no_window,3,6,0.05,-0.08,0.2,14.996223590528166,False,23.05300787628358,24.401174755559662,0.019995700497616144,,,,,,,,,,,,,,,,
phase31_phase30_best_baseline,1.0,150.0,12000.0,1.0,True,True,True,True,-80.49851164523518,-3051.369756909111,-0.019133667779626447,-0.7252791884998071,-3681.29296875,4.908390625e-10,2.9011167539992284,3.0547866581952734,False,True,near_recoverable_crossing,no_window,11.049441623000385,0.6031837526262365,0.014364654403677601,False,3,114,148.345703125,755.0380859375,26.347138132160573,326,True,False,success,phase76_handoff,"{""phase76_handoff"": 114}","{""handoff_ready"": 209, ""insertion_window"": 68, ""intercept_possible_poor_alignment"": 49}",0.0,2.0133359507560395e-10,-0.13397459621556124,-1.0066672571051816e-10,0.34060435774997916,0.3252353379979766,1.0000000000000049,False,False,0,0,0,0,0,1,0,0,0,0,0,0,114,True,0.3496932515337423,0,endpoint_crossing_quality_search,,,,,,,,,,,,,near_recoverable_crossing,no_window,3,6,0.05,-0.08,0.2,14.65452256571281,False,22.799196260126262,22.799397421171662,1.59644833203125e-07,,,,,,,,,,,,,,,,
phase31_phase30_best_baseline,1.02,150.0,12000.0,1.0,False,False,False,False,,,,,,,,,False,False,dead_geometry,no_window,0.0,,,False,0,,150000211372.07617,172631583609.6289,2258.5344115335906,100000,False,True,max_steps,coast_arc,"{""burn_a"": 6, ""coast_arc"": 99994}","{""intercept_possible_poor_alignment"": 100000}",0.01960784313725499,0.11147959769552102,-0.12535721577320472,-0.23759701708662678,0.11147553820261606,0.23759308869348453,0.9780559119880657,False,False,0,6,0,99994,0,1,0,0,0,0,0,0,0,False,0.0,,endpoint_crossing_quality_search,6,1.0200001450298395,0.020000145029839454,0.5317533502116351,-0.23420636593611247,-0.09158251949514898,-0.21889038219190698,0.5779189542299422,0.3866689308704467,1.445533366510597,True,,dead_geometry,no_window,12,6,0.05,0.08,-0.2,15.628323456709735,False,26.954277526400993,28.134761513048108,0.02000017527034349,,,,,,,,,,,,,,,,
phase31_phase30_best_baseline,1.05,150.0,12000.0,1.0,False,False,False,False,,,,,,,,,False,False,dead_geometry,no_window,0.0,,,False,0,,375000208375.0029,397334359975.1211,2229.0477798573233,100000,False,True,max_steps,coast_arc,"{""burn_a"": 6, ""coast_arc"": 99994}","{""intercept_possible_poor_alignment"": 100000}",0.04761904761904765,0.08138003435219493,-0.11258803253505753,-0.22812900413295292,0.08137712151950748,0.22812496019885642,0.9638102646058669,False,False,0,6,0,99994,0,1,0,0,0,0,0,0,0,False,0.0,,endpoint_crossing_quality_search,6,1.0500001430317916,0.05000014303179154,0.5246296200687177,-0.24654503045442744,-0.06183101590747087,-0.20887217420913473,0.5791526283220099,0.3963411930648137,1.4871976846263257,True,,dead_geometry,no_window,12,6,0.05,0.08,-0.2,16.15526756180503,False,26.59810053287216,33.29555717981742,0.0500001728726862,,,,,,,,,,,,,,,,
phase31_phase30_best_baseline,0.98,165.0,12000.0,1.0,False,False,False,False,,,,,,,,,False,False,window_no_crossing,dead_window_no_crossing,0.0,,,False,0,,149334141444.8672,149334141444.8672,66.47840767217372,100000,False,True,max_steps,phase76_handoff,"{""burn_a"": 16, ""burn_b"": 46, ""coast_arc"": 1, ""phase76_handoff"": 99937}","{""insertion_window"": 99904, ""intercept_possible_poor_alignment"": 1, ""no_intercept_possible"": 95}",0.020408163265306076,0.9989488569588899,-0.04378221735089306,-1.1997564072177531,1.0011042739624685,0.9993818210838784,1.2773207148648773,False,False,0,16,46,1,0,1,1,1,1,1,0,1,0,True,0.0,1363699,endpoint_crossing_quality_search,16,0.980000170608376,-0.019999829391624088,0.15140791485895022,0.2508297708894764,0.5466835011807608,0.2258133888737226,0.5646576473256218,0.9603496757967589,3.4515788668647867,True,2354775,dead_geometry,no_window,27,16,0.05,-0.08,0.2,13.213349315982294,False,7.999411279263698,10.818759686045409,0.019998528198159244,,,,,,,,,,,,,,,,
phase31_phase30_best_baseline,1.0,165.0,12000.0,1.0,True,True,True,True,-29.385295636110204,-3791.606204635221,-0.0069845823583089784,-0.9012257740911267,-579.7763671875,7.7303515625e-11,3.604903096364507,3.621779577911722,False,False,crossing_bad_sync,no_window,8.697548451817747,0.7293621181801756,0.02031839432766244,False,2,105,135.919921875,502.3330078125,21.192783332264064,318,True,False,success,phase76_handoff,"{""phase76_handoff"": 105}","{""handoff_ready"": 209, ""insertion_window"": 63, ""intercept_possible_poor_alignment"": 46}",2.104654818683916e-16,1.3396506758790487e-10,-0.034074173710931875,6.698273464708606e-11,0.3259054175294539,0.3132262829276735,1.0000000000000049,False,False,0,0,0,0,0,1,0,0,0,0,0,0,105,True,0.330188679245283,0,endpoint_crossing_quality_search,,,,,,,,,,,,,crossing_bad_sync,no_window,27,16,0.05,-0.08,0.2,11.717464158434481,False,7.0722184507460595,7.147907413025306,1.7633175950520832e-07,,,,,,,,,,,,,,,,
phase31_phase30_best_baseline,1.02,165.0,12000.0,1.0,False,False,False,False,,,,,,,,,False,False,dead_geometry,no_window,0.0,,,False,0,,150000101335.2871,156840418756.1416,679.0418291094292,100000,False,True,max_steps,coast_arc,"{""burn_a"": 6, ""coast_arc"": 99994}","{""intercept_possible_poor_alignment"": 100000}",0.019607843137254777,0.4078424891496228,-0.024462734730208335,-0.26016630802994267,0.40782852269049513,0.2601580584047991,0.9489716837957425,False,False,0,6,0,99994,0,1,0,0,0,0,0,0,0,False,0.0,,endpoint_crossing_quality_search,6,1.0200000589150733,0.020000058915073306,0.179241658036433,-0.23615923830327862,-0.34520391926576155,-0.2208823780676098,0.42828562258532177,0.42500201584807384,1.0617614193132205,True,,dead_geometry,no_window,16,6,0.105,-0.08,-0.2,13.25217748979173,False,8.191608687818057,11.502752931660702,0.020000068105551563,,,,,,,,,,,,,,,,
phase31_phase30_best_baseline,1.05,165.0,12000.0,1.0,False,False,False,False,,,,,,,,,False,False,dead_geometry,no_window,0.0,,,False,0,,375000109351.5713,387449152921.26953,1242.1513783579574,100000,False,True,max_steps,coast_arc,"{""burn_a"": 6, ""coast_arc"": 99994}","{""intercept_possible_poor_alignment"": 100000}",0.04761904761904765,0.12355584153420583,-0.010220561444707415,-0.12576152941045635,0.1235512820745856,0.12575748547652738,0.9601567316645016,False,False,0,6,0,99994,0,1,0,0,0,0,0,0,0,False,0.0,,endpoint_crossing_quality_search,6,1.050000077016175,0.05000007701617513,0.28926115228350074,-0.14905215831819202,-0.09697752156672686,-0.10650470069735372,0.3524850521373693,0.5902718470820041,1.232919568129091,True,,dead_geometry,no_window,12,6,0.05,0.08,-0.2,15.820367430322614,False,20.000044116688073,24.90732069718463,0.05000009365394792,,,,,,,,,,,,,,,,
phase31_phase30_best_baseline,0.98,170.0,12000.0,1.0,False,False,False,False,,,,,,,,,False,False,window_no_crossing,dead_window_no_crossing,0.0,,,False,0,,149335056460.70215,149335056460.70215,66.47631385778784,100000,False,True,max_steps,phase76_handoff,"{""burn_a"": 6, ""burn_b"": 46, ""coast_arc"": 1, ""phase76_handoff"": 99947}","{""insertion_window"": 99904, ""intercept_possible_poor_alignment"": 1, ""no_intercept_possible"": 95}",0.020408163265306496,1.003369218237199,-0.025090063551973553,-1.1889810287819604,1.0011583452294988,0.999463399900476,1.1126308050351743,False,False,0,6,46,1,0,1,1,1,1,1,0,1,0,True,0.0,2032565,endpoint_crossing_quality_search,6,0.980000043026214,-0.019999956973785937,0.13873150106078289,0.08650518920726802,0.1589237186308956,0.06477513217132758,0.2154833201400002,0.9327533034018782,1.4451522971988175,True,2569956,dead_geometry,no_window,3,6,0.05,-0.08,0.2,12.201181208638745,False,7.99950811283875,10.360077473743885,0.019998770282096876,,,,,,,,,,,,,,,,
phase31_phase30_best_baseline,1.0,170.0,12000.0,1.0,True,True,True,True,-30.099257367256808,-2552.5823086070577,-0.007154283714171683,-0.6067225452351612,-1052.3896484375,1.4031861979166667e-10,2.426890180940645,2.4531113690583384,False,True,near_recoverable_crossing,no_window,11.286554909529677,0.49396317678545365,0.010598707260321274,False,6,1010,10.53125,67.607421875,14.814055285645287,1222,True,False,success,phase76_handoff,"{""phase76_handoff"": 1010}","{""handoff_ready"": 209, ""insertion_window"": 560, ""intercept_possible_poor_alignment"": 453}",2.104654818683916e-16,1.8038365054494238e-11,-0.015192246987791962,9.019278608507897e-12,0.7941505641062065,0.769303524146656,1.0000000000000049,False,False,0,0,0,0,0,1,0,0,0,0,0,0,1010,True,0.8265139116202946,0,endpoint_crossing_quality_search,,,,,,,,,,,,,near_recoverable_crossing,no_window,27,16,0.05,-0.08,0.2,9.063405946174983,False,2.813677130507406,3.02580626117836,9.988847877604166e-08,,,,,,,,,,,,,,,,
phase31_phase30_best_baseline,1.02,170.0,12000.0,1.0,False,False,False,False,,,,,,,,,False,False,dead_geometry,no_window,0.0,,,False,0,,150000069250.51758,155355071319.82617,532.9508260489595,100000,False,True,max_steps,coast_arc,"{""burn_a"": 6, ""coast_arc"": 99994}","{""intercept_possible_poor_alignment"": 100000}",0.01960784313725499,0.19608122216387416,-0.005392923511594131,-0.11763271931017572,0.19607420172226167,0.11762879091728988,0.9708208553253982,False,False,0,6,0,99994,0,1,0,0,0,0,0,0,0,False,0.0,,endpoint_crossing_quality_search,6,1.020000042051876,0.020000042051875912,0.13525760879375698,-0.11659423867932339,-0.1620838730164238,-0.09892608630404046,0.23762231086222552,0.6560436013614653,1.0650025696077567,True,,dead_geometry,no_window,4,6,0.05,-0.08,-0.2,12.272874425900513,False,8.00002256141724,10.256780540283147,0.020000049227709895,,,,,,,,,,,,,,,,
phase31_phase30_best_baseline,1.05,170.0,12000.0,1.0,False,False,False,False,,,,,,,,,False,False,dead_geometry,no_window,0.0,,,False,0,,375000074382.34375,383955715660.3457,893.1386784134146,100000,False,True,max_steps,coast_arc,"{""burn_a"": 6, ""coast_arc"": 99994}","{""intercept_possible_poor_alignment"": 100000}",0.047619047619047436,0.1349281938629116,0.009127655905139585,-0.1064133107779576,0.13492319847870973,0.10640944939720406,0.9591692061585104,False,False,0,6,0,99994,0,1,0,0,0,0,0,0,0,False,0.0,,endpoint_crossing_quality_search,6,1.050000053703358,0.050000053703357944,0.2061429053689112,-0.1306252658864216,-0.10645448159186127,-0.0871564824924002,0.2793026533334394,0.6513574292090986,1.1562180592308693,True,,dead_geometry,no_window,12,6,0.05,0.08,-0.2,15.745804987842282,False,20.00003106151073,22.677947515803343,0.05000006567856784,,,,,,,,,,,,,,,,
phase31_phase30_best_baseline,0.98,175.0,12000.0,1.0,False,False,False,False,,,,,,,,,False,False,window_no_crossing,dead_window_no_crossing,0.0,,,False,0,,149335311838.1172,149335311838.1172,66.47631385802794,100000,False,True,max_steps,phase76_handoff,"{""burn_a"": 6, ""burn_b"": 46, ""coast_arc"": 1, ""phase76_handoff"": 99947}","{""insertion_window"": 99904, ""intercept_possible_poor_alignment"": 1, ""no_intercept_possible"": 95}",0.020408163265306287,1.0033692893042674,-0.013817563036137981,-1.1889810217681127,1.0011589167396768,0.9994639532607762,1.1172153626242014,False,False,0,6,46,1,0,1,1,1,1,1,0,1,0,True,0.0,4049661,endpoint_crossing_quality_search,6,0.9800000185207217,-0.019999981479278256,0.05136095479259395,0.09800776678817676,0.16744271564251945,0.07604763178830953,0.18973617349086827,0.9732229141859545,1.4290141901875708,True,6941737,dead_geometry,no_window,3,6,0.05,-0.08,0.2,11.821267040117549,False,7.999833545338229,8.310227885612486,0.019999583863345573,,,,,,,,,,,,,,,,
phase31_phase30_best_baseline,1.0,175.0,12000.0,1.0,True,True,True,True,-67.92548656141525,-2582.702318568411,-0.016145189110617915,-0.6138817616273774,-5157.419921875,6.876559895833333e-10,2.4555270465095096,2.584817383236934,False,True,near_recoverable_crossing,no_window,11.272236476745245,0.5104796369222995,0.010969941268989187,False,1,43,1216.3447265625,2626.7353515625,7.257112147984378,255,True,False,success,phase76_handoff,"{""phase76_handoff"": 43}","{""handoff_ready"": 209, ""insertion_window"": 26, ""intercept_possible_poor_alignment"": 20}",2.104654818683916e-16,7.004529062574584e-10,-0.0038053019082545138,-3.5022646825758274e-10,0.16585029829326867,0.15445766656619989,1.0000000000000049,False,False,0,0,0,0,0,1,0,0,0,0,0,0,43,True,0.16862745098039217,0,endpoint_crossing_quality_search,,,,,,,,,,,,,near_recoverable_crossing,no_window,15,6,0.105,-0.08,0.2,1.8477554295620575,True,0.9091065097343012,0.9466051079288085,6.0819921875e-11,,,,,,,,,,,,,,,,
phase31_phase30_best_baseline,1.02,175.0,12000.0,1.0,False,False,False,False,,,,,,,,,False,False,window_no_crossing,dead_window_no_crossing,0.0,,,False,0,,149337578285.83594,149337578285.83594,66.4878998073757,100000,False,True,max_steps,phase76_handoff,"{""burn_a"": 6, ""burn_b"": 46, ""coast_arc"": 80, ""phase76_handoff"": 99868}","{""insertion_window"": 99818, ""intercept_possible_good_alignment"": 2, ""intercept_possible_poor_alignment"": 180}",0.019607843137254777,0.9202343352665887,0.006107327294770394,-0.7955209229585148,0.9207685708296646,0.9987601234767026,1.0000027224531172,False,False,0,6,46,80,0,1,1,1,1,1,0,1,0,True,0.0,7494528,endpoint_crossing_quality_search,6,1.0200000180316888,0.02000001803168893,0.04961734261243111,-0.10531946151884737,-0.15786913243765313,-0.08742583461662319,0.1890404827677145,0.7003896161606611,1.026921306956717,True,,dead_geometry,no_window,4,6,0.05,-0.08,-0.2,11.824659543617635,False,8.000009110112709,8.28939687358825,0.020000020403485676,,,,,,,,,,,,,,,,
phase31_phase30_best_baseline,1.05,175.0,12000.0,1.0,False,False,False,False,,,,,,,,,False,False,window_no_crossing,dead_window_no_crossing,0.0,,,False,0,,374337464590.94336,374337464590.94336,66.48867826755168,100000,False,True,max_steps,phase76_handoff,"{""burn_a"": 6, ""burn_b"": 46, ""coast_arc"": 80, ""phase76_handoff"": 99868}","{""intercept_possible_good_alignment"": 3, ""intercept_possible_poor_alignment"": 99952, ""no_intercept_possible"": 45}",0.04761904761904765,0.8652347470397269,0.020795802465610375,-0.7923217840807858,0.8648146847207059,0.9987636007697677,1.0000170143036433,False,False,0,6,46,80,0,1,1,1,1,0,0,1,0,True,0.0,18523211,endpoint_crossing_quality_search,6,1.0500000176834066,0.05000001768340664,0.048375595136074166,-0.11951271460160526,-0.12716381473015947,-0.0754883347616709,0.19128119034694024,0.7174811674083641,1.056883812963895,True,,dead_geometry,no_window,4,6,0.05,-0.08,-0.2,15.694462194986372,False,20.000008915074634,20.112559252048367,0.050000019985547005,,,,,,,,,,,,,,,,
phase31_direct_transfer,0.98,150.0,8000.0,1.0,False,False,False,False,,,,,,,,,False,False,window_no_crossing,dead_window_no_crossing,0.0,,,False,0,,149548394428.52734,149548394428.52734,44.31726706918045,100000,False,True,max_steps,phase76_handoff,"{""burn_b"": 46, ""coast_arc"": 1, ""global_burn1"": 8, ""global_burn2"": 8, ""global_transfer_coast"": 24, ""phase76_handoff"": 99913}","{""insertion_window"": 99637, ""no_intercept_possible"": 363}",0.020408163265306076,1.0240087176632966,-0.1426785900258876,-0.873543565659333,1.0226342407078324,0.9991383584466732,1.3059188819805845,False,False,0,16,46,25,0,1,1,1,1,1,0,1,0,True,0.0,705870,direct_transfer,40,0.9800010881312288,-0.019998911868771223,0.43003794372112436,0.21127716792779055,0.6113109500458286,0.187052942597748,0.6725327681383385,0.8424915286403664,4.303009740911248,True,829032,dead_geometry,no_window,,,,,,,,,,,1,direct_transfer,16.32587993150681,0,8,0.075,0.0,1.0,24,8,0.105,-0.12,0.2853571800517752,False,20.965911105301274,22.45984996763522
phase31_direct_transfer,1.0,150.0,8000.0,1.0,False,False,False,False,,,,,,,,,False,False,dead_geometry,no_window,0.0,,,True,0,,210358.2724609375,17292021548.72754,1734.6635929177226,100000,False,True,max_steps,coast_arc,"{""coast_arc"": 99960, ""global_burn1"": 8, ""global_burn2"": 8, ""global_transfer_coast"": 24}","{""insertion_window"": 1, ""intercept_possible_poor_alignment"": 99999}",0.0,0.6707121554840725,-0.13397459621556124,0.22595256436820776,0.6705619500459972,0.22588221798190036,1.2925594598565648,False,False,0,16,0,99984,0,1,0,0,0,0,0,0,0,False,0.0,,direct_transfer,40,1.0000010761099203,1.0761099201822916e-06,0.4208801360289213,0.20071298430455733,0.6188539117988047,0.20071427640371114,0.6711900280515593,0.8626875156983693,4.38464431299473,True,,crossing_bad_sync,no_window,,,,,,,,,,,1,direct_transfer,16.01749037222174,0,8,0.075,0.0,1.0,24,8,0.105,-0.12,0.2679491924311225,False,20.478866793088518,20.4988011446001
phase31_direct_transfer,1.02,150.0,8000.0,1.0,False,False,False,False,,,,,,,,,False,False,dead_geometry,no_window,0.0,,,False,0,,150000208285.72754,171647635048.25977,2162.847012458886,100000,False,True,max_steps,coast_arc,"{""coast_arc"": 99934, ""global_burn1"": 10, ""global_burn2"": 10, ""global_first_coast"": 6, ""global_transfer_coast"": 40}","{""intercept_possible_poor_alignment"": 100000}",0.01960784313725499,0.11050271400581653,-0.12535721577320472,-0.08424871430540781,0.11059197996886369,0.08440119153776625,1.0350282049595687,False,False,0,20,0,99980,0,1,0,0,0,0,0,0,0,False,0.0,,direct_transfer,66,1.0200018661378156,0.020001866137815624,0.5150241246379521,-0.13117675522861366,0.0593229532289352,-0.11379866898927374,0.5111131462632916,0.5197180641484177,1.6064101398564852,True,,dead_geometry,no_window,,,,,,,,,,,2,direct_transfer,15.415108682093777,6,10,0.095,0.08,-1.0,40,10,0.11,0.0,0.11359250989085172,False,25.751129041237014,26.96857476360892
phase31_direct_transfer,1.05,150.0,8000.0,1.0,False,False,False,False,,,,,,,,,False,False,dead_geometry,no_window,0.0,,,False,0,,375000205288.6543,396336144408.02734,2130.5803570318594,100000,False,True,max_steps,coast_arc,"{""coast_arc"": 99934, ""global_burn1"": 10, ""global_burn2"": 10, ""global_first_coast"": 6, ""global_transfer_coast"": 40}","{""intercept_possible_poor_alignment"": 100000}",0.04761904761904765,0.02073116959825917,-0.11258803253505753,-0.14212416804041728,0.02086568487449652,0.14223693986350858,0.9759000475083783,False,False,0,20,0,99980,0,1,0,0,0,0,0,0,0,False,0.0,,direct_transfer,66,1.050001840163346,0.05000184016334596,0.5079004588453244,-0.20510412320196836,-0.014936235557152564,-0.16535786662381044,0.5412647382704376,0.45198431749531365,1.518582827446648,True,,dead_geometry,no_window,,,,,,,,,,,2,direct_transfer,15.954657724295846,6,10,0.095,0.08,-1.0,40,10,0.11,0.0,0.08401660396362895,False,25.394900437083688,32.33377733006584
phase31_direct_transfer,0.98,165.0,8000.0,1.0,False,False,False,False,,,,,,,,,False,False,window_no_crossing,dead_window_no_crossing,0.0,,,False,0,,149553149948.2168,149553149948.2168,44.317267069544194,100000,False,True,max_steps,phase76_handoff,"{""burn_b"": 46, ""coast_arc"": 1, ""global_burn1"": 8, ""global_burn2"": 8, ""global_transfer_coast"": 24, ""phase76_handoff"": 99913}","{""insertion_window"": 99637, ""no_intercept_possible"": 363}",0.020408163265306076,1.024010038234505,-0.04378221735089306,-0.8735436486572251,1.0226384838894869,0.9991655548151235,1.2668620777816992,False,False,0,16,46,25,0,1,1,1,1,1,0,1,0,True,0.0,1363665,direct_transfer,40,0.9800005368875229,-0.019999463112477082,0.10507677857640535,0.2478568103050432,0.5273725399392647,0.2229003440576943,0.5414726253717301,0.9701665971108548,3.261496116145351,True,3392995,dead_geometry,no_window,,,,,,,,,,,1,direct_transfer,12.552365978868734,0,8,0.075,0.0,1.0,24,8,0.105,-0.12,0.08756443470178613,False,7.999486339592604,9.067769215841151
phase31_direct_transfer,1.0,165.0,8000.0,1.0,True,True,True,True,-283.3381745701588,-3260.178690596128,-0.06734656816269367,-0.7749109231111627,-221.7421875,2.9565625e-11,3.3673284081346835,4.576755578829043,False,False,crossing_bad_sync,dead_window_bad_crossing,8.816335795932659,0.7007446203137283,0.0231998084720361,False,2,1592,221.7421875,1213.763671875,120.33169914619066,1813,True,False,success,phase76_handoff,"{""burn_b"": 1, ""coast_arc"": 81, ""global_burn1"": 8, ""global_burn2"": 8, ""global_transfer_coast"": 24, ""phase76_handoff"": 1470}","{""handoff_ready"": 219, ""insertion_window"": 885, ""intercept_possible_good_alignment"": 2, ""intercept_possible_poor_alignment"": 707}",2.104654818683916e-16,3.236849669085291e-10,-0.034074173710931875,1.618424789315834e-10,0.8282501923475406,0.7874122240882081,1.2349837074236132,False,False,0,16,1,105,0,1,1,1,1,0,0,1,0,True,0.0,1,direct_transfer,40,1.0000005284563565,5.284563565104166e-07,0.09049390866064491,0.2195387460634464,0.4954649575668388,0.21953939053644886,0.499616829401257,0.9917708950117805,2.9722748734542463,True,,near_recoverable_crossing,no_window,,,,,,,,,,,1,direct_transfer,8.340549163711332,0,8,0.075,0.0,1.0,24,8,0.105,-0.12,0.06814834742186375,False,3.3223719587700913,3.4508307312703534
phase31_direct_transfer,1.02,165.0,8000.0,1.0,False,False,False,False,,,,,,,,,False,False,dead_geometry,no_window,0.0,,,False,0,,150000107816.6211,169373782819.70312,1935.450727745838,100000,False,True,max_steps,coast_arc,"{""coast_arc"": 99960, ""global_burn1"": 8, ""global_burn2"": 8, ""global_transfer_coast"": 24}","{""intercept_possible_poor_alignment"": 100000}",0.019607843137254777,0.029619247996017856,-0.024462734730208335,-0.10045087688054422,0.029689303377411415,0.10047471921953695,0.9951896086247445,False,False,0,16,0,99984,0,1,0,0,0,0,0,0,0,False,0.0,,direct_transfer,40,1.0200006008661853,0.020000600866185287,0.43551812524938005,-0.1285299451416838,-0.011647064723041676,-0.11110002040763005,0.4479441679449637,0.5457000285036883,1.431274026719355,True,,dead_geometry,no_window,,,,,,,,,,,1,direct_transfer,15.363030853540545,0,8,0.075,0.0,-1.0,24,8,0.105,0.12,0.04892546946041667,False,23.056171851019073,24.409392556497142
phase31_direct_transfer,1.05,165.0,8000.0,1.0,False,False,False,False,,,,,,,,,False,False,dead_geometry,no_window,0.0,,,False,0,,375000106265.22266,394767426629.06055,1974.1083450758204,100000,False,True,max_steps,coast_arc,"{""coast_arc"": 99960, ""global_burn1"": 8, ""global_burn2"": 8, ""global_transfer_coast"": 24}","{""intercept_possible_poor_alignment"": 100000}",0.04761904761904765,0.007917023248021916,-0.010220561444707415,-0.13713531639889298,0.007986232831579142,0.13714208752436238,0.9568341636306844,False,False,0,16,0,99984,0,1,0,0,0,0,0,0,0,False,0.0,,direct_transfer,40,1.0500005953966225,0.050000595396622396,0.4434076582274452,-0.18286828344424927,-0.040446231101847224,-0.14201121109899772,0.483819136616966,0.49611488604883625,1.4261372594387514,True,,dead_geometry,no_window,,,,,,,,,,,1,direct_transfer,15.929328111075009,0,8,0.075,0.0,-1.0,24,8,0.105,0.12,0.02044112288941483,False,23.53331214420084,30.892408689482878
phase31_direct_transfer,0.98,170.0,8000.0,1.0,False,False,False,False,,,,,,,,,False,False,window_no_crossing,dead_window_no_crossing,0.0,,,False,0,,149556026596.3789,149556026596.3789,44.316880952460274,100000,False,True,max_steps,phase76_handoff,"{""burn_b"": 46, ""coast_arc"": 81, ""global_burn1"": 8, ""global_burn2"": 8, ""global_transfer_coast"": 24, ""phase76_handoff"": 99833}","{""insertion_window"": 99553, ""intercept_possible_good_alignment"": 3, ""intercept_possible_poor_alignment"": 81, ""no_intercept_possible"": 363}",0.020408163265306496,1.0236904521562935,-0.025090063551973553,-0.8723147648335391,1.0222118435031782,0.9985403349142037,1.238508127550028,False,False,0,16,46,105,0,1,1,1,1,1,0,1,0,True,0.0,2032527,direct_transfer,40,0.980000343679747,-0.019999656320252995,-0.003177997041630582,0.22750700958167872,0.4659679474077528,0.20295729125934356,0.47665383862966904,0.9799901688109435,2.76510338932249,True,,dead_geometry,no_window,,,,,,,,,,,1,direct_transfer,12.220688267682961,0,8,0.075,0.0,1.0,24,8,0.105,-0.12,0.050180127103947106,False,7.999863815643125,8.183114549018393
phase31_direct_transfer,1.0,170.0,8000.0,1.0,True,True,True,True,-54.99114985417891,-3163.8456603067216,-0.013070830387108066,-0.7520135532084076,-1498.8720703125,1.99849609375e-10,3.0080542128336303,3.078231093480073,False,False,crossing_bad_sync,dead_window_bad_crossing,8.995972893583184,0.6172958392311054,0.021543298593457563,False,1,1960,1204.84375,1222.3857421875,43.28961607039514,2181,True,False,success,phase76_handoff,"{""burn_b"": 1, ""coast_arc"": 1, ""global_burn1"": 8, ""global_burn2"": 8, ""global_transfer_coast"": 24, ""phase76_handoff"": 1918}","{""handoff_ready"": 221, ""insertion_window"": 1138, ""intercept_possible_poor_alignment"": 822}",2.104654818683916e-16,3.259550475959616e-10,-0.015192246987791962,-1.6297743144440135e-10,0.870834187635155,0.8416068497532134,1.1978261742469527,False,False,0,16,1,25,0,1,1,1,1,1,0,1,0,True,0.0,1,direct_transfer,40,1.0000003377890918,3.37789091796875e-07,-0.01400473959626132,0.19034288061522397,0.41711298174046385,0.19034328270006456,0.4172498035750196,0.9997652686879794,2.431431408108621,True,430,crossing_bad_sync,no_window,,,,,,,,,,,1,direct_transfer,2.5363363421360234,0,8,0.075,0.0,1.0,24,8,0.105,-0.12,0.030384493975583925,True,2.0404396427352904,2.187501913815489
phase31_direct_transfer,1.02,170.0,8000.0,1.0,False,False,False,False,,,,,,,,,False,False,dead_geometry,no_window,0.0,,,False,0,,150000072336.8672,158017775437.3506,796.5383693427283,100000,False,True,max_steps,coast_arc,"{""coast_arc"": 99934, ""global_burn1"": 10, ""global_burn2"": 10, ""global_first_coast"": 6, ""global_transfer_coast"": 40}","{""intercept_possible_poor_alignment"": 100000}",0.01960784313725499,0.42139387210475765,-0.005392923511594131,-0.2769007613755504,0.4213349020996844,0.27686097953515665,0.9901475336140375,False,False,0,20,0,99980,0,1,0,0,0,0,0,0,0,False,0.0,,direct_transfer,66,1.0200006879154582,0.020000687915458074,0.19188815791571762,-0.28940153172883504,-0.41901174306304373,-0.275189073531741,0.5045006771939877,0.34918620316449234,1.0602454028649613,True,,dead_geometry,no_window,,,,,,,,,,,2,direct_transfer,14.11303457118331,6,10,0.095,0.08,-1.0,40,10,0.11,0.0,-0.006371782370758862,False,9.594196356572308,12.546425425693005
phase31_direct_transfer,1.05,170.0,8000.0,1.0,False,False,False,False,,,,,,,,,False,False,dead_geometry,no_window,0.0,,,False,0,,375000071295.99414,391287524539.28906,1625.2394743732566,100000,False,True,max_steps,coast_arc,"{""coast_arc"": 99960, ""global_burn1"": 8, ""global_burn2"": 8, ""global_transfer_coast"": 24}","{""intercept_possible_poor_alignment"": 100000}",0.047619047619047436,0.1615188662717551,0.009127655905139585,-0.19173013877117728,0.16153386020421212,0.19171010323942014,0.956453693363106,False,False,0,16,0,99984,0,1,0,0,0,0,0,0,0,False,0.0,,direct_transfer,40,1.0500004136794363,0.05000041367943633,0.3608364245064067,-0.22606045023048865,-0.17557580237531256,-0.18736315257913638,0.47294274876401243,0.4483396563378055,1.252954293366582,True,,dead_geometry,no_window,,,,,,,,,,,1,direct_transfer,16.22099533542403,0,8,0.075,0.0,-1.0,24,8,0.105,0.12,-0.01825531181027917,False,20.00018289170646,27.884688763021373
phase31_direct_transfer,0.98,175.0,8000.0,1.0,False,False,False,False,,,,,,,,,False,False,dead_geometry,no_window,0.0,,,False,0,,149998771617.16797,155308197414.32617,525.9430751899276,100000,False,True,max_steps,coast_arc,"{""coast_arc"": 99960, ""global_burn1"": 8, ""global_burn2"": 8, ""global_transfer_coast"": 24}","{""insertion_window"": 36, ""intercept_possible_poor_alignment"": 99964}",0.020408163265306287,0.4491924504534483,-0.013817563036137981,0.1896978790786484,0.44913024616310054,0.1896734276357362,1.2212631687567033,False,False,0,16,0,99984,0,1,0,0,0,0,0,0,0,False,0.0,4049604,direct_transfer,40,0.9800001502823275,-0.019999849717672526,-0.10059669253670482,0.20777124788322898,0.4280150681898594,0.18361600443223872,0.4457348021533918,0.9690206280304354,2.5275749792536066,True,,dead_geometry,no_window,,,,,,,,,,,1,direct_transfer,12.575721465209629,0,8,0.075,0.0,1.0,24,8,0.105,-0.12,0.027635126072275962,False,7.9999456108329685,10.26649792586759
phase31_direct_transfer,1.0,175.0,8000.0,1.0,True,True,True,True,-284.4966103936952,-3619.451334523461,-0.0676219164360785,-0.8603063331717723,-3358.951171875,4.4786015625e-10,3.441225332687089,4.8242969173287165,False,False,crossing_bad_sync,dead_window_bad_crossing,8.779387333656455,0.7693913667085722,0.027558186343302177,False,1,1386,1837.7021484375,1917.5634765625,87.45554684287713,1608,True,False,success,phase76_handoff,"{""burn_b"": 1, ""coast_arc"": 1, ""global_burn1"": 14, ""global_burn2"": 8, ""global_first_coast"": 12, ""global_transfer_coast"": 56, ""phase76_handoff"": 1294}","{""handoff_ready"": 218, ""insertion_window"": 784, ""intercept_possible_poor_alignment"": 606}",2.104654818683916e-16,5.113359905423871e-10,-0.0038053019082545138,-2.5566805113972993e-10,0.8362519192637442,0.787127176309137,1.4102356158727893,False,False,0,22,1,69,0,1,1,1,1,1,0,1,0,True,0.0,0,direct_transfer,90,1.0000005258463907,5.25846390625e-07,-0.04627065646407441,0.4074982935896648,0.9831934717996632,0.40749903371756246,0.9832117615158458,0.9989117492938225,118.00246534415768,True,203,crossing_bad_sync,no_window,,,,,,,,,,,3,direct_transfer,4.800982055585496,12,14,0.11,0.08,1.0,56,8,0.09,-0.18,0.0076106038165090276,True,3.497258796637824,3.860152786860822
phase31_direct_transfer,1.02,175.0,8000.0,1.0,False,False,False,False,,,,,,,,,False,False,dead_geometry,no_window,0.0,,,False,0,,150000036306.58496,154411670101.14844,435.6343348731131,100000,False,True,max_steps,coast_arc,"{""coast_arc"": 99934, ""global_burn1"": 10, ""global_burn2"": 10, ""global_first_coast"": 6, ""global_transfer_coast"": 40}","{""intercept_possible_poor_alignment"": 100000}",0.019607843137254777,0.473522831556251,0.006107327294770394,-0.29629425535351867,0.473436354835906,0.29623632887970824,0.9901475382774748,False,False,0,20,0,99980,0,1,0,0,0,0,0,0,0,False,0.0,,direct_transfer,66,1.0200003756531317,0.02000037565313177,0.10624793735479637,-0.3053857379042143,-0.46700599429460904,-0.2914931917282757,0.5134097267628105,0.33168935582377096,1.0316315902243565,True,,dead_geometry,no_window,,,,,,,,,,,2,direct_transfer,12.707904721013708,6,10,0.095,0.08,-1.0,40,10,0.11,0.0,-0.01787203317712326,False,8.000155029278854,9.683105437626363
phase31_direct_transfer,1.05,175.0,8000.0,1.0,False,False,False,False,,,,,,,,,False,False,dead_geometry,no_window,0.0,,,False,0,,375000035784.1621,387324349527.19824,1228.4555560938902,100000,False,True,max_steps,coast_arc,"{""coast_arc"": 99960, ""global_burn1"": 8, ""global_burn2"": 8, ""global_transfer_coast"": 24}","{""intercept_possible_poor_alignment"": 100000}",0.04761904761904765,0.26813255750576104,0.020795802465610375,-0.22119763850141827,0.26810975252018837,0.2211628229321678,0.9562241754041846,False,False,0,16,0,99984,0,1,0,0,0,0,0,0,0,False,0.0,,direct_transfer,40,1.050000227116841,0.05000022711684102,0.26795587047780267,-0.2492274919764172,-0.2693017854311166,-0.2116886960621578,0.4595778613422539,0.4257633171721983,1.1499060964816261,True,,dead_geometry,no_window,,,,,,,,,,,1,direct_transfer,16.404498878165647,0,8,0.075,0.0,-1.0,24,8,0.105,0.12,-0.04159160493122075,False,20.000104044202864,24.845238061620808
phase31_direct_transfer,0.98,150.0,10000.0,1.0,False,False,False,False,,,,,,,,,False,False,window_no_crossing,dead_window_no_crossing,0.0,,,False,0,,149438040390.4082,149438040390.4082,55.40623682540653,100000,False,True,max_steps,phase76_handoff,"{""burn_b"": 46, ""coast_arc"": 1, ""global_burn1"": 8, ""global_burn2"": 8, ""global_transfer_coast"": 24, ""phase76_handoff"": 99913}","{""insertion_window"": 99526, ""intercept_possible_poor_alignment"": 13, ""no_intercept_possible"": 461}",0.020408163265306076,1.0146199456886729,-0.1426785900258876,-0.8428882781634329,1.0128944040242194,0.9991573988379876,1.385610805182926,False,False,0,16,46,25,0,1,1,1,1,1,0,1,0,True,0.0,705870,direct_transfer,40,0.9800010839220767,-0.01999891607792331,0.41127852488588423,0.2953922667154671,0.8063770803959163,0.26948582548543365,0.8294325855348338,0.8809257437804322,9.4484299135434,True,866846,dead_geometry,no_window,,,,,,,,,,,1,direct_transfer,16.767776252768755,0,8,0.075,0.0,1.0,24,8,0.105,-0.12,0.2853571800517752,False,19.893944242747978,21.48175980273331
phase31_direct_transfer,1.0,150.0,10000.0,1.0,False,False,False,False,,,,,,,,,False,False,dead_geometry,no_window,0.0,,,True,0,,210358.2724609375,16368229679.805664,1644.8060849487254,100000,False,True,max_steps,coast_arc,"{""coast_arc"": 99960, ""global_burn1"": 8, ""global_burn2"": 8, ""global_transfer_coast"": 24}","{""insertion_window"": 1, ""intercept_possible_poor_alignment"": 99999}",0.0,0.8814287964787844,-0.13397459621556124,0.3159343540941092,0.8812275244571459,0.3158420153999308,1.3716510524142742,False,False,0,16,0,99984,0,1,0,0,0,0,0,0,0,False,0.0,,direct_transfer,40,1.0000010716718069,1.0716718067708333e-06,0.4011003272123362,0.28438511783920173,0.8105287467579807,0.28438649427852164,0.8291194122164511,0.9018813400958307,9.653809646152721,True,,crossing_bad_sync,no_window,,,,,,,,,,,1,direct_transfer,16.45623660176834,0,8,0.075,0.0,1.0,24,8,0.105,-0.12,0.2679491924311225,False,19.348591927861815,19.38981761679041
phase31_direct_transfer,1.02,150.0,10000.0,1.0,False,False,False,False,,,,,,,,,False,False,dead_geometry,no_window,0.0,,,False,0,,150000208285.72754,171859555935.26855,2184.240057530833,100000,False,True,max_steps,coast_arc,"{""coast_arc"": 99934, ""global_burn1"": 10, ""global_burn2"": 10, ""global_first_coast"": 6, ""global_transfer_coast"": 40}","{""intercept_possible_poor_alignment"": 100000}",0.01960784313725499,0.1338584684406143,-0.12535721577320472,-0.07397158401611585,0.13396617554973744,0.07416218055967816,1.0462500225292541,False,False,0,20,0,99980,0,1,0,0,0,0,0,0,0,False,0.0,,direct_transfer,66,1.020001881387003,0.020001881387002995,0.5200119813966374,-0.128343792005737,0.06941630865973858,-0.11090902792319102,0.5141883296962688,0.5220504881232628,1.6271382614877747,True,,dead_geometry,no_window,,,,,,,,,,,2,direct_transfer,15.417384560157476,6,10,0.095,0.08,-1.0,40,10,0.11,0.0,0.11359250989085172,False,26.000529933464833,27.206236993253818
phase31_direct_transfer,1.05,150.0,10000.0,1.0,False,False,False,False,,,,,,,,,False,False,dead_geometry,no_window,0.0,,,False,0,,375000205288.6543,396544689188.7871,2151.3155122251674,100000,False,True,max_steps,coast_arc,"{""coast_arc"": 99934, ""global_burn1"": 10, ""global_burn2"": 10, ""global_first_coast"": 6, ""global_transfer_coast"": 40}","{""intercept_possible_poor_alignment"": 100000}",0.04761904761904765,0.014380922430142731,-0.11258803253505753,-0.1495081981911331,0.014553445179038171,0.14964916297236963,0.9759000475083783,False,False,0,20,0,99980,0,1,0,0,0,0,0,0,0,False,0.0,,direct_transfer,66,1.0500018554125492,0.05000185541254922,0.5128883200599592,-0.21766835560963643,-0.02966130827164114,-0.1785503218421677,0.5524541440718124,0.4346534654967514,1.5077328162186803,True,,dead_geometry,no_window,,,,,,,,,,,2,direct_transfer,15.96426918710667,6,10,0.095,0.08,-1.0,40,10,0.11,0.0,0.08401660396362895,False,25.644288577124346,32.53066638179135
phase31_direct_transfer,0.98,165.0,10000.0,1.0,False,False,False,False,,,,,,,,,False,False,window_no_crossing,dead_window_no_crossing,0.0,,,False,0,,149442756941.45508,149442756941.45508,55.406236824615995,100000,False,True,max_steps,phase76_handoff,"{""burn_b"": 46, ""coast_arc"": 1, ""global_burn1"": 8, ""global_burn2"": 8, ""global_transfer_coast"": 24, ""phase76_handoff"": 99913}","{""insertion_window"": 99526, ""intercept_possible_poor_alignment"": 13, ""no_intercept_possible"": 461}",0.020408163265306076,1.0146212555004068,-0.04378221735089306,-0.84288838011633,1.012898556855141,0.9991848621587159,1.3368057270616296,False,False,0,16,46,25,0,1,1,1,1,1,0,1,0,True,0.0,1363664,direct_transfer,40,0.9800005281160189,-0.01999947188398112,0.06598435063751246,0.3158880501131047,0.6951000682117806,0.28957098405240095,0.702106437287477,0.97702075879583,5.582508422697005,True,5403177,dead_geometry,no_window,,,,,,,,,,,1,direct_transfer,12.755086175546246,0,8,0.075,0.0,1.0,24,8,0.105,-0.12,0.08756443470178613,False,7.9996512434258324,8.332258874224582
phase31_direct_transfer,1.0,165.0,10000.0,1.0,True,True,True,True,-132.8622972470929,-3329.134307491055,-0.03158000072308574,-0.7913009636006235,-1548.015625,2.0640208333333334e-10,3.165203854402494,3.5371961430064425,False,False,crossing_bad_sync,dead_window_bad_crossing,8.917398072798752,0.6709367719546038,0.019457160503107866,False,2,2347,1327.787109375,1646.1591796875,64.98089756691289,2563,True,False,success,phase76_handoff,"{""burn_b"": 1, ""coast_arc"": 81, ""global_burn1"": 8, ""global_burn2"": 8, ""global_transfer_coast"": 24, ""phase76_handoff"": 2225}","{""handoff_ready"": 215, ""insertion_window"": 1323, ""intercept_possible_good_alignment"": 2, ""intercept_possible_poor_alignment"": 1023}",2.104654818683916e-16,4.389872183572363e-10,-0.034074173710931875,2.1949370576888035e-10,0.8728822446722315,0.8301168196053683,1.3001417954147505,False,False,0,16,1,105,0,1,1,1,1,0,0,1,0,True,0.0,1,direct_transfer,40,1.0000005190142152,5.190142151041667e-07,0.048412678728761004,0.2829421154107533,0.6482852969842048,0.2829427812759483,0.6489205921915703,0.9981937200750547,4.688233326764047,True,,near_recoverable_crossing,no_window,,,,,,,,,,,1,direct_transfer,7.081833932940208,0,8,0.075,0.0,1.0,24,8,0.105,-0.12,0.06814834742186375,False,1.2000480636023279,1.5107433439108566
phase31_direct_transfer,1.02,165.0,10000.0,1.0,False,False,False,False,,,,,,,,,False,False,dead_geometry,no_window,0.0,,,False,0,,150000107816.6211,171523929051.07715,2150.1858305503188,100000,False,True,max_steps,coast_arc,"{""coast_arc"": 99960, ""global_burn1"": 8, ""global_burn2"": 8, ""global_transfer_coast"": 24}","{""intercept_possible_poor_alignment"": 100000}",0.019607843137254777,0.04697089445753394,-0.024462734730208335,-0.11944791202445962,0.04705363408342947,0.11947771494834993,1.0038695028554963,False,False,0,16,0,99984,0,1,0,0,0,0,0,0,0,False,0.0,,direct_transfer,40,1.0200006109211754,0.02000061092117552,0.48033044472663006,-0.14976456959938847,-0.007165516089674771,-0.13275934156454763,0.4924473678833816,0.5039416302567566,1.4818292962191717,True,,dead_geometry,no_window,,,,,,,,,,,1,direct_transfer,15.425401311841915,0,8,0.075,0.0,-1.0,24,8,0.105,0.12,0.04892546946041667,False,25.616862258738315,26.84273140268173
phase31_direct_transfer,1.05,165.0,10000.0,1.0,False,False,False,False,,,,,,,,,False,False,dead_geometry,no_window,0.0,,,False,0,,375000106265.2217,397054975235.3828,2202.4267414446367,100000,False,True,max_steps,coast_arc,"{""coast_arc"": 99960, ""global_burn1"": 8, ""global_burn2"": 8, ""global_transfer_coast"": 24}","{""intercept_possible_poor_alignment"": 100000}",0.04761904761904765,0.002372311386122069,-0.010220561444707415,-0.16886400495102288,0.002463247202521357,0.16887246885793716,0.9520720644531453,False,False,0,16,0,99984,0,1,0,0,0,0,0,0,0,False,0.0,,direct_transfer,40,1.0500006061010376,0.05000060610103763,0.49111423838332613,-0.21424699965143948,-0.046159832559924174,-0.1749588733883027,0.5365505297073493,0.44300063515017835,1.4687531311037365,True,,dead_geometry,no_window,,,,,,,,,,,1,direct_transfer,15.99454314466038,0,8,0.075,0.0,-1.0,24,8,0.105,0.12,0.02044112288941483,False,26.259382283174855,33.01921013312879
phase31_direct_transfer,0.98,170.0,10000.0,1.0,False,False,False,False,,,,,,,,,False,False,window_no_crossing,dead_window_no_crossing,0.0,,,False,0,,149447442664.24805,149447442664.24805,55.405357643382295,100000,False,True,max_steps,phase76_handoff,"{""burn_b"": 46, ""coast_arc"": 81, ""global_burn1"": 8, ""global_burn2"": 8, ""global_transfer_coast"": 24, ""phase76_handoff"": 99833}","{""insertion_window"": 99441, ""intercept_possible_good_alignment"": 3, ""intercept_possible_poor_alignment"": 95, ""no_intercept_possible"": 461}",0.020408163265306496,1.0150499892252027,-0.025090063551973553,-0.8440787418738349,1.0126071912522414,0.9986067014751876,1.3014621022483661,False,False,0,16,46,105,0,1,1,1,1,1,0,1,0,True,0.0,1396813,direct_transfer,40,0.9800003336618426,-0.01999966633815742,-0.04782524901758697,0.2856823476651499,0.6144507218498394,0.2599691296949881,0.6228418408724612,0.9782359363688043,4.20916840684736,True,,dead_geometry,no_window,,,,,,,,,,,1,direct_transfer,12.718623722827784,0,8,0.075,0.0,1.0,24,8,0.105,-0.12,0.050180127103947106,False,7.999870112645207,9.017493922397747
phase31_direct_transfer,1.0,170.0,10000.0,1.0,True,True,True,True,-434.67685342583775,-3060.55149840834,-0.10331821464721022,-0.7274615939616484,-16573.521484375,2.209802864583333e-09,5.165910732360511,5.929067348727441,False,False,crossing_bad_sync,dead_window_bad_crossing,7.917044633819744,0.7059511349557739,0.017725658707426664,False,1,604,4639.5673828125,7513.486328125,105.16117708304314,820,True,False,success,phase76_handoff,"{""burn_b"": 1, ""coast_arc"": 1, ""global_burn1"": 8, ""global_burn2"": 8, ""global_transfer_coast"": 24, ""phase76_handoff"": 562}","{""handoff_ready"": 216, ""insertion_window"": 346, ""intercept_possible_poor_alignment"": 258}",2.104654818683916e-16,2.0035852954465588e-09,-0.015192246987791962,-1.0017923996405983e-09,0.6888270741573103,0.6561644165527467,1.2537724721329597,False,False,0,16,1,25,0,1,1,1,1,1,0,1,0,True,0.0,0,direct_transfer,40,1.0000003272627458,3.27262745703125e-07,-0.06091793628900566,0.2417267585724977,0.5455969924419503,0.24172716494340604,0.5471400225413218,0.9966042696159436,3.404775049477805,True,96,crossing_bad_sync,no_window,,,,,,,,,,,1,direct_transfer,4.863580761164334,0,8,0.075,0.0,1.0,24,8,0.105,-0.12,0.030384493975583925,True,4.72127697465462,4.826194402869831
phase31_direct_transfer,1.02,170.0,10000.0,1.0,False,False,False,False,,,,,,,,,False,False,dead_geometry,no_window,0.0,,,False,0,,150000072336.8672,158217220315.40918,815.4989180195598,100000,False,True,max_steps,coast_arc,"{""coast_arc"": 99934, ""global_burn1"": 10, ""global_burn2"": 10, ""global_first_coast"": 6, ""global_transfer_coast"": 40}","{""intercept_possible_poor_alignment"": 100000}",0.01960784313725499,0.5093780288020769,-0.005392923511594131,-0.344777721278933,0.5093078667859706,0.34472799397824283,0.9901475336140375,False,False,0,20,0,99980,0,1,0,0,0,0,0,0,0,False,0.0,,direct_transfer,66,1.0200007031645757,0.02000070316457565,0.1968759518576373,-0.35552800452162875,-0.5066786686310212,-0.34263811144218415,0.5907004349465308,0.27165683936134943,1.0557662148305667,True,,dead_geometry,no_window,,,,,,,,,,,2,direct_transfer,14.54975127624277,6,10,0.095,0.08,-1.0,40,10,0.11,0.0,-0.006371782370758862,False,9.843546243452767,12.765236748156987
phase31_direct_transfer,1.05,170.0,10000.0,1.0,False,False,False,False,,,,,,,,,False,False,dead_geometry,no_window,0.0,,,False,0,,375000071295.99414,393579115201.751,1853.722304153055,100000,False,True,max_steps,coast_arc,"{""coast_arc"": 99960, ""global_burn1"": 8, ""global_burn2"": 8, ""global_transfer_coast"": 24}","{""intercept_possible_poor_alignment"": 100000}",0.047619047619047436,0.18741953730234964,0.009127655905139585,-0.24194458760766552,0.1874452421556247,0.24191949755463732,0.9515940717390485,False,False,0,16,0,99984,0,1,0,0,0,0,0,0,0,False,0.0,,direct_transfer,40,1.0500004244145316,0.05000042441453151,0.40867974318587147,-0.27284396516896203,-0.2089861033675664,-0.23648585481182238,0.5433386573430385,0.37772257380374824,1.2765561597806219,True,,dead_geometry,no_window,,,,,,,,,,,1,direct_transfer,16.36234923463965,0,8,0.075,0.0,-1.0,24,8,0.105,0.12,-0.01825531181027917,False,22.142495977875402,29.858713101178992
phase31_direct_transfer,0.98,175.0,10000.0,1.0,False,False,False,False,,,,,,,,,False,False,window_no_crossing,dead_window_no_crossing,0.0,,,False,0,,149445005865.81152,149445005865.81152,55.40155977239653,100000,False,True,max_steps,phase76_handoff,"{""burn_b"": 46, ""coast_arc"": 1, ""global_burn1"": 10, ""global_burn2"": 10, ""global_first_coast"": 6, ""global_transfer_coast"": 40, ""phase76_handoff"": 99887}","{""insertion_window"": 99526, ""intercept_possible_poor_alignment"": 13, ""no_intercept_possible"": 461}",0.020408163265306287,1.0113576769267907,-0.013817563036137981,-0.8327474030438073,1.0128807539121785,0.9990325174113832,1.4052796400378533,False,False,0,20,46,47,0,1,1,1,1,1,0,1,0,True,0.0,1396793,direct_transfer,66,0.98000024477019,-0.019999755229810026,0.06310258960984337,0.39528212439263505,0.9099783266598643,0.367376823428253,0.9119675065393461,0.9779033225480509,21.238968746062014,True,5650009,dead_geometry,no_window,,,,,,,,,,,2,direct_transfer,13.207387361384823,6,10,0.095,-0.08,1.0,40,10,0.11,0.0,0.02606246099532175,False,7.999674114760208,8.749974589316817
phase31_direct_transfer,1.0,175.0,10000.0,1.0,True,True,True,True,-116.95804272200998,-2897.395845785727,-0.027799723098740754,-0.6886811744253576,-10576.6513671875,1.4102201822916668e-09,2.7547246977014304,3.085542038450166,False,True,near_recoverable_crossing,good_window,11.122637651149285,0.5843046086689953,0.015470378673737444,False,1,429,496.0224609375,7765.0703125,55.61016652348976,644,True,False,success,phase76_handoff,"{""burn_b"": 1, ""coast_arc"": 1, ""global_burn1"": 8, ""global_burn2"": 8, ""global_transfer_coast"": 24, ""phase76_handoff"": 387}","{""handoff_ready"": 213, ""insertion_window"": 245, ""intercept_possible_poor_alignment"": 186}",2.104654818683916e-16,2.0706741143088547e-09,-0.0038053019082545138,-1.0353369460749564e-09,0.612303389699343,0.5783583151781239,1.225854120279615,False,False,0,16,1,25,0,1,1,1,1,1,1,0,0,True,0.0,0,direct_transfer,40,1.0000001364889137,1.36488913671875e-07,-0.15432767222226632,0.2090359547532166,0.48558524327735536,0.20903611977322065,0.49804095770480034,0.9757866307980727,2.912126719009529,True,16,near_recoverable_crossing,no_window,,,,,,,,,,,1,direct_transfer,8.316967718072053,0,8,0.075,0.0,1.0,24,8,0.105,-0.12,0.0076106038165090276,True,9.44125418905215,9.4789836005494
phase31_direct_transfer,1.02,175.0,10000.0,1.0,False,False,False,False,,,,,,,,,False,False,dead_geometry,no_window,0.0,,,False,0,,150000036306.58496,154610318707.09082,454.4391433574527,100000,False,True,max_steps,coast_arc,"{""coast_arc"": 99934, ""global_burn1"": 10, ""global_burn2"": 10, ""global_first_coast"": 6, ""global_transfer_coast"": 40}","{""intercept_possible_poor_alignment"": 100000}",0.019607843137254777,0.5692136880895671,0.006107327294770394,-0.3718946519826535,0.5691124278563586,0.3718220301334028,0.9901475382774748,False,False,0,20,0,99980,0,1,0,0,0,0,0,0,0,False,0.0,,direct_transfer,66,1.0200003909022421,0.020000390902242187,0.11123572563592343,-0.3783270248771896,-0.5619328876239182,-0.3658933223613736,0.6098855696665232,0.24976388769618407,1.030700859443169,True,,dead_geometry,no_window,,,,,,,,,,,2,direct_transfer,13.025208810508595,6,10,0.095,0.08,-1.0,40,10,0.11,0.0,-0.01787203317712326,False,8.00016135275698,9.863969645345842
phase31_direct_transfer,1.05,175.0,10000.0,1.0,False,False,False,False,,,,,,,,,False,False,dead_geometry,no_window,0.0,,,False,0,,375000035784.16113,389512916675.01953,1446.5168682451285,100000,False,True,max_steps,coast_arc,"{""coast_arc"": 99960, ""global_burn1"": 8, ""global_burn2"": 8, ""global_transfer_coast"": 24}","{""intercept_possible_poor_alignment"": 100000}",0.04761904761904765,0.3168174293430951,0.020795802465610375,-0.28169599909157317,0.3167972978136923,0.28165237426176015,0.9513056989322137,False,False,0,16,0,99984,0,1,0,0,0,0,0,0,0,False,0.0,,direct_transfer,40,1.0500002373766586,0.050000237376658596,0.3136810337212074,-0.3045809390501268,-0.32275801289794004,-0.2698098209263802,0.5428949513308599,0.3455696689885855,1.1664226837308185,True,,dead_geometry,no_window,,,,,,,,,,,1,direct_transfer,16.59402971056335,0,8,0.075,0.0,-1.0,24,8,0.105,0.12,-0.04159160493122075,False,20.000110493253175,26.485522416415908
phase31_direct_transfer,0.98,150.0,12000.0,1.0,False,False,False,False,,,,,,,,,False,False,window_no_crossing,dead_window_no_crossing,0.0,,,False,0,,149327122294.69043,149327122294.69043,66.48078948298755,100000,False,True,max_steps,phase76_handoff,"{""burn_b"": 46, ""coast_arc"": 1, ""global_burn1"": 8, ""global_burn2"": 8, ""global_transfer_coast"": 24, ""phase76_handoff"": 99913}","{""insertion_window"": 99904, ""intercept_possible_poor_alignment"": 1, ""no_intercept_possible"": 95}",0.020408163265306076,1.004646204735866,-0.1426785900258876,-1.1853933607203526,1.00102035632936,0.9991759219157053,1.4668694275965801,False,False,0,16,46,25,0,1,1,1,1,1,0,1,0,True,0.0,705870,direct_transfer,40,0.98000107971293,-0.019998920287069923,0.39251911442369963,0.37950736611621416,1.016297750288848,0.3519187082658304,,,,False,908275,dead_geometry,no_window,,,,,,,,,,,1,direct_transfer,23.22869755550082,0,8,0.075,0.0,1.0,24,8,0.105,-0.12,0.2853571800517752,False,18.82197789258496,20.51943564255912
phase31_direct_transfer,1.0,150.0,12000.0,1.0,False,False,False,False,,,,,,,,,False,False,dead_geometry,no_window,0.0,,,True,0,,210358.2734375,15446350300.355469,1555.3218625629086,100000,False,True,max_steps,abort_safe_coast,"{""abort_safe_coast"": 57959, ""coast_arc"": 42001, ""global_burn1"": 8, ""global_burn2"": 8, ""global_transfer_coast"": 24}","{""insertion_window"": 1, ""intercept_possible_poor_alignment"": 38, ""no_intercept_possible"": 99961}",0.0,1.1093608767624166,-0.13397459621556124,0.4059161436520455,1.1091031320797475,0.40580240522824307,1.4523631437068296,False,False,0,16,0,42025,57959,1,0,0,0,0,0,0,0,False,0.0,,direct_transfer,40,1.0000010672336996,1.067233699609375e-06,0.3813205265730341,0.3680572520045289,1.0169881232132403,0.3680587120413312,,,,False,,near_recoverable_crossing,no_window,,,,,,,,,,,1,direct_transfer,22.913919815270965,0,8,0.075,0.0,1.0,24,8,0.105,-0.12,0.2679491924311225,False,18.218317562337013,18.290526548278937
phase31_direct_transfer,1.02,150.0,12000.0,1.0,False,False,False,False,,,,,,,,,False,False,dead_geometry,no_window,0.0,,,False,0,,150000208285.72754,172071500929.59082,2205.637711004969,100000,False,True,max_steps,coast_arc,"{""coast_arc"": 99934, ""global_burn1"": 10, ""global_burn2"": 10, ""global_first_coast"": 6, ""global_transfer_coast"": 40}","{""intercept_possible_poor_alignment"": 100000}",0.01960784313725499,0.1574670389211356,-0.12535721577320472,-0.0636944517579281,0.15758940175429384,0.06392316761391303,1.05747229290834,False,False,0,20,0,99980,0,1,0,0,0,0,0,0,0,False,0.0,,direct_transfer,66,1.0200018966362239,0.020001896636223957,0.5249998579281572,-0.12551082715382336,0.07957549649256143,-0.10801938510905718,0.5173810864032342,0.5243438345650969,1.6485665914162304,True,,dead_geometry,no_window,,,,,,,,,,,2,direct_transfer,15.419938531723503,6,10,0.095,0.08,-1.0,40,10,0.11,0.0,0.11359250989085172,False,26.24993190422016,27.444167542054192
phase31_direct_transfer,1.05,150.0,12000.0,1.0,False,False,False,False,,,,,,,,,False,False,dead_geometry,no_window,0.0,,,False,0,,375000205288.6543,396753245931.3115,2172.0529265298956,100000,False,True,max_steps,coast_arc,"{""coast_arc"": 99934, ""global_burn1"": 10, ""global_burn2"": 10, ""global_first_coast"": 6, ""global_transfer_coast"": 40}","{""intercept_possible_poor_alignment"": 100000}",0.04761904761904765,0.00817936521175172,-0.11258803253505753,-0.15689222685161913,0.008386268918379236,0.15706138459193345,0.9759000475083783,False,False,0,20,0,99980,0,1,0,0,0,0,0,0,0,False,0.0,,direct_transfer,66,1.0500018706617844,0.050001870661784506,0.5178762008427549,-0.23023258639377767,-0.044020880827846665,-0.19174277573898302,0.56388146788398,0.4177297026570999,1.4979407946744463,True,,dead_geometry,no_window,,,,,,,,,,,2,direct_transfer,15.97404420528444,6,10,0.095,0.08,-1.0,40,10,0.11,0.0,0.08401660396362895,False,25.89367773811217,32.72829633563432
phase31_direct_transfer,0.98,165.0,12000.0,1.0,False,False,False,False,,,,,,,,,False,False,dead_geometry,no_window,0.0,,,False,0,,149996104916.09082,150158464544.88574,5.228997974468998,100000,False,True,max_steps,coast_arc,"{""coast_arc"": 99960, ""global_burn1"": 8, ""global_burn2"": 8, ""global_transfer_coast"": 24}","{""insertion_window"": 40, ""intercept_possible_poor_alignment"": 99960}",0.020408163265306076,0.94273508404205,-0.04378221735089306,0.3802035053411587,0.942547759470503,0.380124254130094,1.408401722207579,False,False,0,16,0,99984,0,1,0,0,0,0,0,0,0,False,0.0,1363663,direct_transfer,40,0.9800005193445213,-0.019999480655478775,0.026891930105000864,0.3839192909930949,0.8751405348735379,0.35624162390413455,0.877687063154304,0.9796048439084155,15.038403866719408,True,13257706,dead_geometry,no_window,,,,,,,,,,,1,direct_transfer,13.100080443954633,0,8,0.075,0.0,1.0,24,8,0.105,-0.12,0.08756443470178613,False,7.999792559094583,8.171558389688386
phase31_direct_transfer,1.0,165.0,12000.0,1.0,True,True,True,True,-15.834763588018614,-4074.6316949896914,-0.003763760343760436,-0.9684980204336943,-1090.5302734375,1.4540403645833335e-10,3.873992081734777,3.878560219869857,False,False,crossing_bad_sync,dead_window_bad_crossing,8.563003959132612,0.779314928904872,0.022844444923155814,False,1,2402,171.8076171875,508.59375,55.20512135801514,2616,True,False,success,phase76_handoff,"{""burn_b"": 1, ""coast_arc"": 1, ""global_burn1"": 8, ""global_burn2"": 8, ""global_transfer_coast"": 24, ""phase76_handoff"": 2360}","{""handoff_ready"": 211, ""insertion_window"": 1343, ""intercept_possible_poor_alignment"": 1062}",2.104654818683916e-16,1.3561532743123494e-10,-0.034074173710931875,-6.780748624413661e-11,0.8748973362210235,0.843016908357038,1.367153100144504,False,False,0,16,1,25,0,1,1,1,1,1,0,1,0,True,0.0,0,direct_transfer,40,1.0000005095720792,5.09572079296875e-07,0.006331455813271988,0.34634548582644004,0.8126872736815869,0.3463461718865087,0.8126917980011448,0.999975846171017,9.677355263730178,True,,crossing_bad_sync,no_window,,,,,,,,,,,1,direct_transfer,7.07927302163645,0,8,0.075,0.0,1.0,24,8,0.105,-0.12,0.06814834742186375,False,1.486524739609304,2.088727770805101
phase31_direct_transfer,1.02,165.0,12000.0,1.0,False,False,False,False,,,,,,,,,False,False,dead_geometry,no_window,0.0,,,False,0,,150000107816.6211,173674157561.58984,2364.937129794038,100000,False,True,max_steps,coast_arc,"{""coast_arc"": 99960, ""global_burn1"": 8, ""global_burn2"": 8, ""global_transfer_coast"": 24}","{""intercept_possible_poor_alignment"": 100000}",0.019607843137254777,0.07026206217614771,-0.024462734730208335,-0.13844494701095825,0.07035406947889282,0.1384807105197918,1.0154039204533236,False,False,0,16,0,99984,0,1,0,0,0,0,0,0,0,False,0.0,,direct_transfer,40,1.0200006209761716,0.020000620976171616,0.5251427695422604,-0.17099919353552573,0.0022341455208676145,-0.15441866261648918,0.5353406703570109,0.46569977069976703,1.5387785255073807,True,,dead_geometry,no_window,,,,,,,,,,,1,direct_transfer,15.494305242651274,0,8,0.075,0.0,-1.0,24,8,0.105,0.12,0.04892546946041667,False,28.177553240526496,29.29797851108945
phase31_direct_transfer,1.05,165.0,12000.0,1.0,False,False,False,False,,,,,,,,,False,False,dead_geometry,no_window,0.0,,,False,0,,375000106265.2217,399342731684.0547,2430.7858885694577,100000,False,True,max_steps,coast_arc,"{""coast_arc"": 99960, ""global_burn1"": 8, ""global_burn2"": 8, ""global_transfer_coast"": 24}","{""intercept_possible_poor_alignment"": 100000}",0.04761904761904765,0.010943895616468432,-0.010220561444707415,-0.20059269342857158,0.011049910085959215,0.20060285011696927,0.9569245648157173,False,False,0,16,0,99984,0,1,0,0,0,0,0,0,0,False,0.0,,direct_transfer,40,1.0500006168054585,0.05000061680545859,0.5388208239858676,-0.24562571517150109,-0.04535234386977686,-0.20790653562789949,0.5866287892471672,0.39543720658106424,1.5177933053401362,True,,dead_geometry,no_window,,,,,,,,,,,1,direct_transfer,16.075286103525876,0,8,0.075,0.0,-1.0,24,8,0.105,0.12,0.02044112288941483,False,28.985453479904898,35.229078040807245
phase31_direct_transfer,0.98,170.0,12000.0,1.0,False,False,False,False,,,,,,,,,False,False,dead_geometry,no_window,0.0,,,False,0,,149997504257.68262,155396126580.60742,530.5696882069908,100000,False,True,max_steps,coast_arc,"{""coast_arc"": 99960, ""global_burn1"": 8, ""global_burn2"": 8, ""global_transfer_coast"": 24}","{""insertion_window"": 37, ""intercept_possible_poor_alignment"": 99963}",0.020408163265306496,0.8254987359094215,-0.025090063551973553,0.3326638766490187,0.8253570961044475,0.33260813127663585,1.366680088026776,False,False,0,16,0,99984,0,1,0,0,0,0,0,0,0,False,0.0,2032524,direct_transfer,40,0.9800003236439443,-0.019999676356055728,-0.09247249409590147,0.34385768682893586,0.7736889920600933,0.3169809680237595,0.7794083596480014,0.9747278418315967,7.862668174411099,True,,dead_geometry,no_window,,,,,,,,,,,1,direct_transfer,13.357814695598885,0,8,0.075,0.0,1.0,24,8,0.105,-0.12,0.050180127103947106,False,7.999876409644584,10.430889747230982
phase31_direct_transfer,1.0,170.0,12000.0,1.0,True,True,True,True,-102.87556371527741,-3231.232992962704,-0.024452462766576165,-0.7680308286740348,-743.7177734375,9.916236979166666e-11,3.0721233146961393,3.306470776988144,False,False,crossing_bad_sync,dead_window_bad_crossing,8.96393834265193,0.6437676183582817,0.015843685830282735,False,2,1063,743.7177734375,2996.646484375,64.4038556045324,1276,True,False,success,phase76_handoff,"{""burn_b"": 1, ""coast_arc"": 1, ""global_burn1"": 8, ""global_burn2"": 8, ""global_transfer_coast"": 24, ""phase76_handoff"": 1021}","{""handoff_ready"": 212, ""insertion_window"": 626, ""intercept_possible_poor_alignment"": 438}",2.104654818683916e-16,7.991157567096504e-10,-0.015192246987791962,3.9955779468510037e-10,0.7853999798298229,0.7518436050877558,1.3116735834644517,False,False,0,16,1,25,0,1,1,1,1,1,0,1,0,True,0.0,0,direct_transfer,40,1.0000003167364058,3.16736405859375e-07,-0.10783112652937,0.29311063754008443,0.6837633062405283,0.29311104711530017,0.6864467807972677,0.9915143479245311,5.332862422600369,True,52,near_recoverable_crossing,no_window,,,,,,,,,,,1,direct_transfer,7.211714160610859,0,8,0.075,0.0,1.0,24,8,0.105,-0.12,0.030384493975583925,True,7.402053594952965,7.50081205569392
phase31_direct_transfer,1.02,170.0,12000.0,1.0,False,False,False,False,,,,,,,,,False,False,dead_geometry,no_window,0.0,,,False,0,,150000072336.8672,158417688868.6631,834.6590672276603,100000,False,True,max_steps,coast_arc,"{""coast_arc"": 99934, ""global_burn1"": 10, ""global_burn2"": 10, ""global_first_coast"": 6, ""global_transfer_coast"": 40}","{""intercept_possible_poor_alignment"": 100000}",0.01960784313725499,0.5884556767402028,-0.005392923511594131,-0.41265468135726796,0.5883760174175899,0.4125950085962017,0.9901475336140375,False,False,0,20,0,99980,0,1,0,0,0,0,0,0,0,False,0.0,,direct_transfer,66,1.0200007184137263,0.0200007184137263,0.20186376866284464,-0.42165447549622925,-0.5855504058804635,-0.41008714951479064,0.6695020119536479,0.20844369678857672,1.0529479263237713,True,,dead_geometry,no_window,,,,,,,,,,,2,direct_transfer,14.978116562150241,6,10,0.095,0.08,-1.0,40,10,0.11,0.0,-0.006371782370758862,False,10.0929011945024,12.990606966152283
phase31_direct_transfer,1.05,170.0,12000.0,1.0,False,False,False,False,,,,,,,,,False,False,dead_geometry,no_window,0.0,,,False,0,,375000071295.99414,395871223056.9033,2082.3062966558496,100000,False,True,max_steps,coast_arc,"{""coast_arc"": 99960, ""global_burn1"": 8, ""global_burn2"": 8, ""global_transfer_coast"": 24}","{""intercept_possible_poor_alignment"": 100000}",0.047619047619047436,0.20276668197067088,0.009127655905139585,-0.2921590365111659,0.2028062422806372,0.2921288919368124,0.9467352628254114,False,False,0,16,0,99984,0,1,0,0,0,0,0,0,0,False,0.0,,direct_transfer,40,1.050000435149632,0.05000043514963203,0.45652306782820795,-0.3196274791933405,-0.23344103684705736,-0.2856085570891555,0.6086928903179546,0.3172483304774027,1.304231691877321,True,,dead_geometry,no_window,,,,,,,,,,,1,direct_transfer,16.492094253622156,0,8,0.075,0.0,-1.0,24,8,0.105,0.12,-0.01825531181027917,False,24.876372345541423,31.946068574994754
phase31_direct_transfer,0.98,175.0,12000.0,1.0,False,False,False,False,,,,,,,,,False,False,dead_geometry,no_window,0.0,,,False,0,,149998791649.04688,159809875882.99023,973.2459821009114,100000,False,True,max_steps,coast_arc,"{""coast_arc"": 99960, ""global_burn1"": 8, ""global_burn2"": 8, ""global_transfer_coast"": 24}","{""insertion_window"": 35, ""intercept_possible_poor_alignment"": 99965}",0.020408163265306287,0.7511953607712399,-0.013817563036137981,0.2914555995450277,0.7510825866693956,0.29141878420524764,1.3396787518611042,False,False,0,16,0,99984,0,1,0,0,0,0,0,0,0,False,0.0,4049590,direct_transfer,40,0.9800001291192102,-0.019999870880789843,-0.19491528856974558,0.3085026722648942,0.7093551553982663,0.2823327877724279,0.7225442493932808,0.954621269773124,5.926629291338912,True,,dead_geometry,no_window,,,,,,,,,,,1,direct_transfer,16.100063666885266,0,8,0.075,0.0,1.0,24,8,0.105,-0.12,0.027635126072275962,False,11.766555716015823,14.285479151131304
phase31_direct_transfer,1.0,175.0,12000.0,1.0,False,False,False,False,,,,,,,,,False,False,dead_geometry,no_window,0.0,,,True,0,,36667.853515625,2516166155.90625,261.8982995715886,100000,False,True,max_steps,coast_arc,"{""coast_arc"": 99934, ""global_burn1"": 10, ""global_burn2"": 10, ""global_first_coast"": 6, ""global_transfer_coast"": 40}","{""insertion_window"": 1, ""intercept_possible_poor_alignment"": 99999}",2.104654818683916e-16,0.9224195100818087,-0.0038053019082545138,0.385331961817703,0.9222903913504554,0.38528022730946127,1.3865132710453045,False,False,0,20,0,99980,0,1,0,0,0,0,0,0,0,False,0.0,,direct_transfer,66,1.000000226294977,2.26294976953125e-07,0.057230073886542165,0.3838283556339794,0.9182566518035535,0.38382866878738525,0.9184024048286427,0.9982169432950223,23.468605668296316,True,,near_recoverable_crossing,no_window,,,,,,,,,,,2,direct_transfer,8.829806238693768,6,10,0.095,-0.08,1.0,40,10,0.11,0.0,0.00380530190825464,False,2.861508850314069,3.2502185259787035
phase31_direct_transfer,1.02,175.0,12000.0,1.0,False,False,False,False,,,,,,,,,False,False,dead_geometry,no_window,0.0,,,False,0,,150000036306.58496,154810237497.94434,473.49168368126175,100000,False,True,max_steps,coast_arc,"{""coast_arc"": 99934, ""global_burn1"": 10, ""global_burn2"": 10, ""global_first_coast"": 6, ""global_transfer_coast"": 40}","{""intercept_possible_poor_alignment"": 100000}",0.019607843137254777,0.6538678200025413,0.006107327294770394,-0.4474950489985965,0.6537547850326944,0.4474077317737023,0.9901475382774748,False,False,0,20,0,99980,0,1,0,0,0,0,0,0,0,False,0.0,,direct_transfer,66,1.020000406151386,0.020000406151386197,0.11622353728559877,-0.4512683100132778,-0.6461691547508742,-0.4402934533454069,0.6959182811347358,0.18472082166506326,1.0302211508703614,True,,dead_geometry,no_window,,,,,,,,,,,2,direct_transfer,13.332941967822633,6,10,0.095,0.08,-1.0,40,10,0.11,0.0,-0.01787203317712326,False,8.00016767624953,10.056513246204299
phase31_direct_transfer,1.05,175.0,12000.0,1.0,False,False,False,False,,,,,,,,,False,False,dead_geometry,no_window,0.0,,,False,0,,375000035784.16113,391702233215.33203,1664.7246606825101,100000,False,True,max_steps,coast_arc,"{""coast_arc"": 99960, ""global_burn1"": 8, ""global_burn2"": 8, ""global_transfer_coast"": 24}","{""intercept_possible_poor_alignment"": 100000}",0.04761904761904765,0.35340108613161747,0.020795802465610375,-0.34219435982113067,0.3533873506711346,0.3421419268419782,0.9463874273793087,False,False,0,16,0,99984,0,1,0,0,0,0,0,0,0,False,0.0,,direct_transfer,40,1.0500002476364823,0.05000024763648216,0.35940620327738465,-0.359934385130584,-0.3659046452424037,-0.327930945883516,0.6189123866030335,0.2790001591431267,1.1852308960525786,True,,dead_geometry,no_window,,,,,,,,,,,1,direct_transfer,16.770249205126984,0,8,0.075,0.0,-1.0,24,8,0.105,0.12,-0.04159160493122075,False,20.000116942306093,28.274375940167474
phase31_hohmann_like_transfer,0.98,150.0,8000.0,1.0,False,False,False,False,,,,,,,,,False,False,window_no_crossing,dead_window_no_crossing,0.0,,,False,0,,149525599413.94336,149525599413.94336,44.32306471014793,100000,False,True,max_steps,phase76_handoff,"{""burn_b"": 46, ""coast_arc"": 1, ""global_burn1"": 12, ""global_burn2"": 12, ""global_first_coast"": 4, ""global_transfer_coast"": 120, ""phase76_handoff"": 99805}","{""insertion_window"": 99637, ""no_intercept_possible"": 363}",0.020408163265306076,1.0245565996839874,-0.1426785900258876,-0.8761381826390021,1.022221127365771,0.9982664171543624,1.2935405838478735,False,False,0,24,46,125,0,1,1,1,1,1,0,1,0,True,0.0,705750,hohmann_like_transfer,148,0.9800041648921984,-0.019995835107801563,0.5050790259087692,-0.11333559173305877,0.00047094197773832835,-0.131065187036721,0.4952856493801523,0.5049521537858149,1.49599017395135,True,705752,dead_geometry,no_window,,,,,,,,,,,2,hohmann_like_transfer,15.553835731374567,4,12,0.1,0.0,1.0,120,12,0.105,0.0,-1.0,False,25.253821122079323,26.495616802076697
phase31_hohmann_like_transfer,1.0,150.0,8000.0,1.0,False,False,False,False,,,,,,,,,False,False,dead_geometry,no_window,0.0,,,True,0,,210358.2724609375,21003317821.598633,2097.22191075496,100000,False,True,max_steps,coast_arc,"{""coast_arc"": 99852, ""global_burn1"": 12, ""global_burn2"": 12, ""global_first_coast"": 4, ""global_transfer_coast"": 120}","{""insertion_window"": 1, ""intercept_possible_poor_alignment"": 99999}",0.0,0.027117421520914644,-0.13397459621556124,-0.14977791491009168,0.027926038201756955,0.14979984272751448,1.2834646958860865,False,False,0,24,0,99976,0,1,0,0,0,0,0,0,0,False,0.0,,hohmann_like_transfer,148,1.0000041230328294,4.123032829296875e-06,0.5000026995676273,-0.12212777007548489,0.020670597679216175,-0.12212415057946105,0.49524147643329125,0.5154124060510671,1.5268013733580503,True,,crossing_bad_sync,no_window,,,,,,,,,,,2,hohmann_like_transfer,15.192879693563805,4,12,0.1,0.0,1.0,120,12,0.105,0.0,-1.0,False,25.0000098379609,25.007188442984138
phase31_hohmann_like_transfer,1.02,150.0,8000.0,1.0,False,False,False,False,,,,,,,,,False,False,dead_geometry,no_window,0.0,,,False,0,,150000208285.72754,170803203493.56348,2077.921028398712,100000,False,True,max_steps,coast_arc,"{""coast_arc"": 99852, ""global_burn1"": 12, ""global_burn2"": 12, ""global_first_coast"": 4, ""global_transfer_coast"": 120}","{""intercept_possible_poor_alignment"": 100000}",0.01960784313725499,0.04695658136612504,-0.12535721577320472,-0.1092378675166189,0.047446298054653745,0.10968635626693864,1.003859050980631,False,False,0,24,0,99976,0,1,0,0,0,0,0,0,0,False,0.0,,hohmann_like_transfer,148,1.0200040823791774,0.020004082379177345,0.4950685658079747,-0.15436093720451347,-0.0005781566692683122,-0.13744470372930231,0.5055375469396536,0.4941767414814617,1.5046676133239785,True,,dead_geometry,no_window,,,,,,,,,,,2,hohmann_like_transfer,15.453190302988551,4,12,0.1,0.0,-1.0,120,12,0.105,0.0,1.0,False,24.75333189015613,26.01952179147885
phase31_hohmann_like_transfer,1.05,150.0,8000.0,1.0,False,False,False,False,,,,,,,,,False,False,dead_geometry,no_window,0.0,,,False,0,,375000205288.6543,395504968843.59766,2048.237116672046,100000,False,True,max_steps,coast_arc,"{""coast_arc"": 99852, ""global_burn1"": 12, ""global_burn2"": 12, ""global_first_coast"": 4, ""global_transfer_coast"": 120}","{""intercept_possible_poor_alignment"": 100000}",0.04761904761904765,0.0745779168849247,-0.11258803253505753,-0.09599463926558033,0.074978455622796,0.0964563187804961,0.9896122842262319,False,False,0,24,0,99976,0,1,0,0,0,0,0,0,0,False,0.0,,hohmann_like_transfer,148,1.0500040236376023,0.05000402363760234,0.48794508940695314,-0.16669946310727568,0.027725589388018848,-0.12503108336326518,0.5056236655493258,0.5084740779503778,1.548558358747339,True,,dead_geometry,no_window,,,,,,,,,,,2,hohmann_like_transfer,15.963416502326943,4,12,0.1,0.0,-1.0,120,12,0.105,0.0,1.0,False,24.39716366836586,31.553138788605725
phase31_hohmann_like_transfer,0.98,165.0,8000.0,1.0,False,False,False,False,,,,,,,,,False,False,window_no_crossing,dead_window_no_crossing,0.0,,,False,0,,149541237756.65234,149541237756.65234,44.32306471299054,100000,False,True,max_steps,phase76_handoff,"{""burn_b"": 46, ""coast_arc"": 1, ""global_burn1"": 12, ""global_burn2"": 12, ""global_first_coast"": 4, ""global_transfer_coast"": 120, ""phase76_handoff"": 99805}","{""insertion_window"": 99637, ""no_intercept_possible"": 363}",0.020408163265306076,1.0245609407947152,-0.04378221735089306,-0.8761384445537092,1.0223103551132582,0.9983866487245737,1.3179659540148658,False,False,0,24,46,125,0,1,1,1,1,1,0,1,0,True,0.0,1363525,hohmann_like_transfer,148,0.9800021559203681,-0.019997844079631902,0.2614515229380145,-0.012418773851261344,0.002861740177651921,-0.032168269227755515,0.25687025509539824,0.74526249252235,1.260477413953933,True,1363527,dead_geometry,no_window,,,,,,,,,,,2,hohmann_like_transfer,15.15199134146613,4,12,0.1,0.0,1.0,120,12,0.105,0.0,-1.0,False,13.07253055425327,15.32605115897397
phase31_hohmann_like_transfer,1.0,165.0,8000.0,1.0,False,False,False,False,,,,,,,,,False,False,dead_geometry,no_window,0.0,,,True,0,,108889.44921875,10877657414.00293,1086.668037464447,100000,False,True,max_steps,coast_arc,"{""coast_arc"": 99852, ""global_burn1"": 12, ""global_burn2"": 12, ""global_first_coast"": 4, ""global_transfer_coast"": 120}","{""insertion_window"": 1, ""intercept_possible_poor_alignment"": 99999}",2.104654818683916e-16,0.030275957221815395,-0.034074173710931875,-0.04987689775325187,0.03116307765467199,0.05017296277120389,1.3078331421944167,False,False,0,24,0,99976,0,1,0,0,0,0,0,0,0,False,0.0,,hohmann_like_transfer,148,1.0000021342519547,2.1342519546875e-06,0.2588237204042233,-0.022225275237284698,0.0230373991234865,-0.022223188419667108,0.25686057389006667,0.7606631261454654,1.2864981451310764,True,,near_recoverable_crossing,no_window,,,,,,,,,,,2,hohmann_like_transfer,14.265547133994342,4,12,0.1,0.0,1.0,120,12,0.105,0.0,-1.0,False,12.941142096785066,12.942680249046717
phase31_hohmann_like_transfer,1.02,165.0,8000.0,1.0,False,False,False,False,,,,,,,,,False,False,dead_geometry,no_window,0.0,,,False,0,,150000107816.6211,160777378024.13477,1077.342301508046,100000,False,True,max_steps,coast_arc,"{""coast_arc"": 99852, ""global_burn1"": 12, ""global_burn2"": 12, ""global_first_coast"": 4, ""global_transfer_coast"": 120}","{""intercept_possible_poor_alignment"": 100000}",0.019607843137254777,0.05008325952522826,-0.024462734730208335,-0.008343975268240749,0.05065070746454488,0.00879246312640626,1.0054170693857227,False,False,0,24,0,99976,0,1,0,0,0,0,0,0,0,False,0.0,,hohmann_like_transfer,148,1.0200021131888222,0.020002113188822265,0.25626483348517926,-0.055443875540254,-0.0029223143360543762,-0.03655075702561483,0.26277930548234446,0.7350725813750627,1.259099820027754,True,,dead_geometry,no_window,,,,,,,,,,,2,hohmann_like_transfer,15.000840454151113,4,12,0.1,0.0,-1.0,120,12,0.105,0.0,1.0,False,12.813226091045514,15.10646295990963
phase31_hohmann_like_transfer,1.05,165.0,8000.0,1.0,False,False,False,False,,,,,,,,,False,False,dead_geometry,no_window,0.0,,,False,0,,375000106265.22266,385622528412.9209,1061.8846090235086,100000,False,True,max_steps,coast_arc,"{""coast_arc"": 99852, ""global_burn1"": 12, ""global_burn2"": 12, ""global_first_coast"": 4, ""global_transfer_coast"": 120}","{""intercept_possible_poor_alignment"": 100000}",0.04761904761904765,0.07765957806259052,-0.010220561444707415,0.006372251502424258,0.07813660748674638,0.006815068273563094,0.9911698537000287,False,False,0,24,0,99976,0,1,0,0,0,0,0,0,0,False,0.0,,hohmann_like_transfer,148,1.0500020827821992,0.05000208278219922,0.2525775130803367,-0.06920578815729367,0.025415138434036696,-0.02266413892354287,0.26285125727810216,0.7563720428998323,1.2957837814646047,True,,dead_geometry,no_window,,,,,,,,,,,2,hohmann_like_transfer,15.72900064950656,4,12,0.1,0.0,-1.0,120,12,0.105,0.0,1.0,False,20.000844447656718,23.654807115380684
phase31_hohmann_like_transfer,0.98,170.0,8000.0,1.0,False,False,False,False,,,,,,,,,False,False,window_no_crossing,dead_window_no_crossing,0.0,,,False,0,,149546695486.21875,149546695486.21875,44.32306471398262,100000,False,True,max_steps,phase76_handoff,"{""burn_b"": 46, ""coast_arc"": 1, ""global_burn1"": 12, ""global_burn2"": 12, ""global_first_coast"": 4, ""global_transfer_coast"": 120, ""phase76_handoff"": 99805}","{""insertion_window"": 99637, ""no_intercept_possible"": 363}",0.020408163265306496,1.0245624558322632,-0.025090063551973553,-0.8761385359610764,1.0223276059160469,0.9984110283574703,1.3225318785068674,False,False,0,24,46,125,0,1,1,1,1,1,0,1,0,True,0.0,2032356,hohmann_like_transfer,148,0.9800014464688798,-0.01999855353112018,0.1754163616419962,0.006655735698420566,0.003313355832926214,-0.013475922919353497,0.17319036296676082,0.8295582587285496,1.1770904825831097,True,2032358,dead_geometry,no_window,,,,,,,,,,,2,hohmann_like_transfer,12.567839849180631,4,12,0.1,0.0,1.0,120,12,0.105,0.0,-1.0,False,8.770789530873731,11.870737530988695
phase31_hohmann_like_transfer,1.0,170.0,8000.0,1.0,False,False,False,False,,,,,,,,,False,False,dead_geometry,no_window,0.0,,,True,0,,73056.654296875,7298666910.05957,729.1768953446971,100000,False,True,max_steps,coast_arc,"{""coast_arc"": 99852, ""global_burn1"": 12, ""global_burn2"": 12, ""global_first_coast"": 4, ""global_transfer_coast"": 120}","{""insertion_window"": 1, ""intercept_possible_poor_alignment"": 99999}",2.104654818683916e-16,0.030873222650949467,-0.015192246987791962,-0.030994761033678927,0.03177518047430393,0.031344296275870334,1.3123881523116274,False,False,0,24,0,99976,0,1,0,0,0,0,0,0,0,False,0.0,,hohmann_like_transfer,148,1.0000014319307684,1.4319307684895834e-06,0.1736532448968273,-0.0033424982663924057,0.023484489082509705,-0.0033410711218500697,0.1732016282401114,0.8466822723410362,1.2014162756491433,True,,crossing_bad_sync,no_window,,,,,,,,,,,2,hohmann_like_transfer,11.455831203898406,4,12,0.1,0.0,1.0,120,12,0.105,0.0,-1.0,False,8.682634685276604,8.683520035402998
phase31_hohmann_like_transfer,1.02,170.0,8000.0,1.0,False,False,False,False,,,,,,,,,False,False,dead_geometry,no_window,0.0,,,False,0,,150000072336.8672,157233656302.20117,723.3756372737706,100000,False,True,max_steps,coast_arc,"{""coast_arc"": 99852, ""global_burn1"": 12, ""global_burn2"": 12, ""global_first_coast"": 4, ""global_transfer_coast"": 120}","{""intercept_possible_poor_alignment"": 100000}",0.01960784313725499,0.050674377628795994,-0.005392923511594131,0.010725628022710898,0.05125651713824929,0.011142367706892406,1.0057116621431441,False,False,0,24,0,99976,0,1,0,0,0,0,0,0,0,False,0.0,,hohmann_like_transfer,148,1.0200014177864933,0.02000141778649336,0.1719333146873683,-0.03674754920643778,-0.0033652396058574457,-0.017481134504252187,0.1772232133996117,0.8200172321333278,1.1732748623642268,True,,dead_geometry,no_window,,,,,,,,,,,2,hohmann_like_transfer,12.379451016355109,4,12,0.1,0.0,-1.0,120,12,0.105,0.0,1.0,False,8.596665742640232,11.743644353271526
phase31_hohmann_like_transfer,1.05,170.0,8000.0,1.0,False,False,False,False,,,,,,,,,False,False,dead_geometry,no_window,0.0,,,False,0,,375000071295.9951,382129620210.5996,712.9764641370891,100000,False,True,max_steps,coast_arc,"{""coast_arc"": 99852, ""global_burn1"": 12, ""global_burn2"": 12, ""global_first_coast"": 4, ""global_transfer_coast"": 120}","{""intercept_possible_poor_alignment"": 100000}",0.047619047619047436,0.07824217822949951,0.009127655905139585,0.025720263916479927,0.07873367911094985,0.026106723025961197,0.9914643366379181,False,False,0,24,0,99976,0,1,0,0,0,0,0,0,0,False,0.0,,hohmann_like_transfer,148,1.05000139738614,0.05000139738613998,0.1694594508625327,-0.05077850855686213,0.02497857547973091,-0.003316107555749306,0.1772975053822944,0.8437788892920917,1.2074580883815444,True,,dead_geometry,no_window,,,,,,,,,,,2,hohmann_like_transfer,15.75000636418373,4,12,0.1,0.0,-1.0,120,12,0.105,0.0,1.0,False,20.000566559190833,21.721475151008615
phase31_hohmann_like_transfer,0.98,175.0,8000.0,1.0,False,False,False,False,,,,,,,,,False,False,window_no_crossing,dead_window_no_crossing,0.0,,,False,0,,149552204552.56836,149552204552.56836,44.32306471498403,100000,False,True,max_steps,phase76_handoff,"{""burn_b"": 46, ""coast_arc"": 1, ""global_burn1"": 12, ""global_burn2"": 12, ""global_first_coast"": 4, ""global_transfer_coast"": 120, ""phase76_handoff"": 99805}","{""insertion_window"": 99637, ""no_intercept_possible"": 363}",0.020408163265306287,1.024563985122915,-0.013817563036137981,-0.8761386282282312,1.0223385279944641,0.9984260087690014,1.3252778338073474,False,False,0,24,46,125,0,1,1,1,1,1,0,1,0,True,0.0,2807870,hohmann_like_transfer,148,0.9800007260083976,-0.019999273991602343,0.08804605693291286,0.018159218266442848,0.0035854872381772896,-0.002203226906743423,0.08928216486875472,0.9139949523687219,1.0932018260648626,True,4049263,dead_geometry,no_window,,,,,,,,,,,2,hohmann_like_transfer,11.511901445750755,4,12,0.1,0.0,1.0,120,12,0.105,0.0,-1.0,False,7.999391526354843,9.130816953065477
phase31_hohmann_like_transfer,1.0,175.0,8000.0,1.0,False,False,False,False,,,,,,,,,False,False,dead_geometry,no_window,0.0,,,True,0,,36667.853515625,3662422857.645508,365.8039769212999,100000,False,True,max_steps,coast_arc,"{""coast_arc"": 99852, ""global_burn1"": 12, ""global_burn2"": 12, ""global_first_coast"": 4, ""global_transfer_coast"": 120}","{""insertion_window"": 1, ""intercept_possible_poor_alignment"": 99999}",2.104654818683916e-16,0.03123364302073462,-0.0038053019082545138,-0.019607602699066716,0.03214454834854908,0.01998963809088033,1.3151275022740603,False,False,0,24,0,99976,0,1,0,0,0,0,0,0,0,False,0.0,,hohmann_like_transfer,148,1.0000007187112507,7.187112506510416e-07,0.08716104918006709,0.008045342996098753,0.023753899451760197,0.008046067489627983,0.08933540191443773,0.9328227765254599,1.1158409762688828,True,,crossing_bad_sync,no_window,,,,,,,,,,,2,hohmann_like_transfer,8.0968079163143,4,12,0.1,0.0,1.0,120,12,0.105,0.0,-1.0,False,4.358034923790859,4.358740760302616
phase31_hohmann_like_transfer,1.02,175.0,8000.0,1.0,False,False,False,False,,,,,,,,,False,False,dead_geometry,no_window,0.0,,,False,0,,150000036306.58496,153633242080.68066,363.58425707188036,100000,False,True,max_steps,coast_arc,"{""coast_arc"": 99852, ""global_burn1"": 12, ""global_burn2"": 12, ""global_first_coast"": 4, ""global_transfer_coast"": 120}","{""intercept_possible_poor_alignment"": 100000}",0.019607843137254777,0.05103097950617552,0.006107327294770394,0.022225667674959267,0.051621978749330284,0.022608977654555832,1.005889614223025,False,False,0,24,0,99976,0,1,0,0,0,0,0,0,0,False,0.0,,hohmann_like_transfer,148,1.020000711593499,0.02000071159349896,0.086293169924958,-0.02547232234386923,-0.0036322401099831876,-0.00598107532318664,0.09130967495654982,0.9054016887140565,1.0873601219077602,True,,dead_geometry,no_window,,,,,,,,,,,2,hohmann_like_transfer,11.483284705051561,4,12,0.1,0.0,-1.0,120,12,0.105,0.0,1.0,False,8.000288509928229,9.089607882058147
phase31_hohmann_like_transfer,1.05,175.0,8000.0,1.0,False,False,False,False,,,,,,,,,False,False,dead_geometry,no_window,0.0,,,False,0,,375000035784.1621,378580903483.2793,358.3406845968767,100000,False,True,max_steps,coast_arc,"{""coast_arc"": 99852, ""global_burn1"": 12, ""global_burn2"": 12, ""global_first_coast"": 4, ""global_transfer_coast"": 120}","{""intercept_possible_poor_alignment"": 100000}",0.04761904761904765,0.07859363570318623,0.020795802465610375,0.03738820236119155,0.07909386358979577,0.03774145790918326,0.9916422033726724,False,False,0,24,0,99976,0,1,0,0,0,0,0,0,0,False,0.0,,hohmann_like_transfer,148,1.0500007013547008,0.050000701354700784,0.08505159660062658,-0.03966554609364563,0.02471540497995407,0.008351850136755599,0.09141397051986556,0.9316111770036308,1.1190722955051216,True,,dead_geometry,no_window,,,,,,,,,,,2,hohmann_like_transfer,15.762669399598053,4,12,0.1,0.0,-1.0,120,12,0.105,0.0,1.0,False,20.000284358691612,20.447447745176394
phase31_hohmann_like_transfer,0.98,150.0,10000.0,1.0,False,False,False,False,,,,,,,,,False,False,window_no_crossing,dead_window_no_crossing,0.0,,,False,0,,149415328304.91016,149415328304.91016,55.40461604135192,100000,False,True,max_steps,phase76_handoff,"{""burn_b"": 46, ""coast_arc"": 1, ""global_burn1"": 12, ""global_burn2"": 12, ""global_first_coast"": 4, ""global_transfer_coast"": 120, ""phase76_handoff"": 99805}","{""insertion_window"": 99526, ""intercept_possible_poor_alignment"": 13, ""no_intercept_possible"": 461}",0.020408163265306076,1.0116687545043634,-0.1426785900258876,-0.83398754900529,1.0127055916846823,0.9983670434844298,1.366627412283732,False,False,0,24,46,125,0,1,1,1,1,1,0,1,0,True,0.0,705748,hohmann_like_transfer,148,0.980004164898038,-0.01999583510196198,0.5050804793475693,-0.11037300152775881,0.005734833718282407,-0.12816183629146313,0.494223910429077,0.5086933614122162,1.502842462053729,True,705750,dead_geometry,no_window,,,,,,,,,,,2,hohmann_like_transfer,15.5747985021633,4,12,0.1,0.0,1.0,120,12,0.105,0.0,-1.0,False,25.253890673624728,26.496024181130363
phase31_hohmann_like_transfer,1.0,150.0,10000.0,1.0,False,False,False,False,,,,,,,,,False,False,dead_geometry,no_window,0.0,,,True,0,,210358.2724609375,21002590892.20215,2097.0744938732087,100000,False,True,max_steps,coast_arc,"{""coast_arc"": 99852, ""global_burn1"": 12, ""global_burn2"": 12, ""global_first_coast"": 4, ""global_transfer_coast"": 120}","{""insertion_window"": 1, ""intercept_possible_poor_alignment"": 99999}",0.0,0.03381850837120082,-0.13397459621556124,-0.15372874458588742,0.03486929746362685,0.153846242219464,1.3565822837964374,False,False,0,24,0,99976,0,1,0,0,0,0,0,0,0,False,0.0,,hohmann_like_transfer,148,1.0000041230385126,4.123038512630209e-06,0.5000041136716247,-0.11916517088833671,0.025882355907746558,-0.11916153917241311,0.4941711392814305,0.5192687595654156,1.5338713433055584,True,,crossing_bad_sync,no_window,,,,,,,,,,,2,hohmann_like_transfer,15.213873576654066,4,12,0.1,0.0,1.0,120,12,0.105,0.0,-1.0,False,25.000077516551276,25.007639716075207
phase31_hohmann_like_transfer,1.02,150.0,10000.0,1.0,False,False,False,False,,,,,,,,,False,False,dead_geometry,no_window,0.0,,,False,0,,150000208285.72754,170803974416.95605,2078.07372786781,100000,False,True,max_steps,coast_arc,"{""coast_arc"": 99852, ""global_burn1"": 12, ""global_burn2"": 12, ""global_first_coast"": 4, ""global_transfer_coast"": 120}","{""intercept_possible_poor_alignment"": 100000}",0.01960784313725499,0.05387202755388043,-0.12535721577320472,-0.10520803045338546,0.054458174793715376,0.10576864139128418,1.007297592782833,False,False,0,24,0,99976,0,1,0,0,0,0,0,0,0,False,0.0,,hohmann_like_transfer,148,1.0200040823768188,0.02000408237681875,0.4950679791983034,-0.15732354494311188,-0.005580554115861227,-0.1404665757191484,0.5070299714581984,0.49023424978144764,1.4986665814985132,True,,dead_geometry,no_window,,,,,,,,,,,2,hohmann_like_transfer,15.453840666347828,4,12,0.1,0.0,-1.0,120,12,0.105,0.0,1.0,False,24.753305621467884,26.019190893219225
phase31_hohmann_like_transfer,1.05,150.0,10000.0,1.0,False,False,False,False,,,,,,,,,False,False,dead_geometry,no_window,0.0,,,False,0,,375000205288.6543,395505707508.1826,2048.3834107706975,100000,False,True,max_steps,coast_arc,"{""coast_arc"": 99852, ""global_burn1"": 12, ""global_burn2"": 12, ""global_first_coast"": 4, ""global_transfer_coast"": 120}","{""intercept_possible_poor_alignment"": 100000}",0.04761904761904765,0.08139588610446383,-0.11258803253505753,-0.09184629094908157,0.08189025683785914,0.09242339034271445,0.993051077393954,False,False,0,24,0,99976,0,1,0,0,0,0,0,0,0,False,0.0,,hohmann_like_transfer,148,1.050004023635366,0.05000402363536602,0.48794453327846293,-0.16966208290295698,0.02279631844729301,-0.1281418460710959,0.5071406869396554,0.5043567910808792,1.542299436024347,True,,dead_geometry,no_window,,,,,,,,,,,2,hohmann_like_transfer,15.963697591925467,4,12,0.1,0.0,-1.0,120,12,0.105,0.0,1.0,False,24.397138794320632,31.552842711409173
phase31_hohmann_like_transfer,0.98,165.0,10000.0,1.0,False,False,False,False,,,,,,,,,False,False,window_no_crossing,dead_window_no_crossing,0.0,,,False,0,,149430890678.48926,149430890678.48926,55.40461604418781,100000,False,True,max_steps,phase76_handoff,"{""burn_b"": 46, ""coast_arc"": 1, ""global_burn1"": 12, ""global_burn2"": 12, ""global_first_coast"": 4, ""global_transfer_coast"": 120, ""phase76_handoff"": 99805}","{""insertion_window"": 99526, ""intercept_possible_poor_alignment"": 13, ""no_intercept_possible"": 461}",0.020408163265306076,1.0116730757383752,-0.04378221735089306,-0.833987903273054,1.012815857968181,0.998490451012829,1.3954942275929227,False,False,0,24,46,125,0,1,1,1,1,1,0,1,0,True,0.0,1363517,hohmann_like_transfer,148,0.980002155926691,-0.019997844073308985,0.2614530966181517,-0.009456038509528968,0.00872322447922214,-0.02926478219917315,0.25669683613285765,0.7498442233518889,1.2677557541612319,True,1363518,dead_geometry,no_window,,,,,,,,,,,2,hohmann_like_transfer,15.174282432770253,4,12,0.1,0.0,1.0,120,12,0.105,0.0,-1.0,False,13.072605750544728,15.326288723721078
phase31_hohmann_like_transfer,1.0,165.0,10000.0,1.0,False,False,False,False,,,,,,,,,False,False,dead_geometry,no_window,0.0,,,True,0,,108889.44921875,10876841618.487305,1086.5027168900986,100000,False,True,max_steps,coast_arc,"{""coast_arc"": 99852, ""global_burn1"": 12, ""global_burn2"": 12, ""global_first_coast"": 4, ""global_transfer_coast"": 120}","{""insertion_window"": 1, ""intercept_possible_poor_alignment"": 99999}",2.104654818683916e-16,0.03776679157000513,-0.034074173710931875,-0.053827578766186296,0.038915710158985206,0.054221682331089406,1.385369179659224,False,False,0,24,0,99976,0,1,0,0,0,0,0,0,0,False,0.0,,hohmann_like_transfer,148,1.000002134258106,2.1342581059895835e-06,0.25882525116030847,-0.01926253524587672,0.028840753917643715,-0.01926044209899269,0.25669125626623523,0.7653829654943435,1.2940115242023502,True,,near_recoverable_crossing,no_window,,,,,,,,,,,2,hohmann_like_transfer,14.287876041668515,4,12,0.1,0.0,1.0,120,12,0.105,0.0,-1.0,False,12.94121525162108,12.94300665256462
phase31_hohmann_like_transfer,1.02,165.0,10000.0,1.0,False,False,False,False,,,,,,,,,False,False,dead_geometry,no_window,0.0,,,False,0,,150000107816.6211,160778235227.0293,1077.5123848626615,100000,False,True,max_steps,coast_arc,"{""coast_arc"": 99852, ""global_burn1"": 12, ""global_burn2"": 12, ""global_first_coast"": 4, ""global_transfer_coast"": 120}","{""intercept_possible_poor_alignment"": 100000}",0.019607843137254777,0.05778026500536904,-0.024462734730208335,-0.00431428540380448,0.058463576495443384,0.004874895226522449,1.009237578023875,False,False,0,24,0,99976,0,1,0,0,0,0,0,0,0,False,0.0,,hohmann_like_transfer,148,1.0200021131860084,0.020002113186008332,0.2562641336397783,-0.058406619963140845,-0.008510851957682832,-0.03957276260044742,0.2640623743118014,0.7297270269919501,1.2533949157394306,True,,dead_geometry,no_window,,,,,,,,,,,2,hohmann_like_transfer,15.002711400513588,4,12,0.1,0.0,-1.0,120,12,0.105,0.0,1.0,False,12.813194506494051,15.106325295725338
phase31_hohmann_like_transfer,1.05,165.0,10000.0,1.0,False,False,False,False,,,,,,,,,False,False,dead_geometry,no_window,0.0,,,False,0,,375000106265.22266,385623349650.1367,1062.047537075431,100000,False,True,max_steps,coast_arc,"{""coast_arc"": 99852, ""global_burn1"": 12, ""global_burn2"": 12, ""global_first_coast"": 4, ""global_transfer_coast"": 120}","{""intercept_possible_poor_alignment"": 100000}",0.04761904761904765,0.08524785702260264,-0.010220561444707415,0.01052045473814803,0.08583793617311536,0.01106641248662129,0.9949904310327132,False,False,0,24,0,99976,0,1,0,0,0,0,0,0,0,False,0.0,,hohmann_like_transfer,148,1.0500020827795276,0.050002082779527474,0.25257684853431794,-0.07216853882148082,0.019908158283651584,-0.02577503329418259,0.2641606171954737,0.7507861523629416,1.2898389348713084,True,,dead_geometry,no_window,,,,,,,,,,,2,hohmann_like_transfer,15.745448132131616,4,12,0.1,0.0,-1.0,120,12,0.105,0.0,1.0,False,20.000844446558176,23.654683638770173
phase31_hohmann_like_transfer,0.98,170.0,10000.0,1.0,False,False,False,False,,,,,,,,,False,False,window_no_crossing,dead_window_no_crossing,0.0,,,False,0,,149436329273.5498,149436329273.5498,55.40461604517889,100000,False,True,max_steps,phase76_handoff,"{""burn_b"": 46, ""coast_arc"": 1, ""global_burn1"": 12, ""global_burn2"": 12, ""global_first_coast"": 4, ""global_transfer_coast"": 120, ""phase76_handoff"": 99805}","{""insertion_window"": 99526, ""intercept_possible_poor_alignment"": 13, ""no_intercept_possible"": 461}",0.020408163265306496,1.0116745858877787,-0.025090063551973553,-0.8339880270793061,1.0128371500787585,0.9985151399053172,1.4008834683191291,False,False,0,24,46,125,0,1,1,1,1,1,0,1,0,True,0.0,1396708,hohmann_like_transfer,148,0.9800014464752944,-0.0199985535247056,0.17541795804953078,0.009618522294201869,0.009287706265835145,-0.010572387763432957,0.1735665811222178,0.8341810474187341,1.1845685054526212,True,2032339,dead_geometry,no_window,,,,,,,,,,,2,hohmann_like_transfer,12.59040119756789,4,12,0.1,0.0,1.0,120,12,0.105,0.0,-1.0,False,8.770865794127772,11.870916209511051
phase31_hohmann_like_transfer,1.0,170.0,10000.0,1.0,False,False,False,False,,,,,,,,,False,False,dead_geometry,no_window,0.0,,,True,0,,73056.654296875,7297834096.161133,729.0081269731028,100000,False,True,max_steps,coast_arc,"{""coast_arc"": 99852, ""global_burn1"": 12, ""global_burn2"": 12, ""global_first_coast"": 4, ""global_transfer_coast"": 120}","{""insertion_window"": 1, ""intercept_possible_poor_alignment"": 99999}",2.104654818683916e-16,0.038513413457463994,-0.015192246987791962,-0.03494538954756081,0.039680878719459654,0.03539309509565078,1.3907431986001828,False,False,0,24,0,99976,0,1,0,0,0,0,0,0,0,False,0.0,,hohmann_like_transfer,148,1.000001431937006,1.4319370059895834e-06,0.17365479770186468,-0.0003797085508273427,0.029399579711715515,-0.0003782771575400909,0.17359076231524354,0.851441252662243,1.2091389389329417,True,,crossing_bad_sync,no_window,,,,,,,,,,,2,hohmann_like_transfer,11.478437066659533,4,12,0.1,0.0,1.0,120,12,0.105,0.0,-1.0,False,8.682708875223735,8.683834232302697
phase31_hohmann_like_transfer,1.02,170.0,10000.0,1.0,False,False,False,False,,,,,,,,,False,False,dead_geometry,no_window,0.0,,,False,0,,150000072336.8672,157234530028.29492,723.5490684092341,100000,False,True,max_steps,coast_arc,"{""coast_arc"": 99852, ""global_burn1"": 12, ""global_burn2"": 12, ""global_first_coast"": 4, ""global_transfer_coast"": 120}","{""intercept_possible_poor_alignment"": 100000}",0.01960784313725499,0.05851912370769649,-0.005392923511594131,0.014755265905179902,0.05922079972343454,0.015272199747000587,1.009604226146545,False,False,0,24,0,99976,0,1,0,0,0,0,0,0,0,False,0.0,,hohmann_like_transfer,148,1.0200014177835937,0.02000141778359375,0.17193259343913816,-0.039710341898382,-0.009064544126990655,-0.020503187253427167,0.17857587525818702,0.8140451763196992,1.167988591134031,True,,dead_geometry,no_window,,,,,,,,,,,2,hohmann_like_transfer,12.396061421313206,4,12,0.1,0.0,-1.0,120,12,0.105,0.0,1.0,False,8.596629723372706,11.743579669501676
phase31_hohmann_like_transfer,1.05,170.0,10000.0,1.0,False,False,False,False,,,,,,,,,False,False,dead_geometry,no_window,0.0,,,False,0,,375000071295.9951,382130457252.5088,713.1425930717711,100000,False,True,max_steps,coast_arc,"{""coast_arc"": 99852, ""global_burn1"": 12, ""global_burn2"": 12, ""global_first_coast"": 4, ""global_transfer_coast"": 120}","{""intercept_possible_poor_alignment"": 100000}",0.047619047619047436,0.08597606996105979,0.009127655905139585,0.029868415918259512,0.08658423849251524,0.03035801607908406,0.9953569322405941,False,False,0,24,0,99976,0,1,0,0,0,0,0,0,0,False,0.0,,hohmann_like_transfer,148,1.0500013973833862,0.05000139738338607,0.16945876582439906,-0.053741305436294934,0.019362420522705228,-0.00642704842193094,0.17868162689314995,0.8375350795190146,1.2019543729105484,True,,dead_geometry,no_window,,,,,,,,,,,2,hohmann_like_transfer,15.766686771978808,4,12,0.1,0.0,-1.0,120,12,0.105,0.0,1.0,False,20.00056655805854,21.72140025962789
phase31_hohmann_like_transfer,0.98,175.0,10000.0,1.0,False,False,False,False,,,,,,,,,False,False,window_no_crossing,dead_window_no_crossing,0.0,,,False,0,,149441829035.3789,149441829035.3789,55.40461604618109,100000,False,True,max_steps,phase76_handoff,"{""burn_b"": 46, ""coast_arc"": 1, ""global_burn1"": 12, ""global_burn2"": 12, ""global_first_coast"": 4, ""global_transfer_coast"": 120, ""phase76_handoff"": 99805}","{""insertion_window"": 99526, ""intercept_possible_poor_alignment"": 13, ""no_intercept_possible"": 461}",0.020408163265306287,1.011676113023788,-0.013817563036137981,-0.8339881522779544,1.012850530308117,0.9985301818786645,1.4041235381892778,False,False,0,24,46,125,0,1,1,1,1,1,0,1,0,True,0.0,1396759,hohmann_like_transfer,148,0.9800007260148673,-0.01999927398513268,0.08804766704718611,0.02112205691179299,0.009627832153505418,0.0007003571233518232,0.09077509554286678,0.9180638692969217,1.1013789875726137,True,4049189,dead_geometry,no_window,,,,,,,,,,,2,hohmann_like_transfer,11.534552727276289,4,12,0.1,0.0,1.0,120,12,0.105,0.0,-1.0,False,7.999391518080416,9.130933430822248
phase31_hohmann_like_transfer,1.0,175.0,10000.0,1.0,False,False,False,False,,,,,,,,,False,False,dead_geometry,no_window,0.0,,,True,0,,36667.853515625,3661579598.0585938,365.63307674281066,100000,False,True,max_steps,coast_arc,"{""coast_arc"": 99852, ""global_burn1"": 12, ""global_burn2"": 12, ""global_first_coast"": 4, ""global_transfer_coast"": 120}","{""insertion_window"": 1, ""intercept_possible_poor_alignment"": 99999}",2.104654818683916e-16,0.0389639796396014,-0.0038053019082545138,-0.023558177899193854,0.040142629217799174,0.024038442929811946,1.393974071629964,False,False,0,24,0,99976,0,1,0,0,0,0,0,0,0,False,0.0,,hohmann_like_transfer,148,1.0000007187175426,7.18717542578125e-07,0.08716261528265769,0.011008183207589383,0.02973630544967539,0.011008909836906285,0.09086045462876592,0.9370025390804518,1.124292767786527,True,,near_recoverable_crossing,no_window,,,,,,,,,,,2,hohmann_like_transfer,8.119574411026674,4,12,0.1,0.0,1.0,120,12,0.105,0.0,-1.0,False,4.358109738022405,4.359128555567574
phase31_hohmann_like_transfer,1.02,175.0,10000.0,1.0,False,False,False,False,,,,,,,,,False,False,dead_geometry,no_window,0.0,,,False,0,,150000036306.58496,153634125949.3164,363.759758364627,100000,False,True,max_steps,coast_arc,"{""coast_arc"": 99852, ""global_burn1"": 12, ""global_burn2"": 12, ""global_first_coast"": 4, ""global_transfer_coast"": 120}","{""intercept_possible_poor_alignment"": 100000}",0.019607843137254777,0.05896483652641662,0.006107327294770394,0.02625525276887676,0.05967758727164812,0.026738756982385675,1.0098256151561023,False,False,0,24,0,99976,0,1,0,0,0,0,0,0,0,False,0.0,,hohmann_like_transfer,148,1.0200007115905476,0.020000711590547657,0.08629243576918398,-0.028435164053977842,-0.009398330891405736,-0.009003175978703764,0.09324929887116645,0.8983081043219842,1.083070246317637,True,,dead_geometry,no_window,,,,,,,,,,,2,hohmann_like_transfer,11.5063951154723,4,12,0.1,0.0,-1.0,120,12,0.105,0.0,1.0,False,8.000288508714792,9.089619382324587
phase31_hohmann_like_transfer,1.05,175.0,10000.0,1.0,False,False,False,False,,,,,,,,,False,False,dead_geometry,no_window,0.0,,,False,0,,375000035784.1621,378581750219.6162,358.5087908445383,100000,False,True,max_steps,coast_arc,"{""coast_arc"": 99852, ""global_burn1"": 12, ""global_burn2"": 12, ""global_first_coast"": 4, ""global_transfer_coast"": 120}","{""intercept_possible_poor_alignment"": 100000}",0.04761904761904765,0.08641535395734169,0.020795802465610375,0.04153630233398961,0.08703443130412689,0.04199263678874645,0.9955782127824263,False,False,0,24,0,99976,0,1,0,0,0,0,0,0,0,False,0.0,,hohmann_like_transfer,148,1.0500007013518968,0.050000701351896874,0.08505089920419565,-0.042628389905549034,0.019033422801219342,0.005240862053568232,0.09340373616570877,0.9241867000434826,1.1146187460208894,True,,dead_geometry,no_window,,,,,,,,,,,2,hohmann_like_transfer,15.779490273708086,4,12,0.1,0.0,-1.0,120,12,0.105,0.0,1.0,False,20.000284357538803,20.44740947448706
phase31_hohmann_like_transfer,0.98,150.0,12000.0,1.0,False,False,False,False,,,,,,,,,False,False,window_no_crossing,dead_window_no_crossing,0.0,,,False,0,,149304482970.4668,149304482970.4668,66.48839514206374,100000,False,True,max_steps,phase76_handoff,"{""burn_b"": 46, ""coast_arc"": 1, ""global_burn1"": 12, ""global_burn2"": 12, ""global_first_coast"": 4, ""global_transfer_coast"": 120, ""phase76_handoff"": 99805}","{""insertion_window"": 99904, ""no_intercept_possible"": 96}",0.020408163265306076,1.0020945599881246,-0.1426785900258876,-1.1910067271692195,1.0010717090520838,0.9984673715602944,1.4403398975397144,False,False,0,24,46,125,0,1,1,1,1,1,0,1,0,True,0.0,705745,hohmann_like_transfer,148,0.980004164904245,-0.01999583509575495,0.5050820241468291,-0.10741041132381657,0.011016371631884925,-0.12525848554717328,0.4932106141467433,0.5124345553520345,1.509843612487938,True,705747,dead_geometry,no_window,,,,,,,,,,,2,hohmann_like_transfer,15.595711176477428,4,12,0.1,0.0,1.0,120,12,0.105,0.0,-1.0,False,25.253964807577717,26.496445346967143
phase31_hohmann_like_transfer,1.0,150.0,12000.0,1.0,False,False,False,False,,,,,,,,,False,False,dead_geometry,no_window,0.0,,,True,0,,210358.2724609375,21001871389.34668,2096.928167970357,100000,False,True,max_steps,coast_arc,"{""coast_arc"": 99852, ""global_burn1"": 12, ""global_burn2"": 12, ""global_first_coast"": 4, ""global_transfer_coast"": 120}","{""insertion_window"": 1, ""intercept_possible_poor_alignment"": 99878, ""no_intercept_possible"": 121}",0.0,0.0404882878318261,-0.13397459621556124,-0.15767957426275056,0.04179725662063254,0.1578935634908209,1.4303267648943387,False,False,0,24,0,99976,0,1,0,0,0,0,0,0,0,False,0.0,,hohmann_like_transfer,148,1.000004123044554,4.12304455390625e-06,0.5000056173088885,-0.11620257170248385,0.031111757660854594,-0.11619892776631034,0.4931502747699721,0.5231250654939958,1.5410964954689959,True,,near_recoverable_crossing,no_window,,,,,,,,,,,2,hohmann_like_transfer,15.234817367929521,4,12,0.1,0.0,1.0,120,12,0.105,0.0,-1.0,False,25.000149685901825,25.008105456926746
phase31_hohmann_like_transfer,1.02,150.0,12000.0,1.0,False,False,False,False,,,,,,,,,False,False,dead_geometry,no_window,0.0,,,False,0,,150000208285.72754,170804752621.45312,2078.2274969993814,100000,False,True,max_steps,coast_arc,"{""coast_arc"": 99852, ""global_burn1"": 12, ""global_burn2"": 12, ""global_first_coast"": 4, ""global_transfer_coast"": 120}","{""intercept_possible_poor_alignment"": 100000}",0.01960784313725499,0.06081877837182865,-0.12535721577320472,-0.101178193390303,0.06148534888226782,0.10185092651579733,1.0107399226536127,False,False,0,24,0,99976,0,1,0,0,0,0,0,0,0,False,0.0,,hohmann_like_transfer,148,1.0200040823748127,0.020004082374812632,0.4950674803663599,-0.16028615268219185,-0.010565310560881752,-0.14348844770917563,0.508563783381133,0.48629832380265564,1.49279197258795,True,,dead_geometry,no_window,,,,,,,,,,,2,hohmann_like_transfer,15.454541117121689,4,12,0.1,0.0,-1.0,120,12,0.105,0.0,1.0,False,24.753283755486418,26.018873764899055
phase31_hohmann_like_transfer,1.05,150.0,12000.0,1.0,False,False,False,False,,,,,,,,,False,False,dead_geometry,no_window,0.0,,,False,0,,375000205288.6543,395506453246.4287,2048.530744083112,100000,False,True,max_steps,coast_arc,"{""coast_arc"": 99852, ""global_burn1"": 12, ""global_burn2"": 12, ""global_first_coast"": 4, ""global_transfer_coast"": 120}","{""intercept_possible_poor_alignment"": 100000}",0.04761904761904765,0.08824515606551642,-0.11258803253505753,-0.08769794263275331,0.0888174277793367,0.08839046190511482,0.9964937091000526,False,False,0,24,0,99976,0,1,0,0,0,0,0,0,0,False,0.0,,hohmann_like_transfer,148,1.050004023633473,0.050004023633472915,0.4879440624197859,-0.17262470269908148,0.017884684952972636,-0.13125260877909475,0.5087002417692312,0.5002465094511265,1.5361742339767799,True,,dead_geometry,no_window,,,,,,,,,,,2,hohmann_like_transfer,15.964028762716625,4,12,0.1,0.0,-1.0,120,12,0.105,0.0,1.0,False,24.397118197191535,31.55255784336696
phase31_hohmann_like_transfer,0.98,165.0,12000.0,1.0,False,False,False,False,,,,,,,,,False,False,window_no_crossing,dead_window_no_crossing,0.0,,,False,0,,149319995205.50488,149319995205.50488,66.48839514732792,100000,False,True,max_steps,phase76_handoff,"{""burn_b"": 46, ""coast_arc"": 1, ""global_burn1"": 12, ""global_burn2"": 12, ""global_first_coast"": 4, ""global_transfer_coast"": 120, ""phase76_handoff"": 99805}","{""insertion_window"": 99904, ""no_intercept_possible"": 96}",0.020408163265306076,1.0020988536603008,-0.04378221735089306,-1.1910063549311893,1.0012029885097267,0.9985929471960249,1.4731800018107712,False,False,0,24,46,125,0,1,1,1,1,1,0,1,0,True,0.0,1363508,hohmann_like_transfer,148,0.9800021559333812,-0.01999784406661875,0.26145476165901743,-0.006493303169262493,0.01460231215839449,-0.026361295171625082,0.25665202182017127,0.7543634284428276,1.2752739704237745,True,1363510,dead_geometry,no_window,,,,,,,,,,,2,hohmann_like_transfer,15.196527946182915,4,12,0.1,0.0,1.0,120,12,0.105,0.0,-1.0,False,13.072685529256248,15.326546487052376
phase31_hohmann_like_transfer,1.0,165.0,12000.0,1.0,False,False,False,False,,,,,,,,,False,False,dead_geometry,no_window,0.0,,,True,0,,108889.44921875,10876033254.15332,1086.3384886418205,100000,False,True,max_steps,coast_arc,"{""coast_arc"": 99852, ""global_burn1"": 12, ""global_burn2"": 12, ""global_first_coast"": 4, ""global_transfer_coast"": 120}","{""insertion_window"": 1, ""intercept_possible_poor_alignment"": 99876, ""no_intercept_possible"": 123}",2.104654818683916e-16,0.045226363940281414,-0.034074173710931875,-0.0577782597802274,0.04665308790138729,0.05827051051294653,1.463062984046326,False,False,0,24,0,99976,0,1,0,0,0,0,0,0,0,False,0.0,,hohmann_like_transfer,148,1.0000021342646161,2.1342646161458333e-06,0.2588268714499158,-0.01629979525586741,0.03466171071832189,-0.0162976957793276,0.2566532330260144,0.7700375870588543,1.301774980831961,True,,crossing_bad_sync,no_window,,,,,,,,,,,2,hohmann_like_transfer,14.310160160874492,4,12,0.1,0.0,1.0,120,12,0.105,0.0,-1.0,False,12.941292897229149,12.943356831934844
phase31_hohmann_like_transfer,1.02,165.0,12000.0,1.0,False,False,False,False,,,,,,,,,False,False,dead_geometry,no_window,0.0,,,False,0,,150000107816.6211,160779099715.56055,1077.683539161525,100000,False,True,max_steps,coast_arc,"{""coast_arc"": 99852, ""global_burn1"": 12, ""global_burn2"": 12, ""global_first_coast"": 4, ""global_transfer_coast"": 120}","{""intercept_possible_poor_alignment"": 100000}",0.019607843137254777,0.06550853103229734,-0.024462734730208335,-0.0002845955396737212,0.06629169885932272,0.0009573273269291972,1.013059107320486,False,False,0,24,0,99976,0,1,0,0,0,0,0,0,0,False,0.0,,hohmann_like_transfer,148,1.020002113183548,0.020002113183548047,0.2562635215723481,-0.06136936438660715,-0.014081788881132578,-0.04259476817552251,0.26545716315286233,0.7243427945368994,1.2478847140614564,True,,dead_geometry,no_window,,,,,,,,,,,2,hohmann_like_transfer,15.004636819417373,4,12,0.1,0.0,-1.0,120,12,0.105,0.0,1.0,False,12.81316732466064,15.106207884539526
phase31_hohmann_like_transfer,1.05,165.0,12000.0,1.0,False,False,False,False,,,,,,,,,False,False,dead_geometry,no_window,0.0,,,False,0,,375000106265.22266,385624177965.0957,1062.2115055341326,100000,False,True,max_steps,coast_arc,"{""coast_arc"": 99852, ""global_burn1"": 12, ""global_burn2"": 12, ""global_first_coast"": 4, ""global_transfer_coast"": 120}","{""intercept_possible_poor_alignment"": 100000}",0.04761904761904765,0.09286739451664344,-0.010220561444707415,0.01466865797365782,0.09355451653467847,0.015317756699446251,0.9988120420494156,False,False,0,24,0,99976,0,1,0,0,0,0,0,0,0,False,0.0,,hohmann_like_transfer,148,1.0500020827771985,0.050002082777198566,0.2525762692583389,-0.07513128948620289,0.014418776991147424,-0.028885927665051127,0.2655847642230952,0.7451595247876472,1.2840999145249823,True,,dead_geometry,no_window,,,,,,,,,,,2,hohmann_like_transfer,15.761945628416555,4,12,0.1,0.0,-1.0,120,12,0.105,0.0,1.0,False,20.000844445600677,23.65457299508993
phase31_hohmann_like_transfer,0.98,170.0,12000.0,1.0,False,False,False,False,,,,,,,,,False,False,window_no_crossing,dead_window_no_crossing,0.0,,,False,0,,149325419022.9131,149325419022.9131,66.48839514916853,100000,False,True,max_steps,phase76_handoff,"{""burn_b"": 46, ""coast_arc"": 1, ""global_burn1"": 12, ""global_burn2"": 12, ""global_first_coast"": 4, ""global_transfer_coast"": 120, ""phase76_handoff"": 99805}","{""insertion_window"": 99904, ""no_intercept_possible"": 96}",0.020408163265306496,1.0021003549371728,-0.025090063551973553,-1.1910062247791,1.0012283129795796,0.9986178177080782,1.4793051441079252,False,False,0,24,46,125,0,1,1,1,1,1,0,1,0,True,0.0,2032318,hohmann_like_transfer,148,0.9800014464820763,-0.0199985535179237,0.17541964581788877,0.012581308888496734,0.015279644963377899,-0.007668852608559137,0.17414098542756326,0.838673650187441,1.192359820148022,True,2032320,dead_geometry,no_window,,,,,,,,,,,2,hohmann_like_transfer,12.612920443337618,4,12,0.1,0.0,1.0,120,12,0.105,0.0,-1.0,False,8.770946639806274,11.871119307035388
phase31_hohmann_like_transfer,1.0,170.0,12000.0,1.0,False,False,False,False,,,,,,,,,False,False,dead_geometry,no_window,0.0,,,True,0,,73056.654296875,7297008715.086914,728.8404514065088,100000,False,True,max_steps,coast_arc,"{""coast_arc"": 99852, ""global_burn1"": 12, ""global_burn2"": 12, ""global_first_coast"": 4, ""global_transfer_coast"": 120}","{""insertion_window"": 1, ""intercept_possible_poor_alignment"": 99876, ""no_intercept_possible"": 123}",2.104654818683916e-16,0.0461223583229276,-0.015192246987791962,-0.03889601806253835,0.04757133821528268,0.03944194560687239,1.469168445762322,False,False,0,24,0,99976,0,1,0,0,0,0,0,0,0,False,0.0,,hohmann_like_transfer,148,1.0000014319436052,1.4319436052083334e-06,0.17365644004051486,0.002583081163320244,0.03533225768559095,0.002584516805751942,0.1741821287743235,0.856064565032923,1.2171881335611494,True,,near_recoverable_crossing,no_window,,,,,,,,,,,2,hohmann_like_transfer,11.501002717524697,4,12,0.1,0.0,1.0,120,12,0.105,0.0,-1.0,False,8.682787555947103,8.6841816640828
phase31_hohmann_like_transfer,1.02,170.0,12000.0,1.0,False,False,False,False,,,,,,,,,False,False,dead_geometry,no_window,0.0,,,False,0,,150000072336.8672,157235411041.70508,723.7235709447166,100000,False,True,max_steps,coast_arc,"{""coast_arc"": 99852, ""global_burn1"": 12, ""global_burn2"": 12, ""global_first_coast"": 4, ""global_transfer_coast"": 120}","{""intercept_possible_poor_alignment"": 100000}",0.01960784313725499,0.06639511476582065,-0.005392923511594131,0.018784903787374834,0.06720032009761437,0.01940203178684265,1.0134972543197693,False,False,0,24,0,99976,0,1,0,0,0,0,0,0,0,False,0.0,,hohmann_like_transfer,148,1.0200014177810468,0.020001417781046745,0.17193195996896482,-0.04267313459092492,-0.014746262182781758,-0.023525240002858095,0.18010118959587668,0.8079840655342454,1.1629519945778428,True,,dead_geometry,no_window,,,,,,,,,,,2,hohmann_like_transfer,12.412729617201066,4,12,0.1,0.0,-1.0,120,12,0.105,0.0,1.0,False,8.596598093179683,11.743539462851707
phase31_hohmann_like_transfer,1.05,170.0,12000.0,1.0,False,False,False,False,,,,,,,,,False,False,dead_geometry,no_window,0.0,,,False,0,,375000071295.9951,382131301373.63574,713.3097628373695,100000,False,True,max_steps,coast_arc,"{""coast_arc"": 99852, ""global_burn1"": 12, ""global_burn2"": 12, ""global_first_coast"": 4, ""global_transfer_coast"": 120}","{""intercept_possible_poor_alignment"": 100000}",0.047619047619047436,0.09374120532134335,0.009127655905139585,0.03401656791978138,0.09445003466631038,0.034609309131946944,0.9992499977092919,False,False,0,24,0,99976,0,1,0,0,0,0,0,0,0,False,0.0,,hohmann_like_transfer,148,1.050001397380975,0.05000139738097487,0.1694581660563852,-0.056704102316279745,0.013763850796324431,-0.009537989288352672,0.1802430285823524,0.8311974490891969,1.1967144274069912,True,,dead_geometry,no_window,,,,,,,,,,,2,hohmann_like_transfer,15.783417169585336,4,12,0.1,0.0,-1.0,120,12,0.105,0.0,1.0,False,20.000566557067135,21.721338527748678
phase31_hohmann_like_transfer,0.98,175.0,12000.0,1.0,False,False,False,False,,,,,,,,,False,False,window_no_crossing,dead_window_no_crossing,0.0,,,False,0,,149330912581.73145,149330912581.73145,66.48839515103283,100000,False,True,max_steps,phase76_handoff,"{""burn_b"": 46, ""coast_arc"": 1, ""global_burn1"": 12, ""global_burn2"": 12, ""global_first_coast"": 4, ""global_transfer_coast"": 120, ""phase76_handoff"": 99805}","{""insertion_window"": 99904, ""no_intercept_possible"": 96}",0.020408163265306287,1.002101875520208,-0.013817563036137981,-1.1910060929536035,1.0012441286912088,0.9986329494544726,1.4829867767086435,False,False,0,24,46,125,0,1,1,1,1,1,0,1,0,True,0.0,4049109,hohmann_like_transfer,148,0.980000726021704,-0.019999273978296095,0.08804936852237909,0.02408489555564372,0.015687749985923285,0.0036039411523916,0.09262914500026098,0.9218323301236602,1.1100432255969945,True,4049110,dead_geometry,no_window,,,,,,,,,,,2,hohmann_like_transfer,11.557160542509829,4,12,0.1,0.0,1.0,120,12,0.105,0.0,-1.0,False,7.999391509328593,9.131079464228645
phase31_hohmann_like_transfer,1.0,175.0,12000.0,1.0,False,False,False,False,,,,,,,,,False,False,dead_geometry,no_window,0.0,,,True,0,,36667.853515625,3660743772.8095703,365.4632698574187,100000,False,True,max_steps,coast_arc,"{""coast_arc"": 99852, ""global_burn1"": 12, ""global_burn2"": 12, ""global_first_coast"": 4, ""global_transfer_coast"": 120}","{""insertion_window"": 1, ""intercept_possible_poor_alignment"": 99876, ""no_intercept_possible"": 123}",2.104654818683916e-16,0.04666308660329897,-0.0038053019082545138,-0.027508753100454166,0.048125487598899626,0.028087247769876148,1.472838203334815,False,False,0,24,0,99976,0,1,0,0,0,0,0,0,0,False,0.0,,hohmann_like_transfer,148,1.0000007187241953,7.187241953125e-07,0.08716427091895264,0.013971023417648703,0.03573628390282392,0.013971752183156624,0.09275312802090258,0.9408700719873062,1.1332513188858573,True,,near_recoverable_crossing,no_window,,,,,,,,,,,2,hohmann_like_transfer,8.142306990039444,4,12,0.1,0.0,1.0,120,12,0.105,0.0,-1.0,False,4.358189043034437,4.359578086334166
phase31_hohmann_like_transfer,1.02,175.0,12000.0,1.0,False,False,False,False,,,,,,,,,False,False,dead_geometry,no_window,0.0,,,False,0,,150000036306.58496,153635017106.7832,363.9363315218278,100000,False,True,max_steps,coast_arc,"{""coast_arc"": 99852, ""global_burn1"": 12, ""global_burn2"": 12, ""global_first_coast"": 4, ""global_transfer_coast"": 120}","{""intercept_possible_poor_alignment"": 100000}",0.019607843137254777,0.06692992271663434,0.006107327294770394,0.030284837862512196,0.06774841779765826,0.030868536309932644,1.0137617369077991,False,False,0,24,0,99976,0,1,0,0,0,0,0,0,0,False,0.0,,hohmann_like_transfer,148,1.0200007115879486,0.02000071158794857,0.08629178939155405,-0.031398005764697694,-0.015146849661201037,-0.01202527663448558,0.0955049532724157,0.8909992155612303,1.079159092734252,True,,dead_geometry,no_window,,,,,,,,,,,2,hohmann_like_transfer,11.529561994921512,4,12,0.1,0.0,-1.0,120,12,0.105,0.0,1.0,False,8.000288507646145,9.08966043837387
phase31_hohmann_like_transfer,1.05,175.0,12000.0,1.0,False,False,False,False,,,,,,,,,False,False,dead_geometry,no_window,0.0,,,False,0,,375000035784.1621,378582604036.6709,358.6779383552577,100000,False,True,max_steps,coast_arc,"{""coast_arc"": 99852, ""global_burn1"": 12, ""global_burn2"": 12, ""global_first_coast"": 4, ""global_transfer_coast"": 120}","{""intercept_possible_poor_alignment"": 100000}",0.04761904761904765,0.09426830070381259,0.020795802465610375,0.045684402306606135,0.09499022069684473,0.046243815668075734,0.9995143443271789,False,False,0,24,0,99976,0,1,0,0,0,0,0,0,0,False,0.0,,hohmann_like_transfer,148,1.0500007013494357,0.050000701349435676,0.08505028707796543,-0.045591233718017744,0.013369012014410774,0.002129873970131007,0.0957169628598043,0.9165362208889021,1.1105641077592106,True,,dead_geometry,no_window,,,,,,,,,,,2,hohmann_like_transfer,15.796361113411054,4,12,0.1,0.0,-1.0,120,12,0.105,0.0,1.0,False,20.000284356526926,20.44738430307146
phase31_lambert_like_transfer,0.98,150.0,8000.0,1.0,False,False,False,False,,,,,,,,,False,False,window_no_crossing,dead_window_no_crossing,0.0,,,False,0,,149538255891.38184,149538255891.38184,44.32564433393935,100000,False,True,max_steps,phase76_handoff,"{""burn_b"": 46, ""coast_arc"": 1, ""global_burn1"": 10, ""global_burn2"": 12, ""global_first_coast"": 8, ""global_transfer_coast"": 72, ""phase76_handoff"": 99851}","{""insertion_window"": 99637, ""no_intercept_possible"": 363}",0.020408163265306076,1.0233610639909845,-0.1426785900258876,-0.8719204355725843,1.0222757674860676,0.998614389394697,1.226452364868475,False,False,0,22,46,81,0,1,1,1,1,1,0,1,0,True,0.0,705895,lambert_like_transfer,102,0.980002553965111,-0.01999744603488893,0.14786584244532025,0.1703078473222897,0.3506737568663105,0.14690467930125511,0.38194571612170464,0.9518393726018626,2.1282763953176254,True,2410895,dead_geometry,no_window,,,,,,,,,,,2,lambert_like_transfer,12.345897506787193,8,10,0.1,-0.1,0.6426785900258876,72,12,0.11,-0.22,0.02448979591836729,False,7.99854824989724,9.995323735341373
phase31_lambert_like_transfer,1.0,150.0,8000.0,1.0,False,False,False,False,,,,,,,,,False,False,dead_geometry,no_window,0.0,,,True,0,,210358.2724609375,4729157282.838867,474.49663322800706,100000,False,True,max_steps,coast_arc,"{""coast_arc"": 99898, ""global_burn1"": 10, ""global_burn2"": 12, ""global_first_coast"": 8, ""global_transfer_coast"": 72}","{""insertion_window"": 1, ""intercept_possible_poor_alignment"": 99999}",0.0,0.2806658037979718,-0.13397459621556124,0.12617714528410026,0.2807889228751609,0.12617173313377578,1.2161095629792544,False,False,0,22,0,99978,0,1,0,0,0,0,0,0,0,False,0.0,,lambert_like_transfer,102,1.0000025218529354,2.5218529352864585e-06,0.1402907236919518,0.1261743052381182,0.28795509662572016,0.12617714528409557,0.3113378821020327,0.96716108019943,1.8416505418236804,True,,crossing_bad_sync,no_window,,,,,,,,,,,2,lambert_like_transfer,9.546570923363653,8,10,0.1,-0.1,0.6339745962155612,72,12,0.11,-0.22,-0.0,False,5.5660131492323,5.5888480595860015
phase31_lambert_like_transfer,1.02,150.0,8000.0,1.0,False,False,False,False,,,,,,,,,False,False,dead_geometry,no_window,0.0,,,False,0,,150000210366.33203,163367220498.69824,1335.1732788517916,100000,False,True,max_steps,coast_arc,"{""coast_arc"": 99932, ""global_burn1"": 8, ""global_burn2"": 12, ""global_transfer_coast"": 48}","{""intercept_possible_poor_alignment"": 100000}",0.01960784313725499,0.03101444444288383,-0.12535721577320472,-0.03731456249190645,0.031123561758089512,0.03747930251831505,0.9958890524545643,False,False,0,20,0,99980,0,1,0,0,0,0,0,0,0,False,0.0,,lambert_like_transfer,68,1.0200019347220506,0.020001934722050523,0.33590661352133455,-0.07883985304878356,0.0005886747948837665,-0.060414867920910865,0.34307356876929185,0.6573133750469383,1.3438646680270943,True,,dead_geometry,no_window,,,,,,,,,,,1,lambert_like_transfer,15.25449832531799,0,8,0.09,0.16,-0.75,48,12,0.11,-0.2,0.25071443154640943,False,15.891979804369138,17.793802298057123
phase31_lambert_like_transfer,1.05,150.0,8000.0,1.0,False,False,False,False,,,,,,,,,False,False,dead_geometry,no_window,0.0,,,False,0,,375000207369.25977,387474420098.5283,1245.704836786587,100000,False,True,max_steps,coast_arc,"{""coast_arc"": 99932, ""global_burn1"": 8, ""global_burn2"": 12, ""global_transfer_coast"": 48}","{""intercept_possible_poor_alignment"": 100000}",0.04761904761904765,0.028951494534328538,-0.11258803253505753,-0.03439246996060303,0.02904314593572959,0.034554282418545884,0.9662866634362478,False,False,0,20,0,99980,0,1,0,0,0,0,0,0,0,False,0.0,,lambert_like_transfer,68,1.0500019036081165,0.050001903608116405,0.31588753630714955,-0.1020357365939545,0.0013663024377511882,-0.05713581405159225,0.33499516412265823,0.6659146767234834,1.3368216668248798,True,,dead_geometry,no_window,,,,,,,,,,,1,lambert_like_transfer,15.77257796353585,0,8,0.09,0.16,-0.75,48,12,0.11,-0.2,0.22517606507011506,False,20.000774755794687,24.90252822164921
phase31_lambert_like_transfer,0.98,165.0,8000.0,1.0,False,False,False,False,,,,,,,,,False,False,dead_geometry,no_window,0.0,,,False,0,,149991363038.44238,155454289581.29297,539.9552906187149,100000,False,True,max_steps,coast_arc,"{""coast_arc"": 99898, ""global_burn1"": 10, ""global_burn2"": 12, ""global_first_coast"": 8, ""global_transfer_coast"": 72}","{""insertion_window"": 98, ""intercept_possible_good_alignment"": 3, ""intercept_possible_poor_alignment"": 99899}",0.020408163265306076,0.5976118055542103,-0.04378221735089306,0.24775421918785673,0.5974719889539151,0.2476918259670079,1.2806028682542572,False,False,0,22,0,99978,0,1,0,0,0,0,0,0,0,False,0.0,1363691,lambert_like_transfer,102,0.9800011381959162,-0.019998861804083855,-0.10290377109857826,0.2700119937966184,0.5827056942140911,0.24461319944315096,0.5946303400590721,0.9714238951271507,3.821356577238297,True,,dead_geometry,no_window,,,,,,,,,,,2,lambert_like_transfer,12.94378504725153,8,10,0.1,-0.1,0.543782217350893,72,12,0.11,-0.22,0.02448979591836729,False,7.999550631699062,10.418588837116708
phase31_lambert_like_transfer,1.0,165.0,8000.0,1.0,False,False,False,False,,,,,,,,,False,False,window_no_crossing,dead_window_no_crossing,0.0,,,True,0,,108889.44921875,61131008.81347656,299.06316350414664,100000,False,True,max_steps,phase76_handoff,"{""burn_b"": 1, ""coast_arc"": 1, ""global_burn1"": 10, ""global_burn2"": 12, ""global_first_coast"": 8, ""global_transfer_coast"": 72, ""phase76_handoff"": 99896}","{""handoff_ready"": 2, ""insertion_window"": 50106, ""intercept_possible_good_alignment"": 2, ""intercept_possible_poor_alignment"": 49890}",2.104654818683916e-16,0.9961601438500196,-0.034074173710931875,-0.9639900357204285,0.9906620916965632,0.9998367345109723,1.2427264843002332,False,False,0,22,1,81,0,1,1,1,1,1,0,1,0,True,0.0,58,lambert_like_transfer,102,1.0000011184956814,1.1184956813802084e-06,-0.10832460078257672,0.22479386820284206,0.5118564757108465,0.22479523812949415,0.5174209975355708,0.9886006439748893,3.1085550089910057,True,184,near_recoverable_crossing,no_window,,,,,,,,,,,2,lambert_like_transfer,6.411796987025031,8,10,0.1,-0.1,0.5340741737109319,72,12,0.11,-0.22,2.5255857824206993e-16,True,6.864549780683111,6.923190747702867
phase31_lambert_like_transfer,1.02,165.0,8000.0,1.0,False,False,False,False,,,,,,,,,False,False,window_no_crossing,dead_window_no_crossing,0.0,,,False,0,,149564835746.43652,149564835746.43652,44.32449836477596,100000,False,True,max_steps,phase76_handoff,"{""burn_b"": 46, ""coast_arc"": 1, ""global_burn1"": 8, ""global_burn2"": 12, ""global_transfer_coast"": 48, ""phase76_handoff"": 99885}","{""insertion_window"": 99570, ""intercept_possible_poor_alignment"": 430}",0.019607843137254777,0.9444994178180479,-0.024462734730208335,-0.8701740111258836,0.9425775929683984,0.9989706194681646,1.0000027227551989,False,False,0,20,46,49,0,1,1,1,1,1,0,1,0,True,0.0,2808116,lambert_like_transfer,68,1.0200009999001558,0.020000999900155858,-0.013717106944529765,-0.15331972341510128,-0.24372674180093806,-0.13638527128766278,0.2690553606762043,0.5877051724926129,1.020365099522255,True,25993264,dead_geometry,no_window,,,,,,,,,,,1,lambert_like_transfer,11.800118651867022,0,8,0.09,0.16,-0.75,48,12,0.11,-0.2,0.04892546946041667,False,8.00024874232578,8.290219161744101
phase31_lambert_like_transfer,1.05,165.0,8000.0,1.0,False,False,False,False,,,,,,,,,False,False,window_no_crossing,dead_window_no_crossing,0.0,,,False,0,,374563180002.44434,374563180002.44434,44.323452124441964,100000,False,True,max_steps,phase76_handoff,"{""burn_b"": 46, ""coast_arc"": 81, ""global_burn1"": 8, ""global_burn2"": 12, ""global_transfer_coast"": 48, ""phase76_handoff"": 99805}","{""intercept_possible_good_alignment"": 5, ""intercept_possible_poor_alignment"": 99951, ""no_intercept_possible"": 44}",0.04761904761904765,0.8887117934457534,-0.010220561444707415,-0.8672129127612782,0.8861342702697084,0.9983145432358199,1.0000170148740228,False,False,0,20,46,129,0,1,1,1,1,0,0,1,0,True,0.0,7008070,lambert_like_transfer,68,1.050000983524886,0.05000098352488607,-0.024880569390381545,-0.21040393544285593,-0.280679132694128,-0.1709233556276193,0.34597982685472656,0.5106823063240127,1.0509891138955527,True,35825303,dead_geometry,no_window,,,,,,,,,,,1,lambert_like_transfer,16.370615815173817,0,8,0.09,0.16,-0.75,48,12,0.11,-0.2,0.02044112288941483,False,20.00019940739604,20.196703169414693
phase31_lambert_like_transfer,0.98,170.0,8000.0,1.0,False,False,False,False,,,,,,,,,False,False,dead_geometry,no_window,0.0,,,False,0,,149994873476.7871,159136963977.32812,907.6610024671811,100000,False,True,max_steps,coast_arc,"{""coast_arc"": 99898, ""global_burn1"": 10, ""global_burn2"": 12, ""global_first_coast"": 8, ""global_transfer_coast"": 72}","{""insertion_window"": 95, ""intercept_possible_good_alignment"": 3, ""intercept_possible_poor_alignment"": 99902}",0.020408163265306496,0.6765327226324837,-0.025090063551973553,0.2661460157658895,0.676330768870243,0.2660799305646781,1.3114454603037842,False,False,0,22,0,99978,0,1,0,0,0,0,0,0,0,False,0.0,2032557,lambert_like_transfer,102,0.9800006426208903,-0.019999357379109767,-0.19057638489015363,0.28877976470685607,0.6564576521000922,0.2630049976095187,0.6723002004825289,0.9538847292647238,4.867813853824389,True,,dead_geometry,no_window,,,,,,,,,,,2,lambert_like_transfer,15.402975438508978,8,10,0.1,-0.1,0.5250900635519735,72,12,0.11,-0.22,0.024489795918367793,False,10.9681526557212,13.625967025186515
phase31_lambert_like_transfer,1.0,170.0,8000.0,1.0,True,True,True,True,-42.576794244749806,-3986.0152688814705,-0.010120065819238962,-0.947434807930524,-100.1689453125,1.3355859375e-11,3.789739231722096,3.82337060391978,False,False,crossing_bad_sync,dead_window_bad_crossing,8.605130384138953,0.7700919253408619,0.03201508149651224,False,2,3892,100.1689453125,113.2373046875,217.93718064562188,4115,True,False,success,phase76_handoff,"{""burn_b"": 1, ""coast_arc"": 1, ""global_burn1"": 10, ""global_burn2"": 12, ""global_first_coast"": 8, ""global_transfer_coast"": 72, ""phase76_handoff"": 3788}","{""handoff_ready"": 218, ""insertion_window"": 2077, ""intercept_possible_good_alignment"": 2, ""intercept_possible_poor_alignment"": 1818}",2.104654818683916e-16,3.0211898991243876e-11,-0.015192246987791962,1.5105909899744447e-11,0.9207993878533506,0.9065653119084375,1.2633980963320721,False,False,0,22,1,81,0,1,1,1,1,1,0,1,0,True,0.0,0,lambert_like_transfer,102,1.0000006274436424,6.274436424479167e-07,-0.19520827838616805,0.24334974120632827,0.5840261057948327,0.24335052133821877,0.5974424002500107,0.9677472681769765,3.840246761884816,True,57,crossing_bad_sync,no_window,,,,,,,,,,,2,lambert_like_transfer,9.871822782880447,8,10,0.1,-0.1,0.515192246987792,72,12,0.11,-0.22,2.5255857824206993e-16,True,11.20886190039487,11.251048694887505
phase31_lambert_like_transfer,1.02,170.0,8000.0,1.0,False,False,False,False,,,,,,,,,False,False,window_no_crossing,dead_window_no_crossing,0.0,,,False,0,,149562333780.8047,149562333780.8047,44.324498364050214,100000,False,True,max_steps,phase76_handoff,"{""burn_b"": 46, ""coast_arc"": 1, ""global_burn1"": 8, ""global_burn2"": 12, ""global_transfer_coast"": 48, ""phase76_handoff"": 99885}","{""insertion_window"": 99573, ""intercept_possible_poor_alignment"": 427}",0.01960784313725499,0.944500059418449,-0.005392923511594131,-0.8701740544578463,0.9425915204180443,0.998962738815815,1.0000027226643589,False,False,0,20,46,49,0,1,1,1,1,1,0,1,0,True,0.0,2628578,lambert_like_transfer,68,1.020000680031444,0.02000068003144401,-0.10671384771149095,-0.19318649432313387,-0.29844712824038744,-0.17704967555104328,0.34731868743852085,0.5026629874764106,1.0376384668541432,True,3341147,dead_geometry,no_window,,,,,,,,,,,1,lambert_like_transfer,12.477514666497742,0,8,0.09,0.16,-0.75,48,12,0.11,-0.2,0.010785847023188262,False,7.999781992249062,10.515849237378427
phase31_lambert_like_transfer,1.05,170.0,8000.0,1.0,False,False,False,False,,,,,,,,,False,False,dead_geometry,no_window,0.0,,,False,0,,369192676933.7363,369192676933.7363,585.8813024762745,100000,False,True,max_steps,coast_arc,"{""coast_arc"": 99932, ""global_burn1"": 8, ""global_burn2"": 12, ""global_transfer_coast"": 48}","{""intercept_possible_poor_alignment"": 100000}",0.047619047619047436,0.33237469191571983,0.009127655905139585,-0.2187774726463588,0.332319244082944,0.2187481547182011,0.953970985898134,False,False,0,20,0,99980,0,1,0,0,0,0,0,0,0,False,0.0,6299085,lambert_like_transfer,68,1.050000671021482,0.0500006710214819,-0.10833099511458733,-0.2533456412717022,-0.3355323515796708,-0.21601242231417314,0.42324111384931834,0.43185691868002285,1.0656732591808094,True,8228009,dead_geometry,no_window,,,,,,,,,,,1,lambert_like_transfer,16.571063608673466,0,8,0.09,0.16,-0.75,48,12,0.11,-0.2,-0.01825531181027917,False,19.999772826678488,21.168103568972633
phase31_lambert_like_transfer,0.98,175.0,8000.0,1.0,False,False,False,False,,,,,,,,,False,False,dead_geometry,no_window,0.0,,,False,0,,149990588483.19727,157805811471.10645,771.9305867790134,100000,False,True,max_steps,coast_arc,"{""coast_arc"": 99862, ""global_burn1"": 12, ""global_burn2"": 14, ""global_first_coast"": 16, ""global_transfer_coast"": 96}","{""insertion_window"": 132, ""intercept_possible_poor_alignment"": 99868}",0.020408163265306287,0.9440547206320548,-0.013817563036137981,0.368242105777897,0.9436659465412852,0.3680980831194803,1.4096243220404736,False,False,0,26,0,99974,0,1,0,0,0,0,0,0,0,False,0.0,1837703,lambert_like_transfer,138,0.9800012235672482,-0.019998776432751823,-0.16133431603296647,0.39196721728315487,0.9227877170237927,0.36412957610298946,0.9253753626497002,0.9664866064547654,24.936127885805387,True,,dead_geometry,no_window,,,,,,,,,,,3,lambert_like_transfer,14.838482531921724,16,12,0.11,0.16,0.5,96,14,0.105,-0.18,0.027635126072275962,False,9.432957241903383,12.469646854897883
phase31_lambert_like_transfer,1.0,175.0,8000.0,1.0,True,True,True,True,-312.987000951576,-3189.387469134478,-0.0743937890670747,-0.758084578307043,-13081.873046875,1.7442497395833333e-09,3.719689453353735,4.799079627935233,False,False,crossing_bad_sync,dead_window_bad_crossing,8.640155273323133,0.6957402112703739,0.02240382865363408,False,1,5448,11408.2783203125,11495.76953125,180.74138773915539,5669,True,False,success,phase76_handoff,"{""burn_b"": 1, ""coast_arc"": 1, ""global_burn1"": 12, ""global_burn2"": 14, ""global_first_coast"": 16, ""global_transfer_coast"": 96, ""phase76_handoff"": 5308}","{""handoff_ready"": 216, ""insertion_window"": 2945, ""intercept_possible_good_alignment"": 3, ""intercept_possible_poor_alignment"": 2505}",2.104654818683916e-16,3.0655246633454464e-09,-0.0038053019082545138,-1.532762305693681e-09,0.9389650924586718,0.9161909166634786,1.357542762277454,False,False,0,26,1,113,0,1,1,1,1,1,0,1,0,True,0.0,1,lambert_like_transfer,138,1.0000012152577846,1.2152577846354166e-06,-0.16606184721944625,0.34248585528205766,0.8298472392469486,0.34248748674844415,0.8326694017552937,0.983413948173071,10.770729746872046,True,130,crossing_bad_sync,no_window,,,,,,,,,,,3,lambert_like_transfer,9.218814998154295,16,12,0.11,0.16,0.5,96,14,0.105,-0.18,0.0076106038165090276,True,9.684287617504879,9.781360550461574
phase31_lambert_like_transfer,1.02,175.0,8000.0,1.0,False,False,False,False,,,,,,,,,False,False,window_no_crossing,dead_window_no_crossing,0.0,,,False,0,,149559790606.55762,149559790606.55762,44.3244983633125,100000,False,True,max_steps,phase76_handoff,"{""burn_b"": 46, ""coast_arc"": 1, ""global_burn1"": 8, ""global_burn2"": 12, ""global_transfer_coast"": 48, ""phase76_handoff"": 99885}","{""insertion_window"": 99576, ""intercept_possible_poor_alignment"": 424}",0.019607843137254777,0.9445007115867613,0.006107327294770394,-0.870174098503525,0.9426002893364732,0.9989583468829006,1.0000027225720285,False,False,0,20,46,49,0,1,1,1,1,1,0,1,0,True,0.0,1612281,lambert_like_transfer,68,1.0200003582048913,0.020000358204891277,-0.19222381196572266,-0.21849882823115171,-0.31308954977229797,-0.20286852485823254,0.4069870900867399,0.4516165024815665,1.0715088626900766,True,1854822,dead_geometry,no_window,,,,,,,,,,,1,lambert_like_transfer,14.955672040305906,0,8,0.09,0.16,-0.75,48,12,0.11,-0.2,-0.012214654589540788,False,11.05702326220289,13.675786258916201
phase31_lambert_like_transfer,1.05,175.0,8000.0,1.0,False,False,False,False,,,,,,,,,False,False,dead_geometry,no_window,0.0,,,False,0,,365882547382.2461,365882547382.2461,917.3183482584368,100000,False,True,max_steps,coast_arc,"{""coast_arc"": 99932, ""global_burn1"": 8, ""global_burn2"": 12, ""global_transfer_coast"": 48}","{""intercept_possible_poor_alignment"": 100000}",0.04761904761904765,0.34562608252633015,0.020795802465610375,-0.24824924306592866,0.3455685898843137,0.2481944460508832,0.9532631227378043,False,False,0,20,0,99980,0,1,0,0,0,0,0,0,0,False,0.0,3987537,lambert_like_transfer,68,1.0500003555851687,0.05000035558516875,-0.18738313022970457,-0.2781486884774422,-0.3485795062681438,-0.24205586622169392,0.47462508978640944,0.3895765194203744,1.093465444886572,True,4756793,dead_geometry,no_window,,,,,,,,,,,1,lambert_like_transfer,16.670484233364057,0,8,0.09,0.16,-0.75,48,12,0.11,-0.2,-0.04159160493122075,False,19.99936283040651,22.751619894728012
phase31_lambert_like_transfer,0.98,150.0,10000.0,1.0,False,False,False,False,,,,,,,,,False,False,window_no_crossing,dead_window_no_crossing,0.0,,,False,0,,149428498222.0625,149428498222.0625,55.39877770407866,100000,False,True,max_steps,phase76_handoff,"{""burn_b"": 46, ""coast_arc"": 1, ""global_burn1"": 10, ""global_burn2"": 12, ""global_first_coast"": 8, ""global_transfer_coast"": 72, ""phase76_handoff"": 99851}","{""insertion_window"": 99526, ""intercept_possible_poor_alignment"": 13, ""no_intercept_possible"": 461}",0.020408163265306076,1.0116804323826372,-0.1426785900258876,-0.8334581340528551,1.0126317874134503,0.9986731366510667,1.2832793293861782,False,False,0,22,46,81,0,1,1,1,1,1,0,1,0,True,0.0,705895,lambert_like_transfer,102,0.9800024770614024,-0.019997522938597526,0.05856371096473341,0.24418103264792976,0.5106049820944362,0.21930049390778475,0.521938226984385,0.9768423370175466,3.109835963385443,True,6087224,dead_geometry,no_window,,,,,,,,,,,2,lambert_like_transfer,12.301008508393174,8,10,0.1,-0.1,0.6426785900258876,72,12,0.11,-0.22,0.02448979591836729,False,7.998927620793385,8.138967498183032
phase31_lambert_like_transfer,1.0,150.0,10000.0,1.0,False,False,False,False,,,,,,,,,False,False,dead_geometry,no_window,0.0,,,True,0,,210358.2724609375,662407899.2988281,69.16353483269967,100000,False,True,max_steps,coast_arc,"{""coast_arc"": 99898, ""global_burn1"": 10, ""global_burn2"": 12, ""global_first_coast"": 8, ""global_transfer_coast"": 72}","{""handoff_ready"": 99898, ""insertion_window"": 1, ""intercept_possible_good_alignment"": 1, ""intercept_possible_poor_alignment"": 100}",0.0,0.41919156334225616,-0.13397459621556124,0.1912150803502978,0.41929637863463753,0.19119950934529953,1.2729215205140683,False,False,0,22,0,99978,0,1,0,0,0,0,0,0,0,False,0.0,,lambert_like_transfer,102,1.0000024441112294,2.4441112294270833e-06,0.05036386175740416,0.19121216889519518,0.4215278381056257,0.1912150803502339,0.42326332099476754,0.996999885208895,2.4603834285367863,True,,crossing_bad_sync,no_window,,,,,,,,,,,2,lambert_like_transfer,6.2180437334955325,8,10,0.1,-0.1,0.6339745962155612,72,12,0.11,-0.22,-0.0,False,0.7648480665505674,1.0419246412694174
phase31_lambert_like_transfer,1.02,150.0,10000.0,1.0,False,False,False,False,,,,,,,,,False,False,dead_geometry,no_window,0.0,,,False,0,,150000210886.4834,161509252843.20996,1149.6904275648876,100000,False,True,max_steps,coast_arc,"{""coast_arc"": 99932, ""global_burn1"": 8, ""global_burn2"": 12, ""global_transfer_coast"": 48}","{""intercept_possible_poor_alignment"": 100000}",0.01960784313725499,0.04601044386083798,-0.12535721577320472,-0.015303890459917044,0.046138948918806606,0.015509815498432146,1.0033897415190518,False,False,0,20,0,99980,0,1,0,0,0,0,0,0,0,False,0.0,,lambert_like_transfer,68,1.0200019532315865,0.02000195323158659,0.2961150814980619,-0.06292265009730556,0.005017542229027661,-0.044179272770172806,0.30164669760019874,0.7018749898006242,1.3082107000320755,True,,dead_geometry,no_window,,,,,,,,,,,1,lambert_like_transfer,15.16506167141394,0,8,0.09,0.16,-0.75,48,12,0.11,-0.2,0.25071443154640943,False,13.676593643336362,15.845556475438512
phase31_lambert_like_transfer,1.05,150.0,10000.0,1.0,False,False,False,False,,,,,,,,,False,False,dead_geometry,no_window,0.0,,,False,0,,375000207889.41113,385467704143.4043,1045.2548143355157,100000,False,True,max_steps,coast_arc,"{""coast_arc"": 99932, ""global_burn1"": 8, ""global_burn2"": 12, ""global_transfer_coast"": 48}","{""intercept_possible_poor_alignment"": 100000}",0.04761904761904765,0.03745394749591582,-0.11258803253505753,-0.014843571119665099,0.03756889617387234,0.015045836697276004,0.9706762293013178,False,False,0,20,0,99980,0,1,0,0,0,0,0,0,0,False,0.0,,lambert_like_transfer,68,1.050001921032606,0.05000192103260599,0.27287215514502694,-0.08883285913044617,-7.364824798641498e-05,-0.04327275170518144,0.29087034936257294,0.7090774283271442,1.2907752860242132,True,,dead_geometry,no_window,,,,,,,,,,,1,lambert_like_transfer,15.72045428024602,0,8,0.09,0.16,-0.75,48,12,0.11,-0.2,0.22517606507011506,False,20.000779579374477,23.5557983953308
phase31_lambert_like_transfer,0.98,165.0,10000.0,1.0,False,False,False,False,,,,,,,,,False,False,dead_geometry,no_window,0.0,,,False,0,,149991844218.58887,159562277369.292,948.860298104701,100000,False,True,max_steps,coast_arc,"{""coast_arc"": 99898, ""global_burn1"": 10, ""global_burn2"": 12, ""global_first_coast"": 8, ""global_transfer_coast"": 72}","{""insertion_window"": 96, ""intercept_possible_good_alignment"": 2, ""intercept_possible_poor_alignment"": 99902}",0.020408163265306076,0.8280728355146795,-0.04378221735089306,0.32063832483748533,0.8278407320206398,0.32055814420364104,1.3680452122113418,False,False,0,22,0,99978,0,1,0,0,0,0,0,0,0,False,0.0,1363691,lambert_like_transfer,102,0.9800010524290809,-0.01999894757091914,-0.19399118803948676,0.3435822821174829,0.8020317949714278,0.3167120505001994,0.8104174605578464,0.9576413516240738,9.144991036800853,True,,dead_geometry,no_window,,,,,,,,,,,2,lambert_like_transfer,16.086125817172082,8,10,0.1,-0.1,0.543782217350893,72,12,0.11,-0.22,0.02448979591836729,False,11.498733277783256,14.076779091066022
phase31_lambert_like_transfer,1.0,165.0,10000.0,1.0,True,True,True,True,-91.46361803849125,-3328.820305109782,-0.02173996072354373,-0.7912263284661036,-2431.5869140625,3.242115885416667e-10,3.1649053138644145,3.346369730974192,False,False,crossing_bad_sync,dead_window_bad_crossing,8.917547343067792,0.659069015965347,0.019328074618558,False,3,4735,160.9677734375,233.4892578125,211.69778201142472,4951,True,False,success,phase76_handoff,"{""burn_b"": 1, ""coast_arc"": 1, ""global_burn1"": 10, ""global_burn2"": 12, ""global_first_coast"": 8, ""global_transfer_coast"": 72, ""phase76_handoff"": 4631}","{""handoff_ready"": 212, ""insertion_window"": 2618, ""intercept_possible_good_alignment"": 2, ""intercept_possible_poor_alignment"": 2119}",2.104654818683916e-16,6.225211162347847e-11,-0.034074173710931875,-3.1126069494836043e-11,0.9261463711775048,0.9064094288705636,1.3109874550006027,False,False,0,22,1,81,0,1,1,1,1,1,0,1,0,True,0.0,0,lambert_like_transfer,102,1.0000010315256367,1.03152563671875e-06,-0.20011031534551654,0.28951126056274945,0.7028854924749582,0.28951259072667357,0.7112983225535917,0.9716848896113746,5.759726567405524,True,92,near_recoverable_crossing,no_window,,,,,,,,,,,2,lambert_like_transfer,10.583849959811843,8,10,0.1,-0.1,0.5340741737109319,72,12,0.11,-0.22,2.5255857824206993e-16,True,11.816026431074611,11.872639188176766
phase31_lambert_like_transfer,1.02,165.0,10000.0,1.0,False,False,False,False,,,,,,,,,False,False,window_no_crossing,dead_window_no_crossing,0.0,,,False,0,,149454368714.1211,149454368714.1211,55.40322423293934,100000,False,True,max_steps,phase76_handoff,"{""burn_b"": 46, ""coast_arc"": 1, ""global_burn1"": 8, ""global_burn2"": 12, ""global_transfer_coast"": 48, ""phase76_handoff"": 99885}","{""insertion_window"": 99461, ""intercept_possible_poor_alignment"": 539}",0.019607843137254777,0.9316737124022466,-0.024462734730208335,-0.8262549720113325,0.9328707528190471,0.9990021844219863,1.0000027227023336,False,False,0,20,46,49,0,1,1,1,1,1,0,1,0,True,0.0,1396884,lambert_like_transfer,68,1.0200010090849163,0.020001009084916276,-0.08121354930578581,-0.18075169609248598,-0.28301894987938975,-0.16436590332322956,0.32262664931536167,0.5279527248980344,1.0308707049414159,True,4390309,dead_geometry,no_window,,,,,,,,,,,1,lambert_like_transfer,12.263317388407025,0,8,0.09,0.16,-0.75,48,12,0.11,-0.2,0.04892546946041667,False,7.999983166105208,9.91673619156194
phase31_lambert_like_transfer,1.05,165.0,10000.0,1.0,False,False,False,False,,,,,,,,,False,False,dead_geometry,no_window,0.0,,,False,0,,369487461241.166,369487461241.166,556.447919886977,100000,False,True,max_steps,coast_arc,"{""coast_arc"": 99932, ""global_burn1"": 8, ""global_burn2"": 12, ""global_transfer_coast"": 48}","{""intercept_possible_poor_alignment"": 100000}",0.04761904761904765,0.31774100972012714,-0.010220561444707415,-0.20723294720206473,0.3177245064423294,0.20725098974331085,0.9496060604165492,False,False,0,20,0,99980,0,1,0,0,0,0,0,0,0,False,0.0,6637548,lambert_like_transfer,68,1.0500009920806115,0.05000099208061159,-0.09424600132047208,-0.24866647501035302,-0.33137573053261865,-0.21109905337744772,0.414003306883958,0.4401437398003442,1.0620618015308751,True,9457739,dead_geometry,no_window,,,,,,,,,,,1,lambert_like_transfer,16.524564728832793,0,8,0.09,0.16,-0.75,48,12,0.11,-0.2,0.02044112288941483,False,19.999926213722397,21.056734893931402
phase31_lambert_like_transfer,0.98,170.0,10000.0,1.0,False,False,False,False,,,,,,,,,False,False,dead_geometry,no_window,0.0,,,False,0,,149995313425.66016,163261843899.88184,1318.2229228675317,100000,False,True,max_steps,coast_arc,"{""coast_arc"": 99898, ""global_burn1"": 10, ""global_burn2"": 12, ""global_first_coast"": 8, ""global_transfer_coast"": 72}","{""insertion_window"": 94, ""intercept_possible_good_alignment"": 2, ""intercept_possible_poor_alignment"": 99904}",0.020408163265306496,0.9270701778269297,-0.025090063551973553,0.3389550320067607,0.9267600688065379,0.3388712964555921,1.404128011155907,False,False,0,22,0,99978,0,1,0,0,0,0,0,0,0,False,0.0,2032557,lambert_like_transfer,102,0.9800005548219962,-0.019999445178003776,-0.282073117735205,0.3622734733100309,0.8945390886995103,0.3350287596631182,0.9011308612549597,0.9374955851019764,18.026876857133058,True,,dead_geometry,no_window,,,,,,,,,,,2,lambert_like_transfer,16.921592905296716,8,10,0.1,-0.1,0.5250900635519735,72,12,0.11,-0.22,0.024489795918367793,False,15.902806388381796,17.86210384013732
phase31_lambert_like_transfer,1.0,170.0,10000.0,1.0,True,True,True,True,-252.70413997360782,-2973.0686804350207,-0.06006517340469899,-0.7066678284457849,-22612.8623046875,3.0150483072916667e-09,3.0032586702349495,4.124273676237714,False,False,crossing_bad_sync,dead_window_bad_crossing,8.998370664882525,0.637412473857315,0.016506995535092613,False,1,849,143.2158203125,16535.1123046875,135.1222858922339,1064,True,False,success,phase76_handoff,"{""burn_b"": 1, ""coast_arc"": 1, ""global_burn1"": 10, ""global_burn2"": 12, ""global_first_coast"": 8, ""global_transfer_coast"": 72, ""phase76_handoff"": 745}","{""handoff_ready"": 211, ""insertion_window"": 466, ""intercept_possible_good_alignment"": 3, ""intercept_possible_poor_alignment"": 384}",2.104654818683916e-16,4.409351816246691e-09,-0.015192246987791962,-2.2046758705833334e-09,0.7436990603281174,0.6867529320610607,1.3474294086367768,False,False,0,22,1,81,0,1,1,1,1,1,0,1,0,True,0.0,0,lambert_like_transfer,102,1.0000005383475177,5.38347517578125e-07,-0.287422247920102,0.30798550889368725,0.7934387167697777,0.307986213044439,0.8041201319872362,0.9482893645390771,8.734067216151342,True,33,crossing_bad_sync,no_window,,,,,,,,,,,2,lambert_like_transfer,11.727441748562548,8,10,0.1,-0.1,0.515192246987792,72,12,0.11,-0.22,2.5255857824206993e-16,True,16.181708259958345,16.228535682872234
phase31_lambert_like_transfer,1.02,170.0,10000.0,1.0,False,False,False,False,,,,,,,,,False,False,window_no_crossing,dead_window_no_crossing,0.0,,,False,0,,149451840361.85938,149451840361.85938,55.403224232654026,100000,False,True,max_steps,phase76_handoff,"{""burn_b"": 46, ""coast_arc"": 1, ""global_burn1"": 8, ""global_burn2"": 12, ""global_transfer_coast"": 48, ""phase76_handoff"": 99885}","{""insertion_window"": 99463, ""intercept_possible_poor_alignment"": 537}",0.01960784313725499,0.9316743605083028,-0.005392923511594131,-0.8262550293013,0.9328873135897072,0.9989956498182383,1.000002722610538,False,False,0,20,46,49,0,1,1,1,1,1,0,1,0,True,0.0,1396861,lambert_like_transfer,68,1.0200006884870827,0.020000688487082682,-0.17637657539950716,-0.23525920562115993,-0.344845811284966,-0.21996386321942468,0.4262862807517649,0.42660185608941015,1.060557477134858,True,2021509,dead_geometry,no_window,,,,,,,,,,,1,lambert_like_transfer,14.703803748608692,0,8,0.09,0.16,-0.75,48,12,0.11,-0.2,0.010785847023188262,False,10.626859312284768,13.334047692319418
phase31_lambert_like_transfer,1.05,170.0,10000.0,1.0,False,False,False,False,,,,,,,,,False,False,dead_geometry,no_window,0.0,,,False,0,,365960894947.5381,365960894947.5381,910.1151820172438,100000,False,True,max_steps,coast_arc,"{""coast_arc"": 99932, ""global_burn1"": 8, ""global_burn2"": 12, ""global_transfer_coast"": 48}","{""intercept_possible_poor_alignment"": 100000}",0.047619047619047436,0.3832660390077533,0.009127655905139585,-0.27575375584326317,0.38321830585298367,0.2757170627942292,0.9485020522430418,False,False,0,20,0,99980,0,1,0,0,0,0,0,0,0,False,0.0,4019857,lambert_like_transfer,68,1.05000067954924,0.050000679549240104,-0.17777949866582618,-0.30695039415361103,-0.39283736571060923,-0.2722974428999586,0.5122709868612747,0.3501693917364801,1.085748432725117,True,5013787,dead_geometry,no_window,,,,,,,,,,,1,lambert_like_transfer,16.78350848480439,0,8,0.09,0.16,-0.75,48,12,0.11,-0.2,-0.01825531181027917,False,19.99949929413255,22.712245400450364
phase31_lambert_like_transfer,0.98,175.0,10000.0,1.0,False,False,False,False,,,,,,,,,False,False,window_no_crossing,dead_window_no_crossing,0.0,,,False,0,,149444006402.2588,149444006402.2588,55.40334037228841,100000,False,True,max_steps,phase76_handoff,"{""burn_b"": 46, ""coast_arc"": 1, ""global_burn1"": 8, ""global_burn2"": 12, ""global_transfer_coast"": 48, ""phase76_handoff"": 99885}","{""insertion_window"": 99526, ""intercept_possible_poor_alignment"": 13, ""no_intercept_possible"": 461}",0.020408163265306287,1.011448977645694,-0.013817563036137981,-0.8331894577337797,1.0127947815144864,0.998984100547093,1.3797781608423951,False,False,0,20,46,49,0,1,1,1,1,1,0,1,0,True,0.0,760098,lambert_like_transfer,68,0.9800002875473643,-0.01999971245263568,0.4331838079111887,0.2926465794143043,0.8177676629846571,0.26679401952313514,0.8411655860808578,0.871603890509121,10.103396665136561,True,823044,dead_geometry,no_window,,,,,,,,,,,1,lambert_like_transfer,16.659138128340892,0,8,0.09,-0.16,0.75,48,12,0.11,0.2,0.027635126072275962,False,23.45280852868799,24.807992019141643
phase31_lambert_like_transfer,1.0,175.0,10000.0,1.0,True,True,True,True,-1731.2158506186445,1342.5287730640066,-0.4114921911419121,0.3191052729223558,-34712.572265625,4.62834296875e-09,20.574609557095606,20.614165256692857,False,False,crossing_bad_sync,dead_window_bad_crossing,6.0,0.7490748523365222,0.012631456061555132,False,1,103,34712.572265625,220010.7021484375,83.71957108333011,316,True,False,success,global_transfer_coast,"{""coast_arc"": 1, ""global_burn1"": 10, ""global_burn2"": 12, ""global_first_coast"": 8, ""global_transfer_coast"": 72}","{""handoff_ready"": 210, ""insertion_window"": 13, ""intercept_possible_good_alignment"": 1, ""intercept_possible_poor_alignment"": 92}",2.104654818683916e-16,5.86695172584681e-08,-0.0038053019082545138,-2.9334757958430276e-08,0.21797178515408333,0.09300375247860354,1.381797577224079,False,False,0,22,0,81,0,1,1,1,1,0,0,1,0,False,0.0,1,lambert_like_transfer,102,1.000000041537421,4.1537420963541666e-08,-0.3752791606615884,0.319105212024856,0.8808730918928448,0.31910526681708445,0.8903451965912855,0.920487278240107,15.868330897087603,True,2,near_recoverable_crossing,no_window,,,,,,,,,,,2,lambert_like_transfer,11.836725985500706,8,10,0.1,-0.1,0.5038053019082546,72,12,0.11,-0.22,2.5255857824206993e-16,True,20.574609557095606,20.614165256692857
phase31_lambert_like_transfer,1.02,175.0,10000.0,1.0,False,False,False,False,,,,,,,,,False,False,window_no_crossing,dead_window_no_crossing,0.0,,,False,0,,149449279590.30664,149449279590.30664,55.40322423236504,100000,False,True,max_steps,phase76_handoff,"{""burn_b"": 46, ""coast_arc"": 1, ""global_burn1"": 8, ""global_burn2"": 12, ""global_transfer_coast"": 48, ""phase76_handoff"": 99885}","{""insertion_window"": 99466, ""intercept_possible_poor_alignment"": 534}",0.019607843137254777,0.9316750169250053,0.006107327294770394,-0.826255087325852,0.9328978522520336,0.9989922557635796,1.0000027225175678,False,False,0,20,46,49,0,1,1,1,1,1,0,1,0,True,0.0,1196445,lambert_like_transfer,68,1.0200003666714832,0.020000366671483204,-0.2618539817038307,-0.2697183886435976,-0.35890486923992526,-0.255112488643028,0.49598545461375504,0.3708975931980838,1.1008757776035514,True,1361603,dead_geometry,no_window,,,,,,,,,,,1,lambert_like_transfer,16.177513215071222,0,8,0.09,0.16,-0.75,48,12,0.11,-0.2,-0.012214654589540788,False,14.899989831460019,16.946497261805956
phase31_lambert_like_transfer,1.05,175.0,10000.0,1.0,False,False,False,False,,,,,,,,,False,False,dead_geometry,no_window,0.0,,,False,0,,362711070870.10156,362711070870.10156,1235.6240719401876,100000,False,True,max_steps,coast_arc,"{""coast_arc"": 99932, ""global_burn1"": 8, ""global_burn2"": 12, ""global_transfer_coast"": 48}","{""intercept_possible_poor_alignment"": 100000}",0.04761904761904765,0.3951444492497808,0.020795802465610375,-0.31551050662601327,0.3950971224765053,0.3154419063769402,0.9476120329583072,False,False,0,20,0,99980,0,1,0,0,0,0,0,0,0,False,0.0,2934745,lambert_like_transfer,68,1.0500003645635743,0.05000036456357435,-0.2554926918278595,-0.3407324055709158,-0.40485096678055993,-0.30776878550451103,0.5716798212461685,0.3048865601277235,1.1187519946318032,True,3488722,dead_geometry,no_window,,,,,,,,,,,1,lambert_like_transfer,16.91283283715251,0,8,0.09,0.16,-0.75,48,12,0.11,-0.2,-0.04159160493122075,False,19.999094754694998,24.76963874724137
phase31_lambert_like_transfer,0.98,150.0,12000.0,1.0,False,False,False,False,,,,,,,,,False,False,window_no_crossing,dead_window_no_crossing,0.0,,,False,0,,149321197071.6787,149321197071.6787,66.48727479951093,100000,False,True,max_steps,phase76_handoff,"{""burn_b"": 46, ""coast_arc"": 81, ""global_burn1"": 10, ""global_burn2"": 12, ""global_first_coast"": 8, ""global_transfer_coast"": 72, ""phase76_handoff"": 99771}","{""insertion_window"": 99821, ""intercept_possible_good_alignment"": 4, ""intercept_possible_poor_alignment"": 80, ""no_intercept_possible"": 95}",0.020408163265306076,0.9996301760898277,-0.1426785900258876,-1.1972202171283257,1.0006332180576745,0.9981694143118897,1.3409312489976088,False,False,0,22,46,161,0,1,1,1,1,1,0,1,0,True,0.0,705895,lambert_like_transfer,102,0.9800024001577965,-0.019997599842203517,-0.03073837760673622,0.31805422845518727,0.69740046870978,0.29169630742421615,0.7036468791496117,0.9793575012717359,5.630038063461711,True,,dead_geometry,no_window,,,,,,,,,,,2,lambert_like_transfer,12.856916251772718,8,10,0.1,-0.1,0.6426785900258876,72,12,0.11,-0.22,0.02448979591836729,False,7.999043254476666,8.90593237675759
phase31_lambert_like_transfer,1.0,150.0,12000.0,1.0,True,True,True,True,-580.6172984461834,-2947.8523504881623,-0.13800675650418776,-0.7006741663275216,-37054.5654296875,4.940608723958333e-09,6.900337825209387,7.447803078744738,False,False,crossing_bad_sync,dead_window_bad_crossing,7.049831087395306,0.7261474458076513,0.014802462976099079,False,1,13699,7300.6259765625,31776.82421875,473.7413460157218,13911,True,False,success,phase76_handoff,"{""burn_b"": 1, ""coast_arc"": 1, ""global_burn1"": 10, ""global_burn2"": 12, ""global_first_coast"": 8, ""global_transfer_coast"": 72, ""phase76_handoff"": 13595}","{""handoff_ready"": 212, ""insertion_window"": 6959, ""intercept_possible_good_alignment"": 1, ""intercept_possible_poor_alignment"": 6739}",0.0,8.47381047990794e-09,-0.13397459621556124,-4.236905385568917e-09,0.9569943404149813,0.9716459993365077,1.3305661460463145,False,False,0,22,1,81,0,1,1,1,1,1,0,1,0,True,0.0,0,lambert_like_transfer,102,1.0000023663696236,2.3663696235677085e-06,-0.039562958961601606,0.25625004254092204,0.5797341298339134,0.2562530152928623,0.5803002008467387,0.9986530645169885,3.7602392033933496,True,1066,near_recoverable_crossing,no_window,,,,,,,,,,,2,lambert_like_transfer,8.48995997412545,8,10,0.1,-0.1,0.6339745962155612,72,12,0.11,-0.22,-0.0,False,4.1506736764412135,4.275362611365153
phase31_lambert_like_transfer,1.02,150.0,12000.0,1.0,False,False,False,False,,,,,,,,,False,False,dead_geometry,no_window,0.0,,,False,0,,150000211406.6338,159651395496.55176,964.2292463488365,100000,False,True,max_steps,coast_arc,"{""coast_arc"": 99932, ""global_burn1"": 8, ""global_burn2"": 12, ""global_transfer_coast"": 48}","{""intercept_possible_poor_alignment"": 100000}",0.01960784313725499,0.06586417683583605,-0.12535721577320472,0.006706785056738243,0.06600632478203658,0.0069447738818797095,1.013234758351442,False,False,0,20,0,99980,0,1,0,0,0,0,0,0,0,False,0.0,,lambert_like_transfer,68,1.0200019717411477,0.020001971741147786,0.2563235621506313,-0.0470054445126858,0.01311986792130626,-0.02794367434436086,0.2598141213941255,0.7500261222675543,1.2765624521597605,True,,dead_geometry,no_window,,,,,,,,,,,1,lambert_like_transfer,14.423652993224644,0,8,0.09,0.16,-0.75,48,12,0.11,-0.2,0.25071443154640943,False,11.46120852842111,13.977655980635983
phase31_lambert_like_transfer,1.05,150.0,12000.0,1.0,False,False,False,False,,,,,,,,,False,False,dead_geometry,no_window,0.0,,,False,0,,375000208409.5625,383461068410.1211,844.8205673766103,100000,False,True,max_steps,coast_arc,"{""coast_arc"": 99932, ""global_burn1"": 8, ""global_burn2"": 12, ""global_transfer_coast"": 48}","{""intercept_possible_poor_alignment"": 100000}",0.04761904761904765,0.05122413041628315,-0.11258803253505753,0.004705331000204389,0.051356389210688504,0.004941650449403432,0.977743574914966,False,False,0,20,0,99980,0,1,0,0,0,0,0,0,0,False,0.0,,lambert_like_transfer,68,1.0500019384571204,0.05000193845712044,0.22985678631015938,-0.07562997916208922,0.0025356893438188794,-0.029409686268544923,0.24564848416228766,0.7562691795373239,1.2488150912816507,True,,dead_geometry,no_window,,,,,,,,,,,1,lambert_like_transfer,15.68477863258341,0,8,0.09,0.16,-0.75,48,12,0.11,-0.2,0.22517606507011506,False,20.000784402964687,22.384428233621573
phase31_lambert_like_transfer,0.98,165.0,12000.0,1.0,False,False,False,False,,,,,,,,,False,False,dead_geometry,no_window,0.0,,,False,0,,149992292047.43945,163668905153.07617,1357.4973959998508,100000,False,True,max_steps,abort_safe_coast,"{""abort_safe_coast"": 57897, ""coast_arc"": 42001, ""global_burn1"": 10, ""global_burn2"": 12, ""global_first_coast"": 8, ""global_transfer_coast"": 72}","{""insertion_window"": 95, ""intercept_possible_poor_alignment"": 5, ""no_intercept_possible"": 99900}",0.020408163265306076,1.088916240775665,-0.04378221735089306,0.3935224290930611,1.0885692846793016,0.39342446104747714,1.4606625124954065,False,False,0,22,0,42081,57897,1,0,0,0,0,0,0,0,False,0.0,1363691,lambert_like_transfer,102,0.980000966662348,-0.019999033337651954,-0.2850785624659059,0.4171525820332938,1.0487769140497858,0.38881090030067045,,,,False,,dead_geometry,no_window,,,,,,,,,,,2,lambert_like_transfer,23.222225493873005,8,10,0.1,-0.1,0.543782217350893,72,12,0.11,-0.22,0.02448979591836729,False,16.41291518198186,18.336891870258313
phase31_lambert_like_transfer,1.0,165.0,12000.0,1.0,True,True,True,True,-315.1649715670403,-3220.3196243671805,-0.07491147026811029,-0.7654368332721868,-8021.3583984375,1.069514453125e-09,3.7455735134055144,4.837728565763189,False,False,crossing_bad_sync,dead_window_bad_crossing,8.627213243297243,0.7022432320089963,0.0168105480789813,False,4,967,345.0234375,3442.6875,209.53631612874204,1180,True,False,success,phase76_handoff,"{""burn_b"": 1, ""coast_arc"": 1, ""global_burn1"": 10, ""global_burn2"": 12, ""global_first_coast"": 8, ""global_transfer_coast"": 72, ""phase76_handoff"": 863}","{""handoff_ready"": 209, ""insertion_window"": 534, ""intercept_possible_good_alignment"": 1, ""intercept_possible_poor_alignment"": 436}",2.104654818683916e-16,9.180596923911263e-10,-0.034074173710931875,4.5902991484241486e-10,0.769609590849451,0.7094430592304637,1.395133014950256,False,False,0,22,1,81,0,1,1,1,1,1,0,1,0,True,0.0,0,lambert_like_transfer,102,1.0000009445556912,9.445556911458334e-07,-0.2918959890980974,0.354228664034287,0.9191404320532447,0.35422994317867873,0.9228805480253136,0.9537455360319058,23.780494959996542,True,58,crossing_bad_sync,no_window,,,,,,,,,,,2,lambert_like_transfer,11.975621159296436,8,10,0.1,-0.1,0.5340741737109319,72,12,0.11,-0.22,2.5255857824206993e-16,True,16.76746697587014,16.82722825236047
phase31_lambert_like_transfer,1.02,165.0,12000.0,1.0,False,False,False,False,,,,,,,,,False,False,window_no_crossing,dead_window_no_crossing,0.0,,,False,0,,149343343278.79785,149343343278.79785,66.48873837134987,100000,False,True,max_steps,phase76_handoff,"{""burn_b"": 46, ""coast_arc"": 1, ""global_burn1"": 8, ""global_burn2"": 12, ""global_transfer_coast"": 48, ""phase76_handoff"": 99885}","{""insertion_window"": 99840, ""intercept_possible_poor_alignment"": 160}",0.019607843137254777,0.92145961406401,-0.024462734730208335,-1.2012384993122027,0.9210247386614665,0.9990324722512809,1.000002722666466,False,False,0,20,46,49,0,1,1,1,1,1,0,1,0,True,0.0,1867538,lambert_like_transfer,68,1.0200010182697028,0.020001018269702863,-0.14870997795773425,-0.2081836674508397,-0.3116945942335535,-0.19234653451727485,0.37996869818185175,0.4726948670398719,1.0520503051918058,True,2397638,dead_geometry,no_window,,,,,,,,,,,1,lambert_like_transfer,13.773152562295648,0,8,0.09,0.16,-0.75,48,12,0.11,-0.2,0.04892546946041667,False,9.54605462700649,12.480056378842514
phase31_lambert_like_transfer,1.05,165.0,12000.0,1.0,False,False,False,False,,,,,,,,,False,False,dead_geometry,no_window,0.0,,,False,0,,366262024174.1426,366262024174.1426,879.8056603080108,100000,False,True,max_steps,coast_arc,"{""coast_arc"": 99932, ""global_burn1"": 8, ""global_burn2"": 12, ""global_transfer_coast"": 48}","{""intercept_possible_poor_alignment"": 100000}",0.04761904761904765,0.3471854739870582,-0.010220561444707415,-0.2466354233606184,0.3471860031195731,0.24665707441084397,0.9443709588975057,False,False,0,20,0,99980,0,1,0,0,0,0,0,0,0,False,0.0,4161825,lambert_like_transfer,68,1.0500010006363625,0.0500010006363625,-0.16361141941993207,-0.28692901365111717,-0.36952116141310526,-0.25127475080891504,0.48193445463045753,0.3782822492753524,1.0820821878366316,True,5447995,dead_geometry,no_window,,,,,,,,,,,1,lambert_like_transfer,16.666879635361813,0,8,0.09,0.16,-0.75,48,12,0.11,-0.2,0.02044112288941483,False,19.9996530201525,22.54386785934956
phase31_lambert_like_transfer,0.98,170.0,12000.0,1.0,False,False,False,False,,,,,,,,,False,False,window_no_crossing,dead_window_no_crossing,0.0,,,False,0,,149330319559.09082,149330319559.09082,66.48853700790796,100000,False,True,max_steps,phase76_handoff,"{""burn_b"": 46, ""coast_arc"": 1, ""global_burn1"": 8, ""global_burn2"": 12, ""global_transfer_coast"": 48, ""phase76_handoff"": 99885}","{""insertion_window"": 99904, ""no_intercept_possible"": 96}",0.020408163265306496,1.0013174027966274,-0.025090063551973553,-1.1929331954487823,1.000975976721651,0.9990135782020214,1.5317940303942148,False,False,0,20,46,49,0,1,1,1,1,1,0,1,0,True,0.0,573316,lambert_like_transfer,68,0.980000603929406,-0.01999939607059401,0.5797112110277312,0.3893113202303356,1.2254359638422463,0.3615259328716894,,,,False,615002,dead_geometry,no_window,,,,,,,,,,,1,lambert_like_transfer,23.327615285252236,0,8,0.09,-0.16,0.75,48,12,0.11,0.2,0.050180127103947106,False,31.093031397401322,32.145323520112335
phase31_lambert_like_transfer,1.0,170.0,12000.0,1.0,True,True,True,True,-320.3643576272943,-2804.9737978567687,-0.07614731082592523,-0.6667134047803883,-13154.279296875,1.75390390625e-09,3.8073655412962615,4.6484557210833355,False,False,crossing_bad_sync,dead_window_bad_crossing,8.59631722935187,0.6247474985693249,0.013676392312630051,False,5,506,618.0029296875,1501.0341796875,171.09590114208194,718,True,False,success,phase76_handoff,"{""burn_b"": 1, ""coast_arc"": 1, ""global_burn1"": 10, ""global_burn2"": 12, ""global_first_coast"": 8, ""global_transfer_coast"": 72, ""phase76_handoff"": 402}","{""handoff_ready"": 209, ""insertion_window"": 257, ""intercept_possible_poor_alignment"": 252}",2.104654818683916e-16,4.0026598946857143e-10,-0.015192246987791962,-2.001329599325536e-10,0.6521911588018143,0.568640076797086,1.436348168749562,False,False,0,22,1,81,0,1,1,1,1,1,0,1,0,True,0.0,0,lambert_like_transfer,102,1.0000004492514925,4.492514924479167e-07,-0.3796361767465597,0.3726212879483844,1.028213725326407,0.37262190460054667,,,,False,21,near_recoverable_crossing,no_window,,,,,,,,,,,2,lambert_like_transfer,18.125748372251685,8,10,0.1,-0.1,0.515192246987792,72,12,0.11,-0.22,2.5255857824206993e-16,True,21.154548533853244,21.206991230237165
phase31_lambert_like_transfer,1.02,170.0,12000.0,1.0,False,False,False,False,,,,,,,,,False,False,window_no_crossing,dead_window_no_crossing,0.0,,,False,0,,149340790071.80664,149340790071.80664,66.48873837188815,100000,False,True,max_steps,phase76_handoff,"{""burn_b"": 46, ""coast_arc"": 1, ""global_burn1"": 8, ""global_burn2"": 12, ""global_transfer_coast"": 48, ""phase76_handoff"": 99885}","{""insertion_window"": 99842, ""intercept_possible_poor_alignment"": 158}",0.01960784313725499,0.9214602708292159,-0.005392923511594131,-1.2012384263412828,0.921043955764037,0.9990274253058877,1.0000027225737622,False,False,0,20,46,49,0,1,1,1,1,1,0,1,0,True,0.0,1231883,lambert_like_transfer,68,1.0200006969427473,0.020000696942747396,-0.24603928863865768,-0.2773319160877372,-0.3779984829079453,-0.2628780507512122,0.5012646226470094,0.3619273776706382,1.0894530300780445,True,1449147,dead_geometry,no_window,,,,,,,,,,,1,lambert_like_transfer,16.194693114166395,0,8,0.09,0.16,-0.75,48,12,0.11,-0.2,0.010785847023188262,False,14.471600992856276,16.571983369887302
phase31_lambert_like_transfer,1.05,170.0,12000.0,1.0,False,False,False,False,,,,,,,,,False,False,dead_geometry,no_window,0.0,,,False,0,,362729768367.8906,362729768367.8906,1234.2217886301958,100000,False,True,max_steps,coast_arc,"{""coast_arc"": 99932, ""global_burn1"": 8, ""global_burn2"": 12, ""global_transfer_coast"": 48}","{""intercept_possible_poor_alignment"": 100000}",0.047619047619047436,0.4165145648535485,0.009127655905139585,-0.33273003946376667,0.4164834312221261,0.33268597129363353,0.943038638695504,False,False,0,20,0,99980,0,1,0,0,0,0,0,0,0,False,0.0,2938201,lambert_like_transfer,68,1.0500006880770234,0.05000068807702344,-0.24722798748028424,-0.36055514655756116,-0.434749258162862,-0.32858246389812784,0.5943171469229332,0.28275522762529753,1.1112165682276718,True,3605371,dead_geometry,no_window,,,,,,,,,,,1,lambert_like_transfer,16.981839104431042,0,8,0.09,0.16,-0.75,48,12,0.11,-0.2,-0.01825531181027917,False,19.999225761741354,24.760510269580315
phase31_lambert_like_transfer,0.98,175.0,12000.0,1.0,False,False,False,False,,,,,,,,,False,False,window_no_crossing,dead_window_no_crossing,0.0,,,False,0,,149332956615.7256,149332956615.7256,66.48853700762751,100000,False,True,max_steps,phase76_handoff,"{""burn_b"": 46, ""coast_arc"": 1, ""global_burn1"": 8, ""global_burn2"": 12, ""global_transfer_coast"": 48, ""phase76_handoff"": 99885}","{""insertion_window"": 99904, ""no_intercept_possible"": 96}",0.020408163265306287,1.0013181326781118,-0.013817563036137981,-1.1929331316839227,1.0009665491095314,0.9990161578689797,1.4613931830244868,False,False,0,20,46,49,0,1,1,1,1,1,0,1,0,True,0.0,653870,lambert_like_transfer,68,0.9800002788785717,-0.019999721121428386,0.5022125045407374,0.3499142426628696,1.033670116485414,0.32291633427176797,,,,False,709918,dead_geometry,no_window,,,,,,,,,,,1,lambert_like_transfer,23.02372121206665,0,8,0.09,-0.16,0.75,48,12,0.11,0.2,0.027635126072275962,False,27.262967112233106,28.447891022461054
phase31_lambert_like_transfer,1.0,175.0,12000.0,1.0,False,False,False,False,,,,,,,,,False,False,dead_geometry,no_window,0.0,,,True,0,,33546.9462890625,23159123119.393555,2324.7508084670176,100000,False,True,max_steps,coast_arc,"{""coast_arc"": 99932, ""global_burn1"": 8, ""global_burn2"": 12, ""global_transfer_coast"": 48}","{""handoff_ready"": 49, ""insertion_window"": 1, ""intercept_possible_poor_alignment"": 99950}",2.104654818683916e-16,0.9762544205064179,-0.0038053019082545138,0.2942016995075847,0.9760001821521305,0.29417686441155,1.4057929452813471,False,False,0,20,0,99980,0,1,0,0,0,0,0,0,0,False,0.0,,lambert_like_transfer,68,1.0000002769506757,2.7695067565104166e-07,0.5054807436142784,0.29254891506881076,0.926194033911602,0.29254927304110606,0.9363191662882769,0.8628141746082174,26.23526618388997,True,,near_recoverable_crossing,no_window,,,,,,,,,,,1,lambert_like_transfer,16.45303301182763,0,8,0.09,-0.16,0.75,48,12,0.11,0.2,0.0076106038165090276,False,27.4452563509883,27.470474446302184
phase31_lambert_like_transfer,1.02,175.0,12000.0,1.0,False,False,False,False,,,,,,,,,False,False,window_no_crossing,dead_window_no_crossing,0.0,,,False,0,,149338226262.65723,149338226262.65723,66.48873837242864,100000,False,True,max_steps,phase76_handoff,"{""burn_b"": 46, ""coast_arc"": 1, ""global_burn1"": 8, ""global_burn2"": 12, ""global_transfer_coast"": 48, ""phase76_handoff"": 99885}","{""insertion_window"": 99844, ""intercept_possible_poor_alignment"": 156}",0.019607843137254777,0.9214609303219446,0.006107327294770394,-1.2012383530676782,0.9210558351984743,0.999024902894838,1.0000027224806871,False,False,0,20,46,49,0,1,1,1,1,1,0,1,0,True,0.0,951132,lambert_like_transfer,68,1.0200003751381008,0.02000037513810091,-0.3314841364309496,-0.32093794849851986,-0.3897765900889219,-0.30735645272644185,0.5772760309113674,0.3041668510631522,1.134913368205784,True,1075591,dead_geometry,no_window,,,,,,,,,,,1,lambert_like_transfer,16.355668215199962,0,8,0.09,0.16,-0.75,48,12,0.11,-0.2,-0.012214654589540788,False,18.742955620812516,20.41967196805187
phase31_lambert_like_transfer,1.05,175.0,12000.0,1.0,False,False,False,False,,,,,,,,,False,False,dead_geometry,no_window,0.0,,,False,0,,359540509959.874,359540509959.874,1553.7517528658382,100000,False,True,max_steps,coast_arc,"{""coast_arc"": 99932, ""global_burn1"": 8, ""global_burn2"": 12, ""global_transfer_coast"": 48}","{""intercept_possible_poor_alignment"": 100000}",0.04761904761904765,0.4251456637182891,0.020795802465610375,-0.3827717710569479,0.4251185321150715,0.3826893675733788,0.9419643191928898,False,False,0,20,0,99980,0,1,0,0,0,0,0,0,0,False,0.0,2313507,lambert_like_transfer,68,1.050000373542005,0.05000037354200495,-0.32360223806133415,-0.40331612239830356,-0.44401116886682557,-0.37348170563172683,0.6581711524135611,0.23672174769582002,1.1483090907910327,True,2754440,dead_geometry,no_window,,,,,,,,,,,1,lambert_like_transfer,17.139567720721242,0,8,0.09,0.16,-0.75,48,12,0.11,-0.2,-0.04159160493122075,False,19.998826679176407,27.16323028719123
phase31_energy_ladder_transfer,0.98,150.0,8000.0,1.0,False,False,False,False,,,,,,,,,False,False,window_no_crossing,dead_window_no_crossing,0.0,,,False,0,,149544737529.67676,149544737529.67676,44.32348556177829,100000,False,True,max_steps,phase76_handoff,"{""burn_b"": 46, ""coast_arc"": 1, ""global_burn1"": 8, ""global_burn2"": 8, ""global_transfer_coast"": 40, ""phase76_handoff"": 99897}","{""insertion_window"": 99637, ""no_intercept_possible"": 363}",0.020408163265306076,1.0221057303160963,-0.1426785900258876,-0.8670501284973271,1.0224750416879065,0.9989775273950331,1.2548534828957811,False,False,0,16,46,41,0,1,1,1,1,1,0,1,0,True,0.0,705845,energy_ladder_transfer,56,0.9800015582887213,-0.019998441711278778,0.5050762289788616,0.13028322637600911,0.4918290874534139,0.10767932315609237,0.6135942706042301,0.7603853740061254,3.1752983706171993,True,705847,dead_geometry,no_window,,,,,,,,,,,1,energy_ladder_transfer,16.47235448960107,0,8,0.06,0.0,0.5,40,8,0.07,0.0,0.1426785900258876,False,25.253813161277993,26.49672896313554
phase31_energy_ladder_transfer,1.0,150.0,8000.0,1.0,False,False,False,False,,,,,,,,,False,False,dead_geometry,no_window,0.0,,,True,0,,210358.2724609375,21070912446.67871,2110.409486422263,100000,False,True,max_steps,coast_arc,"{""coast_arc"": 99944, ""global_burn1"": 8, ""global_burn2"": 8, ""global_transfer_coast"": 40}","{""insertion_window"": 1, ""intercept_possible_poor_alignment"": 99999}",0.0,0.5494359167622089,-0.13397459621556124,0.13992845138718926,0.5492597395037723,0.139864116544639,1.2447621361052716,False,False,0,16,0,99984,0,1,0,0,0,0,0,0,0,False,0.0,,energy_ladder_transfer,56,1.000001542627151,1.5426271509114584e-06,0.4999999663786336,0.12149092602951712,0.5077449487947209,0.12149265607186915,0.6171452728757627,0.7777568278615388,3.2851776105013184,True,,crossing_bad_sync,no_window,,,,,,,,,,,1,energy_ladder_transfer,16.194723457326305,0,8,0.06,0.0,0.5,40,8,0.07,0.0,0.13397459621556124,False,24.99999999862221,25.006264649561984
phase31_energy_ladder_transfer,1.02,150.0,8000.0,1.0,False,False,False,False,,,,,,,,,False,False,dead_geometry,no_window,0.0,,,False,0,,150000208285.72754,169016387347.62695,1899.0930132309877,100000,False,True,max_steps,coast_arc,"{""coast_arc"": 99892, ""global_burn1"": 10, ""global_burn2"": 10, ""global_first_coast"": 8, ""global_transfer_coast"": 80}","{""intercept_possible_poor_alignment"": 100000}",0.01960784313725499,0.014349098396821655,-0.12535721577320472,-0.10474681184130126,0.014591272771260336,0.10496121399230246,0.9901475160180329,False,False,0,20,0,99980,0,1,0,0,0,0,0,0,0,False,0.0,,energy_ladder_transfer,108,1.0200030245019738,0.02000302450197383,0.4580388865179217,-0.14535559277134924,-0.02056181525918867,-0.1282601197530796,0.47375524514839507,0.515642214889214,1.4440626947953275,True,,dead_geometry,no_window,,,,,,,,,,,2,energy_ladder_transfer,15.377695952230088,8,10,0.08,0.06,-1.0,80,10,0.09,-0.06,0.25071443154640943,False,22.626013276947894,24.00415892615647
phase31_energy_ladder_transfer,1.05,150.0,8000.0,1.0,False,False,False,False,,,,,,,,,False,False,dead_geometry,no_window,0.0,,,False,0,,375000205288.6543,393471457797.5996,1844.6835784020752,100000,False,True,max_steps,coast_arc,"{""coast_arc"": 99892, ""global_burn1"": 10, ""global_burn2"": 10, ""global_first_coast"": 8, ""global_transfer_coast"": 80}","{""intercept_possible_poor_alignment"": 100000}",0.04761904761904765,0.03471753315063419,-0.11258803253505753,-0.09292772303016618,0.034908630547966994,0.09314682037122217,0.9759000475083783,False,False,0,20,0,99980,0,1,0,0,0,0,0,0,0,False,0.0,,energy_ladder_transfer,108,1.0500029802644517,0.05000298026445169,0.44563958212803917,-0.1590280727437117,0.0010719211905820445,-0.11697697006215771,0.47021924392467446,0.5303492486733878,1.4717968942038044,True,,dead_geometry,no_window,,,,,,,,,,,2,energy_ladder_transfer,15.895706070838079,8,10,0.08,0.06,-1.0,80,10,0.09,-0.06,0.22517606507011506,False,21.976742855627347,29.720801219820668
phase31_energy_ladder_transfer,0.98,165.0,8000.0,1.0,False,False,False,False,,,,,,,,,False,False,window_no_crossing,dead_window_no_crossing,0.0,,,False,0,,149550934897.7246,149550934897.7246,44.32348556027432,100000,False,True,max_steps,phase76_handoff,"{""burn_b"": 46, ""coast_arc"": 1, ""global_burn1"": 8, ""global_burn2"": 8, ""global_transfer_coast"": 40, ""phase76_handoff"": 99897}","{""insertion_window"": 99637, ""no_intercept_possible"": 363}",0.020408163265306076,1.0221074506520527,-0.04378221735089306,-0.8670502396263242,1.022483227003731,0.9990045360582249,1.2226749003596353,False,False,0,16,46,41,0,1,1,1,1,1,0,1,0,True,0.0,1363638,energy_ladder_transfer,56,0.9800008066304603,-0.019999193369539713,0.2614473167396147,0.18286408828183007,0.4267075040253712,0.15920776065039752,0.4791982538589031,0.9084398449271611,2.5801807353926454,True,1363641,dead_geometry,no_window,,,,,,,,,,,1,energy_ladder_transfer,16.27724386996064,0,8,0.06,0.0,0.5,40,8,0.07,0.0,0.04378221735089306,False,13.072368161920839,15.345226660369613
phase31_energy_ladder_transfer,1.0,165.0,8000.0,1.0,False,False,False,False,,,,,,,,,False,False,dead_geometry,no_window,0.0,,,True,0,,108889.4501953125,10930720536.083008,1097.0323179263771,100000,False,True,max_steps,coast_arc,"{""coast_arc"": 99944, ""global_burn1"": 8, ""global_burn2"": 8, ""global_transfer_coast"": 40}","{""insertion_window"": 1, ""intercept_possible_poor_alignment"": 99999}",2.104654818683916e-16,0.4221972714197972,-0.034074173710931875,0.16413497617208983,0.42210023615410747,0.16409269270643734,1.1925584452211881,False,False,0,16,0,99984,0,1,0,0,0,0,0,0,0,False,0.0,,energy_ladder_transfer,56,1.0000007985234047,7.985234048177083e-07,0.2588196203728718,0.15515999625495447,0.4013838098832377,0.15516091867724777,0.44856270752765337,0.9211867329628801,2.4198522048745557,True,,near_recoverable_crossing,no_window,,,,,,,,,,,1,energy_ladder_transfer,15.329008347805695,0,8,0.06,0.0,0.5,40,8,0.07,0.0,0.034074173710931875,False,12.94098301120524,12.957626364126382
phase31_energy_ladder_transfer,1.02,165.0,8000.0,1.0,False,False,False,False,,,,,,,,,False,False,dead_geometry,no_window,0.0,,,False,0,,150000107816.6211,154646208028.18945,461.5832438497249,100000,False,True,max_steps,coast_arc,"{""coast_arc"": 99892, ""global_burn1"": 10, ""global_burn2"": 10, ""global_first_coast"": 8, ""global_transfer_coast"": 80}","{""intercept_possible_poor_alignment"": 100000}",0.019607843137254777,0.18296024458300655,-0.024462734730208335,-0.10755399096457136,0.18307182755673518,0.10766106186544239,0.9901475290218554,False,False,0,20,0,99980,0,1,0,0,0,0,0,0,0,False,0.0,,energy_ladder_transfer,108,1.0200015651820509,0.02000156518205091,0.12666704233256093,-0.13793968276222782,-0.20158877475249148,-0.120697127136137,0.26638947187312895,0.6105337729024503,1.0539291798344117,True,,dead_geometry,no_window,,,,,,,,,,,2,energy_ladder_transfer,12.146080742978523,8,10,0.08,0.06,-1.0,80,10,0.09,-0.06,0.04892546946041667,False,8.000631048042552,9.746173488694302
phase31_energy_ladder_transfer,1.05,165.0,8000.0,1.0,False,False,False,False,,,,,,,,,False,False,dead_geometry,no_window,0.0,,,False,0,,375000106265.22266,385598354459.8203,1057.1589016098176,100000,False,True,max_steps,coast_arc,"{""coast_arc"": 99944, ""global_burn1"": 8, ""global_burn2"": 8, ""global_transfer_coast"": 40}","{""intercept_possible_poor_alignment"": 100000}",0.04761904761904765,0.13911504109657427,-0.010220561444707415,-0.12034720693025441,0.13912526411047968,0.12035310445464598,0.9606451229297104,False,False,0,16,0,99984,0,1,0,0,0,0,0,0,0,False,0.0,,energy_ladder_transfer,56,1.0500007792771269,0.050000779277126955,0.2525807312769219,-0.1649278267643742,-0.1436179307834462,-0.12317356734994904,0.34750310764795883,0.5705549683931957,1.1782808500779969,True,,dead_geometry,no_window,,,,,,,,,,,1,energy_ladder_transfer,16.16896493506194,0,8,0.06,0.0,-0.5,40,8,0.07,0.0,0.010220561444707415,False,20.000323045771665,23.66276783023593
phase31_energy_ladder_transfer,0.98,170.0,8000.0,1.0,False,False,False,False,,,,,,,,,False,False,window_no_crossing,dead_window_no_crossing,0.0,,,False,0,,149553071260.92773,149553071260.92773,44.32348555975588,100000,False,True,max_steps,phase76_handoff,"{""burn_b"": 46, ""coast_arc"": 1, ""global_burn1"": 8, ""global_burn2"": 8, ""global_transfer_coast"": 40, ""phase76_handoff"": 99897}","{""insertion_window"": 99637, ""no_intercept_possible"": 363}",0.020408163265306496,1.0221080436887366,-0.025090063551973553,-0.8670502779348263,1.0224806548818117,0.9990120188480945,1.1871167079743907,False,False,0,16,46,41,0,1,1,1,1,1,0,1,0,True,0.0,2032499,energy_ladder_transfer,56,0.9800005411890035,-0.019999458810996483,0.175411863117529,0.1674775844110241,0.3529580323008317,0.14412866454883413,0.3911552038917033,0.940966469722671,2.1500231412168596,True,2032502,dead_geometry,no_window,,,,,,,,,,,1,energy_ladder_transfer,13.521621629903292,0,8,0.06,0.0,0.5,40,8,0.07,0.0,0.025090063551973553,False,8.77059520547565,11.891067159781873
phase31_energy_ladder_transfer,1.0,170.0,8000.0,1.0,True,True,True,True,-333.14573774811015,-63.916294629172626,-0.07918531334297287,-0.015192245448325621,-11724.1025390625,1.563213671875e-09,3.9592656671486433,3.9597319975233902,False,False,crossing_bad_sync,no_window,8.520367166425679,0.1071761739334416,0.0010653350772562996,False,1,69,9942.7041015625,10035.8291015625,103.67259424635918,278,True,False,success,global_transfer_coast,"{""global_burn1"": 12, ""global_first_coast"": 16, ""global_transfer_coast"": 41}","{""handoff_ready"": 211, ""insertion_window"": 44, ""intercept_possible_poor_alignment"": 23}",2.104654818683916e-16,2.676206667312705e-09,-0.015192246987791962,-1.3381031812915057e-09,0.004811039189414504,0.003962573610280619,1.0000000000000073,False,False,0,12,0,57,0,1,0,0,0,0,0,0,0,False,0.0,1,energy_ladder_transfer,,,,,,,,,,,,,crossing_bad_sync,no_window,,,,,,,,,,,3,energy_ladder_transfer,7.277762440445483,16,12,0.1,-0.08,2.5255857824206993e-16,120,12,0.11,0.08,0.030384493975583925,True,8.682414485094016,8.688433175757579
phase31_energy_ladder_transfer,1.02,170.0,8000.0,1.0,False,False,False,False,,,,,,,,,False,False,window_no_crossing,dead_window_no_crossing,0.0,,,False,0,,149566769334.50684,149566769334.50684,44.32311285155491,100000,False,True,max_steps,phase76_handoff,"{""burn_b"": 46, ""coast_arc"": 81, ""global_burn1"": 10, ""global_burn2"": 10, ""global_first_coast"": 8, ""global_transfer_coast"": 80, ""phase76_handoff"": 99765}","{""insertion_window"": 99446, ""intercept_possible_good_alignment"": 6, ""intercept_possible_poor_alignment"": 548}",0.01960784313725499,0.9447926111880247,-0.005392923511594131,-0.8711796537759299,0.9418604457677409,0.9980001510867444,1.0000027228060542,False,False,0,20,46,169,0,1,1,1,1,1,0,1,0,True,0.0,2808143,energy_ladder_transfer,108,1.0200010590047428,0.02000105900474284,0.04233544952878926,-0.20964626004538728,-0.3343309534159599,-0.19383834825793597,0.3644486773728689,0.4763071118151648,1.0225714047027132,True,,dead_geometry,no_window,,,,,,,,,,,2,energy_ladder_transfer,12.289601770569814,8,10,0.08,0.06,-1.0,80,10,0.09,-0.06,0.010785847023188262,False,8.000424792617812,8.151756693838761
phase31_energy_ladder_transfer,1.05,170.0,8000.0,1.0,False,False,False,False,,,,,,,,,False,False,dead_geometry,no_window,0.0,,,False,0,,375000071295.99414,382097296256.93555,706.6601029963861,100000,False,True,max_steps,coast_arc,"{""coast_arc"": 99944, ""global_burn1"": 8, ""global_burn2"": 8, ""global_transfer_coast"": 40}","{""intercept_possible_poor_alignment"": 100000}",0.047619047619047436,0.21112484122733688,0.009127655905139585,-0.14380291958862212,0.21109948250859606,0.14378652760188276,0.9603419675230004,False,False,0,16,0,99984,0,1,0,0,0,0,0,0,0,False,0.0,,energy_ladder_transfer,56,1.0500005228362617,0.05000052283626172,0.1694625532038504,-0.1821706817873728,-0.2071986056400752,-0.14127878828591803,0.33137469669046715,0.5538652051002142,1.1028630172949478,True,,dead_geometry,no_window,,,,,,,,,,,1,energy_ladder_transfer,16.368156909716244,0,8,0.06,0.0,-0.5,40,8,0.07,0.0,-0.009127655905139585,False,20.000216739378022,21.733559778533827
phase31_energy_ladder_transfer,0.98,175.0,8000.0,1.0,False,False,False,False,,,,,,,,,False,False,window_no_crossing,dead_window_no_crossing,0.0,,,False,0,,149555204633.54297,149555204633.54297,44.32348555923819,100000,False,True,max_steps,phase76_handoff,"{""burn_b"": 46, ""coast_arc"": 1, ""global_burn1"": 8, ""global_burn2"": 8, ""global_transfer_coast"": 40, ""phase76_handoff"": 99897}","{""insertion_window"": 99637, ""no_intercept_possible"": 363}",0.020408163265306287,1.022108635895608,-0.013817563036137981,-0.867050316189727,1.0224792146500612,0.99901661975081,1.1651688329550978,False,False,0,16,46,41,0,1,1,1,1,1,0,1,0,True,0.0,2807933,energy_ladder_transfer,56,0.9800002716287006,-0.01999972837129935,0.08804138015898132,0.15819872114430378,0.30835980140726515,0.13503506132143142,0.330085984597638,0.9685874487420214,1.923089472393211,True,4049570,dead_geometry,no_window,,,,,,,,,,,1,energy_ladder_transfer,12.363066017424412,0,8,0.06,0.0,0.5,40,8,0.07,0.0,0.013817563036137981,False,7.9995732889902085,9.153784996478766
phase31_energy_ladder_transfer,1.0,175.0,8000.0,1.0,True,True,True,True,-697.0333152102896,-16.00952844213407,-0.1656776456109142,-0.003805300151017207,-13229.6240234375,1.7639498697916666e-09,8.28388228054571,8.283896264614105,False,False,crossing_bad_sync,no_window,6.358058859727145,0.2018574166178607,0.0020962797754759386,False,1,33,13229.6240234375,37409.6484375,56.3369060849486,236,True,False,success,global_first_coast,"{""global_burn1"": 12, ""global_first_coast"": 16, ""global_transfer_coast"": 5}","{""handoff_ready"": 204, ""insertion_window"": 12, ""intercept_possible_poor_alignment"": 20}",2.104654818683916e-16,9.975892732125003e-09,-0.0038053019082545138,-4.987946171387401e-09,0.0008530452445405066,0.0005912824918314383,1.0098776966852867,False,False,0,12,0,21,0,1,0,0,0,0,0,0,0,False,0.0,1,energy_ladder_transfer,,,,,,,,,,,,,crossing_bad_sync,no_window,,,,,,,,,,,3,energy_ladder_transfer,3.5030452406061348,16,12,0.1,-0.08,2.5255857824206993e-16,120,12,0.11,0.08,0.0076106038165090276,True,4.357784724449468,4.358537357449543
phase31_energy_ladder_transfer,1.02,175.0,8000.0,1.0,False,False,False,False,,,,,,,,,False,False,dead_geometry,no_window,0.0,,,False,0,,150000036306.58496,153619558105.45898,358.1598385753829,100000,False,True,max_steps,coast_arc,"{""coast_arc"": 99840, ""global_burn1"": 12, ""global_burn2"": 12, ""global_first_coast"": 16, ""global_transfer_coast"": 120}","{""intercept_possible_poor_alignment"": 100000}",0.019607843137254777,0.19048512758221237,0.006107327294770394,-0.10911826697769127,0.19021455869230608,0.10904244195486291,0.9901475382774748,False,False,0,24,0,99976,0,1,0,0,0,0,0,0,0,False,0.0,,energy_ladder_transfer,160,1.0200026418281598,0.020002641828159896,0.10736533814179304,-0.12337184806203083,-0.18077500264865773,-0.105836969122334,0.23651191010096168,0.6465991303901408,1.0472036648195275,True,,dead_geometry,no_window,,,,,,,,,,,3,energy_ladder_transfer,12.023926869353332,16,12,0.1,0.08,-0.023529411764705733,120,12,0.11,-0.08,-0.012214654589540788,False,8.001060603914063,9.104438905202
phase31_energy_ladder_transfer,1.05,175.0,8000.0,1.0,False,False,False,False,,,,,,,,,False,False,dead_geometry,no_window,0.0,,,False,0,,375000035784.1621,378543671551.4004,351.06548921514593,100000,False,True,max_steps,coast_arc,"{""coast_arc"": 99944, ""global_burn1"": 8, ""global_burn2"": 8, ""global_transfer_coast"": 40}","{""intercept_possible_poor_alignment"": 100000}",0.04761904761904765,0.2543969673618406,0.020795802465610375,-0.15794811986774884,0.2543502527162145,0.1579184933081105,0.9601591020072758,False,False,0,16,0,99984,0,1,0,0,0,0,0,0,0,False,0.0,,energy_ladder_transfer,56,1.0500002624162343,0.050000262416234245,0.08505462737737102,-0.19256907792354191,-0.24558244515996117,-0.15219731993673707,0.3235946117745492,0.5430434499569275,1.062631074255843,True,,dead_geometry,no_window,,,,,,,,,,,1,energy_ladder_transfer,16.48797160987562,0,8,0.06,0.0,-0.5,40,8,0.07,0.0,-0.020795802465610375,False,20.000108783440258,20.462590674494614
phase31_energy_ladder_transfer,0.98,150.0,10000.0,1.0,False,False,False,False,,,,,,,,,False,False,window_no_crossing,dead_window_no_crossing,0.0,,,False,0,,149434346588.94043,149434346588.94043,55.395993046905915,100000,False,True,max_steps,phase76_handoff,"{""burn_b"": 46, ""coast_arc"": 1, ""global_burn1"": 8, ""global_burn2"": 8, ""global_transfer_coast"": 40, ""phase76_handoff"": 99897}","{""insertion_window"": 99526, ""intercept_possible_poor_alignment"": 13, ""no_intercept_possible"": 461}",0.020408163265306076,1.0137030441592747,-0.1426785900258876,-0.8392170582174971,1.0127368377394204,0.9989804008199223,1.3178258453990235,False,False,0,16,46,41,0,1,1,1,1,1,0,1,0,True,0.0,705845,energy_ladder_transfer,56,0.9800015582889963,-0.019998441711003775,0.5050764364665429,0.19414993940909608,0.6402832030120084,0.17026880145162474,0.7122902430909916,0.7998229699532574,4.760106443258897,True,705847,dead_geometry,no_window,,,,,,,,,,,1,energy_ladder_transfer,16.95879428047136,0,8,0.06,0.0,0.5,40,8,0.07,0.0,0.1426785900258876,False,25.25382446299702,26.504373695373022
phase31_energy_ladder_transfer,1.0,150.0,10000.0,1.0,False,False,False,False,,,,,,,,,False,False,dead_geometry,no_window,0.0,,,True,0,,210358.2724609375,21089821943.26465,2114.0932282853946,100000,False,True,max_steps,coast_arc,"{""coast_arc"": 99944, ""global_burn1"": 8, ""global_burn2"": 8, ""global_transfer_coast"": 40}","{""insertion_window"": 1, ""intercept_possible_poor_alignment"": 99999}",0.0,0.7102394907073883,-0.13397459621556124,0.20840421328792616,0.7100092031002521,0.20831077478016014,1.3077600503823477,False,False,0,16,0,99984,0,1,0,0,0,0,0,0,0,False,0.0,,energy_ladder_transfer,56,1.0000015426274174,1.5426274174479166e-06,0.5000001679837629,0.18535764057856655,0.6550759893118523,0.18535946914376236,0.717882428614952,0.8179122434016799,4.980466350219157,True,,crossing_bad_sync,no_window,,,,,,,,,,,1,energy_ladder_transfer,16.68067232612966,0,8,0.06,0.0,0.5,40,8,0.07,0.0,0.13397459621556124,False,25.000010980912457,25.013905205483002
phase31_energy_ladder_transfer,1.02,150.0,10000.0,1.0,False,False,False,False,,,,,,,,,False,False,dead_geometry,no_window,0.0,,,False,0,,150000208285.72754,168570453781.8838,1854.5392601857714,100000,False,True,max_steps,coast_arc,"{""coast_arc"": 99892, ""global_burn1"": 10, ""global_burn2"": 10, ""global_first_coast"": 8, ""global_transfer_coast"": 80}","{""intercept_possible_poor_alignment"": 100000}",0.01960784313725499,0.013727854825207435,-0.12535721577320472,-0.09959420671372986,0.014027531826081909,0.09986220940684581,0.9901475160180329,False,False,0,20,0,99980,0,1,0,0,0,0,0,0,0,False,0.0,,energy_ladder_transfer,108,1.0200030377429625,0.0200030377429625,0.44878059153521344,-0.14606709413107277,-0.030173047111033593,-0.12898584198501897,0.4673789487474535,0.5170209536603608,1.424400446956459,True,,dead_geometry,no_window,,,,,,,,,,,2,energy_ladder_transfer,15.364188472593122,8,10,0.08,0.06,-1.0,80,10,0.09,-0.06,0.25071443154640943,False,22.09414294934195,23.503079951910497
phase31_energy_ladder_transfer,1.05,150.0,10000.0,1.0,False,False,False,False,,,,,,,,,False,False,dead_geometry,no_window,0.0,,,False,0,,375000205288.6543,392963816248.0371,1793.941631219951,100000,False,True,max_steps,coast_arc,"{""coast_arc"": 99892, ""global_burn1"": 10, ""global_burn2"": 10, ""global_first_coast"": 8, ""global_transfer_coast"": 80}","{""intercept_possible_poor_alignment"": 100000}",0.04761904761904765,0.03233418873635659,-0.11258803253505753,-0.08801264157534049,0.032583455780732136,0.08828651325594296,0.9759000475083783,False,False,0,20,0,99980,0,1,0,0,0,0,0,0,0,False,0.0,,energy_ladder_transfer,108,1.0500029931355532,0.05000299313555313,0.43506237262921554,-0.16007306166571944,-0.009999945235663063,-0.11807420073382427,0.4630647859964399,0.531619052591411,1.4485790745811016,True,,dead_geometry,no_window,,,,,,,,,,,2,energy_ladder_transfer,15.879377456556574,8,10,0.08,0.06,-1.0,80,10,0.09,-0.06,0.22517606507011506,False,21.371598964399325,29.2758250475527
phase31_energy_ladder_transfer,0.98,165.0,10000.0,1.0,False,False,False,False,,,,,,,,,False,False,window_no_crossing,dead_window_no_crossing,0.0,,,False,0,,149440481992.05273,149440481992.05273,55.39599304663034,100000,False,True,max_steps,phase76_handoff,"{""burn_b"": 46, ""coast_arc"": 1, ""global_burn1"": 8, ""global_burn2"": 8, ""global_transfer_coast"": 40, ""phase76_handoff"": 99897}","{""insertion_window"": 99526, ""intercept_possible_poor_alignment"": 13, ""no_intercept_possible"": 461}",0.020408163265306076,1.0137047468551805,-0.04378221735089306,-0.8392171905901902,1.0127468943158877,0.9990240296023986,1.2761299100025192,False,False,0,16,46,41,0,1,1,1,1,1,0,1,0,True,0.0,1363637,energy_ladder_transfer,56,0.9800008066307616,-0.019999193369238413,0.2614475366162008,0.23464720331258437,0.5518938842991157,0.2099552551507465,0.5864949762542091,0.9227837096108951,3.540444820247023,True,1363639,dead_geometry,no_window,,,,,,,,,,,1,energy_ladder_transfer,16.676851322870963,0,8,0.06,0.0,0.5,40,8,0.07,0.0,0.04378221735089306,False,13.072379920328983,15.357921138015842
phase31_energy_ladder_transfer,1.0,165.0,10000.0,1.0,True,True,True,True,-240.74714996990886,-143.35569306658726,-0.05722311993440191,-0.034074172918159,-6155.5400390625,8.20738671875e-10,2.8611559967200955,2.8644005351431523,False,True,near_recoverable_crossing,no_window,11.069422001639952,0.09592708307654817,0.0012941943248542809,False,3,119,178.7978515625,294.11328125,136.53147162561905,327,True,False,success,global_transfer_coast,"{""global_burn1"": 12, ""global_first_coast"": 16, ""global_transfer_coast"": 91}","{""handoff_ready"": 209, ""insertion_window"": 93, ""intercept_possible_good_alignment"": 1, ""intercept_possible_poor_alignment"": 24}",2.104654818683916e-16,7.84181757512715e-11,-0.034074173710931875,-3.920904080303418e-11,0.019940920609775398,0.012674535432184494,1.000000000000006,False,False,0,12,0,107,0,1,0,0,0,0,0,0,0,False,0.0,0,energy_ladder_transfer,,,,,,,,,,,,,near_recoverable_crossing,no_window,,,,,,,,,,,3,energy_ladder_transfer,11.204029847601802,16,12,0.1,-0.08,2.5255857824206993e-16,120,12,0.11,0.08,0.06814834742186375,True,12.940935541428857,12.975073053278022
phase31_energy_ladder_transfer,1.02,165.0,10000.0,1.0,False,False,False,False,,,,,,,,,False,False,window_no_crossing,dead_window_no_crossing,0.0,,,False,0,,149461928392.2461,149461928392.2461,55.405133601209286,100000,False,True,max_steps,phase76_handoff,"{""burn_b"": 46, ""coast_arc"": 81, ""global_burn1"": 10, ""global_burn2"": 10, ""global_first_coast"": 8, ""global_transfer_coast"": 80, ""phase76_handoff"": 99765}","{""insertion_window"": 99336, ""intercept_possible_good_alignment"": 2, ""intercept_possible_poor_alignment"": 662}",0.019607843137254777,0.9320100503866623,-0.024462734730208335,-0.8274909211894406,0.93208872702048,0.9980156458938266,1.0000027229526458,False,False,0,20,46,169,0,1,1,1,1,1,0,1,0,True,0.0,1396948,energy_ladder_transfer,108,1.0200015719320854,0.020001571932085415,0.0942667063409131,-0.1615265112453472,-0.2488572886772907,-0.14475572344687443,0.2941638356716178,0.5651856066564327,1.036278402188222,True,,dead_geometry,no_window,,,,,,,,,,,2,energy_ladder_transfer,12.081134874470859,8,10,0.08,0.06,-1.0,80,10,0.09,-0.06,0.04892546946041667,False,8.000632116759478,8.844734698255893
phase31_energy_ladder_transfer,1.05,165.0,10000.0,1.0,False,False,False,False,,,,,,,,,False,False,dead_geometry,no_window,0.0,,,False,0,,375000106265.22266,385593500438.42676,1056.2129970968513,100000,False,True,max_steps,coast_arc,"{""coast_arc"": 99944, ""global_burn1"": 8, ""global_burn2"": 8, ""global_transfer_coast"": 40}","{""intercept_possible_poor_alignment"": 100000}",0.04761904761904765,0.18236095459617918,-0.010220561444707415,-0.1478788683017063,0.18237273375826288,0.14788624020717084,0.9568341636306844,False,False,0,16,0,99984,0,1,0,0,0,0,0,0,0,False,0.0,,energy_ladder_transfer,56,1.0500007792769241,0.05000077927692409,0.25258059280114165,-0.19182137963925,-0.18781085284068852,-0.15141181882626314,0.38033557100337606,0.5216861148512629,1.1620836496840035,True,,dead_geometry,no_window,,,,,,,,,,,1,energy_ladder_transfer,16.32022169801764,0,8,0.06,0.0,-0.5,40,8,0.07,0.0,0.010220561444707415,False,20.00032304568422,23.665872616883973
phase31_energy_ladder_transfer,0.98,170.0,10000.0,1.0,False,False,False,False,,,,,,,,,False,False,window_no_crossing,dead_window_no_crossing,0.0,,,False,0,,149442602750.97266,149442602750.97266,55.39599304653509,100000,False,True,max_steps,phase76_handoff,"{""burn_b"": 46, ""coast_arc"": 1, ""global_burn1"": 8, ""global_burn2"": 8, ""global_transfer_coast"": 40, ""phase76_handoff"": 99897}","{""insertion_window"": 99526, ""intercept_possible_poor_alignment"": 13, ""no_intercept_possible"": 461}",0.020408163265306496,1.0137053354084313,-0.025090063551973553,-0.8392172363459692,1.0127429732703404,0.9990308744228479,1.2314625496515297,False,False,0,16,46,41,0,1,1,1,1,1,0,1,0,True,0.0,1396771,energy_ladder_transfer,56,0.9800005411893092,-0.019999458810690755,0.17541208127525626,0.21064560345468628,0.4556169758983847,0.1864333465740505,0.48343907924337504,0.9488924119356871,2.724991437217326,True,2032499,dead_geometry,no_window,,,,,,,,,,,1,energy_ladder_transfer,13.845064388588197,0,8,0.06,0.0,0.5,40,8,0.07,0.0,0.025090063551973553,False,8.770606727286488,11.902955721115093
phase31_energy_ladder_transfer,1.0,170.0,10000.0,1.0,True,True,True,True,-599.0735661432277,-63.916291810107396,-0.1423936213958444,-0.015192244778262828,-16827.1044921875,2.243613932291667e-09,7.119681069792221,7.119940407361634,False,False,crossing_bad_sync,no_window,6.940159465103889,0.18302614374123746,0.0016521795069246773,False,1,48,16827.1044921875,20670.81640625,109.15914382422815,254,True,False,success,global_transfer_coast,"{""global_burn1"": 12, ""global_first_coast"": 16, ""global_transfer_coast"": 20}","{""handoff_ready"": 207, ""insertion_window"": 25, ""intercept_possible_poor_alignment"": 22}",2.104654818683916e-16,5.51220630521724e-09,-0.015192246987791962,-2.756103064328643e-09,0.0020272167942664648,0.003039140167386798,1.0000000000000056,False,False,0,12,0,36,0,1,0,0,0,0,0,0,0,False,0.0,1,energy_ladder_transfer,,,,,,,,,,,,,crossing_bad_sync,no_window,,,,,,,,,,,3,energy_ladder_transfer,7.441636460460711,16,12,0.1,-0.08,2.5255857824206993e-16,120,12,0.11,0.08,0.030384493975583925,True,8.682449979149588,8.692572000104894
phase31_energy_ladder_transfer,1.02,170.0,10000.0,1.0,False,False,False,False,,,,,,,,,False,False,window_no_crossing,dead_window_no_crossing,0.0,,,False,0,,149455109761.47656,149455109761.47656,55.40390002681263,100000,False,True,max_steps,phase76_handoff,"{""burn_b"": 46, ""coast_arc"": 1, ""global_burn1"": 10, ""global_burn2"": 10, ""global_first_coast"": 8, ""global_transfer_coast"": 80, ""phase76_handoff"": 99845}","{""insertion_window"": 99418, ""intercept_possible_good_alignment"": 4, ""intercept_possible_poor_alignment"": 578}",0.01960784313725499,0.9317534407374822,-0.005392923511594131,-0.8265693744533009,0.93268139645942,0.9987011568359498,1.000002722721176,False,False,0,20,46,89,0,1,1,1,1,1,0,1,0,True,0.0,1396889,energy_ladder_transfer,108,1.0200010657547485,0.020001065754748568,0.009935095986432513,-0.25583382079237693,-0.4069002565785137,-0.2409497041095853,0.4352057835965377,0.40144581235417764,1.0201190716155395,True,,dead_geometry,no_window,,,,,,,,,,,2,energy_ladder_transfer,12.525301741327214,8,10,0.08,0.06,-1.0,80,10,0.09,-0.06,0.010785847023188262,False,8.000390828783802,8.078721578584883
phase31_energy_ladder_transfer,1.05,170.0,10000.0,1.0,False,False,False,False,,,,,,,,,False,False,dead_geometry,no_window,0.0,,,False,0,,375000071295.99414,382090778684.5879,705.3895941509893,100000,False,True,max_steps,coast_arc,"{""coast_arc"": 99944, ""global_burn1"": 8, ""global_burn2"": 8, ""global_transfer_coast"": 40}","{""intercept_possible_poor_alignment"": 100000}",0.047619047619047436,0.26918163145942364,0.009127655905139585,-0.1820355634620514,0.269150608643556,0.18201502784035337,0.956453693363106,False,False,0,16,0,99984,0,1,0,0,0,0,0,0,0,False,0.0,,energy_ladder_transfer,56,1.0500005228360534,0.050000522836053385,0.169462408975509,-0.21798172209621736,-0.2644908612755712,-0.1788803993336782,0.38397001333708797,0.48717630591769084,1.0944879522031428,True,,dead_geometry,no_window,,,,,,,,,,,1,energy_ladder_transfer,16.574208214891797,0,8,0.06,0.0,-0.5,40,8,0.07,0.0,-0.009127655905139585,False,20.000216739288074,21.73899192899837
phase31_energy_ladder_transfer,0.98,175.0,10000.0,1.0,False,False,False,False,,,,,,,,,False,False,window_no_crossing,dead_window_no_crossing,0.0,,,False,0,,149444727772.20312,149444727772.20312,55.395993046439635,100000,False,True,max_steps,phase76_handoff,"{""burn_b"": 46, ""coast_arc"": 1, ""global_burn1"": 8, ""global_burn2"": 8, ""global_transfer_coast"": 40, ""phase76_handoff"": 99897}","{""insertion_window"": 99526, ""intercept_possible_poor_alignment"": 13, ""no_intercept_possible"": 461}",0.020408163265306287,1.0137059251449139,-0.013817563036137981,-0.8392172821937516,1.0127407813426437,0.9990351084921216,1.2039436500329217,False,False,0,16,46,41,0,1,1,1,1,1,0,1,0,True,0.0,1396791,energy_ladder_transfer,56,0.9800002716290087,-0.019999728370991277,0.0880415973130358,0.19617131887346823,0.3977613860802311,0.17224821741082846,0.41523998265102896,0.9709772901192177,2.3499655285132035,True,4049560,dead_geometry,no_window,,,,,,,,,,,1,energy_ladder_transfer,12.641733064643773,0,8,0.06,0.0,0.5,40,8,0.07,0.0,0.013817563036137981,False,7.999573286553438,9.166122435023409
phase31_energy_ladder_transfer,1.0,175.0,10000.0,1.0,True,True,True,True,-962.9612876714519,-16.009518981994006,-0.22888598790680195,-0.0038052979024392718,-30158.3740234375,4.021116536458334e-09,11.444299395340098,11.444309517609978,False,False,crossing_bad_sync,no_window,6.0,0.2777074278312303,0.0033122971260281416,False,1,30,30158.3740234375,61597.8603515625,58.21233553538901,232,True,False,success,global_first_coast,"{""global_burn1"": 12, ""global_first_coast"": 16, ""global_transfer_coast"": 2}","{""handoff_ready"": 201, ""insertion_window"": 11, ""intercept_possible_poor_alignment"": 20}",2.104654818683916e-16,1.642608665388408e-08,-0.0038053019082545138,-8.21304335668071e-09,0.0011231024989192993,0.000535272850726025,1.0221510064307133,False,False,0,12,0,18,0,1,0,0,0,0,0,0,0,False,0.0,1,energy_ladder_transfer,,,,,,,,,,,,,near_recoverable_crossing,no_window,,,,,,,,,,,3,energy_ladder_transfer,3.5429779900982172,16,12,0.1,-0.08,2.5255857824206993e-16,120,12,0.11,0.08,0.0076106038165090276,True,4.357784981600952,4.3590509858512405
phase31_energy_ladder_transfer,1.02,175.0,10000.0,1.0,False,False,False,False,,,,,,,,,False,False,dead_geometry,no_window,0.0,,,False,0,,150000036306.58496,153617463019.3955,357.0663704923922,100000,False,True,max_steps,coast_arc,"{""coast_arc"": 99840, ""global_burn1"": 12, ""global_burn2"": 12, ""global_first_coast"": 16, ""global_transfer_coast"": 120}","{""intercept_possible_poor_alignment"": 100000}",0.019607843137254777,0.2390202585907791,0.006107327294770394,-0.13792468844514735,0.2386585485265931,0.13782938800924321,0.9901475382774748,False,False,0,24,0,99976,0,1,0,0,0,0,0,0,0,False,0.0,,energy_ladder_transfer,160,1.020003109860418,0.0200031098604181,0.11263244133599025,-0.15080951481154126,-0.226967788566306,-0.1338230642438948,0.28187248733831205,0.5852863615114212,1.0447482805038928,True,,dead_geometry,no_window,,,,,,,,,,,3,energy_ladder_transfer,12.19124909628051,16,12,0.1,0.08,-0.023529411764705733,120,12,0.11,-0.08,-0.012214654589540788,False,8.001247816805625,9.11157806463463
phase31_energy_ladder_transfer,1.05,175.0,10000.0,1.0,False,False,False,False,,,,,,,,,False,False,dead_geometry,no_window,0.0,,,False,0,,375000035784.1621,378536209325.7197,349.6104601629803,100000,False,True,max_steps,coast_arc,"{""coast_arc"": 99944, ""global_burn1"": 8, ""global_burn2"": 8, ""global_transfer_coast"": 40}","{""intercept_possible_poor_alignment"": 100000}",0.04761904761904765,0.32084502374816815,0.020795802465610375,-0.202634100451076,0.3207885864308851,0.20259685929350682,0.9562241754041846,False,False,0,16,0,99984,0,1,0,0,0,0,0,0,0,False,0.0,,energy_ladder_transfer,56,1.0500002624160232,0.05000026241602318,0.08505447971757817,-0.2337579062966839,-0.3104002180410175,-0.19544560053731505,0.3895737949702689,0.46583188603424347,1.0604193862601854,True,,dead_geometry,no_window,,,,,,,,,,,1,energy_ladder_transfer,16.725986161341773,0,8,0.06,0.0,-0.5,40,8,0.07,0.0,-0.020795802465610375,False,20.00010878334901,20.46988619694019
phase31_energy_ladder_transfer,0.98,150.0,12000.0,1.0,False,False,False,False,,,,,,,,,False,False,window_no_crossing,dead_window_no_crossing,0.0,,,False,0,,149323392275.125,149323392275.125,66.47916485124645,100000,False,True,max_steps,phase76_handoff,"{""burn_b"": 46, ""coast_arc"": 1, ""global_burn1"": 8, ""global_burn2"": 8, ""global_transfer_coast"": 40, ""phase76_handoff"": 99897}","{""insertion_window"": 99904, ""no_intercept_possible"": 96}",0.020408163265306076,0.9987467943265399,-0.1426785900258876,-1.200179328849998,1.0008640575722392,0.9989998504685459,1.3813220087073446,False,False,0,16,46,41,0,1,1,1,1,1,0,1,0,True,0.0,705845,energy_ladder_transfer,56,0.9800015582892793,-0.019998441710720703,0.5050766509672321,0.25801665244215366,0.7968952397221455,0.23285827974717332,0.8314403433257421,0.8299148500688133,9.017220181448565,True,705847,dead_geometry,no_window,,,,,,,,,,,1,energy_ladder_transfer,17.463989746677626,0,8,0.06,0.0,0.5,40,8,0.07,0.0,0.1426785900258876,False,25.253836169045396,26.51485025583407
phase31_energy_ladder_transfer,1.0,150.0,12000.0,1.0,False,False,False,False,,,,,,,,,False,False,dead_geometry,no_window,0.0,,,True,0,,210358.2724609375,11451855813.410156,1155.4646679646462,100000,False,True,max_steps,coast_arc,"{""coast_arc"": 99840, ""global_burn1"": 12, ""global_burn2"": 12, ""global_first_coast"": 16, ""global_transfer_coast"": 120}","{""insertion_window"": 1, ""intercept_possible_poor_alignment"": 99999}",0.0,0.9379967113147775,-0.13397459621556124,0.3656997597942648,0.9368345398536364,0.36533004894276405,1.3921183570378408,False,False,0,24,0,99976,0,1,0,0,0,0,0,0,0,False,0.0,,energy_ladder_transfer,160,1.0000015804050504,1.580405050390625e-06,0.25750055745940276,0.3240581348029347,0.8194396422348353,0.32406022735109813,0.8267123015291844,0.9597217274912145,10.116906745970184,True,,near_recoverable_crossing,no_window,,,,,,,,,,,3,energy_ladder_transfer,16.980344405888737,16,12,0.1,-0.08,-0.0,120,12,0.11,0.08,0.2679491924311225,False,13.496635146306133,13.575673684011926
phase31_energy_ladder_transfer,1.02,150.0,12000.0,1.0,False,False,False,False,,,,,,,,,False,False,dead_geometry,no_window,0.0,,,False,0,,150000208285.72754,168124527318.4043,1809.9867979167964,100000,False,True,max_steps,coast_arc,"{""coast_arc"": 99892, ""global_burn1"": 10, ""global_burn2"": 10, ""global_first_coast"": 8, ""global_transfer_coast"": 80}","{""intercept_possible_poor_alignment"": 100000}",0.01960784313725499,0.013383985013769027,-0.12535721577320472,-0.09444159992836691,0.013736065915831343,0.094763203165309,0.9901475160180329,False,False,0,20,0,99980,0,1,0,0,0,0,0,0,0,False,0.0,,energy_ladder_transfer,108,1.0200030509840243,0.020003050984024218,0.4395223228274974,-0.1467785939966718,-0.03961180879586604,-0.12971156271172643,0.4610813096837444,0.518384540995605,1.4054104592906143,True,,dead_geometry,no_window,,,,,,,,,,,2,energy_ladder_transfer,15.351235736657124,8,10,0.08,0.06,-1.0,80,10,0.09,-0.06,0.25071443154640943,False,21.562273958082116,23.003402841862872
phase31_energy_ladder_transfer,1.05,150.0,12000.0,1.0,False,False,False,False,,,,,,,,,False,False,dead_geometry,no_window,0.0,,,False,0,,375000205288.6543,392456180792.88477,1743.200781125085,100000,False,True,max_steps,coast_arc,"{""coast_arc"": 99892, ""global_burn1"": 10, ""global_burn2"": 10, ""global_first_coast"": 8, ""global_transfer_coast"": 80}","{""intercept_possible_poor_alignment"": 100000}",0.04761904761904765,0.03028765435685585,-0.11258803253505753,-0.0830975584890608,0.03059000520121742,0.08342620451091454,0.9759000475083783,False,False,0,20,0,99980,0,1,0,0,0,0,0,0,0,False,0.0,,energy_ladder_transfer,108,1.0500030060067262,0.0500030060067263,0.4244851886604445,-0.16111804914877573,-0.02084584884804128,-0.11917142992142778,0.45603463828979107,0.5328574949136923,1.4263021590701792,True,,dead_geometry,no_window,,,,,,,,,,,2,energy_ladder_transfer,15.863722458617065,8,10,0.08,0.06,-1.0,80,10,0.09,-0.06,0.22517606507011506,False,20.76645636852277,28.83669537373666
phase31_energy_ladder_transfer,0.98,165.0,12000.0,1.0,False,False,False,False,,,,,,,,,False,False,window_no_crossing,dead_window_no_crossing,0.0,,,False,0,,149329479978.33105,149329479978.33105,66.47916484095381,100000,False,True,max_steps,phase76_handoff,"{""burn_b"": 46, ""coast_arc"": 1, ""global_burn1"": 8, ""global_burn2"": 8, ""global_transfer_coast"": 40, ""phase76_handoff"": 99897}","{""insertion_window"": 99904, ""intercept_possible_poor_alignment"": 1, ""no_intercept_possible"": 95}",0.020408163265306076,0.9987484866157427,-0.04378221735089306,-1.2001791583716834,1.0008754192416878,0.9990440729368733,1.3296833798419292,False,False,0,16,46,41,0,1,1,1,1,1,0,1,0,True,0.0,1363636,energy_ladder_transfer,56,0.9800008066310707,-0.019999193368929295,0.26144776294877836,0.2864303183433067,0.6824432499532752,0.2607027496511056,0.703764432393406,0.9328586703416203,5.365228206116597,True,1363638,dead_geometry,no_window,,,,,,,,,,,1,energy_ladder_transfer,17.089094746973664,0,8,0.06,0.0,0.5,40,8,0.07,0.0,0.04378221735089306,False,13.072392035747542,15.373718137548234
phase31_energy_ladder_transfer,1.0,165.0,12000.0,1.0,True,True,True,True,-506.6743215375212,-143.35568832217677,-0.1204312718661351,-0.034074171790461454,-14911.6181640625,1.9882157552083335e-09,6.021563593306755,6.023105917644923,False,False,crossing_bad_sync,no_window,7.489218203346622,0.17177686565994704,0.0022701601335772996,False,3,68,902.931640625,5710.3994140625,158.27549762968056,273,True,False,success,global_transfer_coast,"{""global_burn1"": 12, ""global_first_coast"": 16, ""global_transfer_coast"": 40}","{""handoff_ready"": 205, ""insertion_window"": 43, ""intercept_possible_poor_alignment"": 25}",2.104654818683916e-16,1.5227638532583424e-09,-0.034074173710931875,-7.613816192070805e-10,0.01025899896660328,0.00875341221141445,1.0000000000000049,False,False,0,12,0,56,0,1,0,0,0,0,0,0,0,False,0.0,1,energy_ladder_transfer,,,,,,,,,,,,,crossing_bad_sync,no_window,,,,,,,,,,,3,energy_ladder_transfer,11.60917311479179,16,12,0.1,-0.08,2.5255857824206993e-16,120,12,0.11,0.08,0.06814834742186375,True,12.94099797554988,12.992524218493706
phase31_energy_ladder_transfer,1.02,165.0,12000.0,1.0,False,False,False,False,,,,,,,,,False,False,window_no_crossing,dead_window_no_crossing,0.0,,,False,0,,149349843789.29492,149349843789.29492,66.48850812601403,100000,False,True,max_steps,phase76_handoff,"{""burn_b"": 46, ""coast_arc"": 81, ""global_burn1"": 10, ""global_burn2"": 10, ""global_first_coast"": 8, ""global_transfer_coast"": 80, ""phase76_handoff"": 99765}","{""insertion_window"": 99715, ""intercept_possible_good_alignment"": 3, ""intercept_possible_poor_alignment"": 282}",0.019607843137254777,0.9226303069651823,-0.024462734730208335,-1.1982421951904552,0.9203155738951965,0.9980826299697444,1.0000027228734865,False,False,0,20,46,169,0,1,1,1,1,1,0,1,0,True,0.0,7495103,energy_ladder_transfer,108,1.020001578682193,0.020001578682192968,0.0618663972314002,-0.18511333871408203,-0.29291355712200495,-0.16881431904130226,0.3267495694156066,0.5207234674551893,1.0261703592689675,True,,dead_geometry,no_window,,,,,,,,,,,2,energy_ladder_transfer,12.077098892752069,8,10,0.08,0.06,-1.0,80,10,0.09,-0.06,0.04892546946041667,False,8.000633185506771,8.251725208481105
phase31_energy_ladder_transfer,1.05,165.0,12000.0,1.0,False,False,False,False,,,,,,,,,False,False,dead_geometry,no_window,0.0,,,False,0,,375000106265.2217,385588800787.3584,1055.297170923998,100000,False,True,max_steps,coast_arc,"{""coast_arc"": 99944, ""global_burn1"": 8, ""global_burn2"": 8, ""global_transfer_coast"": 40}","{""intercept_possible_poor_alignment"": 100000}",0.04761904761904765,0.22423182462912242,-0.010220561444707415,-0.1754105296731015,0.22424495057091567,0.17541937595966411,0.9530243409340852,False,False,0,16,0,99984,0,1,0,0,0,0,0,0,0,False,0.0,,energy_ladder_transfer,56,1.0500007792767283,0.050000779276728254,0.25258045956103226,-0.218714932514143,-0.23055724588058268,-0.17965007030257904,0.414568401119358,0.47574511534545405,1.1495348191681223,True,,dead_geometry,no_window,,,,,,,,,,,1,energy_ladder_transfer,16.4687283740411,0,8,0.06,0.0,-0.5,40,8,0.07,0.0,0.010220561444707415,False,20.000323045599842,23.66944189243537
phase31_energy_ladder_transfer,0.98,170.0,12000.0,1.0,False,False,False,False,,,,,,,,,False,False,window_no_crossing,dead_window_no_crossing,0.0,,,False,0,,149331590288.89844,149331590288.89844,66.47916483738575,100000,False,True,max_steps,phase76_handoff,"{""burn_b"": 46, ""coast_arc"": 1, ""global_burn1"": 8, ""global_burn2"": 8, ""global_transfer_coast"": 40, ""phase76_handoff"": 99897}","{""insertion_window"": 99904, ""intercept_possible_poor_alignment"": 1, ""no_intercept_possible"": 95}",0.020408163265306496,0.9987490732507608,-0.025090063551973553,-1.2001790992751065,1.0008703782423356,0.9990503954568737,1.2758415304869324,False,False,0,16,46,41,0,1,1,1,1,1,0,1,0,True,0.0,2032494,energy_ladder_transfer,56,0.9800005411896228,-0.019999458810377214,0.17541230555016993,0.25381362249831824,0.5620028773783406,0.2287380285992732,0.5819907178435045,0.954365361248208,3.6118746816746183,True,2032497,dead_geometry,no_window,,,,,,,,,,,1,energy_ladder_transfer,14.177133801940789,0,8,0.06,0.0,0.5,40,8,0.07,0.0,0.025090063551973553,False,8.770618577953883,11.91753128264312
phase31_energy_ladder_transfer,1.0,170.0,12000.0,1.0,True,True,True,True,-865.0014870514276,-63.916284789875135,-0.20560195143812351,-0.015192243109625869,-29534.9375,3.937991666666667e-09,10.280097571906175,10.280277182835341,False,False,crossing_bad_sync,no_window,6.0,0.25887614015144056,0.0029766975333130642,False,1,40,29534.9375,42795.8203125,112.53947132725047,244,True,False,success,global_first_coast,"{""global_burn1"": 12, ""global_first_coast"": 16, ""global_transfer_coast"": 12}","{""handoff_ready"": 204, ""insertion_window"": 18, ""intercept_possible_poor_alignment"": 22}",2.104654818683916e-16,1.1412210203826204e-08,-0.015192246987791962,-5.7061050262953184e-09,0.0016695237814613455,0.0026226078350030657,1.0060409934324814,False,False,0,12,0,28,0,1,0,0,0,0,0,0,0,False,0.0,1,energy_ladder_transfer,,,,,,,,,,,,,near_recoverable_crossing,no_window,,,,,,,,,,,3,energy_ladder_transfer,7.608059895463213,16,12,0.1,-0.08,2.5255857824206993e-16,120,12,0.11,0.08,0.030384493975583925,True,8.682500033306301,8.697783636289858
phase31_energy_ladder_transfer,1.02,170.0,12000.0,1.0,False,False,False,False,,,,,,,,,False,False,dead_geometry,no_window,0.0,,,False,0,,150000072336.8672,157238078211.66797,720.118418821993,100000,False,True,max_steps,coast_arc,"{""coast_arc"": 99840, ""global_burn1"": 12, ""global_burn2"": 12, ""global_first_coast"": 16, ""global_transfer_coast"": 120}","{""intercept_possible_poor_alignment"": 100000}",0.01960784313725499,0.09455854348828012,-0.005392923511594131,-0.06701345504633295,0.09452638009292015,0.06706843438604046,1.024472583983132,False,False,0,24,0,99976,0,1,0,0,0,0,0,0,0,False,0.0,,energy_ladder_transfer,160,1.0200043417338938,0.02000434173389375,0.2035397047077679,-0.08957217436234925,-0.09046873039504062,-0.07135966501424783,0.2441502598853339,0.6931420581320538,1.1409316243617729,True,,dead_geometry,no_window,,,,,,,,,,,3,energy_ladder_transfer,12.64138174920886,16,12,0.1,0.08,-0.023529411764705986,120,12,0.11,-0.08,0.010785847023188262,False,8.596713013655604,11.749421976061884
phase31_energy_ladder_transfer,1.05,170.0,12000.0,1.0,False,False,False,False,,,,,,,,,False,False,dead_geometry,no_window,0.0,,,False,0,,375000071295.99414,382084558742.67285,704.1771077063432,100000,False,True,max_steps,coast_arc,"{""coast_arc"": 99944, ""global_burn1"": 8, ""global_burn2"": 8, ""global_transfer_coast"": 40}","{""intercept_possible_poor_alignment"": 100000}",0.047619047619047436,0.3245867489020921,0.009127655905139585,-0.2202682073355067,0.3245505226971018,0.22024352807882613,0.9525659314450252,False,False,0,16,0,99984,0,1,0,0,0,0,0,0,0,False,0.0,,energy_ladder_transfer,56,1.0500005228358533,0.05000052283585325,0.1694622702223737,-0.25379276240508114,-0.31921825383935404,-0.21648201038143747,0.43604051811526234,0.42749520804721447,1.088554159962476,True,,dead_geometry,no_window,,,,,,,,,,,1,energy_ladder_transfer,16.774956174490033,0,8,0.06,0.0,-0.5,40,8,0.07,0.0,-0.009127655905139585,False,20.00021673920167,21.745398390094522
phase31_energy_ladder_transfer,0.98,175.0,12000.0,1.0,False,False,False,False,,,,,,,,,False,False,window_no_crossing,dead_window_no_crossing,0.0,,,False,0,,149333709107.17578,149333709107.17578,66.47916483380338,100000,False,True,max_steps,phase76_handoff,"{""burn_b"": 46, ""coast_arc"": 1, ""global_burn1"": 8, ""global_burn2"": 8, ""global_transfer_coast"": 40, ""phase76_handoff"": 99897}","{""insertion_window"": 99904, ""intercept_possible_poor_alignment"": 1, ""no_intercept_possible"": 95}",0.020408163265306287,0.9987496622511244,-0.013817563036137981,-1.200179039940304,1.0008674041256767,0.9990542706162586,1.2427251887238382,False,False,0,16,46,41,0,1,1,1,1,1,0,1,0,True,0.0,4049545,energy_ladder_transfer,56,0.9800002716293256,-0.01999972837067448,0.08804182040342651,0.23414391660260714,0.4900468081551399,0.20946137350023475,0.5040258879122971,0.9725875237556902,2.9493410610318476,True,4049550,dead_geometry,no_window,,,,,,,,,,,1,energy_ladder_transfer,12.92702371702959,0,8,0.06,0.0,0.5,40,8,0.07,0.0,0.013817563036137981,False,7.999573284041301,9.1810791784407
phase31_energy_ladder_transfer,1.0,175.0,12000.0,1.0,True,True,True,True,-1228.8892619253422,-16.009530012610412,-0.2920943306288027,-0.0038053005243032715,-10419.2802734375,1.3892373697916666e-09,14.604716531440134,14.604724463293183,False,False,crossing_bad_sync,no_window,6.0,0.35355743856324323,0.004255657056972792,False,1,28,10419.2802734375,59569.3173828125,57.82508265076887,230,True,False,success,global_first_coast,"{""global_burn1"": 12, ""global_first_coast"": 16}","{""handoff_ready"": 202, ""insertion_window"": 9, ""intercept_possible_poor_alignment"": 19}",2.104654818683916e-16,1.5885143221214373e-08,-0.0038053019082545138,-7.942571610182793e-09,0.0012724435662725712,0.0004985303566925771,1.038134373406912,False,False,0,12,0,16,0,1,0,0,0,0,0,0,0,False,0.0,1,energy_ladder_transfer,,,,,,,,,,,,,near_recoverable_crossing,no_window,,,,,,,,,,,3,energy_ladder_transfer,3.5830765758787266,16,12,0.1,-0.08,2.5255857824206993e-16,120,12,0.11,0.08,0.0076106038165090276,True,4.3577852398712915,4.3596972854524445
phase31_energy_ladder_transfer,1.02,175.0,12000.0,1.0,False,False,False,False,,,,,,,,,False,False,dead_geometry,no_window,0.0,,,False,0,,150000036306.58496,153615552037.47852,356.0088284544968,100000,False,True,max_steps,coast_arc,"{""coast_arc"": 99840, ""global_burn1"": 12, ""global_burn2"": 12, ""global_first_coast"": 16, ""global_transfer_coast"": 120}","{""intercept_possible_poor_alignment"": 100000}",0.019607843137254777,0.28596015067180425,0.006107327294770394,-0.16673111907232482,0.2855503803073277,0.16661634320953345,0.9909949089520289,False,False,0,24,0,99976,0,1,0,0,0,0,0,0,0,False,0.0,,energy_ladder_transfer,160,1.0200035778926952,0.020003577892695183,0.11789954993509204,-0.17824716462337417,-0.2715994095076725,-0.16180916777237478,0.3265274815416758,0.5296263221127744,1.0431960502838469,True,,dead_geometry,no_window,,,,,,,,,,,3,energy_ladder_transfer,12.355687507756633,16,12,0.1,0.08,-0.023529411764705733,120,12,0.11,-0.08,-0.012214654589540788,False,8.001435029704998,9.120111162760287
phase31_energy_ladder_transfer,1.05,175.0,12000.0,1.0,False,False,False,False,,,,,,,,,False,False,dead_geometry,no_window,0.0,,,False,0,,375000035784.1621,378529153791.43945,348.2347386859792,100000,False,True,max_steps,coast_arc,"{""coast_arc"": 99944, ""global_burn1"": 8, ""global_burn2"": 8, ""global_transfer_coast"": 40}","{""intercept_possible_poor_alignment"": 100000}",0.04761904761904765,0.38367070119152547,0.020795802465610375,-0.247320081034392,0.38360551407437854,0.24727530712855222,0.9522893779346856,False,False,0,16,0,99984,0,1,0,0,0,0,0,0,0,False,0.0,,energy_ladder_transfer,56,1.05000026241582,0.050000262415819924,0.08505433770091571,-0.274946734669845,-0.37182495079659383,-0.23869388113789025,0.45266774036310725,0.39898112315209516,1.0589308348121016,True,,dead_geometry,no_window,,,,,,,,,,,1,energy_ladder_transfer,16.95675595492411,0,8,0.06,0.0,-0.5,40,8,0.07,0.0,-0.020795802465610375,False,20.000108783261197,20.478594320187824
