controller_name,r0_over_target,initial_velocity_angle_deg,thrust_scale,target_radius_scale,success,capture_entered,lock_entered,crossing_occurs,crossing_vr,crossing_vt_error,crossing_vr_ratio,crossing_vt_error_ratio,crossing_radius_error,recoverable_crossing,crossing_score,recoverability_score,near_miss,radius_crossings_total,first_crossing_step,minimum_abs_radius_error,final_radius_error,tail_mean_abs_vr,steps,terminated,truncated,termination_reason,dominant_transfer_stage,transfer_stage_counts_json,intercept_classification_counts_json,initial_energy_error_ratio,final_energy_error_ratio,initial_angular_momentum_error_ratio,final_angular_momentum_error_ratio,mean_energy_error_ratio,mean_angular_momentum_error_ratio,max_speed_ratio,overspeed,turning_point_count,burn_a_steps,burn_b_steps,coast_arc_steps,safe_coast_steps,burn_a_count,burn_b_count,insertion_attempts,insertion_windows,successful_insertion_windows,handoff_ready_count,handoff_entered,handoff_rate,predicted_crossing_step,burn_b_solver_evals,burn_b_solver_score,insertion_window_conversion_rate,chosen_burn_timing,chosen_burn_angle_deg,chosen_burn_magnitude,chosen_burn_duration,chosen_insertion_mode,pre_burn_state_json,post_burn_state_json,basin_score,handoff_success
baseline_soft_linear_3e4,0.98,150.0,8000.0,1.0,False,False,False,False,,,,,,False,,,False,0,,148101427375.6953,148101437871.46484,297.67608708532185,100000,False,True,max_steps,unconditioned_descent,"{""unconditioned_descent"": 100000}",{},0.020408163265306076,0.9931940337535566,-0.12518223472029355,-0.8170958106540332,,,0.7467844171220183,False,0,0,0,0,0,0,0,0,0,0,0,False,0.0,,0,,0.0,,,,,,{},{},,False
baseline_soft_linear_3e4,1.0,150.0,8000.0,1.0,True,True,True,True,-38.530447607905636,-3195.2769906896274,-0.009158290866034995,-0.7594844569695679,-2413.50390625,False,0.6185775149366969,0.021872411989640565,False,1,128,1076.5029296875,2220.5693359375,28.016402607368157,349,True,False,success,soft_window,"{""soft_window"": 128}",{},0.0,5.921338994971445e-10,-0.1339745962155613,7.549516567451064e-15,,,1.0000000000000073,False,0,0,0,0,0,0,0,0,0,0,0,True,0.0,,0,,0.0,,,,,,{},{},,True
baseline_soft_linear_3e4,1.02,150.0,8000.0,1.0,False,False,False,False,,,,,,False,,,False,0,,150000152884.06055,151439399801.9121,288.3916029378637,100000,False,True,max_steps,unconditioned_descent,"{""unconditioned_descent"": 100000}",{},0.01960784313725499,0.9214919987051526,-0.14250707428745557,-0.8316073444984141,,,0.7267794177920996,False,0,0,0,0,0,0,0,0,0,0,0,False,0.0,,0,,0.0,,,,,,{},{},,False
baseline_soft_linear_3e4,1.05,150.0,8000.0,1.0,False,False,False,False,,,,,,False,,,False,0,,375000149886.9883,376127077512.8613,284.54300635253543,100000,False,True,max_steps,unconditioned_descent,"{""unconditioned_descent"": 100000}",{},0.04761904761904765,0.8709211513334464,-0.15484574527148331,-0.8428316645342933,,,0.712531949282445,False,0,0,0,0,0,0,0,0,0,0,0,False,0.0,,0,,0.0,,,,,,{},{},,False
baseline_soft_linear_3e4,0.98,165.0,8000.0,1.0,False,False,False,False,,,,,,False,,,False,0,,148955169044.06543,148955174869.99902,169.92036425051123,100000,False,True,max_steps,unconditioned_descent,"{""unconditioned_descent"": 100000}",{},0.020408163265306076,0.992831367481997,-0.024267568725401145,-0.7922170786121185,,,0.7467844312090415,False,0,0,0,0,0,0,0,0,0,0,0,False,0.0,,0,,0.0,,,,,,{},{},,False
baseline_soft_linear_3e4,1.0,165.0,8000.0,1.0,True,True,True,True,-75.5921283924204,-3183.1688515097776,-0.017967470973745035,-0.756606476895629,-6026.451171875,False,0.6268461474885241,0.02180655982767169,False,1,79,581.3896484375,5645.37109375,18.30163168160577,300,True,False,success,soft_window,"{""soft_window"": 79}",{},2.104654818683916e-16,1.5054145521914852e-09,-0.03407417371093191,7.549516567451064e-15,,,1.0000000000000073,False,0,0,0,0,0,0,0,0,0,0,0,True,0.0,,0,,0.0,,,,,,{},{},,True
baseline_soft_linear_3e4,1.02,165.0,8000.0,1.0,False,False,False,False,,,,,,False,,,False,0,,150000079138.60547,150774924506.69336,157.8707191308565,100000,False,True,max_steps,unconditioned_descent,"{""unconditioned_descent"": 100000}",{},0.019607843137254777,0.9211536502151909,-0.04359091640216495,-0.8096963107886394,,,0.7267794307959223,False,0,0,0,0,0,0,0,0,0,0,0,False,0.0,,0,,0.0,,,,,,{},{},,False
baseline_soft_linear_3e4,1.05,165.0,8000.0,1.0,False,False,False,False,,,,,,False,,,False,0,,375000077587.208,375601949156.3242,152.95046609124174,100000,False,True,max_steps,unconditioned_descent,"{""unconditioned_descent"": 100000}",{},0.04761904761904765,0.8706005369748342,-0.057352915661626036,-0.8227570780104625,,,0.7125319615538074,False,0,0,0,0,0,0,0,0,0,0,0,False,0.0,,0,,0.0,,,,,,{},{},,False
baseline_soft_linear_3e4,0.98,170.0,8000.0,1.0,False,False,False,False,,,,,,False,,,False,0,,149262453807.42383,149262458023.18555,124.09640653574039,100000,False,True,max_steps,unconditioned_descent,"{""unconditioned_descent"": 100000}",{},0.020408163265306496,0.9927022150611052,-0.005193942399973062,-0.7867428912650681,,,0.7467844361837457,False,0,0,0,0,0,0,0,0,0,0,0,False,0.0,,0,,0.0,,,,,,{},{},,False
baseline_soft_linear_3e4,1.0,170.0,8000.0,1.0,True,True,True,True,-69.01423483018289,-4727.470714164705,-0.01640397336941329,-1.1236711366960404,-2623.1083984375,False,0.9186216777498761,0.04348345057112868,False,1,42,1709.513671875,2275.509765625,11.434367729151932,266,True,False,success,soft_window,"{""soft_window"": 42}",{},2.104654818683916e-16,6.067846121554851e-10,-0.01519224698779198,7.327471962526033e-15,,,1.0000000000000073,False,0,0,0,0,0,0,0,0,0,0,0,True,0.0,,0,,0.0,,,,,,{},{},,True
baseline_soft_linear_3e4,1.02,170.0,8000.0,1.0,False,False,False,False,,,,,,False,,,False,0,,150000053096.0664,150536104992.708,111.37700734995084,100000,False,True,max_steps,unconditioned_descent,"{""unconditioned_descent"": 100000}",{},0.01960784313725499,0.9210336064720429,-0.024895023050582443,-0.8050606944276244,,,0.7267794353881043,False,0,0,0,0,0,0,0,0,0,0,0,False,0.0,,0,,0.0,,,,,,{},{},,False
baseline_soft_linear_3e4,1.05,170.0,8000.0,1.0,False,False,False,False,,,,,,False,,,False,0,,375000052055.19434,375413005576.19336,106.21192603449481,100000,False,True,max_steps,unconditioned_descent,"{""unconditioned_descent"": 100000}",{},0.047619047619047436,0.8704869632104021,-0.038926041995105076,-0.8185805588806532,,,0.7125319658873277,False,0,0,0,0,0,0,0,0,0,0,0,False,0.0,,0,,0.0,,,,,,{},{},,False
baseline_soft_linear_3e4,0.98,175.0,8000.0,1.0,False,False,False,False,,,,,,False,,,False,0,,149577689612.25488,149577692213.9873,77.16213217288069,100000,False,True,max_steps,unconditioned_descent,"{""unconditioned_descent"": 100000}",{},0.020408163265306287,0.9925704599681217,0.006308609146797872,-0.7827966042172912,,,0.746784441235641,False,0,0,0,0,0,0,0,0,0,0,0,False,0.0,,0,,0.0,,,,,,{},{},,False
baseline_soft_linear_3e4,1.0,175.0,8000.0,1.0,True,True,True,True,-31.058008674702325,-3664.12991433049,-0.0073821690331051645,-0.8709259717889519,-762.443359375,False,0.7055993803725469,0.02761116937756757,False,1,8,596.3916015625,607.4658203125,3.3645032623345292,230,True,False,success,soft_window,"{""soft_window"": 8}",{},2.104654818683916e-16,1.6197255112205923e-10,-0.003805301908254566,7.549516567451064e-15,,,1.0000000000000075,False,0,0,0,0,0,0,0,0,0,0,0,True,0.0,,0,,0.0,,,,,,{},{},,True
baseline_soft_linear_3e4,1.02,175.0,8000.0,1.0,False,False,False,False,,,,,,False,,,False,0,,150000026649.43555,150291319592.0088,63.938993763791515,100000,False,True,max_steps,unconditioned_descent,"{""unconditioned_descent"": 100000}",{},0.019607843137254777,0.9209113934878578,-0.013620267358068205,-0.8018546995418536,,,0.7267794400515416,False,0,0,0,0,0,0,0,0,0,0,0,False,0.0,,0,,0.0,,,,,,{},{},,False
baseline_soft_linear_3e4,1.05,175.0,8000.0,1.0,False,False,False,False,,,,,,False,,,False,0,,375000026127.00977,375219241696.8496,58.60010511204866,100000,False,True,max_steps,unconditioned_descent,"{""unconditioned_descent"": 100000}",{},0.04761904761904765,0.8703714348681936,-0.02781352146132343,-0.8157451983995561,,,0.7125319702880899,False,0,0,0,0,0,0,0,0,0,0,0,False,0.0,,0,,0.0,,,,,,{},{},,False
baseline_soft_linear_3e4,0.98,150.0,10000.0,1.0,False,False,False,False,,,,,,False,,,False,0,,149999778030.68164,152717567891.542,276.7142706168291,100000,False,True,max_steps,unconditioned_descent,"{""unconditioned_descent"": 100000}",{},0.020408163265306076,1.0411755465057324,-0.12518223472029355,-0.9817418246862821,,,0.680942392565535,False,0,0,0,0,0,0,0,0,0,0,0,False,0.0,,0,,0.0,,,,,,{},{},,False
baseline_soft_linear_3e4,1.0,150.0,10000.0,1.0,True,True,True,True,-56.806558896857226,-3462.776521423222,-0.013502334433540864,-0.823066342493355,-3817.8857421875,False,0.6746558758239845,0.02052503083453011,False,1,1711,693.05859375,2453.6474609375,78.06700913583241,1927,True,False,success,soft_window,"{""soft_window"": 1711}",{},0.0,6.542913016537822e-10,-0.1339745962155613,5.995204332975845e-15,,,1.0000000000000058,False,0,0,0,0,0,0,0,0,0,0,0,True,0.0,,0,,0.0,,,,,,{},{},,True
baseline_soft_linear_3e4,1.02,150.0,10000.0,1.0,False,False,False,False,,,,,,False,,,False,0,,149198751325.39844,150544096287.76855,404.36645734775647,100000,False,True,max_steps,unconditioned_descent,"{""unconditioned_descent"": 100000}",{},0.01960784313725499,0.9606361979700722,-0.14250707428745557,-0.9976396603491355,,,0.6609373932356164,False,0,0,0,0,0,0,0,0,0,0,0,False,0.0,,0,,0.0,,,,,,{},{},,False
baseline_soft_linear_3e4,1.05,150.0,10000.0,1.0,False,False,False,False,,,,,,False,,,False,0,,375000136036.57227,378620323407.8428,432.52942857508054,100000,False,True,max_steps,unconditioned_descent,"{""unconditioned_descent"": 100000}",{},0.04761904761904765,0.9036729146570972,-0.15484574527148331,-0.9886120022056073,,,0.6466899247259618,False,0,0,0,0,0,0,0,0,0,0,0,False,0.0,,0,,0.0,,,,,,{},{},,False
baseline_soft_linear_3e4,0.98,165.0,10000.0,1.0,False,False,False,False,,,,,,False,,,False,0,,149999885100.2578,151200471057.4287,98.49538074975737,100000,False,True,max_steps,unconditioned_descent,"{""unconditioned_descent"": 100000}",{},0.020408163265306076,1.0406937225256263,-0.024267568725401145,-0.9788539069733644,,,0.6809424066525582,False,0,0,0,0,0,0,0,0,0,0,0,False,0.0,,0,,0.0,,,,,,{},{},,False
baseline_soft_linear_3e4,1.0,165.0,10000.0,1.0,True,True,True,True,-44.60852682385054,-3025.2685757801814,-0.010602987744017904,-0.7190752063618795,-2523.248046875,False,0.5879837507187582,0.01630347108872191,False,1,41,1109.8916015625,1452.48828125,20.02351591027418,257,True,False,success,soft_window,"{""soft_window"": 41}",{},2.104654818683916e-16,3.8731520650728185e-10,-0.03407417371093191,5.995204332975845e-15,,,1.000000000000006,False,0,0,0,0,0,0,0,0,0,0,0,True,0.0,,0,,0.0,,,,,,{},{},,True
baseline_soft_linear_3e4,1.02,165.0,10000.0,1.0,False,False,False,False,,,,,,False,,,False,0,,149785381703.07617,151656909491.87305,422.0336496820377,100000,False,True,max_steps,unconditioned_descent,"{""unconditioned_descent"": 100000}",{},0.019607843137254777,0.9603450572017151,-0.04359091640216495,-0.9969946300620139,,,0.6609374062394391,False,0,0,0,0,0,0,0,0,0,0,0,False,0.0,,0,,0.0,,,,,,{},{},,False
baseline_soft_linear_3e4,1.05,165.0,10000.0,1.0,False,False,False,False,,,,,,False,,,False,0,,375000070417.7031,377230357181.69336,295.67407237481086,100000,False,True,max_steps,unconditioned_descent,"{""unconditioned_descent"": 100000}",{},0.04761904761904765,0.9040402355228755,-0.057352915661626036,-0.9878120631528458,,,0.646689936997324,False,0,0,0,0,0,0,0,0,0,0,0,False,0.0,,0,,0.0,,,,,,{},{},,False
baseline_soft_linear_3e4,0.98,170.0,10000.0,1.0,False,False,False,False,,,,,,False,,,False,0,,149999922910.91016,150679843258.92676,38.23173254753143,100000,False,True,max_steps,unconditioned_descent,"{""unconditioned_descent"": 100000}",{},0.020408163265306496,1.0405272805422932,-0.005193942399973062,-0.9781703975483116,,,0.6809424116272625,False,0,0,0,0,0,0,0,0,0,0,0,False,0.0,,0,,0.0,,,,,,{},{},,False
baseline_soft_linear_3e4,1.0,170.0,10000.0,1.0,True,True,True,True,-14.98621570953258,-4062.7001351939803,-0.0035620692457484443,-0.9656620114621247,-1402.0849609375,False,0.7768040924515426,0.02687945836559521,False,1,26,96.537109375,1044.1005859375,8.944379745003824,243,True,False,success,soft_window,"{""soft_window"": 26}",{},2.104654818683916e-16,2.7841236850026503e-10,-0.01519224698779198,5.773159728050814e-15,,,1.0000000000000058,False,0,0,0,0,0,0,0,0,0,0,0,True,0.0,,0,,0.0,,,,,,{},{},,True
baseline_soft_linear_3e4,1.02,170.0,10000.0,1.0,False,False,False,False,,,,,,False,,,False,0,,149903420693.5078,152042149718.04883,435.350399634015,100000,False,True,max_steps,unconditioned_descent,"{""unconditioned_descent"": 100000}",{},0.01960784313725499,0.9602439145955881,-0.024895023050582443,-0.9968140561848233,,,0.660937410831621,False,0,0,0,0,0,0,0,0,0,0,0,False,0.0,,0,,0.0,,,,,,{},{},,False
baseline_soft_linear_3e4,1.05,170.0,10000.0,1.0,False,False,False,False,,,,,,False,,,False,0,,375000047244.99414,376723920502.0879,245.09233299130722,100000,False,True,max_steps,unconditioned_descent,"{""unconditioned_descent"": 100000}",{},0.047619047619047436,0.904173429199429,-0.038926041995105076,-0.9877684143080272,,,0.6466899413308445,False,0,0,0,0,0,0,0,0,0,0,0,False,0.0,,0,,0.0,,,,,,{},{},,False
baseline_soft_linear_3e4,0.98,175.0,10000.0,1.0,False,False,False,False,,,,,,False,,,False,0,,149999961308.2578,150158652999.47363,21.693906402381284,100000,False,True,max_steps,unconditioned_descent,"{""unconditioned_descent"": 100000}",{},0.020408163265306287,1.0403600897449736,0.006308609146797872,-0.9776460308871338,,,0.6809424166791579,False,0,0,0,0,0,0,0,0,0,0,0,False,0.0,,0,,0.0,,,,,,{},{},,False
baseline_soft_linear_3e4,1.0,175.0,10000.0,1.0,True,True,True,True,-79.19029577566481,-3603.0741488999756,-0.01882271833073839,-0.8564136446924371,-4727.6806640625,False,0.7077181783811932,0.021957297513013917,False,1,7,2218.6337890625,2824.8642578125,3.50178163891905,224,True,False,success,soft_window,"{""soft_window"": 7}",{},2.104654818683916e-16,7.532826887231708e-10,-0.003805301908254566,5.773159728050814e-15,,,1.0000000000000058,False,0,0,0,0,0,0,0,0,0,0,0,True,0.0,,0,,0.0,,,,,,{},{},,True
baseline_soft_linear_3e4,1.02,175.0,10000.0,1.0,False,False,False,False,,,,,,False,,,False,0,,149975691666.3994,152426639843.34473,450.8625781484721,100000,False,True,max_steps,unconditioned_descent,"{""unconditioned_descent"": 100000}",{},0.019607843137254777,0.9601427857149094,-0.013620267358068205,-0.9966583439091299,,,0.6609374154950584,False,0,0,0,0,0,0,0,0,0,0,0,False,0.0,,0,,0.0,,,,,,{},{},,False
baseline_soft_linear_3e4,1.05,175.0,10000.0,1.0,False,False,False,False,,,,,,False,,,False,0,,375000023712.72363,376200512372.5088,192.34946452680813,100000,False,True,max_steps,unconditioned_descent,"{""unconditioned_descent"": 100000}",{},0.04761904761904765,0.9043107315844968,-0.02781352146132343,-0.9878327521071044,,,0.6466899457316065,False,0,0,0,0,0,0,0,0,0,0,0,False,0.0,,0,,0.0,,,,,,{},{},,False
baseline_soft_linear_3e4,0.98,150.0,12000.0,1.0,False,False,False,False,,,,,,False,,,False,0,,149555731584.85742,149555731584.85742,417.52366748323516,100000,False,True,max_steps,unconditioned_descent,"{""unconditioned_descent"": 100000}",{},0.020408163265306076,1.0090333629213488,-0.12518223472029355,-0.8461621706431245,,,0.6151003680090517,False,0,0,0,0,0,0,0,0,0,0,0,False,0.0,,0,,0.0,,,,,,{},{},,False
baseline_soft_linear_3e4,1.0,150.0,12000.0,1.0,True,True,True,True,-39.80874820360246,-4852.3106761866475,-0.009462129762191896,-1.1533443108967762,-1244.0107421875,False,0.9340300045979194,0.03135376273812549,False,4,55,51.9462890625,217.6943359375,21.73237089833826,270,True,False,success,soft_window,"{""soft_window"": 55}",{},0.0,5.8064900861706823e-11,-0.1339745962155613,5.10702591327572e-15,,,1.0000000000000049,False,0,0,0,0,0,0,0,0,0,0,0,True,0.0,,0,,0.0,,,,,,{},{},,True
baseline_soft_linear_3e4,1.02,150.0,12000.0,1.0,False,False,False,False,,,,,,False,,,False,0,,150000125183.22852,150024760502.80078,415.61731552270584,100000,False,True,max_steps,unconditioned_descent,"{""unconditioned_descent"": 100000}",{},0.01960784313725499,0.9216906343845764,-0.14250707428745557,-0.8287966577755773,,,0.5950953686791332,False,0,0,0,0,0,0,0,0,0,0,0,False,0.0,,0,,0.0,,,,,,{},{},,False
baseline_soft_linear_3e4,1.05,150.0,12000.0,1.0,False,False,False,False,,,,,,False,,,False,0,,374726998120.56445,374727036567.166,414.4369643322249,100000,False,True,max_steps,unconditioned_descent,"{""unconditioned_descent"": 100000}",{},0.04761904761904765,0.8599698975241604,-0.15484574527148331,-0.816415861349129,,,0.5808479001694785,False,0,0,0,0,0,0,0,0,0,0,0,False,0.0,,0,,0.0,,,,,,{},{},,False
baseline_soft_linear_3e4,0.98,165.0,12000.0,1.0,False,False,False,False,,,,,,False,,,False,0,,149761475838.2578,149761475838.2578,217.67228592638764,100000,False,True,max_steps,unconditioned_descent,"{""unconditioned_descent"": 100000}",{},0.020408163265306076,1.009589035548744,-0.024267568725401145,-0.8296418556332603,,,0.6151003820960751,False,0,0,0,0,0,0,0,0,0,0,0,False,0.0,,0,,0.0,,,,,,{},{},,False
baseline_soft_linear_3e4,1.0,165.0,12000.0,1.0,True,True,True,True,-49.89490215814327,-3804.1918098357014,-0.011859504757034702,-0.904217242924399,-3756.763671875,False,0.7376052005488627,0.020534347013872814,False,1,47,861.8408203125,1917.5859375,12.276941494087875,260,True,False,success,soft_window,"{""soft_window"": 47}",{},2.104654818683916e-16,5.113431463687706e-10,-0.03407417371093191,4.884981308350689e-15,,,1.0000000000000049,False,0,0,0,0,0,0,0,0,0,0,0,True,0.0,,0,,0.0,,,,,,{},{},,True
baseline_soft_linear_3e4,1.02,165.0,12000.0,1.0,False,False,False,False,,,,,,False,,,False,0,,150000064799.59863,150019903121.16992,215.2844167433694,100000,False,True,max_steps,unconditioned_descent,"{""unconditioned_descent"": 100000}",{},0.019607843137254777,0.9222042531443442,-0.04359091640216495,-0.8103000766065193,,,0.5950953816829558,False,0,0,0,0,0,0,0,0,0,0,0,False,0.0,,0,,0.0,,,,,,{},{},,False
baseline_soft_linear_3e4,1.05,165.0,12000.0,1.0,False,False,False,False,,,,,,False,,,False,0,,374865589284.35547,374865609250.27637,213.80999930514116,100000,False,True,max_steps,unconditioned_descent,"{""unconditioned_descent"": 100000}",{},0.04761904761904765,0.8604549772793049,-0.057352915661626036,-0.796517044517119,,,0.5808479124408409,False,0,0,0,0,0,0,0,0,0,0,0,False,0.0,,0,,0.0,,,,,,{},{},,False
baseline_soft_linear_3e4,0.98,170.0,12000.0,1.0,False,False,False,False,,,,,,False,,,False,0,,149837578438.94922,149837578438.94922,147.0267319398061,100000,False,True,max_steps,unconditioned_descent,"{""unconditioned_descent"": 100000}",{},0.020408163265306496,1.0097853778321344,-0.005193942399973062,-0.826751467391466,,,0.6151003870707793,False,0,0,0,0,0,0,0,0,0,0,0,False,0.0,,0,,0.0,,,,,,{},{},,False
baseline_soft_linear_3e4,1.0,170.0,12000.0,1.0,True,True,True,True,-59.11783526958399,-2644.140708489538,-0.014051701041181388,-0.628485034627588,-4974.4609375,False,0.5196500696147496,0.011302579212861713,False,1,19,567.279296875,2772.2412109375,6.334229874531584,231,True,False,success,soft_window,"{""soft_window"": 19}",{},2.104654818683916e-16,7.392509550470052e-10,-0.01519224698779198,5.10702591327572e-15,,,1.0000000000000049,False,0,0,0,0,0,0,0,0,0,0,0,True,0.0,,0,,0.0,,,,,,{},{},,True
baseline_soft_linear_3e4,1.02,170.0,12000.0,1.0,False,False,False,False,,,,,,False,,,False,0,,150000043475.667,150015036432.5996,144.53846555689043,100000,False,True,max_steps,unconditioned_descent,"{""unconditioned_descent"": 100000}",{},0.01960784313725499,0.9223856367917704,-0.024895023050582443,-0.8070407520685968,,,0.5950953862751378,False,0,0,0,0,0,0,0,0,0,0,0,False,0.0,,0,,0.0,,,,,,{},{},,False
baseline_soft_linear_3e4,1.05,170.0,12000.0,1.0,False,False,False,False,,,,,,False,,,False,0,,374911539824.58594,374911553208.7783,143.00356261341577,100000,False,True,max_steps,unconditioned_descent,"{""unconditioned_descent"": 100000}",{},0.047619047619047436,0.8606262240938488,-0.038926041995105076,-0.7929972588185307,,,0.5808479167743612,False,0,0,0,0,0,0,0,0,0,0,0,False,0.0,,0,,0.0,,,,,,{},{},,False
baseline_soft_linear_3e4,0.98,175.0,12000.0,1.0,False,False,False,False,,,,,,False,,,False,0,,149916705985.81152,149916705985.81152,75.24537240784004,100000,False,True,max_steps,unconditioned_descent,"{""unconditioned_descent"": 100000}",{},0.020408163265306287,1.0099848286895707,0.006308609146797872,-0.8251992211726191,,,0.6151003921226748,False,0,0,0,0,0,0,0,0,0,0,0,False,0.0,,0,,0.0,,,,,,{},{},,False
baseline_soft_linear_3e4,1.0,175.0,12000.0,1.0,True,True,True,True,-49.59440466036998,-3805.3841505526866,-0.011788079594339244,-0.9045006500420295,-4449.8916015625,False,0.7377462161401496,0.02054370229463622,False,1,25,509.548828125,2621.802734375,2.228509408401243,238,True,False,success,soft_window,"{""soft_window"": 25}",{},2.104654818683916e-16,6.99134129548071e-10,-0.003805301908254566,4.884981308350689e-15,,,1.0000000000000049,False,0,0,0,0,0,0,0,0,0,0,0,True,0.0,,0,,0.0,,,,,,{},{},,True
baseline_soft_linear_3e4,1.02,175.0,12000.0,1.0,False,False,False,False,,,,,,False,,,False,0,,150000021820.85938,150008410722.51758,72.69278992503675,100000,False,True,max_steps,unconditioned_descent,"{""unconditioned_descent"": 100000}",{},0.019607843137254777,0.9225698387725687,-0.013620267358068205,-0.8052697139551094,,,0.5950953909385752,False,0,0,0,0,0,0,0,0,0,0,0,False,0.0,,0,,0.0,,,,,,{},{},,False
baseline_soft_linear_3e4,1.05,175.0,12000.0,1.0,False,False,False,False,,,,,,False,,,False,0,,374956606897.5137,374956613568.1035,71.11978586582853,100000,False,True,max_steps,unconditioned_descent,"{""unconditioned_descent"": 100000}",{},0.04761904761904765,0.860800100431001,-0.02781352146132343,-0.7910728547094577,,,0.5808479211751234,False,0,0,0,0,0,0,0,0,0,0,0,False,0.0,,0,,0.0,,,,,,{},{},,False
phase20_predictive_planner,0.98,150.0,8000.0,1.0,False,False,False,False,,,,,,False,,,False,0,,84468724217.98242,84468724217.98242,6551.05755757195,100000,False,True,max_steps,coast,"{""coast"": 99960, ""predictive_descent"": 40}",{},0.020408163265306076,2.153561336230181,-0.12518223472029355,-0.13291396894614815,,,1.7872808345631124,False,0,0,0,99960,0,0,0,0,0,0,0,False,0.0,,0,,0.0,,,,,,{},{},,False
phase20_predictive_planner,1.0,150.0,8000.0,1.0,True,True,True,True,-38.530447607905636,-3195.2769906896274,-0.009158290866034995,-0.7594844569695679,-2413.50390625,False,0.6185775149366969,0.021872411989640565,False,1,128,1076.5029296875,2220.5693359375,28.016402607368157,349,True,False,success,phase76_handoff,"{""phase76_handoff"": 128}",{},0.0,5.921338994971445e-10,-0.1339745962155613,7.549516567451064e-15,,,1.0000000000000073,False,0,0,0,0,0,0,0,0,0,0,0,True,0.0,,0,,0.0,,,,,,{},{},,True
phase20_predictive_planner,1.02,150.0,8000.0,1.0,False,False,False,False,,,,,,False,,,False,0,,82108653858.16895,82108653858.16895,6803.3750686506155,100000,False,True,max_steps,coast,"{""coast"": 99880, ""predictive_descent"": 120}",{},0.01960784313725499,1.6517583238054399,-0.14250707428745557,-0.8788575926381252,,,1.8257690931976658,False,0,0,0,99880,0,0,0,0,0,0,0,False,0.0,,0,,0.0,,,,,,{},{},,False
phase20_predictive_planner,1.05,150.0,8000.0,1.0,False,False,False,False,,,,,,False,,,False,0,,306815014006.5283,306815014006.5283,6832.157363386223,100000,False,True,max_steps,coast,"{""coast"": 99880, ""predictive_descent"": 120}",{},0.04761904761904765,1.7279858954899665,-0.15484574527148331,-0.8913306026987632,,,1.8263186131125941,False,0,0,0,99880,0,0,0,0,0,0,0,False,0.0,,0,,0.0,,,,,,{},{},,False
phase20_predictive_planner,0.98,165.0,8000.0,1.0,False,False,False,False,,,,,,False,,,False,0,,72660148719.83887,72660148719.83887,7724.851567285684,100000,False,True,max_steps,coast,"{""coast"": 99920, ""predictive_descent"": 80}",{},0.020408163265306076,2.3685560288769216,-0.024267568725401145,-0.8684343635167313,,,1.8464455605206895,False,0,0,0,99920,0,0,0,0,0,0,0,False,0.0,,0,,0.0,,,,,,{},{},,False
phase20_predictive_planner,1.0,165.0,8000.0,1.0,True,True,True,True,-75.5921283924204,-3183.1688515097776,-0.017967470973745035,-0.756606476895629,-6026.451171875,False,0.6268461474885241,0.02180655982767169,False,1,79,581.3896484375,5645.37109375,18.30163168160577,300,True,False,success,phase76_handoff,"{""phase76_handoff"": 79}",{},2.104654818683916e-16,1.5054145521914852e-09,-0.03407417371093191,7.549516567451064e-15,,,1.0000000000000073,False,0,0,0,0,0,0,0,0,0,0,0,True,0.0,,0,,0.0,,,,,,{},{},,True
phase20_predictive_planner,1.02,165.0,8000.0,1.0,False,False,False,False,,,,,,False,,,False,0,,72083243341.39258,72083243341.39258,7807.331285071104,100000,False,True,max_steps,coast,"{""coast"": 99880, ""predictive_descent"": 120}",{},0.019607843137254777,2.512174155613607,-0.04359091640216495,-0.7787658824745693,,,1.8689930297163235,False,0,0,0,99880,0,0,0,0,0,0,0,False,0.0,,0,,0.0,,,,,,{},{},,False
phase20_predictive_planner,1.05,165.0,8000.0,1.0,False,False,False,False,,,,,,False,,,False,0,,296933726237.5176,296933726237.5176,7821.743484109974,100000,False,True,max_steps,coast,"{""coast"": 99880, ""predictive_descent"": 120}",{},0.04761904761904765,2.576020825782158,-0.057352915661626036,-0.7927265448875732,,,1.870789681075356,False,0,0,0,99880,0,0,0,0,0,0,0,False,0.0,,0,,0.0,,,,,,{},{},,False
phase20_predictive_planner,0.98,170.0,8000.0,1.0,False,False,False,False,,,,,,False,,,False,0,,76241175967.17676,76241175967.17676,7370.388115220575,100000,False,True,max_steps,coast,"{""coast"": 99880, ""predictive_descent"": 120}",{},0.020408163265306496,2.384088968803458,-0.005193942399973062,-0.42040430261383066,,,1.8506449546822594,False,0,0,0,99880,0,0,0,0,0,0,0,False,0.0,,0,,0.0,,,,,,{},{},,False
phase20_predictive_planner,1.0,170.0,8000.0,1.0,True,True,True,True,-69.01423483018289,-4727.470714164705,-0.01640397336941329,-1.1236711366960404,-2623.1083984375,False,0.9186216777498761,0.04348345057112868,False,1,42,1709.513671875,2275.509765625,11.434367729151932,266,True,False,success,phase76_handoff,"{""phase76_handoff"": 42}",{},2.104654818683916e-16,6.067846121554851e-10,-0.01519224698779198,7.327471962526033e-15,,,1.0000000000000073,False,0,0,0,0,0,0,0,0,0,0,0,True,0.0,,0,,0.0,,,,,,{},{},,True
phase20_predictive_planner,1.02,170.0,8000.0,1.0,False,False,False,False,,,,,,False,,,False,0,,90669001859.67188,90669001859.67188,5947.008479442561,100000,False,True,max_steps,predictive_descent,"{""predictive_descent"": 100000}",{},0.01960784313725499,1.1638800771172697,-0.024895023050582443,-0.6238322271498392,,,1.7749994396937632,False,0,0,0,0,0,0,0,0,0,0,0,False,0.0,,0,,0.0,,,,,,{},{},,False
phase20_predictive_planner,1.05,170.0,8000.0,1.0,False,False,False,False,,,,,,False,,,False,0,,315583079010.0654,315583079010.0654,5953.857025871133,100000,False,True,max_steps,coast,"{""coast"": 99800, ""predictive_descent"": 200}",{},0.047619047619047436,1.1936766694980965,-0.038926041995105076,-0.6685063201002401,,,1.7684664604367275,False,0,0,0,99800,0,0,0,0,0,0,0,False,0.0,,0,,0.0,,,,,,{},{},,False
phase20_predictive_planner,0.98,175.0,8000.0,1.0,False,False,False,False,,,,,,False,,,False,0,,79861176468.02734,79861176468.02734,7013.651143405971,100000,False,True,max_steps,coast,"{""coast"": 99880, ""predictive_descent"": 120}",{},0.020408163265306287,2.553964103785982,0.006308609146797872,-0.10755412948896836,,,1.8959860515491949,False,0,0,0,99880,0,0,0,0,0,0,0,False,0.0,,0,,0.0,,,,,,{},{},,False
phase20_predictive_planner,1.0,175.0,8000.0,1.0,True,True,True,True,-31.058008674702325,-3664.12991433049,-0.0073821690331051645,-0.8709259717889519,-762.443359375,False,0.7055993803725469,0.02761116937756757,False,1,8,596.3916015625,607.4658203125,3.3645032623345292,230,True,False,success,phase76_handoff,"{""phase76_handoff"": 8}",{},2.104654818683916e-16,1.6197255112205923e-10,-0.003805301908254566,7.549516567451064e-15,,,1.0000000000000075,False,0,0,0,0,0,0,0,0,0,0,0,True,0.0,,0,,0.0,,,,,,{},{},,True
phase20_predictive_planner,1.02,175.0,8000.0,1.0,False,False,False,False,,,,,,False,,,False,0,,87065890060.35059,87065890060.35059,6307.331404718206,100000,False,True,max_steps,predictive_descent,"{""predictive_descent"": 100000}",{},0.019607843137254777,1.4040115599188268,-0.013620267358068205,-0.6351887389238673,,,1.8503131721233128,False,0,0,0,0,0,0,0,0,0,0,0,False,0.0,,0,,0.0,,,,,,{},{},,False
phase20_predictive_planner,1.05,175.0,8000.0,1.0,False,False,False,False,,,,,,False,,,False,0,,312027784650.41113,312027784650.41113,6310.285141544167,100000,False,True,max_steps,predictive_descent,"{""coast"": 39920, ""predictive_descent"": 60080}",{},0.04761904761904765,1.4727669350815682,-0.02781352146132343,-0.6220702984553662,,,1.8429814424934339,False,0,0,0,39920,0,0,0,0,0,0,0,False,0.0,,0,,0.0,,,,,,{},{},,False
phase20_predictive_planner,0.98,150.0,10000.0,1.0,False,False,False,False,,,,,,False,,,False,0,,73503600577.52051,73503600577.52051,7641.444867204002,100000,False,True,max_steps,coast,"{""coast"": 99880, ""predictive_descent"": 120}",{},0.020408163265306076,2.28076684530052,-0.12518223472029355,-0.9535160101879386,,,1.8225166083328077,False,0,0,0,99880,0,0,0,0,0,0,0,False,0.0,,0,,0.0,,,,,,{},{},,False
phase20_predictive_planner,1.0,150.0,10000.0,1.0,True,True,True,True,-56.806558896857226,-3462.776521423222,-0.013502334433540864,-0.823066342493355,-3817.8857421875,False,0.6746558758239845,0.02052503083453011,False,1,1711,693.05859375,2453.6474609375,78.06700913583241,1927,True,False,success,phase76_handoff,"{""phase76_handoff"": 1711}",{},0.0,6.542913016537822e-10,-0.1339745962155613,5.995204332975845e-15,,,1.0000000000000058,False,0,0,0,0,0,0,0,0,0,0,0,True,0.0,,0,,0.0,,,,,,{},{},,True
phase20_predictive_planner,1.02,150.0,10000.0,1.0,False,False,False,False,,,,,,False,,,False,0,,87655012837.91504,87655012837.91504,6248.7963092026885,100000,False,True,max_steps,coast,"{""coast"": 99840, ""predictive_descent"": 160}",{},0.01960784313725499,1.26857778710544,-0.14250707428745557,-0.802410002583988,,,1.8548228584815822,False,0,0,0,99840,0,0,0,0,0,0,0,False,0.0,,0,,0.0,,,,,,{},{},,False
phase20_predictive_planner,1.05,150.0,10000.0,1.0,False,False,False,False,,,,,,False,,,False,0,,312362174514.38184,312362174514.38184,6277.422441779943,100000,False,True,max_steps,coast,"{""coast"": 99840, ""predictive_descent"": 160}",{},0.04761904761904765,1.350728068785586,-0.15484574527148331,-0.7900113678415267,,,1.8679514733463263,False,0,0,0,99840,0,0,0,0,0,0,0,False,0.0,,0,,0.0,,,,,,{},{},,False
phase20_predictive_planner,0.98,165.0,10000.0,1.0,False,False,False,False,,,,,,False,,,False,0,,83618167850.35059,83618167850.35059,6638.428136086643,100000,False,True,max_steps,coast,"{""coast"": 99960, ""predictive_descent"": 40}",{},0.020408163265306076,2.4022249608839545,-0.024267568725401145,-0.03300239483945577,,,1.8555422156152144,False,0,0,0,99960,0,0,0,0,0,0,0,False,0.0,,0,,0.0,,,,,,{},{},,False
phase20_predictive_planner,1.0,165.0,10000.0,1.0,True,True,True,True,-44.60852682385054,-3025.2685757801814,-0.010602987744017904,-0.7190752063618795,-2523.248046875,False,0.5879837507187582,0.01630347108872191,False,1,41,1109.8916015625,1452.48828125,20.02351591027418,257,True,False,success,phase76_handoff,"{""phase76_handoff"": 41}",{},2.104654818683916e-16,3.8731520650728185e-10,-0.03407417371093191,5.995204332975845e-15,,,1.000000000000006,False,0,0,0,0,0,0,0,0,0,0,0,True,0.0,,0,,0.0,,,,,,{},{},,True
phase20_predictive_planner,1.02,165.0,10000.0,1.0,False,False,False,False,,,,,,False,,,False,0,,149624832579.19238,149624832579.19238,4345.678956589375,865,True,False,radial_stall,coast,"{""coast"": 785, ""predictive_descent"": 80}",{},0.019607843137254777,0.16522473679460892,-0.04359091640216495,-0.9653743162097976,,,1.4281227921411994,False,0,0,0,785,0,0,0,0,0,0,0,False,0.0,,0,,0.0,,,,,,{},{},,False
phase20_predictive_planner,1.05,165.0,10000.0,1.0,False,False,False,False,,,,,,False,,,False,0,,374623491045.89844,374623491045.89844,4360.936919001045,865,True,False,radial_stall,coast,"{""coast"": 785, ""predictive_descent"": 80}",{},0.04761904761904765,0.22831898996820993,-0.057352915661626036,-0.9791371161347,,,1.4217014470682159,False,0,0,0,785,0,0,0,0,0,0,0,False,0.0,,0,,0.0,,,,,,{},{},,False
phase20_predictive_planner,0.98,170.0,10000.0,1.0,False,False,False,False,,,,,,False,,,False,0,,87233323841.75,87233323841.75,6277.3382664235505,100000,False,True,max_steps,coast,"{""coast"": 99960, ""predictive_descent"": 40}",{},0.020408163265306496,2.1756347206130084,-0.005193942399973062,-0.01361870476142013,,,1.7934455875462758,False,0,0,0,99960,0,0,0,0,0,0,0,False,0.0,,0,,0.0,,,,,,{},{},,False
phase20_predictive_planner,1.0,170.0,10000.0,1.0,True,True,True,True,-14.98621570953258,-4062.7001351939803,-0.0035620692457484443,-0.9656620114621247,-1402.0849609375,False,0.7768040924515426,0.02687945836559521,False,1,26,96.537109375,1044.1005859375,8.944379745003824,243,True,False,success,phase76_handoff,"{""phase76_handoff"": 26}",{},2.104654818683916e-16,2.7841236850026503e-10,-0.01519224698779198,5.773159728050814e-15,,,1.0000000000000058,False,0,0,0,0,0,0,0,0,0,0,0,True,0.0,,0,,0.0,,,,,,{},{},,True
phase20_predictive_planner,1.02,170.0,10000.0,1.0,False,False,False,False,,,,,,False,,,False,0,,101729350874.55957,101729350874.55957,4838.9773927922815,100000,False,True,max_steps,coast,"{""coast"": 99920, ""predictive_descent"": 80}",{},0.01960784313725499,0.35285986933378966,-0.024895023050582443,-0.9463412608796616,,,1.503874307863091,False,0,0,0,99920,0,0,0,0,0,0,0,False,0.0,,0,,0.0,,,,,,{},{},,False
phase20_predictive_planner,1.05,170.0,10000.0,1.0,False,False,False,False,,,,,,False,,,False,0,,326631529290.91895,326631529290.91895,4848.160341868105,100000,False,True,max_steps,coast,"{""coast"": 99920, ""predictive_descent"": 80}",{},0.047619047619047436,0.41325421172849236,-0.038926041995105076,-0.9604681667300482,,,1.4967104971748728,False,0,0,0,99920,0,0,0,0,0,0,0,False,0.0,,0,,0.0,,,,,,{},{},,False
phase20_predictive_planner,0.98,175.0,10000.0,1.0,False,False,False,False,,,,,,False,,,False,0,,90906380198.01855,90906380198.01855,5910.295175908834,100000,False,True,max_steps,coast,"{""coast"": 99960, ""predictive_descent"": 40}",{},0.020408163265306287,1.9455285563660243,0.006308609146797872,-0.0017189179529928378,,,1.7281033879145407,False,0,0,0,99960,0,0,0,0,0,0,0,False,0.0,,0,,0.0,,,,,,{},{},,False
phase20_predictive_planner,1.0,175.0,10000.0,1.0,True,True,True,True,-79.19029577566481,-3603.0741488999756,-0.01882271833073839,-0.8564136446924371,-4727.6806640625,False,0.7077181783811932,0.021957297513013917,False,1,7,2218.6337890625,2824.8642578125,3.50178163891905,224,True,False,success,phase76_handoff,"{""phase76_handoff"": 7}",{},2.104654818683916e-16,7.532826887231708e-10,-0.003805301908254566,5.773159728050814e-15,,,1.0000000000000058,False,0,0,0,0,0,0,0,0,0,0,0,True,0.0,,0,,0.0,,,,,,{},{},,True
phase20_predictive_planner,1.02,175.0,10000.0,1.0,False,False,False,False,,,,,,False,,,False,0,,98126444131.70605,98126444131.70605,5199.259923677327,100000,False,True,max_steps,coast,"{""coast"": 99920, ""predictive_descent"": 80}",{},0.019607843137254777,0.557622752993611,-0.013620267358068205,-0.9349638115567733,,,1.5770819442013588,False,0,0,0,99920,0,0,0,0,0,0,0,False,0.0,,0,,0.0,,,,,,{},{},,False
phase20_predictive_planner,1.05,175.0,10000.0,1.0,False,False,False,False,,,,,,False,,,False,0,,323080428582.16797,323080428582.16797,5203.265663194206,100000,False,True,max_steps,coast,"{""coast"": 99920, ""predictive_descent"": 80}",{},0.04761904761904765,0.6150707289801124,-0.02781352146132343,-0.9492636876200098,,,1.5692183820657692,False,0,0,0,99920,0,0,0,0,0,0,0,False,0.0,,0,,0.0,,,,,,{},{},,False
phase20_predictive_planner,0.98,150.0,12000.0,1.0,False,False,False,False,,,,,,False,,,False,0,,95577037244.05957,95577037244.05957,5437.1769959579515,100000,False,True,max_steps,coast,"{""coast"": 99920, ""predictive_descent"": 80}",{},0.020408163265306076,1.1504708895746707,-0.12518223472029355,-0.28846914076557484,,,1.4802962248564964,False,0,0,0,99920,0,0,0,0,0,0,0,False,0.0,,0,,0.0,,,,,,{},{},,False
phase20_predictive_planner,1.0,150.0,12000.0,1.0,True,True,True,True,-39.80874820360246,-4852.3106761866475,-0.009462129762191896,-1.1533443108967762,-1244.0107421875,False,0.9340300045979194,0.03135376273812549,False,4,55,51.9462890625,217.6943359375,21.73237089833826,270,True,False,success,phase76_handoff,"{""phase76_handoff"": 55}",{},0.0,5.8064900861706823e-11,-0.1339745962155613,5.10702591327572e-15,,,1.0000000000000049,False,0,0,0,0,0,0,0,0,0,0,0,True,0.0,,0,,0.0,,,,,,{},{},,True
phase20_predictive_planner,1.02,150.0,12000.0,1.0,False,False,False,False,,,,,,False,,,False,0,,149620337131.72852,149620337131.72852,4442.661934961422,860,True,False,radial_stall,coast,"{""coast"": 780, ""predictive_descent"": 80}",{},0.01960784313725499,0.2785604112244225,-0.14250707428745557,-0.7513380934810396,,,1.3830460481120777,False,0,0,0,780,0,0,0,0,0,0,0,False,0.0,,0,,0.0,,,,,,{},{},,False
phase20_predictive_planner,1.05,150.0,12000.0,1.0,False,False,False,False,,,,,,False,,,False,0,,328960131292.9336,328960131292.9336,4614.793348465388,100000,False,True,max_steps,coast,"{""coast"": 99920, ""predictive_descent"": 80}",{},0.04761904761904765,0.35638230980287666,-0.15484574527148331,-0.7374768709615155,,,1.3810571699195355,False,0,0,0,99920,0,0,0,0,0,0,0,False,0.0,,0,,0.0,,,,,,{},{},,False
phase20_predictive_planner,0.98,165.0,12000.0,1.0,False,False,False,False,,,,,,False,,,False,0,,72677942589.08496,72677942589.08496,7724.837487893811,100000,False,True,max_steps,coast,"{""coast"": 99880, ""predictive_descent"": 120}",{},0.020408163265306076,2.3678835879240063,-0.024267568725401145,-0.8709475090760015,,,1.8462624635077896,False,0,0,0,99880,0,0,0,0,0,0,0,False,0.0,,0,,0.0,,,,,,{},{},,False
phase20_predictive_planner,1.0,165.0,12000.0,1.0,True,True,True,True,-49.89490215814327,-3804.1918098357014,-0.011859504757034702,-0.904217242924399,-3756.763671875,False,0.7376052005488627,0.020534347013872814,False,1,47,861.8408203125,1917.5859375,12.276941494087875,260,True,False,success,phase76_handoff,"{""phase76_handoff"": 47}",{},2.104654818683916e-16,5.113431463687706e-10,-0.03407417371093191,4.884981308350689e-15,,,1.0000000000000049,False,0,0,0,0,0,0,0,0,0,0,0,True,0.0,,0,,0.0,,,,,,{},{},,True
phase20_predictive_planner,1.02,165.0,12000.0,1.0,False,False,False,False,,,,,,False,,,False,0,,94201346339.39062,94201346339.39062,5591.789594267276,100000,False,True,max_steps,coast,"{""coast"": 99920, ""predictive_descent"": 80}",{},0.019607843137254777,0.8144499194979767,-0.04359091640216495,-0.8491674566543964,,,1.6332605340252782,False,0,0,0,99920,0,0,0,0,0,0,0,False,0.0,,0,,0.0,,,,,,{},{},,False
phase20_predictive_planner,1.05,165.0,12000.0,1.0,False,False,False,False,,,,,,False,,,False,0,,319053047028.8779,319053047028.8779,5605.964842304953,100000,False,True,max_steps,coast,"{""coast"": 99920, ""predictive_descent"": 80}",{},0.04761904761904765,0.8845608346846637,-0.057352915661626036,-0.8353356451834139,,,1.6282452369472966,False,0,0,0,99920,0,0,0,0,0,0,0,False,0.0,,0,,0.0,,,,,,{},{},,False
phase20_predictive_planner,0.98,170.0,12000.0,1.0,False,False,False,False,,,,,,False,,,False,0,,76298194216.76562,76298194216.76562,7362.753470091987,100000,False,True,max_steps,coast,"{""coast"": 99880, ""predictive_descent"": 120}",{},0.020408163265306496,2.0537781927310266,-0.005193942399973062,-0.8897686373401127,,,1.7591420905655575,False,0,0,0,99880,0,0,0,0,0,0,0,False,0.0,,0,,0.0,,,,,,{},{},,False
phase20_predictive_planner,1.0,170.0,12000.0,1.0,True,True,True,True,-59.11783526958399,-2644.140708489538,-0.014051701041181388,-0.628485034627588,-4974.4609375,False,0.5196500696147496,0.011302579212861713,False,1,19,567.279296875,2772.2412109375,6.334229874531584,231,True,False,success,phase76_handoff,"{""phase76_handoff"": 19}",{},2.104654818683916e-16,7.392509550470052e-10,-0.01519224698779198,5.10702591327572e-15,,,1.0000000000000049,False,0,0,0,0,0,0,0,0,0,0,0,True,0.0,,0,,0.0,,,,,,{},{},,True
phase20_predictive_planner,1.02,170.0,12000.0,1.0,False,False,False,False,,,,,,False,,,False,0,,90652729375.9082,90652729375.9082,5946.716243031799,100000,False,True,max_steps,coast,"{""coast"": 99920, ""predictive_descent"": 80}",{},0.01960784313725499,1.0396120557289614,-0.024895023050582443,-0.8679393480823683,,,1.712910905025318,False,0,0,0,99920,0,0,0,0,0,0,0,False,0.0,,0,,0.0,,,,,,{},{},,False
phase20_predictive_planner,1.05,170.0,12000.0,1.0,False,False,False,False,,,,,,False,,,False,0,,315555454265.1885,315555454265.1885,5955.791440419789,100000,False,True,max_steps,coast,"{""coast"": 99920, ""predictive_descent"": 80}",{},0.047619047619047436,1.1064830789009705,-0.038926041995105076,-0.8538293066086393,,,1.707006518231679,False,0,0,0,99920,0,0,0,0,0,0,0,False,0.0,,0,,0.0,,,,,,{},{},,False
phase20_predictive_planner,0.98,175.0,12000.0,1.0,False,False,False,False,,,,,,False,,,False,0,,79974350106.51172,79974350106.51172,6995.103310573177,100000,False,True,max_steps,coast,"{""coast"": 99880, ""predictive_descent"": 120}",{},0.020408163265306287,1.7522032378901389,0.006308609146797872,-0.9011078287142903,,,1.6712292375714448,False,0,0,0,99880,0,0,0,0,0,0,0,False,0.0,,0,,0.0,,,,,,{},{},,False
phase20_predictive_planner,1.0,175.0,12000.0,1.0,True,True,True,True,-49.59440466036998,-3805.3841505526866,-0.011788079594339244,-0.9045006500420295,-4449.8916015625,False,0.7377462161401496,0.02054370229463622,False,1,25,509.548828125,2621.802734375,2.228509408401243,238,True,False,success,phase76_handoff,"{""phase76_handoff"": 25}",{},2.104654818683916e-16,6.99134129548071e-10,-0.003805301908254566,4.884981308350689e-15,,,1.0000000000000049,False,0,0,0,0,0,0,0,0,0,0,0,True,0.0,,0,,0.0,,,,,,{},{},,True
phase20_predictive_planner,1.02,175.0,12000.0,1.0,False,False,False,False,,,,,,False,,,False,0,,87049339120.22949,87049339120.22949,6307.093388739114,100000,False,True,max_steps,coast,"{""coast"": 99920, ""predictive_descent"": 80}",{},0.019607843137254777,1.285327501664824,-0.013620267358068205,-0.879245262450117,,,1.7901740486682165,False,0,0,0,99920,0,0,0,0,0,0,0,False,0.0,,0,,0.0,,,,,,{},{},,False
phase20_predictive_planner,1.05,175.0,12000.0,1.0,False,False,False,False,,,,,,False,,,False,0,,312003890918.2959,312003890918.2959,6310.987263919418,100000,False,True,max_steps,coast,"{""coast"": 99920, ""predictive_descent"": 80}",{},0.04761904761904765,1.3486628857624927,-0.02781352146132343,-0.8649653026222262,,,1.783433768459546,False,0,0,0,99920,0,0,0,0,0,0,0,False,0.0,,0,,0.0,,,,,,{},{},,False
phase21_orbital_transfer_planner,0.98,150.0,8000.0,1.0,False,False,False,False,,,,,,False,,,False,0,,129338899966.98242,129338899966.98242,2072.72530728603,100000,False,True,max_steps,safety_guard,"{""coast_to_crossing"": 181, ""energy_shape"": 22, ""safety_guard"": 99797}",{},0.020408163265306076,0.8077697920117426,-0.1426785900258876,0.24312238054818197,0.8069181583324454,0.24277366758251562,1.359622868454999,False,0,0,0,99978,99797,0,0,0,0,0,0,False,0.0,,0,,0.0,,,,,,{},{},,False
phase21_orbital_transfer_planner,1.0,150.0,8000.0,1.0,True,True,True,True,-38.530447607905636,-3195.2769906896274,-0.009158290866034995,-0.7594844569695679,-2413.50390625,False,0.6185775149366969,0.021872411989640565,False,1,128,1076.5029296875,2220.5693359375,28.016402607368157,349,True,False,success,phase76_handoff,"{""phase76_handoff"": 128}",{},0.0,5.921368460138907e-10,-0.13397459621556124,-2.960682026107455e-10,0.3663397374169004,0.36135894612570174,1.0000000000000073,False,0,0,0,128,0,0,0,0,0,0,0,True,0.0,,0,,0.0,,,,,,{},{},,True
phase21_orbital_transfer_planner,1.02,150.0,8000.0,1.0,False,False,False,False,,,,,,False,,,False,0,,150000207987.5459,152313614363.78027,0.38970870969151133,100000,False,True,max_steps,coast_to_crossing,"{""angular_momentum_shape"": 3118, ""coast_to_crossing"": 93772, ""energy_shape"": 3110}",{},0.01960784313725499,0.04053067624999796,-0.12535721577320472,0.02067682698843686,0.052925663769409985,0.020109164481361425,1.1139354531595709,False,0,0,0,93772,0,0,0,0,0,0,0,False,0.0,,0,,0.0,,,,,,{},{},,False
phase21_orbital_transfer_planner,1.05,150.0,8000.0,1.0,False,False,False,False,,,,,,False,,,False,0,,375000204878.0625,376628624447.375,0.07595776263385319,100000,False,True,max_steps,coast_to_crossing,"{""angular_momentum_shape"": 3117, ""coast_to_crossing"": 93772, ""energy_shape"": 3111}",{},0.04761904761904765,0.085590028492707,-0.11258803253505753,0.044930752873529115,0.09338958743504253,0.044111738750108306,1.105797608746343,False,0,0,0,93772,0,0,0,0,0,0,0,False,0.0,,0,,0.0,,,,,,{},{},,False
phase21_orbital_transfer_planner,0.98,165.0,8000.0,1.0,False,False,False,False,,,,,,False,,,False,0,,139220130802.43457,139220130802.43457,1086.6047897724484,100000,False,True,max_steps,safety_guard,"{""coast_to_crossing"": 181, ""energy_shape"": 20, ""safety_guard"": 99799}",{},0.020408163265306076,0.8028337156197802,-0.04378221735089306,0.3071550146640777,0.8020916491420212,0.30686566622959977,1.3578085308549142,False,0,0,0,99980,99799,0,0,0,0,0,0,False,0.0,,0,,0.0,,,,,,{},{},,False
phase21_orbital_transfer_planner,1.0,165.0,8000.0,1.0,True,True,True,True,-75.5921283924204,-3183.1688515097776,-0.017967470973745035,-0.756606476895629,-6026.451171875,False,0.6268461474885241,0.02180655982767169,False,1,79,581.3896484375,5645.37109375,18.301631681605773,300,True,False,success,phase76_handoff,"{""phase76_handoff"": 79}",{},2.104654818683916e-16,1.5054174987082315e-09,-0.034074173710931875,-7.527085435822101e-10,0.26674190140223863,0.25986916092986073,1.0000000000000073,False,0,0,0,79,0,0,0,0,0,0,0,True,0.0,,0,,0.0,,,,,,{},{},,True
phase21_orbital_transfer_planner,1.02,165.0,8000.0,1.0,False,False,False,False,,,,,,False,,,False,0,,150000107662.1836,151198442370.34766,0.1913580661810673,100000,False,True,max_steps,coast_to_crossing,"{""angular_momentum_shape"": 3115, ""coast_to_crossing"": 93772, ""energy_shape"": 3113}",{},0.019607843137254777,0.023707986524368653,-0.024462734730208335,0.012060818042315805,0.028448525488256073,0.012630932336500809,1.04185588943354,False,0,0,0,93772,0,0,0,0,0,0,0,False,0.0,,0,,0.0,,,,,,{},{},,False
phase21_orbital_transfer_planner,1.05,165.0,8000.0,1.0,False,False,False,False,,,,,,False,,,False,0,,375000106052.5654,375843506418.4785,0.06219249788037064,100000,False,True,max_steps,coast_to_crossing,"{""angular_momentum_shape"": 3115, ""coast_to_crossing"": 93772, ""energy_shape"": 3113}",{},0.04761904761904765,0.08064519396329276,-0.010220561444707415,0.04231430704266195,0.08161905647198454,0.04149485090182219,1.0240583575907158,False,0,0,0,93772,0,0,0,0,0,0,0,False,0.0,,0,,0.0,,,,,,{},{},,False
phase21_orbital_transfer_planner,0.98,170.0,8000.0,1.0,False,False,False,False,,,,,,False,,,False,0,,142731362597.1621,142731362597.1621,736.088010247504,100000,False,True,max_steps,safety_guard,"{""coast_to_crossing"": 181, ""energy_shape"": 20, ""safety_guard"": 99799}",{},0.020408163265306496,0.8187071256943826,-0.025090063551973553,0.32588990550289315,0.8179519099585917,0.32559959891422763,1.3636419627610479,False,0,0,0,99980,99799,0,0,0,0,0,0,False,0.0,,0,,0.0,,,,,,{},{},,False
phase21_orbital_transfer_planner,1.0,170.0,8000.0,1.0,True,True,True,True,-69.01423483018289,-4727.470714164705,-0.01640397336941329,-1.1236711366960404,-2623.1083984375,False,0.9186216777498761,0.04348345057112868,False,1,42,1709.513671875,2275.509765625,11.434367729151932,266,True,False,success,phase76_handoff,"{""phase76_handoff"": 42}",{},2.104654818683916e-16,6.06787979603195e-10,-0.015192246987791962,-3.0339398958307167e-10,0.17816342831455345,0.17086207258353472,1.0000000000000073,False,0,0,0,42,0,0,0,0,0,0,0,True,0.0,,0,,0.0,,,,,,{},{},,True
phase21_orbital_transfer_planner,1.02,170.0,8000.0,1.0,False,False,False,False,,,,,,False,,,False,0,,150000072233.23828,150805162551.44043,0.22475994963156376,100000,False,True,max_steps,coast_to_crossing,"{""angular_momentum_shape"": 3115, ""coast_to_crossing"": 93772, ""energy_shape"": 3113}",{},0.01960784313725499,0.06116893816411713,-0.005392923511594131,0.031139783047561508,0.06168150482259418,0.030569772412753226,1.0253545328478373,False,0,0,0,93772,0,0,0,0,0,0,0,False,0.0,,0,,0.0,,,,,,{},{},,False
phase21_orbital_transfer_planner,1.05,170.0,8000.0,1.0,False,False,False,False,,,,,,False,,,False,0,,375000071153.30273,375565205471.80566,0.04539605699007103,100000,False,True,max_steps,coast_to_crossing,"{""angular_momentum_shape"": 3114, ""coast_to_crossing"": 93772, ""energy_shape"": 3114}",{},0.047619047619047436,0.01890197302253496,0.009127655905139585,0.009125797341636195,0.021546414562626064,0.009944561953245529,1.0004897024192811,False,0,0,0,93772,0,0,0,0,0,0,0,False,0.0,,0,,0.0,,,,,,{},{},,False
phase21_orbital_transfer_planner,0.98,175.0,8000.0,1.0,False,False,False,False,,,,,,False,,,False,0,,146299546315.74316,146299546315.74316,379.6485624839065,100000,False,True,max_steps,safety_guard,"{""coast_to_crossing"": 181, ""energy_shape"": 20, ""safety_guard"": 99799}",{},0.020408163265306287,0.8283045327364664,-0.013817563036137981,0.3371892583767292,0.827541364338351,0.3368985517845665,1.3671572062278428,False,0,0,0,99980,99799,0,0,0,0,0,0,False,0.0,,0,,0.0,,,,,,{},{},,False
phase21_orbital_transfer_planner,1.0,175.0,8000.0,1.0,True,True,True,True,-31.058008674702325,-3664.12991433049,-0.0073821690331051645,-0.8709259717889519,-762.443359375,False,0.7055993803725469,0.02761116937756757,False,1,8,596.3916015625,607.4658203125,3.3645032623345292,230,True,False,success,phase76_handoff,"{""phase76_handoff"": 8}",{},2.104654818683916e-16,1.61976129035251e-10,-0.0038053019082545138,-8.098791935205801e-11,0.052706400717546155,0.04215600635667234,1.0000000000000075,False,0,0,0,8,0,0,0,0,0,0,0,True,0.0,,0,,0.0,,,,,,{},{},,True
phase21_orbital_transfer_planner,1.02,175.0,8000.0,1.0,False,False,False,False,,,,,,False,,,False,0,,150000036254.5703,150403638144.19336,0.044095815097207856,100000,False,True,max_steps,coast_to_crossing,"{""angular_momentum_shape"": 3114, ""coast_to_crossing"": 93772, ""energy_shape"": 3114}",{},0.019607843137254777,0.012160183146788864,0.006107327294770394,0.0061066712587823325,0.013681942743768926,0.006675958317710446,1.007978625685314,False,0,0,0,93772,0,0,0,0,0,0,0,False,0.0,,0,,0.0,,,,,,{},{},,False
phase21_orbital_transfer_planner,1.05,175.0,8000.0,1.0,False,False,False,False,,,,,,False,,,False,0,,375000035712.5371,375283807257.5791,0.013900264153462943,100000,False,True,max_steps,coast_to_crossing,"{""angular_momentum_shape"": 3114, ""coast_to_crossing"": 93772, ""energy_shape"": 3114}",{},0.04761904761904765,0.04038633464086164,0.020795802465610375,0.020796433085298573,0.039632610305566855,0.02031956974168688,0.9758704807256698,False,0,0,0,93772,0,0,0,0,0,0,0,False,0.0,,0,,0.0,,,,,,{},{},,False
phase21_orbital_transfer_planner,0.98,150.0,10000.0,1.0,False,False,False,False,,,,,,False,,,False,0,,129351133093.08789,129351133093.08789,2071.7760070254712,100000,False,True,max_steps,safety_guard,"{""coast_to_crossing"": 181, ""energy_shape"": 18, ""safety_guard"": 99801}",{},0.020408163265306076,0.8302126822233656,-0.1426785900258876,0.2518939456084543,0.8295488202897672,0.2516291771397809,1.3678514218997802,False,0,0,0,99982,99801,0,0,0,0,0,0,False,0.0,,0,,0.0,,,,,,{},{},,False
phase21_orbital_transfer_planner,1.0,150.0,10000.0,1.0,True,True,True,True,-56.80655889685723,-3462.776521423222,-0.013502334433540866,-0.823066342493355,-3817.8857421875,False,0.6746558758239845,0.02052503083453011,False,1,1711,693.05859375,2453.6474609375,78.06700913583241,1927,True,False,success,phase76_handoff,"{""phase76_handoff"": 1711}",{},0.0,6.542940377050465e-10,-0.13397459621556124,-3.27146987699541e-10,0.8624157506482487,0.9057881760129234,1.0000000000000058,False,0,0,0,1711,0,0,0,0,0,0,0,True,0.0,,0,,0.0,,,,,,{},{},,True
phase21_orbital_transfer_planner,1.02,150.0,10000.0,1.0,False,False,False,False,,,,,,False,,,False,0,,150000207913.0,151847491987.20605,0.04737314593263204,100000,False,True,max_steps,coast_to_crossing,"{""angular_momentum_shape"": 3117, ""coast_to_crossing"": 93772, ""energy_shape"": 3111}",{},0.01960784313725499,0.02267413977837576,-0.12535721577320472,0.011529365124245914,0.034836791041211485,0.012245996315675193,1.1257786250435151,False,0,0,0,93772,0,0,0,0,0,0,0,False,0.0,,0,,0.0,,,,,,{},{},,False
phase21_orbital_transfer_planner,1.05,150.0,10000.0,1.0,False,False,False,False,,,,,,False,,,False,0,,375000204775.41406,376298537769.04395,0.013072124630703362,100000,False,True,max_steps,coast_to_crossing,"{""angular_momentum_shape"": 3116, ""coast_to_crossing"": 93772, ""energy_shape"": 3112}",{},0.04761904761904765,0.03642545469461092,-0.11258803253505753,0.018653505869549305,0.04577159109392982,0.019679446018898875,1.1113206025120224,False,0,0,0,93772,0,0,0,0,0,0,0,False,0.0,,0,,0.0,,,,,,{},{},,False
phase21_orbital_transfer_planner,0.98,165.0,10000.0,1.0,False,False,False,False,,,,,,False,,,False,0,,139220215493.20312,139220215493.20312,1086.605396114574,100000,False,True,max_steps,safety_guard,"{""coast_to_crossing"": 181, ""energy_shape"": 16, ""safety_guard"": 99803}",{},0.020408163265306076,0.8028386610814983,-0.04378221735089306,0.3071568027996412,0.8023496180165026,0.30696948903830484,1.3578104049090396,False,0,0,0,99984,99803,0,0,0,0,0,0,False,0.0,,0,,0.0,,,,,,{},{},,False
phase21_orbital_transfer_planner,1.0,165.0,10000.0,1.0,True,True,True,True,-44.608526823850546,-3025.2685757801814,-0.010602987744017906,-0.7190752063618795,-2523.248046875,False,0.5879837507187582,0.01630347108872191,False,1,41,1109.8916015625,1452.48828125,20.023515910274185,257,True,False,success,phase76_handoff,"{""phase76_handoff"": 41}",{},2.104654818683916e-16,3.8731815302402797e-10,-0.034074173710931875,-1.9365930641171432e-10,0.1618266520108394,0.1566586163525732,1.000000000000006,False,0,0,0,41,0,0,0,0,0,0,0,True,0.0,,0,,0.0,,,,,,{},{},,True
phase21_orbital_transfer_planner,1.02,165.0,10000.0,1.0,False,False,False,False,,,,,,False,,,False,0,,150000107623.57324,150957242174.11328,0.06268619488813208,100000,False,True,max_steps,coast_to_crossing,"{""angular_momentum_shape"": 3115, ""coast_to_crossing"": 93772, ""energy_shape"": 3113}",{},0.019607843137254777,0.04156336373509932,-0.024462734730208335,0.021199404808834626,0.04321033357849777,0.02059114903152114,1.0332233974206155,False,0,0,0,93772,0,0,0,0,0,0,0,False,0.0,,0,,0.0,,,,,,{},{},,False
phase21_orbital_transfer_planner,1.05,165.0,10000.0,1.0,False,False,False,False,,,,,,False,,,False,0,,375000105999.40234,375671540119.2422,0.08914640525677081,100000,False,True,max_steps,coast_to_crossing,"{""angular_momentum_shape"": 3114, ""coast_to_crossing"": 93772, ""energy_shape"": 3114}",{},0.04761904761904765,0.016175259631361304,-0.010220561444707415,-0.010224888015801315,0.016669616795149878,0.010611411010336412,1.005977307113983,False,0,0,0,93772,0,0,0,0,0,0,0,False,0.0,,0,,0.0,,,,,,{},{},,False
phase21_orbital_transfer_planner,0.98,170.0,10000.0,1.0,False,False,False,False,,,,,,False,,,False,0,,142731397770.03613,142731397770.03613,736.0905855652683,100000,False,True,max_steps,safety_guard,"{""coast_to_crossing"": 181, ""energy_shape"": 16, ""safety_guard"": 99803}",{},0.020408163265306496,0.8187106704123054,-0.025090063551973553,0.3258911111968379,0.8182131038910605,0.3257030261091073,1.3636432978484332,False,0,0,0,99984,99803,0,0,0,0,0,0,False,0.0,,0,,0.0,,,,,,{},{},,False
phase21_orbital_transfer_planner,1.0,170.0,10000.0,1.0,True,True,True,True,-14.986215709532582,-4062.7001351939803,-0.0035620692457484448,-0.9656620114621247,-1402.0849609375,False,0.7768040924515426,0.02687945836559521,False,1,26,96.537109375,1044.1005859375,8.944379745003824,243,True,False,success,phase76_handoff,"{""phase76_handoff"": 26}",{},2.104654818683916e-16,2.784151045515293e-10,-0.015192246987791962,-1.3920757320459854e-10,0.11911657730373447,0.11527864173158785,1.0000000000000058,False,0,0,0,26,0,0,0,0,0,0,0,True,0.0,,0,,0.0,,,,,,{},{},,True
phase21_orbital_transfer_planner,1.02,170.0,10000.0,1.0,False,False,False,False,,,,,,False,,,False,0,,150000072207.33203,150643231417.0166,0.1344969261323858,100000,False,True,max_steps,coast_to_crossing,"{""angular_momentum_shape"": 3115, ""coast_to_crossing"": 93772, ""energy_shape"": 3113}",{},0.01960784313725499,0.07935114674960966,-0.005392923511594131,0.04027274209222441,0.0792431117088637,0.03956043129957705,1.0341628620437904,False,0,0,0,93772,0,0,0,0,0,0,0,False,0.0,,0,,0.0,,,,,,{},{},,False
phase21_orbital_transfer_planner,1.05,170.0,10000.0,1.0,False,False,False,False,,,,,,False,,,False,0,,375000071117.6299,375450797313.20703,0.03857951987176224,100000,False,True,max_steps,coast_to_crossing,"{""angular_momentum_shape"": 3114, ""coast_to_crossing"": 93772, ""energy_shape"": 3114}",{},0.047619047619047436,0.01890058228235675,0.009127655905139585,0.009125494372826216,0.021699947528709383,0.010148776263773024,1.0066404257082722,False,0,0,0,93772,0,0,0,0,0,0,0,False,0.0,,0,,0.0,,,,,,{},{},,False
phase21_orbital_transfer_planner,0.98,175.0,10000.0,1.0,False,False,False,False,,,,,,False,,,False,0,,146299531994.8496,146299531994.8496,379.6530562375222,100000,False,True,max_steps,safety_guard,"{""coast_to_crossing"": 181, ""energy_shape"": 16, ""safety_guard"": 99803}",{},0.020408163265306287,0.8283064143907742,-0.013817563036137981,0.33718986655262106,0.8278036930585951,0.3370014777126746,1.3671579120920827,False,0,0,0,99984,99803,0,0,0,0,0,0,False,0.0,,0,,0.0,,,,,,{},{},,False
phase21_orbital_transfer_planner,1.0,175.0,10000.0,1.0,True,True,True,True,-79.19029577566482,-3603.0741488999756,-0.018822718330738394,-0.8564136446924371,-4727.6806640625,False,0.7077181783811932,0.021957297513013917,False,1,7,2218.6337890625,2824.8642578125,3.501781638919049,224,True,False,success,phase76_handoff,"{""phase76_handoff"": 7}",{},2.104654818683916e-16,7.532854247744352e-10,-0.0038053019082545138,-3.7664298555721054e-10,0.0447136338407116,0.03713902085836511,1.0000000000000058,False,0,0,0,7,0,0,0,0,0,0,0,True,0.0,,0,,0.0,,,,,,{},{},,True
phase21_orbital_transfer_planner,1.02,175.0,10000.0,1.0,False,False,False,False,,,,,,False,,,False,0,,150000036241.5664,150322259765.8125,0.005746828574828214,100000,False,True,max_steps,coast_to_crossing,"{""angular_momentum_shape"": 3114, ""coast_to_crossing"": 93772, ""energy_shape"": 3114}",{},0.019607843137254777,0.01215991808392534,0.006107327294770394,0.006106616667530337,0.013878831495140296,0.006818113039075401,1.0124368274564308,False,0,0,0,93772,0,0,0,0,0,0,0,False,0.0,,0,,0.0,,,,,,{},{},,False
phase21_orbital_transfer_planner,1.05,175.0,10000.0,1.0,False,False,False,False,,,,,,False,,,False,0,,375000035694.63086,375226344866.5703,0.013067731758677262,100000,False,True,max_steps,coast_to_crossing,"{""angular_momentum_shape"": 3114, ""coast_to_crossing"": 93772, ""energy_shape"": 3114}",{},0.04761904761904765,0.040386369889541196,0.020795802465610375,0.020796509367304473,0.03994594710931631,0.02052416998743348,0.975863113227021,False,0,0,0,93772,0,0,0,0,0,0,0,False,0.0,,0,,0.0,,,,,,{},{},,False
phase21_orbital_transfer_planner,0.98,150.0,12000.0,1.0,False,False,False,False,,,,,,False,,,False,0,,129351370308.02539,129351370308.02539,2071.7695379563415,100000,False,True,max_steps,safety_guard,"{""coast_to_crossing"": 181, ""energy_shape"": 15, ""safety_guard"": 99804}",{},0.020408163265306076,0.8302198642761162,-0.1426785900258876,0.2518972847422641,0.829793166484369,0.2517321165966337,1.3678541272723257,False,0,0,0,99985,99804,0,0,0,0,0,0,False,0.0,,0,,0.0,,,,,,{},{},,False
phase21_orbital_transfer_planner,1.0,150.0,12000.0,1.0,True,True,True,True,-39.808748203602455,-4852.3106761866475,-0.009462129762191894,-1.1533443108967762,-1244.0107421875,False,0.9340300045979194,0.03135376273812549,False,4,55,51.9462890625,217.6943359375,21.732370898338264,270,True,False,success,phase76_handoff,"{""phase76_handoff"": 55}",{},0.0,5.8061954344960664e-11,-0.13397459621556124,2.903110409476575e-11,0.2098163772666017,0.2070300221890964,1.0000000000000049,False,0,0,0,55,0,0,0,0,0,0,0,True,0.0,,0,,0.0,,,,,,{},{},,True
phase21_orbital_transfer_planner,1.02,150.0,12000.0,1.0,False,False,False,False,,,,,,False,,,False,0,,150000207838.4541,151537422827.49414,0.09957020959252831,100000,False,True,max_steps,coast_to_crossing,"{""angular_momentum_shape"": 3117, ""coast_to_crossing"": 93772, ""energy_shape"": 3111}",{},0.01960784313725499,0.0766616580541641,-0.12535721577320472,0.03893339940160312,0.08390670873478116,0.03807941658065383,1.1297339326541278,False,0,0,0,93772,0,0,0,0,0,0,0,False,0.0,,0,,0.0,,,,,,{},{},,False
phase21_orbital_transfer_planner,1.05,150.0,12000.0,1.0,False,False,False,False,,,,,,False,,,False,0,,375000204672.7666,376079422659.31055,0.04273826409652691,100000,False,True,max_steps,coast_to_crossing,"{""angular_momentum_shape"": 3116, ""coast_to_crossing"": 93772, ""energy_shape"": 3112}",{},0.04761904761904765,0.08560428469166204,-0.11258803253505753,0.044935493423773,0.08946937685091118,0.043707414755979807,1.1057962573016271,False,0,0,0,93772,0,0,0,0,0,0,0,False,0.0,,0,,0.0,,,,,,{},{},,False
phase21_orbital_transfer_planner,0.98,165.0,12000.0,1.0,False,False,False,False,,,,,,False,,,False,0,,139229823158.75195,139229823158.75195,1086.1990011728453,100000,False,True,max_steps,safety_guard,"{""coast_to_crossing"": 181, ""energy_shape"": 14, ""safety_guard"": 99805}",{},0.020408163265306076,0.8507428340388336,-0.04378221735089306,0.3247051633809256,0.8504180120348904,0.32458347361586676,1.3753375412564228,False,0,0,0,99986,99805,0,0,0,0,0,0,False,0.0,,0,,0.0,,,,,,{},{},,False
phase21_orbital_transfer_planner,1.0,165.0,12000.0,1.0,True,True,True,True,-49.89490215814327,-3804.1918098357014,-0.011859504757034702,-0.904217242924399,-3756.763671875,False,0.7376052005488627,0.020534347013872814,False,1,47,861.8408203125,1917.5859375,12.276941494087874,260,True,False,success,phase76_handoff,"{""phase76_handoff"": 47}",{},2.104654818683916e-16,5.113460928855167e-10,-0.034074173710931875,-2.556731218535144e-10,0.18107684618310782,0.16981116337464267,1.0000000000000049,False,0,0,0,47,0,0,0,0,0,0,0,True,0.0,,0,,0.0,,,,,,{},{},,True
phase21_orbital_transfer_planner,1.02,165.0,12000.0,1.0,False,False,False,False,,,,,,False,,,False,0,,150000107584.9629,150796348067.69824,0.06828234744894587,100000,False,True,max_steps,coast_to_crossing,"{""angular_momentum_shape"": 3115, ""coast_to_crossing"": 93772, ""energy_shape"": 3113}",{},0.019607843137254777,0.059567961450127146,-0.024462734730208335,0.030331573744878874,0.06029328134939934,0.02947686812203231,1.041855793928595,False,0,0,0,93772,0,0,0,0,0,0,0,False,0.0,,0,,0.0,,,,,,{},{},,False
phase21_orbital_transfer_planner,1.05,165.0,12000.0,1.0,False,False,False,False,,,,,,False,,,False,0,,375000105946.2383,375557917506.9922,0.07402800683239043,100000,False,True,max_steps,coast_to_crossing,"{""angular_momentum_shape"": 3114, ""coast_to_crossing"": 93772, ""energy_shape"": 3114}",{},0.04761904761904765,0.016178312135533418,-0.010220561444707415,-0.010225561711119446,0.017109129734925007,0.010816579970895114,1.0120014699361093,False,0,0,0,93772,0,0,0,0,0,0,0,False,0.0,,0,,0.0,,,,,,{},{},,False
phase21_orbital_transfer_planner,0.98,170.0,12000.0,1.0,False,False,False,False,,,,,,False,,,False,0,,142729189089.98145,142729189089.98145,736.0426819403393,100000,False,True,max_steps,safety_guard,"{""coast_to_crossing"": 181, ""energy_shape"": 13, ""safety_guard"": 99806}",{},0.020408163265306496,0.794608842719898,-0.025090063551973553,0.31711787183325674,0.7944204225074232,0.3170467740738575,1.3547772112660352,False,0,0,0,99987,99806,0,0,0,0,0,0,False,0.0,,0,,0.0,,,,,,{},{},,False
phase21_orbital_transfer_planner,1.0,170.0,12000.0,1.0,True,True,True,True,-59.117835269584,-2644.140708489538,-0.01405170104118139,-0.628485034627588,-4974.4609375,False,0.5196500696147496,0.011302579212861713,False,1,19,567.279296875,2772.2412109375,6.334229874531583,231,True,False,success,phase76_handoff,"{""phase76_handoff"": 19}",{},2.104654818683916e-16,7.39254322494715e-10,-0.015192246987791962,-3.6962701919711793e-10,0.08395073686818688,0.07826315739382109,1.0000000000000049,False,0,0,0,19,0,0,0,0,0,0,0,True,0.0,,0,,0.0,,,,,,{},{},,True
phase21_orbital_transfer_planner,1.02,170.0,12000.0,1.0,False,False,False,False,,,,,,False,,,False,0,,150000072181.4248,150533535088.92773,0.046792610485921454,100000,False,True,max_steps,coast_to_crossing,"{""angular_momentum_shape"": 3114, ""coast_to_crossing"": 93772, ""energy_shape"": 3114}",{},0.01960784313725499,0.009954619869272785,-0.005392923511594131,-0.005395094473039987,0.010580823628644575,0.005913040167869656,1.0165487374796371,False,0,0,0,93772,0,0,0,0,0,0,0,False,0.0,,0,,0.0,,,,,,{},{},,False
phase21_orbital_transfer_planner,1.05,170.0,12000.0,1.0,False,False,False,False,,,,,,False,,,False,0,,375000071081.95703,375374518684.4072,0.03181424444201045,100000,False,True,max_steps,coast_to_crossing,"{""angular_momentum_shape"": 3114, ""coast_to_crossing"": 93772, ""energy_shape"": 3114}",{},0.047619047619047436,0.018899469869908776,0.009127655905139585,0.00912519111298972,0.02193299136526293,0.010352990275133773,1.012792426191769,False,0,0,0,93772,0,0,0,0,0,0,0,False,0.0,,0,,0.0,,,,,,{},{},,False
phase21_orbital_transfer_planner,0.98,175.0,12000.0,1.0,False,False,False,False,,,,,,False,,,False,0,,146299857936.08496,146299857936.08496,379.3456099177911,100000,False,True,max_steps,safety_guard,"{""coast_to_crossing"": 181, ""energy_shape"": 13, ""safety_guard"": 99806}",{},0.020408163265306287,0.8039633178546781,-0.013817563036137981,0.32841533707084514,0.803772941642481,0.32834400823951393,1.3582259378499502,False,0,0,0,99987,99806,0,0,0,0,0,0,False,0.0,,0,,0.0,,,,,,{},{},,False
phase21_orbital_transfer_planner,1.0,175.0,12000.0,1.0,True,True,True,True,-49.59440466036999,-3805.3841505526866,-0.011788079594339246,-0.9045006500420295,-4449.8916015625,False,0.7377462161401496,0.02054370229463622,False,1,25,509.548828125,2621.802734375,2.228509408401243,238,True,False,success,phase76_handoff,"{""phase76_handoff"": 25}",{},2.104654818683916e-16,6.99137496995781e-10,-0.0038053019082545138,-3.495687966797318e-10,0.1117721993164184,0.09612948704126306,1.0000000000000049,False,0,0,0,25,0,0,0,0,0,0,0,True,0.0,,0,,0.0,,,,,,{},{},,True
phase21_orbital_transfer_planner,1.02,175.0,12000.0,1.0,False,False,False,False,,,,,,False,,,False,0,,150000036228.56152,150267974078.37793,0.009261902636840692,100000,False,True,max_steps,coast_to_crossing,"{""angular_momentum_shape"": 3114, ""coast_to_crossing"": 93772, ""energy_shape"": 3114}",{},0.019607843137254777,0.012159706300613856,0.006107327294770394,0.0061065620907307635,0.014104851854952836,0.006960267722610895,1.0168951966717692,False,0,0,0,93772,0,0,0,0,0,0,0,False,0.0,,0,,0.0,,,,,,{},{},,False
phase21_orbital_transfer_planner,1.05,175.0,12000.0,1.0,False,False,False,False,,,,,,False,,,False,0,,375000035676.7256,375188035176.5996,0.011392661160146823,100000,False,True,max_steps,coast_to_crossing,"{""angular_momentum_shape"": 3114, ""coast_to_crossing"": 93772, ""energy_shape"": 3114}",{},0.04761904761904765,0.04038644066087986,0.020795802465610375,0.02079658572207968,0.04027503168828546,0.02072876691617168,0.9758557570421258,False,0,0,0,93772,0,0,0,0,0,0,0,False,0.0,,0,,0.0,,,,,,{},{},,False
phase22_two_burn_transfer,0.98,150.0,8000.0,1.0,False,False,False,False,,,,,,False,,,False,0,,149552684346.02148,149552684346.02148,44.324188967479536,100000,False,True,max_steps,phase76_handoff,"{""burn_a"": 18, ""burn_b"": 46, ""coast_arc"": 1, ""phase76_handoff"": 99935}","{""insertion_window"": 99637, ""no_intercept_possible"": 363}",0.020408163265306076,1.0222626531660615,-0.1426785900258876,-0.8676919986097228,1.0227987570251573,0.9993550945117833,1.2998219393460562,False,0,18,46,1,0,1,1,1,1,1,0,True,0.0,705902,0,,0.0,,,,,,{},{},,False
phase22_two_burn_transfer,1.0,150.0,8000.0,1.0,True,True,True,True,-25.192574395203952,-3281.9890635371144,-0.005988015668111895,-0.7800950243010297,-1460.0703125,False,0.6312616384372342,0.022897899677950195,False,1,631,473.6396484375,1334.857421875,19.644712995676638,852,True,False,success,phase76_handoff,"{""phase76_handoff"": 631}","{""handoff_ready"": 216, ""insertion_window"": 382, ""intercept_possible_poor_alignment"": 254}",0.0,3.55947010158653e-10,-0.13397459621556124,-1.7797318008717732e-10,0.730935153977333,0.7067683357255949,1.0000000000000073,False,0,0,0,0,0,1,0,0,0,0,631,True,0.7406103286384976,0,0,,0.0,,,,,,{},{},,True
phase22_two_burn_transfer,1.02,150.0,8000.0,1.0,False,False,False,False,,,,,,False,,,False,0,,150000208058.7246,170343025558.44434,2026.6388578588494,100000,False,True,max_steps,coast_arc,"{""burn_a"": 18, ""coast_arc"": 99982}","{""intercept_possible_poor_alignment"": 100000}",0.01960784313725499,0.44365947118547316,-0.12535721577320472,-0.4588594855455239,0.44361905538495505,0.4588278026998162,0.9741850063012878,False,0,18,0,99982,0,1,0,0,0,0,0,False,0.0,,0,,0.0,,,,,,{},{},,False
phase22_two_burn_transfer,1.05,150.0,8000.0,1.0,False,False,False,False,,,,,,False,,,False,0,,375000204948.18164,394624067795.2461,1952.6134973316935,100000,False,True,max_steps,coast_arc,"{""burn_a"": 24, ""coast_arc"": 99976}","{""intercept_possible_poor_alignment"": 100000}",0.04761904761904765,0.6518721252678656,-0.11258803253505753,-0.8091753282905207,0.6518032612188849,0.809088254310838,0.9516473510587419,False,0,24,0,99976,0,1,0,0,0,0,0,False,0.0,,0,,0.0,,,,,,{},{},,False
phase22_two_burn_transfer,0.98,165.0,8000.0,1.0,False,False,False,False,,,,,,False,,,False,0,,149554963635.83203,149554963635.83203,44.324188966992175,100000,False,True,max_steps,phase76_handoff,"{""burn_a"": 18, ""burn_b"": 46, ""coast_arc"": 1, ""phase76_handoff"": 99935}","{""insertion_window"": 99637, ""no_intercept_possible"": 363}",0.020408163265306076,1.0222632858503917,-0.04378221735089306,-0.8676920391849806,1.0228091285678254,0.9993657265564457,1.3277791329177384,False,0,18,46,1,0,1,1,1,1,1,0,True,0.0,1363699,0,,0.0,,,,,,{},{},,False
phase22_two_burn_transfer,1.0,165.0,8000.0,1.0,True,True,True,True,-88.06929902399378,-3143.494158607936,-0.020933166025926386,-0.7471762106990555,-2645.9189453125,False,0.6228607681431453,0.021398883100412866,False,1,182,2175.0126953125,2201.5400390625,24.039640678408468,403,True,False,success,phase76_handoff,"{""phase76_handoff"": 182}","{""handoff_ready"": 216, ""insertion_window"": 109, ""intercept_possible_poor_alignment"": 78}",2.104654818683916e-16,5.870625232460438e-10,-0.034074173710931875,-2.935310709686659e-10,0.4505343981162966,0.4324346135808888,1.0000000000000073,False,0,0,0,0,0,1,0,0,0,0,182,True,0.45161290322580644,1,0,,0.0,,,,,,{},{},,True
phase22_two_burn_transfer,1.02,165.0,8000.0,1.0,False,False,False,False,,,,,,False,,,False,0,,150000107699.07715,160504502316.9912,1044.0342145911768,100000,False,True,max_steps,coast_arc,"{""burn_a"": 18, ""coast_arc"": 99982}","{""intercept_possible_poor_alignment"": 100000}",0.019607843137254777,0.5015665861185644,-0.024462734730208335,-0.3580700078271545,0.5015206672753344,0.3580383150899955,0.9725342061045669,False,0,18,0,99982,0,1,0,0,0,0,0,False,0.0,,0,,0.0,,,,,,{},{},,False
phase22_two_burn_transfer,1.05,165.0,8000.0,1.0,False,False,False,False,,,,,,False,,,False,0,,375000106088.9248,385113246594.83887,1001.998143845107,100000,False,True,max_steps,coast_arc,"{""burn_a"": 24, ""coast_arc"": 99976}","{""intercept_possible_poor_alignment"": 100000}",0.04761904761904765,0.7679929840763221,-0.010220561444707415,-0.7070169013260886,0.7679095772321304,0.7069298016036287,0.9491073110340807,False,0,24,0,99976,0,1,0,0,0,0,0,False,0.0,,0,,0.0,,,,,,{},{},,False
phase22_two_burn_transfer,0.98,170.0,8000.0,1.0,False,False,False,False,,,,,,False,,,False,0,,149555718428.92773,149555718428.92773,44.32418896683088,100000,False,True,max_steps,phase76_handoff,"{""burn_a"": 18, ""burn_b"": 46, ""coast_arc"": 1, ""phase76_handoff"": 99935}","{""insertion_window"": 99637, ""no_intercept_possible"": 363}",0.020408163265306496,1.0222634953656649,-0.025090063551973553,-0.8676920526217073,1.022811322831694,0.9993689067635908,1.3330339359186443,False,0,18,46,1,0,1,1,1,1,1,0,True,0.0,2032565,0,,0.0,,,,,,{},{},,False
phase22_two_burn_transfer,1.0,170.0,8000.0,1.0,True,True,True,True,-26.609700880474676,-3835.407376660934,-0.006324852049514541,-0.911636861908399,-2190.5517578125,False,0.7368993122782103,0.029925929496057102,False,1,2307,470.41796875,2058.1533203125,20.503655353634183,2529,True,False,success,phase76_handoff,"{""phase76_handoff"": 2307}","{""handoff_ready"": 216, ""insertion_window"": 1096, ""intercept_possible_poor_alignment"": 1217}",2.104654818683916e-16,5.488264172930856e-10,-0.015192246987791962,-2.744130855547726e-10,0.8975993091151757,0.8706165037730679,1.0000000000000073,False,0,0,0,0,0,1,0,0,0,0,2307,True,0.9122182680901542,0,0,,0.0,,,,,,{},{},,True
phase22_two_burn_transfer,1.02,170.0,8000.0,1.0,False,False,False,False,,,,,,False,,,False,0,,150000072257.99902,157028239961.47754,696.6677659893638,100000,False,True,max_steps,coast_arc,"{""burn_a"": 18, ""coast_arc"": 99982}","{""intercept_possible_poor_alignment"": 100000}",0.01960784313725499,0.5124324209772779,-0.005392923511594131,-0.3390212365297166,0.5123854695101537,0.33898954181399565,0.9722241532219635,False,0,18,0,99982,0,1,0,0,0,0,0,False,0.0,,0,,0.0,,,,,,{},{},,False
phase22_two_burn_transfer,1.05,170.0,8000.0,1.0,False,False,False,False,,,,,,False,,,False,0,,375000071177.7051,381754068109.56836,666.18989069654,100000,False,True,max_steps,coast_arc,"{""burn_a"": 24, ""coast_arc"": 99976}","{""intercept_possible_poor_alignment"": 100000}",0.047619047619047436,0.7897863012180721,0.009127655905139585,-0.6877105828689392,0.7897001681552682,0.6876236605485023,0.9486299106362504,False,0,24,0,99976,0,1,0,0,0,0,0,False,0.0,,0,,0.0,,,,,,{},{},,False
phase22_two_burn_transfer,0.98,175.0,8000.0,1.0,False,False,False,False,,,,,,False,,,False,0,,149556449828.98145,149556449828.98145,44.324188966674576,100000,False,True,max_steps,phase76_handoff,"{""burn_a"": 18, ""burn_b"": 46, ""coast_arc"": 1, ""phase76_handoff"": 99935}","{""insertion_window"": 99637, ""no_intercept_possible"": 363}",0.020408163265306287,1.0222636983875386,-0.013817563036137981,-0.8676920656419702,1.0228119930731487,0.9993706476913755,1.3361986501889813,False,0,18,46,1,0,1,1,1,1,1,0,True,0.0,2807960,0,,0.0,,,,,,{},{},,False
phase22_two_burn_transfer,1.0,175.0,8000.0,1.0,True,True,True,True,-35.33209647045934,-3439.731965189568,-0.00839807571601849,-0.8175888886362344,-454.1748046875,False,0.6641488018287663,0.02482508985438676,False,1,86,265.2685546875,277.490234375,8.86631054729974,307,True,False,success,phase76_handoff,"{""phase76_handoff"": 86}","{""handoff_ready"": 215, ""insertion_window"": 52, ""intercept_possible_poor_alignment"": 40}",2.104654818683916e-16,7.398261572089514e-11,-0.0038053019082545138,-3.6991364129378737e-11,0.2861142806458803,0.2677516417374583,1.0000000000000073,False,0,0,0,0,0,1,0,0,0,0,86,True,0.28013029315960913,1,0,,0.0,,,,,,{},{},,True
phase22_two_burn_transfer,1.02,175.0,8000.0,1.0,False,False,False,False,,,,,,False,,,False,0,,150000036266.99902,153496951935.50977,343.6989150753124,100000,False,True,max_steps,coast_arc,"{""burn_a"": 18, ""coast_arc"": 99982}","{""intercept_possible_poor_alignment"": 100000}",0.019607843137254777,0.5189729724889153,0.006107327294770394,-0.32753377425067104,0.5189253994462651,0.327502200482083,0.9720374749698517,False,0,18,0,99982,0,1,0,0,0,0,0,False,0.0,,0,,0.0,,,,,,{},{},,False
phase22_two_burn_transfer,1.05,175.0,8000.0,1.0,False,False,False,False,,,,,,False,,,False,0,,375000035724.7881,378342332637.4072,325.08467696479426,100000,False,True,max_steps,coast_arc,"{""burn_a"": 24, ""coast_arc"": 99976}","{""intercept_possible_poor_alignment"": 100000}",0.04761904761904765,0.8029052688622864,0.020795802465610375,-0.6760679156965376,0.8028174946721713,0.6759812236145738,0.9483424233034455,False,0,24,0,99976,0,1,0,0,0,0,0,False,0.0,,0,,0.0,,,,,,{},{},,False
phase22_two_burn_transfer,0.98,150.0,10000.0,1.0,False,False,False,False,,,,,,False,,,False,0,,149442263957.71777,149442263957.71777,55.396047662963205,100000,False,True,max_steps,phase76_handoff,"{""burn_a"": 18, ""burn_b"": 46, ""coast_arc"": 1, ""phase76_handoff"": 99935}","{""insertion_window"": 99526, ""intercept_possible_poor_alignment"": 13, ""no_intercept_possible"": 461}",0.020408163265306076,1.013284738945768,-0.1426785900258876,-0.837969704275357,1.0130375221748993,0.9993636561500027,1.374876627303795,False,0,18,46,1,0,1,1,1,1,1,0,True,0.0,705902,0,,0.0,,,,,,{},{},,False
phase22_two_burn_transfer,1.0,150.0,10000.0,1.0,True,True,True,True,-6.276680836972505,-4026.540150778171,-0.0014919024394221608,-0.9570671553015822,-547.65234375,False,0.7674440072415927,0.02644763969103196,False,1,413,80.015625,399.2158203125,22.040497429913927,630,True,False,success,phase76_handoff,"{""phase76_handoff"": 413}","{""handoff_ready"": 211, ""insertion_window"": 251, ""intercept_possible_poor_alignment"": 168}",0.0,1.0644565350620334e-10,-0.13397459621556124,-5.3222465417905946e-11,0.6430051106494269,0.6187930017814905,1.000000000000006,False,0,0,0,0,0,1,0,0,0,0,413,True,0.6555555555555556,0,0,,0.0,,,,,,{},{},,True
phase22_two_burn_transfer,1.02,150.0,10000.0,1.0,False,False,False,False,,,,,,False,,,False,0,,150000208001.97266,170233753030.82324,2014.8353784766816,100000,False,True,max_steps,coast_arc,"{""burn_a"": 18, ""coast_arc"": 99982}","{""intercept_possible_poor_alignment"": 100000}",0.01960784313725499,0.5260135675057651,-0.12535721577320472,-0.5422358781238094,0.5259671295358843,0.5421962744625494,0.970206527515042,False,0,18,0,99982,0,1,0,0,0,0,0,False,0.0,,0,,0.0,,,,,,{},{},,False
phase22_two_burn_transfer,1.05,150.0,10000.0,1.0,False,False,False,False,,,,,,False,,,False,0,,375000204863.0635,394424709804.75195,1932.326912783091,100000,False,True,max_steps,coast_arc,"{""burn_a"": 24, ""coast_arc"": 99976}","{""intercept_possible_poor_alignment"": 100000}",0.04761904761904765,0.688989201875164,-0.11258803253505753,-0.9833255016508394,0.6889255822599637,0.9832166586220563,0.945613346805704,False,0,24,0,99976,0,1,0,0,0,0,0,False,0.0,,0,,0.0,,,,,,{},{},,False
phase22_two_burn_transfer,0.98,165.0,10000.0,1.0,False,False,False,False,,,,,,False,,,False,0,,149444479412.73145,149444479412.73145,55.39604766297371,100000,False,True,max_steps,phase76_handoff,"{""burn_a"": 18, ""burn_b"": 46, ""coast_arc"": 1, ""phase76_handoff"": 99935}","{""insertion_window"": 99526, ""intercept_possible_poor_alignment"": 13, ""no_intercept_possible"": 461}",0.020408163265306076,1.013285353779102,-0.04378221735089306,-0.8379697524596642,1.0130508264100728,0.9993764070267007,1.407866913416998,False,0,18,46,1,0,1,1,1,1,1,0,True,0.0,1363699,0,,0.0,,,,,,{},{},,False
phase22_two_burn_transfer,1.0,165.0,10000.0,1.0,True,True,True,True,-8.88966729674766,-3994.6531548940916,-0.0021129824297496515,-0.9494879445402064,-488.6103515625,False,0.7621259346130128,0.026098185272395925,False,1,243,206.97265625,277.3115234375,17.30631244279581,460,True,False,success,phase76_handoff,"{""phase76_handoff"": 243}","{""handoff_ready"": 211, ""insertion_window"": 148, ""intercept_possible_poor_alignment"": 101}",2.104654818683916e-16,7.393778657325719e-11,-0.034074173710931875,-3.6968672685193056e-11,0.5219687416576904,0.504706529929417,1.0000000000000058,False,0,0,0,0,0,1,0,0,0,0,243,True,0.5282608695652173,0,0,,0.0,,,,,,{},{},,True
phase22_two_burn_transfer,1.02,165.0,10000.0,1.0,False,False,False,False,,,,,,False,,,False,0,,150000107669.6914,160441587470.6494,1036.6874215977077,100000,False,True,max_steps,coast_arc,"{""burn_a"": 18, ""coast_arc"": 99982}","{""intercept_possible_poor_alignment"": 100000}",0.019607843137254777,0.5984167021628569,-0.024462734730208335,-0.44147204670352974,0.5983633829346504,0.44143243075425637,0.9681341043581951,False,0,18,0,99982,0,1,0,0,0,0,0,False,0.0,,0,,0.0,,,,,,{},{},,False
phase22_two_burn_transfer,1.05,165.0,10000.0,1.0,False,False,False,False,,,,,,False,,,False,0,,375000106044.8506,385004623547.50195,990.4416383030277,100000,False,True,max_steps,coast_arc,"{""burn_a"": 24, ""coast_arc"": 99976}","{""intercept_possible_poor_alignment"": 100000}",0.04761904761904765,0.8342172773759577,-0.010220561444707415,-0.8812168819651444,0.834135488220382,0.8811080071639357,0.9424168952861584,False,0,24,0,99976,0,1,0,0,0,0,0,False,0.0,,0,,0.0,,,,,,{},{},,False
phase22_two_burn_transfer,0.98,170.0,10000.0,1.0,False,False,False,False,,,,,,False,,,False,0,,149445217226.0918,149445217226.0918,55.39604766297721,100000,False,True,max_steps,phase76_handoff,"{""burn_a"": 18, ""burn_b"": 46, ""coast_arc"": 1, ""phase76_handoff"": 99935}","{""insertion_window"": 99526, ""intercept_possible_poor_alignment"": 13, ""no_intercept_possible"": 461}",0.020408163265306496,1.013285558537213,-0.025090063551973553,-0.8379697685064305,1.013053077316785,0.9993795642760231,1.4140588231546323,False,0,18,46,1,0,1,1,1,1,1,0,True,0.0,1396797,0,,0.0,,,,,,{},{},,False
phase22_two_burn_transfer,1.0,170.0,10000.0,1.0,True,True,True,True,-627.8014830847948,-3075.3016548794985,-0.1492219516037754,-0.7309675543558039,-43366.4140625,False,0.7638403911913622,0.018126425876468198,False,1,3843,15013.0810546875,48971.787109375,233.64182222797018,4059,True,False,success,phase76_handoff,"{""phase76_handoff"": 3843}","{""handoff_ready"": 212, ""insertion_window"": 1791, ""intercept_possible_poor_alignment"": 2056}",2.104654818683916e-16,1.3059133116941239e-08,-0.015192246987791962,-6.529566633759087e-09,0.9258990373606751,0.919683014238784,1.000000000000005,False,0,0,0,0,0,1,0,0,0,0,3843,True,0.9467849223946785,0,0,,0.0,,,,,,{},{},,True
phase22_two_burn_transfer,1.02,170.0,10000.0,1.0,False,False,False,False,,,,,,False,,,False,0,,150000072238.28223,156982010040.14062,690.9551264900366,100000,False,True,max_steps,coast_arc,"{""burn_a"": 18, ""coast_arc"": 99982}","{""intercept_possible_poor_alignment"": 100000}",0.01960784313725499,0.6120028652346886,-0.005392923511594131,-0.42242841375953827,0.6119482547325864,0.422388795352401,0.9677447593910704,False,0,18,0,99982,0,1,0,0,0,0,0,False,0.0,,0,,0.0,,,,,,{},{},,False
phase22_two_burn_transfer,1.05,170.0,10000.0,1.0,False,False,False,False,,,,,,False,,,False,0,,375000071148.1328,381678095048.9453,657.8331856588024,100000,False,True,max_steps,coast_arc,"{""burn_a"": 24, ""coast_arc"": 99976}","{""intercept_possible_poor_alignment"": 100000}",0.047619047619047436,0.8614744017992496,0.009127655905139585,-0.8619205445269049,0.8613892022927113,0.8618118459216247,0.9418158667040529,False,0,24,0,99976,0,1,0,0,0,0,0,False,0.0,,0,,0.0,,,,,,{},{},,False
phase22_two_burn_transfer,0.98,175.0,10000.0,1.0,False,False,False,False,,,,,,False,,,False,0,,149445934569.71094,149445934569.71094,55.39604766298058,100000,False,True,max_steps,phase76_handoff,"{""burn_a"": 18, ""burn_b"": 46, ""coast_arc"": 1, ""phase76_handoff"": 99935}","{""insertion_window"": 99526, ""intercept_possible_poor_alignment"": 13, ""no_intercept_possible"": 461}",0.020408163265306287,1.0132857576147019,-0.013817563036137981,-0.8379697841083087,1.0130540828126604,0.9993814379160177,1.4177865926601643,False,0,18,46,1,0,1,1,1,1,1,0,True,0.0,1396804,0,,0.0,,,,,,{},{},,False
phase22_two_burn_transfer,1.0,175.0,10000.0,1.0,True,True,True,True,-75.56244302967407,-3051.944929061562,-0.017960415068522723,-0.7254159010011462,-4019.8388671875,False,0.6018852194191227,0.016617452634956786,False,1,44,1625.736328125,2204.3291015625,8.84814968539807,260,True,False,success,phase76_handoff,"{""phase76_handoff"": 44}","{""handoff_ready"": 212, ""insertion_window"": 27, ""intercept_possible_poor_alignment"": 21}",2.104654818683916e-16,5.878098861721584e-10,-0.0038053019082545138,-2.9390490934242894e-10,0.172384283833011,0.1599501633935743,1.0000000000000058,False,0,0,0,0,0,1,0,0,0,0,44,True,0.16923076923076924,0,0,,0.0,,,,,,{},{},,True
phase22_two_burn_transfer,1.02,175.0,10000.0,1.0,False,False,False,False,,,,,,False,,,False,0,,150000036257.10254,153467813905.25684,339.6743835014483,100000,False,True,max_steps,coast_arc,"{""burn_a"": 18, ""coast_arc"": 99982}","{""intercept_possible_poor_alignment"": 100000}",0.019607843137254777,0.6201809395377146,0.006107327294770394,-0.4109440743069493,0.6201255517614975,0.41090457655646745,0.9675103243982137,False,0,18,0,99982,0,1,0,0,0,0,0,False,0.0,,0,,0.0,,,,,,{},{},,False
phase22_two_burn_transfer,1.05,175.0,10000.0,1.0,False,False,False,False,,,,,,False,,,False,0,,375000035709.94434,378299802772.33594,320.0328212813924,100000,False,True,max_steps,coast_arc,"{""burn_a"": 24, ""coast_arc"": 99976}","{""intercept_possible_poor_alignment"": 100000}",0.04761904761904765,0.8778826423135261,0.020795802465610375,-0.8502839455188016,0.8777953898093113,0.8501754764207773,0.9414538917187043,False,0,24,0,99976,0,1,0,0,0,0,0,False,0.0,,0,,0.0,,,,,,{},{},,False
phase22_two_burn_transfer,0.98,150.0,12000.0,1.0,False,False,False,False,,,,,,False,,,False,0,,149331287989.1621,149331287989.1621,66.48041404848163,100000,False,True,max_steps,phase76_handoff,"{""burn_a"": 18, ""burn_b"": 46, ""coast_arc"": 1, ""phase76_handoff"": 99935}","{""insertion_window"": 99904, ""intercept_possible_poor_alignment"": 1, ""no_intercept_possible"": 95}",0.020408163265306076,0.9985335735282848,-0.1426785900258876,-1.200595424388594,1.0011406437244936,0.9993735237467325,1.4506621815840994,False,0,18,46,1,0,1,1,1,1,1,0,True,0.0,705902,0,,0.0,,,,,,{},{},,False
phase22_two_burn_transfer,1.0,150.0,12000.0,1.0,True,True,True,True,-80.49851164523518,-3051.369756909111,-0.019133667779626447,-0.7252791884998071,-3681.29296875,False,0.6031837526262365,0.014364654403677601,False,3,114,148.345703125,755.0380859375,26.347138132160573,326,True,False,success,phase76_handoff,"{""phase76_handoff"": 114}","{""handoff_ready"": 209, ""insertion_window"": 68, ""intercept_possible_poor_alignment"": 49}",0.0,2.0133359507560395e-10,-0.13397459621556124,-1.0066672571051816e-10,0.34060435774997916,0.3252353379979766,1.0000000000000049,False,0,0,0,0,0,1,0,0,0,0,114,True,0.3496932515337423,0,0,,0.0,,,,,,{},{},,True
phase22_two_burn_transfer,1.02,150.0,12000.0,1.0,False,False,False,False,,,,,,False,,,False,0,,150000207945.22168,170126484326.28125,2003.3783570709747,100000,False,True,max_steps,coast_arc,"{""burn_a"": 18, ""coast_arc"": 99982}","{""intercept_possible_poor_alignment"": 100000}",0.01960784313725499,0.5949826592357413,-0.12535721577320472,-0.6256125947607882,0.5949318710010427,0.6255650702431684,0.966233028349279,False,0,18,0,99982,0,1,0,0,0,0,0,False,0.0,,0,,0.0,,,,,,{},{},,False
phase22_two_burn_transfer,1.05,150.0,12000.0,1.0,False,False,False,False,,,,,,False,,,False,0,,375000204777.94336,394233377317.86523,1913.4274862819768,100000,False,True,max_steps,coast_arc,"{""burn_a"": 24, ""coast_arc"": 99976}","{""intercept_possible_poor_alignment"": 100000}",0.04761904761904765,0.671004746308642,-0.11258803253505753,-1.1574769648215892,0.6709554765172211,1.1573463525313261,0.9395914607338702,False,0,24,0,99976,0,1,0,0,0,0,0,False,0.0,,0,,0.0,,,,,,{},{},,False
phase22_two_burn_transfer,0.98,165.0,12000.0,1.0,False,False,False,False,,,,,,False,,,False,0,,149333444925.51855,149333444925.51855,66.480414044586,100000,False,True,max_steps,phase76_handoff,"{""burn_a"": 18, ""burn_b"": 46, ""coast_arc"": 1, ""phase76_handoff"": 99935}","{""insertion_window"": 99904, ""intercept_possible_poor_alignment"": 1, ""no_intercept_possible"": 95}",0.020408163265306076,0.998534172786581,-0.04378221735089306,-1.2005953647286334,1.0011567135413484,0.9993878019806745,1.4881393694525158,False,0,18,46,1,0,1,1,1,1,1,0,True,0.0,1363699,0,,0.0,,,,,,{},{},,False
phase22_two_burn_transfer,1.0,165.0,12000.0,1.0,True,True,True,True,-29.385295636110204,-3791.606204635221,-0.0069845823583089784,-0.9012257740911267,-579.7763671875,False,0.7293621181801756,0.02031839432766244,False,2,105,135.919921875,502.3330078125,21.192783332264064,318,True,False,success,phase76_handoff,"{""phase76_handoff"": 105}","{""handoff_ready"": 209, ""insertion_window"": 63, ""intercept_possible_poor_alignment"": 46}",2.104654818683916e-16,1.3396506758790487e-10,-0.034074173710931875,6.698273464708606e-11,0.3259054175294539,0.3132262829276735,1.0000000000000049,False,0,0,0,0,0,1,0,0,0,0,105,True,0.330188679245283,0,0,,0.0,,,,,,{},{},,True
phase22_two_burn_transfer,1.02,165.0,12000.0,1.0,False,False,False,False,,,,,,False,,,False,0,,150000107640.30566,160380456647.33496,1029.6655733346424,100000,False,True,max_steps,coast_arc,"{""burn_a"": 18, ""coast_arc"": 99982}","{""intercept_possible_poor_alignment"": 100000}",0.019607843137254777,0.681889445443471,-0.024462734730208335,-0.5248741722115695,0.6818303967699995,0.5248266330392679,0.9637353295947576,False,0,18,0,99982,0,1,0,0,0,0,0,False,0.0,,0,,0.0,,,,,,{},{},,False
phase22_two_burn_transfer,1.05,165.0,12000.0,1.0,False,False,False,False,,,,,,False,,,False,0,,375000106000.7754,384903140850.61426,980.1854391913504,100000,False,True,max_steps,coast_arc,"{""burn_a"": 24, ""coast_arc"": 99976}","{""intercept_possible_poor_alignment"": 100000}",0.04761904761904765,0.8453702873813108,-0.010220561444707415,-1.055417207463039,0.8452991988716839,1.0552865575263188,0.9357297215169665,False,0,24,0,99976,0,1,0,0,0,0,0,False,0.0,,0,,0.0,,,,,,{},{},,False
phase22_two_burn_transfer,0.98,170.0,12000.0,1.0,False,False,False,False,,,,,,False,,,False,0,,149334166048.54395,149334166048.54395,66.48041404328342,100000,False,True,max_steps,phase76_handoff,"{""burn_a"": 18, ""burn_b"": 46, ""coast_arc"": 1, ""phase76_handoff"": 99935}","{""insertion_window"": 99904, ""intercept_possible_poor_alignment"": 1, ""no_intercept_possible"": 95}",0.020408163265306496,0.998534373135179,-0.025090063551973553,-1.2005953447826276,1.0011591848019867,0.9993908926068539,1.4951659464547258,False,0,18,46,1,0,1,1,1,1,1,0,True,0.0,2032565,0,,0.0,,,,,,{},{},,False
phase22_two_burn_transfer,1.0,170.0,12000.0,1.0,True,True,True,True,-30.099257367256808,-2552.5823086070577,-0.007154283714171683,-0.6067225452351612,-1052.3896484375,False,0.49396317678545365,0.010598707260321274,False,6,1010,10.53125,67.607421875,14.814055285645287,1222,True,False,success,phase76_handoff,"{""phase76_handoff"": 1010}","{""handoff_ready"": 209, ""insertion_window"": 560, ""intercept_possible_poor_alignment"": 453}",2.104654818683916e-16,1.8038365054494238e-11,-0.015192246987791962,9.019278608507897e-12,0.7941505641062065,0.769303524146656,1.0000000000000049,False,0,0,0,0,0,1,0,0,0,0,1010,True,0.8265139116202946,0,0,,0.0,,,,,,{},{},,True
phase22_two_burn_transfer,1.02,170.0,12000.0,1.0,False,False,False,False,,,,,,False,,,False,0,,150000072218.56543,156937486231.89258,685.5597949833151,100000,False,True,max_steps,coast_arc,"{""burn_a"": 18, ""coast_arc"": 99982}","{""intercept_possible_poor_alignment"": 100000}",0.01960784313725499,0.6981974715878331,-0.005392923511594131,-0.5058356298554714,0.6981368727963326,0.5057880877520339,0.963265962265492,False,0,18,0,99982,0,1,0,0,0,0,0,False,0.0,,0,,0.0,,,,,,{},{},,False
phase22_two_burn_transfer,1.05,170.0,12000.0,1.0,False,False,False,False,,,,,,False,,,False,0,,375000071118.5596,381608948690.8535,650.7459705683316,100000,False,True,max_steps,coast_arc,"{""burn_a"": 24, ""coast_arc"": 99976}","{""intercept_possible_poor_alignment"": 100000}",0.047619047619047436,0.8780972997267489,0.009127655905139585,-1.0361306609375238,0.8780221157248826,1.0360001860219383,0.9350032816756486,False,0,24,0,99976,0,1,0,0,0,0,0,False,0.0,,0,,0.0,,,,,,{},{},,False
phase22_two_burn_transfer,0.98,175.0,12000.0,1.0,False,False,False,False,,,,,,False,,,False,0,,149334875216.38672,149334875216.38672,66.48041404200266,100000,False,True,max_steps,phase76_handoff,"{""burn_a"": 18, ""burn_b"": 46, ""coast_arc"": 1, ""phase76_handoff"": 99935}","{""insertion_window"": 99904, ""intercept_possible_poor_alignment"": 1, ""no_intercept_possible"": 95}",0.020408163265306287,0.9985345701622997,-0.013817563036137981,-1.2005953251673396,1.0011601052029655,0.9993926896503248,1.4993951176966982,False,0,18,46,1,0,1,1,1,1,1,0,True,0.0,4049661,0,,0.0,,,,,,{},{},,False
phase22_two_burn_transfer,1.0,175.0,12000.0,1.0,True,True,True,True,-67.92548656141525,-2582.702318568411,-0.016145189110617915,-0.6138817616273774,-5157.419921875,False,0.5104796369222995,0.010969941268989187,False,1,43,1216.3447265625,2626.7353515625,7.257112147984378,255,True,False,success,phase76_handoff,"{""phase76_handoff"": 43}","{""handoff_ready"": 209, ""insertion_window"": 26, ""intercept_possible_poor_alignment"": 20}",2.104654818683916e-16,7.004529062574584e-10,-0.0038053019082545138,-3.5022646825758274e-10,0.16585029829326867,0.15445766656619989,1.0000000000000049,False,0,0,0,0,0,1,0,0,0,0,43,True,0.16862745098039217,0,0,,0.0,,,,,,{},{},,True
phase22_two_burn_transfer,1.02,175.0,12000.0,1.0,False,False,False,False,,,,,,False,,,False,0,,150000036247.20605,153440302747.25977,335.9593860876791,100000,False,True,max_steps,coast_arc,"{""burn_a"": 18, ""coast_arc"": 99982}","{""intercept_possible_poor_alignment"": 100000}",0.019607843137254777,0.7080140146639551,0.006107327294770394,-0.4943543840493252,0.7079524827799724,0.49430696231574167,0.9629833240498897,False,0,18,0,99982,0,1,0,0,0,0,0,False,0.0,,0,,0.0,,,,,,{},{},,False
phase22_two_burn_transfer,1.05,175.0,12000.0,1.0,False,False,False,False,,,,,,False,,,False,0,,375000035695.10156,378263780650.0596,316.2190925781402,100000,False,True,max_steps,coast_arc,"{""burn_a"": 24, ""coast_arc"": 99976}","{""intercept_possible_poor_alignment"": 100000}",0.04761904761904765,0.8977985573807181,0.020795802465610375,-1.0245000139379012,0.89772090788909,1.0243697678174712,0.9345657275839377,False,0,24,0,99976,0,1,0,0,0,0,0,False,0.0,,0,,0.0,,,,,,{},{},,False
phase23_windowed_insertion_solver,0.98,150.0,8000.0,1.0,False,False,False,False,,,,,,False,,,False,0,,149552636930.27734,149552636930.27734,44.324218845323195,100000,False,True,max_steps,phase76_handoff,"{""burn_a"": 18, ""burn_b"": 46, ""coast_arc"": 1, ""phase76_handoff"": 99935}","{""insertion_window"": 99603, ""no_intercept_possible"": 397}",0.020408163265306076,1.022270829891003,-0.1426785900258876,-0.8677252551753879,1.0228019959586856,0.999356321376605,1.2998219393460562,False,0,18,46,1,0,1,1,1,1,1,0,True,0.0,705902,322,-0.11310171329976296,0.0,,,,,,{},{},,False
phase23_windowed_insertion_solver,1.0,150.0,8000.0,1.0,True,True,True,True,-25.192574395203952,-3281.9890635371144,-0.005988015668111895,-0.7800950243010297,-1460.0703125,False,0.6312616384372342,0.022897899677950195,False,1,631,473.6396484375,1334.857421875,19.644712995676638,852,True,False,success,phase76_handoff,"{""phase76_handoff"": 631}","{""handoff_ready"": 216, ""insertion_window"": 382, ""intercept_possible_poor_alignment"": 254}",0.0,3.55947010158653e-10,-0.13397459621556124,-1.7797318008717732e-10,0.730935153977333,0.7067683357255949,1.0000000000000073,False,0,0,0,0,0,1,0,0,0,0,631,True,0.7406103286384976,0,0,,0.0,,,,,,{},{},,True
phase23_windowed_insertion_solver,1.02,150.0,8000.0,1.0,False,False,False,False,,,,,,False,,,False,0,,150000208058.7246,170343025558.44434,2026.6388578588494,100000,False,True,max_steps,coast_arc,"{""burn_a"": 18, ""coast_arc"": 99982}","{""intercept_possible_poor_alignment"": 100000}",0.01960784313725499,0.44365947118547316,-0.12535721577320472,-0.4588594855455239,0.44361905538495505,0.4588278026998162,0.9741850063012878,False,0,18,0,99982,0,1,0,0,0,0,0,False,0.0,,0,,0.0,,,,,,{},{},,False
phase23_windowed_insertion_solver,1.05,150.0,8000.0,1.0,False,False,False,False,,,,,,False,,,False,0,,375000204948.18164,394624067795.2461,1952.6134973316935,100000,False,True,max_steps,coast_arc,"{""burn_a"": 24, ""coast_arc"": 99976}","{""intercept_possible_poor_alignment"": 100000}",0.04761904761904765,0.6518721252678656,-0.11258803253505753,-0.8091753282905207,0.6518032612188849,0.809088254310838,0.9516473510587419,False,0,24,0,99976,0,1,0,0,0,0,0,False,0.0,,0,,0.0,,,,,,{},{},,False
phase23_windowed_insertion_solver,0.98,165.0,8000.0,1.0,False,False,False,False,,,,,,False,,,False,0,,149554943301.70508,149554943301.70508,44.324227920186374,100000,False,True,max_steps,phase76_handoff,"{""burn_a"": 18, ""burn_b"": 46, ""coast_arc"": 1, ""phase76_handoff"": 99935}","{""insertion_window"": 99603, ""no_intercept_possible"": 397}",0.020408163265306076,1.0222739893336685,-0.04378221735089306,-0.8677355150875572,1.0228107524196934,0.9993663118633666,1.3277791329177384,False,0,18,46,1,0,1,1,1,1,1,0,True,0.0,1363699,322,-0.11310171336620525,0.0,,,,,,{},{},,False
phase23_windowed_insertion_solver,1.0,165.0,8000.0,1.0,True,True,True,True,-88.06929902399378,-3143.494158607936,-0.020933166025926386,-0.7471762106990555,-2645.9189453125,False,0.6228607681431453,0.021398883100412866,False,1,182,2175.0126953125,2201.5400390625,24.039640678408468,403,True,False,success,phase76_handoff,"{""phase76_handoff"": 182}","{""handoff_ready"": 216, ""insertion_window"": 109, ""intercept_possible_poor_alignment"": 78}",2.104654818683916e-16,5.870625232460438e-10,-0.034074173710931875,-2.935310709686659e-10,0.4505343981162966,0.4324346135808888,1.0000000000000073,False,0,0,0,0,0,1,0,0,0,0,182,True,0.45161290322580644,1,0,,0.0,,,,,,{},{},,True
phase23_windowed_insertion_solver,1.02,165.0,8000.0,1.0,False,False,False,False,,,,,,False,,,False,0,,150000107699.07715,160504502316.9912,1044.0342145911768,100000,False,True,max_steps,coast_arc,"{""burn_a"": 18, ""coast_arc"": 99982}","{""intercept_possible_poor_alignment"": 100000}",0.019607843137254777,0.5015665861185644,-0.024462734730208335,-0.3580700078271545,0.5015206672753344,0.3580383150899955,0.9725342061045669,False,0,18,0,99982,0,1,0,0,0,0,0,False,0.0,,0,,0.0,,,,,,{},{},,False
phase23_windowed_insertion_solver,1.05,165.0,8000.0,1.0,False,False,False,False,,,,,,False,,,False,0,,375000106088.9248,385113246594.83887,1001.998143845107,100000,False,True,max_steps,coast_arc,"{""burn_a"": 24, ""coast_arc"": 99976}","{""intercept_possible_poor_alignment"": 100000}",0.04761904761904765,0.7679929840763221,-0.010220561444707415,-0.7070169013260886,0.7679095772321304,0.7069298016036287,0.9491073110340807,False,0,24,0,99976,0,1,0,0,0,0,0,False,0.0,,0,,0.0,,,,,,{},{},,False
phase23_windowed_insertion_solver,0.98,170.0,8000.0,1.0,False,False,False,False,,,,,,False,,,False,0,,149555738260.18066,149555738260.18066,44.32422562870581,100000,False,True,max_steps,phase76_handoff,"{""burn_a"": 18, ""burn_b"": 46, ""coast_arc"": 1, ""phase76_handoff"": 99935}","{""insertion_window"": 99602, ""no_intercept_possible"": 398}",0.020408163265306496,1.0222735737044937,-0.025090063551973553,-0.8677329487367046,1.0228132698821042,0.999369742525761,1.3330339359186443,False,0,18,46,1,0,1,1,1,1,1,0,True,0.0,2032565,322,-0.1131014586242794,0.0,,,,,,{},{},,False
phase23_windowed_insertion_solver,1.0,170.0,8000.0,1.0,True,True,True,True,-26.609700880474676,-3835.407376660934,-0.006324852049514541,-0.911636861908399,-2190.5517578125,False,0.7368993122782103,0.029925929496057102,False,1,2307,470.41796875,2058.1533203125,20.503655353634183,2529,True,False,success,phase76_handoff,"{""phase76_handoff"": 2307}","{""handoff_ready"": 216, ""insertion_window"": 1096, ""intercept_possible_poor_alignment"": 1217}",2.104654818683916e-16,5.488264172930856e-10,-0.015192246987791962,-2.744130855547726e-10,0.8975993091151757,0.8706165037730679,1.0000000000000073,False,0,0,0,0,0,1,0,0,0,0,2307,True,0.9122182680901542,0,0,,0.0,,,,,,{},{},,True
phase23_windowed_insertion_solver,1.02,170.0,8000.0,1.0,False,False,False,False,,,,,,False,,,False,0,,150000072257.99902,157028239961.47754,696.6677659893638,100000,False,True,max_steps,coast_arc,"{""burn_a"": 18, ""coast_arc"": 99982}","{""intercept_possible_poor_alignment"": 100000}",0.01960784313725499,0.5124324209772779,-0.005392923511594131,-0.3390212365297166,0.5123854695101537,0.33898954181399565,0.9722241532219635,False,0,18,0,99982,0,1,0,0,0,0,0,False,0.0,,0,,0.0,,,,,,{},{},,False
phase23_windowed_insertion_solver,1.05,170.0,8000.0,1.0,False,False,False,False,,,,,,False,,,False,0,,375000071177.7051,381754068109.56836,666.18989069654,100000,False,True,max_steps,coast_arc,"{""burn_a"": 24, ""coast_arc"": 99976}","{""intercept_possible_poor_alignment"": 100000}",0.047619047619047436,0.7897863012180721,0.009127655905139585,-0.6877105828689392,0.7897001681552682,0.6876236605485023,0.9486299106362504,False,0,24,0,99976,0,1,0,0,0,0,0,False,0.0,,0,,0.0,,,,,,{},{},,False
phase23_windowed_insertion_solver,0.98,175.0,8000.0,1.0,False,False,False,False,,,,,,False,,,False,0,,149556455565.90527,149556455565.90527,44.32423043507448,100000,False,True,max_steps,phase76_handoff,"{""burn_a"": 18, ""burn_b"": 46, ""coast_arc"": 1, ""phase76_handoff"": 99935}","{""insertion_window"": 99602, ""no_intercept_possible"": 398}",0.020408163265306287,1.0222751079945454,-0.013817563036137981,-0.8677383759107224,1.0228130390048333,0.9993710786228097,1.3361986501889813,False,0,18,46,1,0,1,1,1,1,1,0,True,0.0,2809753,322,-0.11310155308657123,0.0,,,,,,{},{},,False
phase23_windowed_insertion_solver,1.0,175.0,8000.0,1.0,True,True,True,True,-35.33209647045934,-3439.731965189568,-0.00839807571601849,-0.8175888886362344,-454.1748046875,False,0.6641488018287663,0.02482508985438676,False,1,86,265.2685546875,277.490234375,8.86631054729974,307,True,False,success,phase76_handoff,"{""phase76_handoff"": 86}","{""handoff_ready"": 215, ""insertion_window"": 52, ""intercept_possible_poor_alignment"": 40}",2.104654818683916e-16,7.398261572089514e-11,-0.0038053019082545138,-3.6991364129378737e-11,0.2861142806458803,0.2677516417374583,1.0000000000000073,False,0,0,0,0,0,1,0,0,0,0,86,True,0.28013029315960913,1,0,,0.0,,,,,,{},{},,True
phase23_windowed_insertion_solver,1.02,175.0,8000.0,1.0,False,False,False,False,,,,,,False,,,False,0,,150000036266.99902,153496951935.50977,343.6989150753124,100000,False,True,max_steps,coast_arc,"{""burn_a"": 18, ""coast_arc"": 99982}","{""intercept_possible_poor_alignment"": 100000}",0.019607843137254777,0.5189729724889153,0.006107327294770394,-0.32753377425067104,0.5189253994462651,0.327502200482083,0.9720374749698517,False,0,18,0,99982,0,1,0,0,0,0,0,False,0.0,,0,,0.0,,,,,,{},{},,False
phase23_windowed_insertion_solver,1.05,175.0,8000.0,1.0,False,False,False,False,,,,,,False,,,False,0,,375000035724.7881,378342332637.4072,325.08467696479426,100000,False,True,max_steps,coast_arc,"{""burn_a"": 24, ""coast_arc"": 99976}","{""intercept_possible_poor_alignment"": 100000}",0.04761904761904765,0.8029052688622864,0.020795802465610375,-0.6760679156965376,0.8028174946721713,0.6759812236145738,0.9483424233034455,False,0,24,0,99976,0,1,0,0,0,0,0,False,0.0,,0,,0.0,,,,,,{},{},,False
phase23_windowed_insertion_solver,0.98,150.0,10000.0,1.0,False,False,False,False,,,,,,False,,,False,0,,149442232539.89453,149442232539.89453,55.39604501317527,100000,False,True,max_steps,phase76_handoff,"{""burn_a"": 18, ""burn_b"": 46, ""coast_arc"": 1, ""phase76_handoff"": 99935}","{""insertion_window"": 99494, ""intercept_possible_poor_alignment"": 13, ""no_intercept_possible"": 493}",0.020408163265306076,1.0132917877921586,-0.1426785900258876,-0.8379904796331241,1.0130397883948494,0.9993643735179397,1.374876627303795,False,0,18,46,1,0,1,1,1,1,1,0,True,0.0,705902,322,-0.11310277979381742,0.0,,,,,,{},{},,False
phase23_windowed_insertion_solver,1.0,150.0,10000.0,1.0,True,True,True,True,-6.276680836972505,-4026.540150778171,-0.0014919024394221608,-0.9570671553015822,-547.65234375,False,0.7674440072415927,0.02644763969103196,False,1,413,80.015625,399.2158203125,22.040497429913927,630,True,False,success,phase76_handoff,"{""phase76_handoff"": 413}","{""handoff_ready"": 211, ""insertion_window"": 251, ""intercept_possible_poor_alignment"": 168}",0.0,1.0644565350620334e-10,-0.13397459621556124,-5.3222465417905946e-11,0.6430051106494269,0.6187930017814905,1.000000000000006,False,0,0,0,0,0,1,0,0,0,0,413,True,0.6555555555555556,0,0,,0.0,,,,,,{},{},,True
phase23_windowed_insertion_solver,1.02,150.0,10000.0,1.0,False,False,False,False,,,,,,False,,,False,0,,150000208001.97266,170233753030.82324,2014.8353784766816,100000,False,True,max_steps,coast_arc,"{""burn_a"": 18, ""coast_arc"": 99982}","{""intercept_possible_poor_alignment"": 100000}",0.01960784313725499,0.5260135675057651,-0.12535721577320472,-0.5422358781238094,0.5259671295358843,0.5421962744625494,0.970206527515042,False,0,18,0,99982,0,1,0,0,0,0,0,False,0.0,,0,,0.0,,,,,,{},{},,False
phase23_windowed_insertion_solver,1.05,150.0,10000.0,1.0,False,False,False,False,,,,,,False,,,False,0,,375000204863.0635,394424709804.75195,1932.326912783091,100000,False,True,max_steps,coast_arc,"{""burn_a"": 24, ""coast_arc"": 99976}","{""intercept_possible_poor_alignment"": 100000}",0.04761904761904765,0.688989201875164,-0.11258803253505753,-0.9833255016508394,0.6889255822599637,0.9832166586220563,0.945613346805704,False,0,24,0,99976,0,1,0,0,0,0,0,False,0.0,,0,,0.0,,,,,,{},{},,False
phase23_windowed_insertion_solver,0.98,165.0,10000.0,1.0,False,False,False,False,,,,,,False,,,False,0,,149444500593.5254,149444500593.5254,55.396045015333385,100000,False,True,max_steps,phase76_handoff,"{""burn_a"": 18, ""burn_b"": 46, ""coast_arc"": 1, ""phase76_handoff"": 99935}","{""insertion_window"": 99493, ""intercept_possible_poor_alignment"": 13, ""no_intercept_possible"": 494}",0.020408163265306076,1.0132924114247008,-0.04378221735089306,-0.83799051188427,1.0130510584694141,0.99937651943729,1.407866913416998,False,0,18,46,1,0,1,1,1,1,1,0,True,0.0,1363699,322,-0.11310237073659576,0.0,,,,,,{},{},,False
phase23_windowed_insertion_solver,1.0,165.0,10000.0,1.0,True,True,True,True,-8.88966729674766,-3994.6531548940916,-0.0021129824297496515,-0.9494879445402064,-488.6103515625,False,0.7621259346130128,0.026098185272395925,False,1,243,206.97265625,277.3115234375,17.30631244279581,460,True,False,success,phase76_handoff,"{""phase76_handoff"": 243}","{""handoff_ready"": 211, ""insertion_window"": 148, ""intercept_possible_poor_alignment"": 101}",2.104654818683916e-16,7.393778657325719e-11,-0.034074173710931875,-3.6968672685193056e-11,0.5219687416576904,0.504706529929417,1.0000000000000058,False,0,0,0,0,0,1,0,0,0,0,243,True,0.5282608695652173,0,0,,0.0,,,,,,{},{},,True
phase23_windowed_insertion_solver,1.02,165.0,10000.0,1.0,False,False,False,False,,,,,,False,,,False,0,,150000107669.6914,160441587470.6494,1036.6874215977077,100000,False,True,max_steps,coast_arc,"{""burn_a"": 18, ""coast_arc"": 99982}","{""intercept_possible_poor_alignment"": 100000}",0.019607843137254777,0.5984167021628569,-0.024462734730208335,-0.44147204670352974,0.5983633829346504,0.44143243075425637,0.9681341043581951,False,0,18,0,99982,0,1,0,0,0,0,0,False,0.0,,0,,0.0,,,,,,{},{},,False
phase23_windowed_insertion_solver,1.05,165.0,10000.0,1.0,False,False,False,False,,,,,,False,,,False,0,,375000106044.8506,385004623547.50195,990.4416383030277,100000,False,True,max_steps,coast_arc,"{""burn_a"": 24, ""coast_arc"": 99976}","{""intercept_possible_poor_alignment"": 100000}",0.04761904761904765,0.8342172773759577,-0.010220561444707415,-0.8812168819651444,0.834135488220382,0.8811080071639357,0.9424168952861584,False,0,24,0,99976,0,1,0,0,0,0,0,False,0.0,,0,,0.0,,,,,,{},{},,False
phase23_windowed_insertion_solver,0.98,170.0,10000.0,1.0,False,False,False,False,,,,,,False,,,False,0,,149445192711.57422,149445192711.57422,55.396045076535756,100000,False,True,max_steps,phase76_handoff,"{""burn_a"": 18, ""burn_b"": 46, ""coast_arc"": 1, ""phase76_handoff"": 99935}","{""insertion_window"": 99493, ""intercept_possible_poor_alignment"": 13, ""no_intercept_possible"": 494}",0.020408163265306496,1.0132924384534145,-0.025090063551973553,-0.8379900409976373,1.013055489093193,0.9993805535598626,1.4140588231546323,False,0,18,46,1,0,1,1,1,1,1,0,True,0.0,1396201,322,-0.11310222307011084,0.0,,,,,,{},{},,False
phase23_windowed_insertion_solver,1.0,170.0,10000.0,1.0,True,True,True,True,-627.8014830847948,-3075.3016548794985,-0.1492219516037754,-0.7309675543558039,-43366.4140625,False,0.7638403911913622,0.018126425876468198,False,1,3843,15013.0810546875,48971.787109375,233.64182222797018,4059,True,False,success,phase76_handoff,"{""phase76_handoff"": 3843}","{""handoff_ready"": 212, ""insertion_window"": 1791, ""intercept_possible_poor_alignment"": 2056}",2.104654818683916e-16,1.3059133116941239e-08,-0.015192246987791962,-6.529566633759087e-09,0.9258990373606751,0.919683014238784,1.000000000000005,False,0,0,0,0,0,1,0,0,0,0,3843,True,0.9467849223946785,0,0,,0.0,,,,,,{},{},,True
phase23_windowed_insertion_solver,1.02,170.0,10000.0,1.0,False,False,False,False,,,,,,False,,,False,0,,150000072238.28223,156982010040.14062,690.9551264900366,100000,False,True,max_steps,coast_arc,"{""burn_a"": 18, ""coast_arc"": 99982}","{""intercept_possible_poor_alignment"": 100000}",0.01960784313725499,0.6120028652346886,-0.005392923511594131,-0.42242841375953827,0.6119482547325864,0.422388795352401,0.9677447593910704,False,0,18,0,99982,0,1,0,0,0,0,0,False,0.0,,0,,0.0,,,,,,{},{},,False
phase23_windowed_insertion_solver,1.05,170.0,10000.0,1.0,False,False,False,False,,,,,,False,,,False,0,,375000071148.1328,381678095048.9453,657.8331856588024,100000,False,True,max_steps,coast_arc,"{""burn_a"": 24, ""coast_arc"": 99976}","{""intercept_possible_poor_alignment"": 100000}",0.047619047619047436,0.8614744017992496,0.009127655905139585,-0.8619205445269049,0.8613892022927113,0.8618118459216247,0.9418158667040529,False,0,24,0,99976,0,1,0,0,0,0,0,False,0.0,,0,,0.0,,,,,,{},{},,False
phase23_windowed_insertion_solver,0.98,175.0,10000.0,1.0,False,False,False,False,,,,,,False,,,False,0,,149445929329.00195,149445929329.00195,55.39604502208538,100000,False,True,max_steps,phase76_handoff,"{""burn_a"": 18, ""burn_b"": 46, ""coast_arc"": 1, ""phase76_handoff"": 99935}","{""insertion_window"": 99493, ""intercept_possible_poor_alignment"": 13, ""no_intercept_possible"": 494}",0.020408163265306287,1.0132927897297004,-0.013817563036137981,-0.8379904893747933,1.0130549117659124,0.9993818004512858,1.4177865926601643,False,0,18,46,1,0,1,1,1,1,1,0,True,0.0,1396190,322,-0.11310211101611459,0.0,,,,,,{},{},,False
phase23_windowed_insertion_solver,1.0,175.0,10000.0,1.0,True,True,True,True,-75.56244302967407,-3051.944929061562,-0.017960415068522723,-0.7254159010011462,-4019.8388671875,False,0.6018852194191227,0.016617452634956786,False,1,44,1625.736328125,2204.3291015625,8.84814968539807,260,True,False,success,phase76_handoff,"{""phase76_handoff"": 44}","{""handoff_ready"": 212, ""insertion_window"": 27, ""intercept_possible_poor_alignment"": 21}",2.104654818683916e-16,5.878098861721584e-10,-0.0038053019082545138,-2.9390490934242894e-10,0.172384283833011,0.1599501633935743,1.0000000000000058,False,0,0,0,0,0,1,0,0,0,0,44,True,0.16923076923076924,0,0,,0.0,,,,,,{},{},,True
phase23_windowed_insertion_solver,1.02,175.0,10000.0,1.0,False,False,False,False,,,,,,False,,,False,0,,150000036257.10254,153467813905.25684,339.6743835014483,100000,False,True,max_steps,coast_arc,"{""burn_a"": 18, ""coast_arc"": 99982}","{""intercept_possible_poor_alignment"": 100000}",0.019607843137254777,0.6201809395377146,0.006107327294770394,-0.4109440743069493,0.6201255517614975,0.41090457655646745,0.9675103243982137,False,0,18,0,99982,0,1,0,0,0,0,0,False,0.0,,0,,0.0,,,,,,{},{},,False
phase23_windowed_insertion_solver,1.05,175.0,10000.0,1.0,False,False,False,False,,,,,,False,,,False,0,,375000035709.94434,378299802772.33594,320.0328212813924,100000,False,True,max_steps,coast_arc,"{""burn_a"": 24, ""coast_arc"": 99976}","{""intercept_possible_poor_alignment"": 100000}",0.04761904761904765,0.8778826423135261,0.020795802465610375,-0.8502839455188016,0.8777953898093113,0.8501754764207773,0.9414538917187043,False,0,24,0,99976,0,1,0,0,0,0,0,False,0.0,,0,,0.0,,,,,,{},{},,False
phase23_windowed_insertion_solver,0.98,150.0,12000.0,1.0,False,False,False,False,,,,,,False,,,False,0,,149331347032.83105,149331347032.83105,66.48066363166866,100000,False,True,max_steps,phase76_handoff,"{""burn_a"": 18, ""burn_b"": 46, ""coast_arc"": 1, ""phase76_handoff"": 99935}","{""insertion_window"": 99895, ""no_intercept_possible"": 105}",0.020408163265306076,0.9985053549042343,-0.1426785900258876,-1.2006418054227639,1.0011413146172081,0.9993738701728011,1.4506621815840994,False,0,18,46,1,0,1,1,1,1,1,0,True,0.0,705902,322,-0.11310278474502528,0.0,,,,,,{},{},,False
phase23_windowed_insertion_solver,1.0,150.0,12000.0,1.0,True,True,True,True,-80.49851164523518,-3051.369756909111,-0.019133667779626447,-0.7252791884998071,-3681.29296875,False,0.6031837526262365,0.014364654403677601,False,3,114,148.345703125,755.0380859375,26.347138132160573,326,True,False,success,phase76_handoff,"{""phase76_handoff"": 114}","{""handoff_ready"": 209, ""insertion_window"": 68, ""intercept_possible_poor_alignment"": 49}",0.0,2.0133359507560395e-10,-0.13397459621556124,-1.0066672571051816e-10,0.34060435774997916,0.3252353379979766,1.0000000000000049,False,0,0,0,0,0,1,0,0,0,0,114,True,0.3496932515337423,0,0,,0.0,,,,,,{},{},,True
phase23_windowed_insertion_solver,1.02,150.0,12000.0,1.0,False,False,False,False,,,,,,False,,,False,0,,150000207945.22168,170126484326.28125,2003.3783570709747,100000,False,True,max_steps,coast_arc,"{""burn_a"": 18, ""coast_arc"": 99982}","{""intercept_possible_poor_alignment"": 100000}",0.01960784313725499,0.5949826592357413,-0.12535721577320472,-0.6256125947607882,0.5949318710010427,0.6255650702431684,0.966233028349279,False,0,18,0,99982,0,1,0,0,0,0,0,False,0.0,,0,,0.0,,,,,,{},{},,False
phase23_windowed_insertion_solver,1.05,150.0,12000.0,1.0,False,False,False,False,,,,,,False,,,False,0,,375000204777.94336,394233377317.86523,1913.4274862819768,100000,False,True,max_steps,coast_arc,"{""burn_a"": 24, ""coast_arc"": 99976}","{""intercept_possible_poor_alignment"": 100000}",0.04761904761904765,0.671004746308642,-0.11258803253505753,-1.1574769648215892,0.6709554765172211,1.1573463525313261,0.9395914607338702,False,0,24,0,99976,0,1,0,0,0,0,0,False,0.0,,0,,0.0,,,,,,{},{},,False
phase23_windowed_insertion_solver,0.98,165.0,12000.0,1.0,False,False,False,False,,,,,,False,,,False,0,,149333442944.1504,149333442944.1504,66.48066370680986,100000,False,True,max_steps,phase76_handoff,"{""burn_a"": 18, ""burn_b"": 46, ""coast_arc"": 1, ""phase76_handoff"": 99935}","{""insertion_window"": 99882, ""no_intercept_possible"": 118}",0.020408163265306076,0.9985059289465934,-0.04378221735089306,-1.2006417604496873,1.0011559423101701,0.9993874619108479,1.4881393694525158,False,0,18,46,1,0,1,1,1,1,1,0,True,0.0,1363699,322,-0.11310242998269356,0.0,,,,,,{},{},,False
phase23_windowed_insertion_solver,1.0,165.0,12000.0,1.0,True,True,True,True,-29.385295636110204,-3791.606204635221,-0.0069845823583089784,-0.9012257740911267,-579.7763671875,False,0.7293621181801756,0.02031839432766244,False,2,105,135.919921875,502.3330078125,21.192783332264064,318,True,False,success,phase76_handoff,"{""phase76_handoff"": 105}","{""handoff_ready"": 209, ""insertion_window"": 63, ""intercept_possible_poor_alignment"": 46}",2.104654818683916e-16,1.3396506758790487e-10,-0.034074173710931875,6.698273464708606e-11,0.3259054175294539,0.3132262829276735,1.0000000000000049,False,0,0,0,0,0,1,0,0,0,0,105,True,0.330188679245283,0,0,,0.0,,,,,,{},{},,True
phase23_windowed_insertion_solver,1.02,165.0,12000.0,1.0,False,False,False,False,,,,,,False,,,False,0,,150000107640.30566,160380456647.33496,1029.6655733346424,100000,False,True,max_steps,coast_arc,"{""burn_a"": 18, ""coast_arc"": 99982}","{""intercept_possible_poor_alignment"": 100000}",0.019607843137254777,0.681889445443471,-0.024462734730208335,-0.5248741722115695,0.6818303967699995,0.5248266330392679,0.9637353295947576,False,0,18,0,99982,0,1,0,0,0,0,0,False,0.0,,0,,0.0,,,,,,{},{},,False
phase23_windowed_insertion_solver,1.05,165.0,12000.0,1.0,False,False,False,False,,,,,,False,,,False,0,,375000106000.7754,384903140850.61426,980.1854391913504,100000,False,True,max_steps,coast_arc,"{""burn_a"": 24, ""coast_arc"": 99976}","{""intercept_possible_poor_alignment"": 100000}",0.04761904761904765,0.8453702873813108,-0.010220561444707415,-1.055417207463039,0.8452991988716839,1.0552865575263188,0.9357297215169665,False,0,24,0,99976,0,1,0,0,0,0,0,False,0.0,,0,,0.0,,,,,,{},{},,False
phase23_windowed_insertion_solver,0.98,170.0,12000.0,1.0,False,False,False,False,,,,,,False,,,False,0,,149334136031.55762,149334136031.55762,66.48066370780533,100000,False,True,max_steps,phase76_handoff,"{""burn_a"": 18, ""burn_b"": 46, ""coast_arc"": 1, ""phase76_handoff"": 99935}","{""insertion_window"": 99881, ""no_intercept_possible"": 119}",0.020408163265306496,0.9985061212500331,-0.025090063551973553,-1.2006417416971429,1.001158728503326,0.9993906765223984,1.4951659464547258,False,0,18,46,1,0,1,1,1,1,1,0,True,0.0,2032565,322,-0.11310230490193082,0.0,,,,,,{},{},,False
phase23_windowed_insertion_solver,1.0,170.0,12000.0,1.0,True,True,True,True,-30.099257367256808,-2552.5823086070577,-0.007154283714171683,-0.6067225452351612,-1052.3896484375,False,0.49396317678545365,0.010598707260321274,False,6,1010,10.53125,67.607421875,14.814055285645287,1222,True,False,success,phase76_handoff,"{""phase76_handoff"": 1010}","{""handoff_ready"": 209, ""insertion_window"": 560, ""intercept_possible_poor_alignment"": 453}",2.104654818683916e-16,1.8038365054494238e-11,-0.015192246987791962,9.019278608507897e-12,0.7941505641062065,0.769303524146656,1.0000000000000049,False,0,0,0,0,0,1,0,0,0,0,1010,True,0.8265139116202946,0,0,,0.0,,,,,,{},{},,True
phase23_windowed_insertion_solver,1.02,170.0,12000.0,1.0,False,False,False,False,,,,,,False,,,False,0,,150000072218.56543,156937486231.89258,685.5597949833151,100000,False,True,max_steps,coast_arc,"{""burn_a"": 18, ""coast_arc"": 99982}","{""intercept_possible_poor_alignment"": 100000}",0.01960784313725499,0.6981974715878331,-0.005392923511594131,-0.5058356298554714,0.6981368727963326,0.5057880877520339,0.963265962265492,False,0,18,0,99982,0,1,0,0,0,0,0,False,0.0,,0,,0.0,,,,,,{},{},,False
phase23_windowed_insertion_solver,1.05,170.0,12000.0,1.0,False,False,False,False,,,,,,False,,,False,0,,375000071118.5596,381608948690.8535,650.7459705683316,100000,False,True,max_steps,coast_arc,"{""burn_a"": 24, ""coast_arc"": 99976}","{""intercept_possible_poor_alignment"": 100000}",0.047619047619047436,0.8780972997267489,0.009127655905139585,-1.0361306609375238,0.8780221157248826,1.0360001860219383,0.9350032816756486,False,0,24,0,99976,0,1,0,0,0,0,0,False,0.0,,0,,0.0,,,,,,{},{},,False
phase23_windowed_insertion_solver,0.98,175.0,12000.0,1.0,False,False,False,False,,,,,,False,,,False,0,,149334872388.22656,149334872388.22656,66.48066352573866,100000,False,True,max_steps,phase76_handoff,"{""burn_a"": 18, ""burn_b"": 46, ""coast_arc"": 1, ""phase76_handoff"": 99935}","{""insertion_window"": 99898, ""no_intercept_possible"": 102}",0.020408163265306287,0.9985063445673,-0.013817563036137981,-1.200641691981174,1.0011615566080545,0.9993933510006996,1.4993951176966982,False,0,18,46,1,0,1,1,1,1,1,0,True,0.0,4049661,322,-0.1131020164683349,0.0,,,,,,{},{},,False
phase23_windowed_insertion_solver,1.0,175.0,12000.0,1.0,True,True,True,True,-67.92548656141525,-2582.702318568411,-0.016145189110617915,-0.6138817616273774,-5157.419921875,False,0.5104796369222995,0.010969941268989187,False,1,43,1216.3447265625,2626.7353515625,7.257112147984378,255,True,False,success,phase76_handoff,"{""phase76_handoff"": 43}","{""handoff_ready"": 209, ""insertion_window"": 26, ""intercept_possible_poor_alignment"": 20}",2.104654818683916e-16,7.004529062574584e-10,-0.0038053019082545138,-3.5022646825758274e-10,0.16585029829326867,0.15445766656619989,1.0000000000000049,False,0,0,0,0,0,1,0,0,0,0,43,True,0.16862745098039217,0,0,,0.0,,,,,,{},{},,True
phase23_windowed_insertion_solver,1.02,175.0,12000.0,1.0,False,False,False,False,,,,,,False,,,False,0,,150000036247.20605,153440302747.25977,335.9593860876791,100000,False,True,max_steps,coast_arc,"{""burn_a"": 18, ""coast_arc"": 99982}","{""intercept_possible_poor_alignment"": 100000}",0.019607843137254777,0.7080140146639551,0.006107327294770394,-0.4943543840493252,0.7079524827799724,0.49430696231574167,0.9629833240498897,False,0,18,0,99982,0,1,0,0,0,0,0,False,0.0,,0,,0.0,,,,,,{},{},,False
phase23_windowed_insertion_solver,1.05,175.0,12000.0,1.0,False,False,False,False,,,,,,False,,,False,0,,375000035695.10156,378263780650.0596,316.2190925781402,100000,False,True,max_steps,coast_arc,"{""burn_a"": 24, ""coast_arc"": 99976}","{""intercept_possible_poor_alignment"": 100000}",0.04761904761904765,0.8977985573807181,0.020795802465610375,-1.0245000139379012,0.89772090788909,1.0243697678174712,0.9345657275839377,False,0,24,0,99976,0,1,0,0,0,0,0,False,0.0,,0,,0.0,,,,,,{},{},,False
phase24_precision_insertion_geometry,0.98,150.0,8000.0,1.0,False,False,False,False,,,,,,False,,,False,0,,149532425267.17285,149532425267.17285,44.31689111030022,100000,False,True,max_steps,phase76_handoff,"{""burn_a"": 18, ""burn_b"": 12, ""burn_b_timing_wait"": 96, ""coast_arc"": 1, ""phase76_handoff"": 99873}","{""insertion_window"": 99662, ""no_intercept_possible"": 338}",0.020408163265306076,1.0230399870696187,-0.1426785900258876,-1.1300823048152544,1.022776750331478,0.9988939164382077,1.2998219393460562,False,0,18,12,1,0,1,1,1,1,1,0,True,0.0,705902,225,-0.16795011014687616,0.0,96,-111.9758878197281,0.18,12,timing_first,"{""angular_momentum_error_ratio"": 0.17773686532523883, ""energy_error_ratio"": 0.6487217985732481, ""r_error_ratio"": -0.01999946748038763, ""vr_ratio"": 0.49525942384523597, ""vt_error_ratio"": 0.20177165852883766}","{""angular_momentum_error_ratio"": -0.01350295246843733, ""energy_error_ratio"": -0.027376572505996382, ""r_error_ratio"": -0.01999665757523034, ""vr_ratio"": 0.01168215479420565, ""vt_error_ratio"": 0.006626207101218585}",-0.16795011014687616,False
phase24_precision_insertion_geometry,1.0,150.0,8000.0,1.0,True,True,True,True,-25.192574395203952,-3281.9890635371144,-0.005988015668111895,-0.7800950243010297,-1460.0703125,False,0.6312616384372342,0.022897899677950195,False,1,631,473.6396484375,1334.857421875,19.644712995676638,852,True,False,success,phase76_handoff,"{""phase76_handoff"": 631}","{""handoff_ready"": 216, ""insertion_window"": 382, ""intercept_possible_poor_alignment"": 254}",0.0,3.55947010158653e-10,-0.13397459621556124,-1.7797318008717732e-10,0.730935153977333,0.7067683357255949,1.0000000000000073,False,0,0,0,0,0,1,0,0,0,0,631,True,0.7406103286384976,0,0,,0.0,,,,,,{},{},,True
phase24_precision_insertion_geometry,1.02,150.0,8000.0,1.0,False,False,False,False,,,,,,False,,,False,0,,150000208058.7246,170343025558.44434,2026.6388578588494,100000,False,True,max_steps,coast_arc,"{""burn_a"": 18, ""coast_arc"": 99982}","{""intercept_possible_poor_alignment"": 100000}",0.01960784313725499,0.44365947118547316,-0.12535721577320472,-0.4588594855455239,0.44361905538495505,0.4588278026998162,0.9741850063012878,False,0,18,0,99982,0,1,0,0,0,0,0,False,0.0,,0,,0.0,,,,,,{},{},,False
phase24_precision_insertion_geometry,1.05,150.0,8000.0,1.0,False,False,False,False,,,,,,False,,,False,0,,375000204948.18164,394624067795.2461,1952.6134973316935,100000,False,True,max_steps,coast_arc,"{""burn_a"": 24, ""coast_arc"": 99976}","{""intercept_possible_poor_alignment"": 100000}",0.04761904761904765,0.6518721252678656,-0.11258803253505753,-0.8091753282905207,0.6518032612188849,0.809088254310838,0.9516473510587419,False,0,24,0,99976,0,1,0,0,0,0,0,False,0.0,,0,,0.0,,,,,,{},{},,False
phase24_precision_insertion_geometry,0.98,165.0,8000.0,1.0,False,False,False,False,,,,,,False,,,False,0,,149548566719.20312,149548566719.20312,44.3247376582446,100000,False,True,max_steps,phase76_handoff,"{""burn_a"": 18, ""burn_b"": 12, ""burn_b_timing_wait"": 60, ""coast_arc"": 1, ""phase76_handoff"": 99909}","{""insertion_window"": 99992, ""intercept_possible_poor_alignment"": 6, ""no_intercept_possible"": 2}",0.020408163265306076,1.0241292915836355,-0.04378221735089306,-1.1253214857698288,1.022977116241044,0.9992651750021008,1.3277791329177384,False,0,18,12,1,0,1,1,1,1,1,0,True,0.0,1363699,225,-0.14443928530887062,0.0,60,-135.55243426843825,0.18,12,balanced_circularization,"{""angular_momentum_error_ratio"": 0.2767395354455463, ""energy_error_ratio"": 0.7221816433682448, ""r_error_ratio"": -0.01999972434845573, ""vr_ratio"": 0.25636376674700956, ""vt_error_ratio"": 0.302795077885787}","{""angular_momentum_error_ratio"": 0.011410721483131934, ""energy_error_ratio"": 0.024399144938813854, ""r_error_ratio"": -0.01999881348315768, ""vr_ratio"": -0.009206053931697138, ""vt_error_ratio"": 0.03205050707941133}",-0.14443928530887062,False
phase24_precision_insertion_geometry,1.0,165.0,8000.0,1.0,True,True,True,True,-88.06929902399378,-3143.494158607936,-0.020933166025926386,-0.7471762106990555,-2645.9189453125,False,0.6228607681431453,0.021398883100412866,False,1,182,2175.0126953125,2201.5400390625,24.039640678408468,403,True,False,success,phase76_handoff,"{""phase76_handoff"": 182}","{""handoff_ready"": 216, ""insertion_window"": 109, ""intercept_possible_poor_alignment"": 78}",2.104654818683916e-16,5.870625232460438e-10,-0.034074173710931875,-2.935310709686659e-10,0.4505343981162966,0.4324346135808888,1.0000000000000073,False,0,0,0,0,0,1,0,0,0,0,182,True,0.45161290322580644,1,0,,0.0,,,,,,{},{},,True
phase24_precision_insertion_geometry,1.02,165.0,8000.0,1.0,False,False,False,False,,,,,,False,,,False,0,,150000107699.07715,160504502316.9912,1044.0342145911768,100000,False,True,max_steps,coast_arc,"{""burn_a"": 18, ""coast_arc"": 99982}","{""intercept_possible_poor_alignment"": 100000}",0.019607843137254777,0.5015665861185644,-0.024462734730208335,-0.3580700078271545,0.5015206672753344,0.3580383150899955,0.9725342061045669,False,0,18,0,99982,0,1,0,0,0,0,0,False,0.0,,0,,0.0,,,,,,{},{},,False
phase24_precision_insertion_geometry,1.05,165.0,8000.0,1.0,False,False,False,False,,,,,,False,,,False,0,,375000106088.9248,385113246594.83887,1001.998143845107,100000,False,True,max_steps,coast_arc,"{""burn_a"": 24, ""coast_arc"": 99976}","{""intercept_possible_poor_alignment"": 100000}",0.04761904761904765,0.7679929840763221,-0.010220561444707415,-0.7070169013260886,0.7679095772321304,0.7069298016036287,0.9491073110340807,False,0,24,0,99976,0,1,0,0,0,0,0,False,0.0,,0,,0.0,,,,,,{},{},,False
phase24_precision_insertion_geometry,0.98,170.0,8000.0,1.0,False,False,False,False,,,,,,False,,,False,0,,149551618080.94238,149551618080.94238,44.325631004266484,100000,False,True,max_steps,phase76_handoff,"{""burn_a"": 18, ""burn_b"": 12, ""burn_b_timing_wait"": 60, ""coast_arc"": 1, ""phase76_handoff"": 99909}","{""insertion_window"": 99663, ""intercept_possible_poor_alignment"": 4, ""no_intercept_possible"": 333}",0.020408163265306496,1.0231390053190854,-0.025090063551973553,-1.128918206575331,1.0229894572710039,0.9992822718670276,1.3330339359186443,False,0,18,12,1,0,1,1,1,1,1,0,True,0.0,2032565,225,-0.14072869852226833,0.0,60,-148.3278441364129,0.18,12,balanced_circularization,"{""angular_momentum_error_ratio"": 0.29545318743911425, ""energy_error_ratio"": 0.7361635128216514, ""r_error_ratio"": -0.019999815058560286, ""vr_ratio"": 0.17200080752843205, ""vt_error_ratio"": 0.32189075812932055}","{""angular_momentum_error_ratio"": 0.018680321748846627, ""energy_error_ratio"": 0.0396858572665416, ""r_error_ratio"": -0.019999207701126953, ""vr_ratio"": -0.0022339045416812408, ""vt_error_ratio"": 0.03946887569268149}",-0.14072869852226833,False
phase24_precision_insertion_geometry,1.0,170.0,8000.0,1.0,True,True,True,True,-26.609700880474676,-3835.407376660934,-0.006324852049514541,-0.911636861908399,-2190.5517578125,False,0.7368993122782103,0.029925929496057102,False,1,2307,470.41796875,2058.1533203125,20.503655353634183,2529,True,False,success,phase76_handoff,"{""phase76_handoff"": 2307}","{""handoff_ready"": 216, ""insertion_window"": 1096, ""intercept_possible_poor_alignment"": 1217}",2.104654818683916e-16,5.488264172930856e-10,-0.015192246987791962,-2.744130855547726e-10,0.8975993091151757,0.8706165037730679,1.0000000000000073,False,0,0,0,0,0,1,0,0,0,0,2307,True,0.9122182680901542,0,0,,0.0,,,,,,{},{},,True
phase24_precision_insertion_geometry,1.02,170.0,8000.0,1.0,False,False,False,False,,,,,,False,,,False,0,,150000072257.99902,157028239961.47754,696.6677659893638,100000,False,True,max_steps,coast_arc,"{""burn_a"": 18, ""coast_arc"": 99982}","{""intercept_possible_poor_alignment"": 100000}",0.01960784313725499,0.5124324209772779,-0.005392923511594131,-0.3390212365297166,0.5123854695101537,0.33898954181399565,0.9722241532219635,False,0,18,0,99982,0,1,0,0,0,0,0,False,0.0,,0,,0.0,,,,,,{},{},,False
phase24_precision_insertion_geometry,1.05,170.0,8000.0,1.0,False,False,False,False,,,,,,False,,,False,0,,375000071177.7051,381754068109.56836,666.18989069654,100000,False,True,max_steps,coast_arc,"{""burn_a"": 24, ""coast_arc"": 99976}","{""intercept_possible_poor_alignment"": 100000}",0.047619047619047436,0.7897863012180721,0.009127655905139585,-0.6877105828689392,0.7897001681552682,0.6876236605485023,0.9486299106362504,False,0,24,0,99976,0,1,0,0,0,0,0,False,0.0,,0,,0.0,,,,,,{},{},,False
phase24_precision_insertion_geometry,0.98,175.0,8000.0,1.0,False,False,False,False,,,,,,False,,,False,0,,149553535271.83105,149553535271.83105,44.32254144046101,100000,False,True,max_steps,phase76_handoff,"{""burn_a"": 18, ""burn_b"": 12, ""burn_b_timing_wait"": 96, ""coast_arc"": 1, ""phase76_handoff"": 99873}","{""insertion_window"": 99462, ""intercept_possible_poor_alignment"": 8, ""no_intercept_possible"": 530}",0.020408163265306287,1.0246325564574825,-0.013817563036137981,-1.1236550612988263,1.0228863509154016,0.999045211315736,1.3361986501889813,False,0,18,12,1,0,1,1,1,1,1,0,True,0.0,1569119,225,-0.16938926405934132,0.0,96,-163.51905870635457,0.18,12,balanced_circularization,"{""angular_momentum_error_ratio"": 0.3067389421076711, ""energy_error_ratio"": 0.7446106894542571, ""r_error_ratio"": -0.01999990717603047, ""vr_ratio"": 0.08632907049245486, ""vt_error_ratio"": 0.3334069574852493}","{""angular_momentum_error_ratio"": -0.005106745418798967, ""energy_error_ratio"": -0.010129996684945183, ""r_error_ratio"": -0.019999429491678777, ""vr_ratio"": -0.0078095962048642335, ""vt_error_ratio"": 0.015196607554172245}",-0.16938926405934132,False
phase24_precision_insertion_geometry,1.0,175.0,8000.0,1.0,True,True,True,True,-35.33209647045934,-3439.731965189568,-0.00839807571601849,-0.8175888886362344,-454.1748046875,False,0.6641488018287663,0.02482508985438676,False,1,86,265.2685546875,277.490234375,8.86631054729974,307,True,False,success,phase76_handoff,"{""phase76_handoff"": 86}","{""handoff_ready"": 215, ""insertion_window"": 52, ""intercept_possible_poor_alignment"": 40}",2.104654818683916e-16,7.398261572089514e-11,-0.0038053019082545138,-3.6991364129378737e-11,0.2861142806458803,0.2677516417374583,1.0000000000000073,False,0,0,0,0,0,1,0,0,0,0,86,True,0.28013029315960913,1,0,,0.0,,,,,,{},{},,True
phase24_precision_insertion_geometry,1.02,175.0,8000.0,1.0,False,False,False,False,,,,,,False,,,False,0,,150000036266.99902,153496951935.50977,343.6989150753124,100000,False,True,max_steps,coast_arc,"{""burn_a"": 18, ""coast_arc"": 99982}","{""intercept_possible_poor_alignment"": 100000}",0.019607843137254777,0.5189729724889153,0.006107327294770394,-0.32753377425067104,0.5189253994462651,0.327502200482083,0.9720374749698517,False,0,18,0,99982,0,1,0,0,0,0,0,False,0.0,,0,,0.0,,,,,,{},{},,False
phase24_precision_insertion_geometry,1.05,175.0,8000.0,1.0,False,False,False,False,,,,,,False,,,False,0,,375000035724.7881,378342332637.4072,325.08467696479426,100000,False,True,max_steps,coast_arc,"{""burn_a"": 24, ""coast_arc"": 99976}","{""intercept_possible_poor_alignment"": 100000}",0.04761904761904765,0.8029052688622864,0.020795802465610375,-0.6760679156965376,0.8028174946721713,0.6759812236145738,0.9483424233034455,False,0,24,0,99976,0,1,0,0,0,0,0,False,0.0,,0,,0.0,,,,,,{},{},,False
phase24_precision_insertion_geometry,0.98,150.0,10000.0,1.0,False,False,False,False,,,,,,False,,,False,0,,149422888489.60742,149422888489.60742,55.40326480899943,100000,False,True,max_steps,phase76_handoff,"{""burn_a"": 18, ""burn_b"": 6, ""burn_b_timing_wait"": 96, ""coast_arc"": 1, ""phase76_handoff"": 99879}","{""insertion_window"": 99663, ""intercept_possible_poor_alignment"": 3, ""no_intercept_possible"": 334}",0.020408163265306076,1.0114343192684554,-0.1426785900258876,-0.8331556117995375,1.0132766717310424,0.9990443471455053,1.374876627303795,False,0,18,6,1,0,1,1,1,1,1,0,True,0.0,705902,225,-0.16609599162159708,0.0,96,-119.55389779175785,0.42,6,timing_first,"{""angular_momentum_error_ratio"": 0.2578415599813004, ""energy_error_ratio"": 0.8494704621631978, ""r_error_ratio"": -0.01999946891827474, ""vr_ratio"": 0.4928335804732481, ""vt_error_ratio"": 0.28351110033878657}","{""angular_momentum_error_ratio"": -0.00950217089618429, ""energy_error_ratio"": -0.019140010696973502, ""r_error_ratio"": -0.019996771802494533, ""vr_ratio"": 0.01172321581473077, ""vt_error_ratio"": 0.01070874115957013}",-0.16609599162159708,False
phase24_precision_insertion_geometry,1.0,150.0,10000.0,1.0,True,True,True,True,-6.276680836972505,-4026.540150778171,-0.0014919024394221608,-0.9570671553015822,-547.65234375,False,0.7674440072415927,0.02644763969103196,False,1,413,80.015625,399.2158203125,22.040497429913927,630,True,False,success,phase76_handoff,"{""phase76_handoff"": 413}","{""handoff_ready"": 211, ""insertion_window"": 251, ""intercept_possible_poor_alignment"": 168}",0.0,1.0644565350620334e-10,-0.13397459621556124,-5.3222465417905946e-11,0.6430051106494269,0.6187930017814905,1.000000000000006,False,0,0,0,0,0,1,0,0,0,0,413,True,0.6555555555555556,0,0,,0.0,,,,,,{},{},,True
phase24_precision_insertion_geometry,1.02,150.0,10000.0,1.0,False,False,False,False,,,,,,False,,,False,0,,150000208001.97266,170233753030.82324,2014.8353784766816,100000,False,True,max_steps,coast_arc,"{""burn_a"": 18, ""coast_arc"": 99982}","{""intercept_possible_poor_alignment"": 100000}",0.01960784313725499,0.5260135675057651,-0.12535721577320472,-0.5422358781238094,0.5259671295358843,0.5421962744625494,0.970206527515042,False,0,18,0,99982,0,1,0,0,0,0,0,False,0.0,,0,,0.0,,,,,,{},{},,False
phase24_precision_insertion_geometry,1.05,150.0,10000.0,1.0,False,False,False,False,,,,,,False,,,False,0,,375000204863.0635,394424709804.75195,1932.326912783091,100000,False,True,max_steps,coast_arc,"{""burn_a"": 24, ""coast_arc"": 99976}","{""intercept_possible_poor_alignment"": 100000}",0.04761904761904765,0.688989201875164,-0.11258803253505753,-0.9833255016508394,0.6889255822599637,0.9832166586220563,0.945613346805704,False,0,24,0,99976,0,1,0,0,0,0,0,False,0.0,,0,,0.0,,,,,,{},{},,False
phase24_precision_insertion_geometry,0.98,165.0,10000.0,1.0,False,False,False,False,,,,,,False,,,False,0,,149434389510.47754,149434389510.47754,55.39604963229564,100000,False,True,max_steps,phase76_handoff,"{""burn_a"": 18, ""burn_b"": 12, ""burn_b_timing_wait"": 96, ""coast_arc"": 1, ""phase76_handoff"": 99873}","{""insertion_window"": 99834, ""intercept_possible_poor_alignment"": 7, ""no_intercept_possible"": 159}",0.020408163265306076,1.0139258599772747,-0.04378221735089306,-0.8398860452513792,1.0133465957925485,0.9991016720417278,1.407866913416998,False,0,18,12,1,0,1,1,1,1,1,0,True,0.0,1363699,225,-0.10721205651669811,0.0,96,-141.7573411752269,0.18,12,balanced_circularization,"{""angular_momentum_error_ratio"": 0.35687019721921753, ""energy_error_ratio"": 0.9412734620470542, ""r_error_ratio"": -0.019999725092979037, ""vr_ratio"": 0.2551077222901433, ""vt_error_ratio"": 0.38456103734047686}","{""angular_momentum_error_ratio"": 0.03759933009157425, ""energy_error_ratio"": 0.08019017771393208, ""r_error_ratio"": -0.01999830871874349, ""vr_ratio"": -0.0016486249711942858, ""vt_error_ratio"": 0.058772999396577014}",-0.10721205651669811,False
phase24_precision_insertion_geometry,1.0,165.0,10000.0,1.0,True,True,True,True,-8.88966729674766,-3994.6531548940916,-0.0021129824297496515,-0.9494879445402064,-488.6103515625,False,0.7621259346130128,0.026098185272395925,False,1,243,206.97265625,277.3115234375,17.30631244279581,460,True,False,success,phase76_handoff,"{""phase76_handoff"": 243}","{""handoff_ready"": 211, ""insertion_window"": 148, ""intercept_possible_poor_alignment"": 101}",2.104654818683916e-16,7.393778657325719e-11,-0.034074173710931875,-3.6968672685193056e-11,0.5219687416576904,0.504706529929417,1.0000000000000058,False,0,0,0,0,0,1,0,0,0,0,243,True,0.5282608695652173,0,0,,0.0,,,,,,{},{},,True
phase24_precision_insertion_geometry,1.02,165.0,10000.0,1.0,False,False,False,False,,,,,,False,,,False,0,,150000107669.6914,160441587470.6494,1036.6874215977077,100000,False,True,max_steps,coast_arc,"{""burn_a"": 18, ""coast_arc"": 99982}","{""intercept_possible_poor_alignment"": 100000}",0.019607843137254777,0.5984167021628569,-0.024462734730208335,-0.44147204670352974,0.5983633829346504,0.44143243075425637,0.9681341043581951,False,0,18,0,99982,0,1,0,0,0,0,0,False,0.0,,0,,0.0,,,,,,{},{},,False
phase24_precision_insertion_geometry,1.05,165.0,10000.0,1.0,False,False,False,False,,,,,,False,,,False,0,,375000106044.8506,385004623547.50195,990.4416383030277,100000,False,True,max_steps,coast_arc,"{""burn_a"": 24, ""coast_arc"": 99976}","{""intercept_possible_poor_alignment"": 100000}",0.04761904761904765,0.8342172773759577,-0.010220561444707415,-0.8812168819651444,0.834135488220382,0.8811080071639357,0.9424168952861584,False,0,24,0,99976,0,1,0,0,0,0,0,False,0.0,,0,,0.0,,,,,,{},{},,False
phase24_precision_insertion_geometry,0.98,170.0,10000.0,1.0,False,False,False,False,,,,,,False,,,False,0,,149440878870.00098,149440878870.00098,55.40399287547568,100000,False,True,max_steps,phase76_handoff,"{""burn_a"": 18, ""burn_b"": 6, ""burn_b_timing_wait"": 60, ""coast_arc"": 1, ""phase76_handoff"": 99915}","{""insertion_window"": 99715, ""intercept_possible_poor_alignment"": 4, ""no_intercept_possible"": 281}",0.020408163265306496,1.0154349294575726,-0.025090063551973553,-0.8451051164865062,1.0134250313064814,0.999397043643362,1.4140588231546323,False,0,18,6,1,0,1,1,1,1,1,0,True,0.0,2032565,225,-0.1000508428271561,0.0,60,-152.21316319781224,0.3,6,balanced_circularization,"{""angular_momentum_error_ratio"": 0.3755891011590561, ""energy_error_ratio"": 0.9587463929105391, ""r_error_ratio"": -0.019999815558097916, ""vr_ratio"": 0.17115808320313208, ""vt_error_ratio"": 0.40366208394382785}","{""angular_momentum_error_ratio"": 0.03308087709296096, ""energy_error_ratio"": 0.07061474628735531, ""r_error_ratio"": -0.01999922690214427, ""vr_ratio"": -0.013005356712609406, ""vt_error_ratio"": 0.05416332869546123}",-0.1000508428271561,False
phase24_precision_insertion_geometry,1.0,170.0,10000.0,1.0,True,True,True,True,-627.8014830847948,-3075.3016548794985,-0.1492219516037754,-0.7309675543558039,-43366.4140625,False,0.7638403911913622,0.018126425876468198,False,1,3843,15013.0810546875,48971.787109375,233.64182222797018,4059,True,False,success,phase76_handoff,"{""phase76_handoff"": 3843}","{""handoff_ready"": 212, ""insertion_window"": 1791, ""intercept_possible_poor_alignment"": 2056}",2.104654818683916e-16,1.3059133116941239e-08,-0.015192246987791962,-6.529566633759087e-09,0.9258990373606751,0.919683014238784,1.000000000000005,False,0,0,0,0,0,1,0,0,0,0,3843,True,0.9467849223946785,0,0,,0.0,,,,,,{},{},,True
phase24_precision_insertion_geometry,1.02,170.0,10000.0,1.0,False,False,False,False,,,,,,False,,,False,0,,150000072238.28223,156982010040.14062,690.9551264900366,100000,False,True,max_steps,coast_arc,"{""burn_a"": 18, ""coast_arc"": 99982}","{""intercept_possible_poor_alignment"": 100000}",0.01960784313725499,0.6120028652346886,-0.005392923511594131,-0.42242841375953827,0.6119482547325864,0.422388795352401,0.9677447593910704,False,0,18,0,99982,0,1,0,0,0,0,0,False,0.0,,0,,0.0,,,,,,{},{},,False
phase24_precision_insertion_geometry,1.05,170.0,10000.0,1.0,False,False,False,False,,,,,,False,,,False,0,,375000071148.1328,381678095048.9453,657.8331856588024,100000,False,True,max_steps,coast_arc,"{""burn_a"": 24, ""coast_arc"": 99976}","{""intercept_possible_poor_alignment"": 100000}",0.047619047619047436,0.8614744017992496,0.009127655905139585,-0.8619205445269049,0.8613892022927113,0.8618118459216247,0.9418158667040529,False,0,24,0,99976,0,1,0,0,0,0,0,False,0.0,,0,,0.0,,,,,,{},{},,False
phase24_precision_insertion_geometry,0.98,175.0,10000.0,1.0,False,False,False,False,,,,,,False,,,False,0,,149443874159.89453,149443874159.89453,55.397056265445634,100000,False,True,max_steps,phase76_handoff,"{""burn_a"": 18, ""burn_b"": 12, ""burn_b_timing_wait"": 60, ""coast_arc"": 1, ""phase76_handoff"": 99909}","{""insertion_window"": 99671, ""intercept_possible_poor_alignment"": 2, ""no_intercept_possible"": 327}",0.020408163265306287,1.0148664694672875,-0.013817563036137981,-0.8427741061868661,1.013399095663999,0.9993603371935791,1.4177865926601643,False,0,18,12,1,0,1,1,1,1,1,0,True,0.0,2810282,225,-0.15476468580045982,0.0,60,-165.33358861859452,0.18,12,balanced_circularization,"{""angular_momentum_error_ratio"": 0.38687809406636253, ""energy_error_ratio"": 0.9693026785416283, ""r_error_ratio"": -0.019999907426742056, ""vr_ratio"": 0.08590614404718938, ""vt_error_ratio"": 0.41518159495754253}","{""angular_momentum_error_ratio"": -0.0063851626432013826, ""energy_error_ratio"": -0.012472553213170725, ""r_error_ratio"": -0.019999608115733595, ""vr_ratio"": -0.01911518094655799, ""vt_error_ratio"": 0.013892285743228561}",-0.15476468580045982,False
phase24_precision_insertion_geometry,1.0,175.0,10000.0,1.0,True,True,True,True,-75.56244302967407,-3051.944929061562,-0.017960415068522723,-0.7254159010011462,-4019.8388671875,False,0.6018852194191227,0.016617452634956786,False,1,44,1625.736328125,2204.3291015625,8.84814968539807,260,True,False,success,phase76_handoff,"{""phase76_handoff"": 44}","{""handoff_ready"": 212, ""insertion_window"": 27, ""intercept_possible_poor_alignment"": 21}",2.104654818683916e-16,5.878098861721584e-10,-0.0038053019082545138,-2.9390490934242894e-10,0.172384283833011,0.1599501633935743,1.0000000000000058,False,0,0,0,0,0,1,0,0,0,0,44,True,0.16923076923076924,0,0,,0.0,,,,,,{},{},,True
phase24_precision_insertion_geometry,1.02,175.0,10000.0,1.0,False,False,False,False,,,,,,False,,,False,0,,150000036257.10254,153467813905.25684,339.6743835014483,100000,False,True,max_steps,coast_arc,"{""burn_a"": 18, ""coast_arc"": 99982}","{""intercept_possible_poor_alignment"": 100000}",0.019607843137254777,0.6201809395377146,0.006107327294770394,-0.4109440743069493,0.6201255517614975,0.41090457655646745,0.9675103243982137,False,0,18,0,99982,0,1,0,0,0,0,0,False,0.0,,0,,0.0,,,,,,{},{},,False
phase24_precision_insertion_geometry,1.05,175.0,10000.0,1.0,False,False,False,False,,,,,,False,,,False,0,,375000035709.94434,378299802772.33594,320.0328212813924,100000,False,True,max_steps,coast_arc,"{""burn_a"": 24, ""coast_arc"": 99976}","{""intercept_possible_poor_alignment"": 100000}",0.04761904761904765,0.8778826423135261,0.020795802465610375,-0.8502839455188016,0.8777953898093113,0.8501754764207773,0.9414538917187043,False,0,24,0,99976,0,1,0,0,0,0,0,False,0.0,,0,,0.0,,,,,,{},{},,False
phase24_precision_insertion_geometry,0.98,150.0,12000.0,1.0,False,False,False,False,,,,,,False,,,False,0,,149311888372.55566,149311888372.55566,66.47525456580496,100000,False,True,max_steps,phase76_handoff,"{""burn_a"": 18, ""burn_b"": 6, ""burn_b_timing_wait"": 96, ""coast_arc"": 1, ""phase76_handoff"": 99879}","{""insertion_window"": 99867, ""intercept_possible_poor_alignment"": 2, ""no_intercept_possible"": 131}",0.020408163265306076,1.001302337301983,-0.1426785900258876,-0.8058047203037335,1.0015796930917111,0.999127241317151,1.4506621815840994,False,0,18,6,1,0,1,1,1,1,1,0,True,0.0,705902,225,-0.1636432711809887,0.0,96,-126.14791888018833,0.3,6,timing_first,"{""angular_momentum_error_ratio"": 0.3379465809556838, ""energy_error_ratio"": 1.0636054842326585, ""r_error_ratio"": -0.01999947035152435, ""vr_ratio"": 0.49041895876721375, ""vt_error_ratio"": 0.36525087535983536}","{""angular_momentum_error_ratio"": -0.004608813798745708, ""energy_error_ratio"": -0.009017107267170359, ""r_error_ratio"": -0.01999677232178737, ""vr_ratio"": 0.011918601783096543, ""vt_error_ratio"": 0.015701946777765503}",-0.1636432711809887,False
phase24_precision_insertion_geometry,1.0,150.0,12000.0,1.0,True,True,True,True,-80.49851164523518,-3051.369756909111,-0.019133667779626447,-0.7252791884998071,-3681.29296875,False,0.6031837526262365,0.014364654403677601,False,3,114,148.345703125,755.0380859375,26.347138132160573,326,True,False,success,phase76_handoff,"{""phase76_handoff"": 114}","{""handoff_ready"": 209, ""insertion_window"": 68, ""intercept_possible_poor_alignment"": 49}",0.0,2.0133359507560395e-10,-0.13397459621556124,-1.0066672571051816e-10,0.34060435774997916,0.3252353379979766,1.0000000000000049,False,0,0,0,0,0,1,0,0,0,0,114,True,0.3496932515337423,0,0,,0.0,,,,,,{},{},,True
phase24_precision_insertion_geometry,1.02,150.0,12000.0,1.0,False,False,False,False,,,,,,False,,,False,0,,150000207945.22168,170126484326.28125,2003.3783570709747,100000,False,True,max_steps,coast_arc,"{""burn_a"": 18, ""coast_arc"": 99982}","{""intercept_possible_poor_alignment"": 100000}",0.01960784313725499,0.5949826592357413,-0.12535721577320472,-0.6256125947607882,0.5949318710010427,0.6255650702431684,0.966233028349279,False,0,18,0,99982,0,1,0,0,0,0,0,False,0.0,,0,,0.0,,,,,,{},{},,False
phase24_precision_insertion_geometry,1.05,150.0,12000.0,1.0,False,False,False,False,,,,,,False,,,False,0,,375000204777.94336,394233377317.86523,1913.4274862819768,100000,False,True,max_steps,coast_arc,"{""burn_a"": 24, ""coast_arc"": 99976}","{""intercept_possible_poor_alignment"": 100000}",0.04761904761904765,0.671004746308642,-0.11258803253505753,-1.1574769648215892,0.6709554765172211,1.1573463525313261,0.9395914607338702,False,0,24,0,99976,0,1,0,0,0,0,0,False,0.0,,0,,0.0,,,,,,{},{},,False
phase24_precision_insertion_geometry,0.98,165.0,12000.0,1.0,False,False,False,False,,,,,,False,,,False,0,,149327327594.18457,149327327594.18457,66.4834604759008,100000,False,True,max_steps,phase76_handoff,"{""burn_a"": 18, ""burn_b"": 6, ""burn_b_timing_wait"": 60, ""coast_arc"": 1, ""phase76_handoff"": 99915}","{""insertion_window"": 99596, ""intercept_possible_poor_alignment"": 7, ""no_intercept_possible"": 397}",0.020408163265306076,0.9984938117914576,-0.04378221735089306,-0.7995982129286756,1.001639425106384,0.9994427004893924,1.4881393694525158,False,0,18,6,1,0,1,1,1,1,1,0,True,0.0,1363699,225,0.028611041614512778,0.0,60,-142.12798232763276,0.18,6,timing_first,"{""angular_momentum_error_ratio"": 0.437000946805927, ""energy_error_ratio"": 1.1737429976678926, ""r_error_ratio"": -0.019999725835098438, ""vr_ratio"": 0.25385749662898655, ""vt_error_ratio"": 0.46632708652092403}","{""angular_momentum_error_ratio"": 0.10694085118493345, ""energy_error_ratio"": 0.23508944049529154, ""r_error_ratio"": -0.019998891661978255, ""vr_ratio"": -0.008060934886771546, ""vt_error_ratio"": 0.12953020335067583}",0.028611041614512778,False
phase24_precision_insertion_geometry,1.0,165.0,12000.0,1.0,True,True,True,True,-29.385295636110204,-3791.606204635221,-0.0069845823583089784,-0.9012257740911267,-579.7763671875,False,0.7293621181801756,0.02031839432766244,False,2,105,135.919921875,502.3330078125,21.192783332264064,318,True,False,success,phase76_handoff,"{""phase76_handoff"": 105}","{""handoff_ready"": 209, ""insertion_window"": 63, ""intercept_possible_poor_alignment"": 46}",2.104654818683916e-16,1.3396506758790487e-10,-0.034074173710931875,6.698273464708606e-11,0.3259054175294539,0.3132262829276735,1.0000000000000049,False,0,0,0,0,0,1,0,0,0,0,105,True,0.330188679245283,0,0,,0.0,,,,,,{},{},,True
phase24_precision_insertion_geometry,1.02,165.0,12000.0,1.0,False,False,False,False,,,,,,False,,,False,0,,150000107640.30566,160380456647.33496,1029.6655733346424,100000,False,True,max_steps,coast_arc,"{""burn_a"": 18, ""coast_arc"": 99982}","{""intercept_possible_poor_alignment"": 100000}",0.019607843137254777,0.681889445443471,-0.024462734730208335,-0.5248741722115695,0.6818303967699995,0.5248266330392679,0.9637353295947576,False,0,18,0,99982,0,1,0,0,0,0,0,False,0.0,,0,,0.0,,,,,,{},{},,False
phase24_precision_insertion_geometry,1.05,165.0,12000.0,1.0,False,False,False,False,,,,,,False,,,False,0,,375000106000.7754,384903140850.61426,980.1854391913504,100000,False,True,max_steps,coast_arc,"{""burn_a"": 24, ""coast_arc"": 99976}","{""intercept_possible_poor_alignment"": 100000}",0.04761904761904765,0.8453702873813108,-0.010220561444707415,-1.055417207463039,0.8452991988716839,1.0552865575263188,0.9357297215169665,False,0,24,0,99976,0,1,0,0,0,0,0,False,0.0,,0,,0.0,,,,,,{},{},,False
phase24_precision_insertion_geometry,0.98,170.0,12000.0,1.0,False,False,False,False,,,,,,False,,,False,0,,149330080194.87012,149330080194.87012,66.48066373053715,100000,False,True,max_steps,phase76_handoff,"{""burn_a"": 18, ""burn_b"": 6, ""burn_b_timing_wait"": 60, ""coast_arc"": 1, ""phase76_handoff"": 99915}","{""insertion_window"": 99752, ""no_intercept_possible"": 248}",0.020408163265306496,0.9985049919627184,-0.025090063551973553,-1.20064185829273,1.0016702475212933,0.9994675424357219,1.4951659464547258,False,0,18,6,1,0,1,1,1,1,1,0,True,0.0,2032565,225,0.007337852432353936,0.0,60,-166.58812287963352,0.42,6,tangential_priority,"{""angular_momentum_error_ratio"": 0.45572505453876455, ""energy_error_ratio"": 1.1947052440680126, ""r_error_ratio"": -0.019999816056021746, ""vr_ratio"": 0.17031926563540006, ""vt_error_ratio"": 0.4854334503083941}","{""angular_momentum_error_ratio"": -0.01878204444112381, ""energy_error_ratio"": -0.03531876078498057, ""r_error_ratio"": -0.01999922709021367, ""vr_ratio"": 0.05486683247960595, ""vt_error_ratio"": 0.0012420221317538769}",0.007337852432353936,False
phase24_precision_insertion_geometry,1.0,170.0,12000.0,1.0,True,True,True,True,-30.099257367256808,-2552.5823086070577,-0.007154283714171683,-0.6067225452351612,-1052.3896484375,False,0.49396317678545365,0.010598707260321274,False,6,1010,10.53125,67.607421875,14.814055285645287,1222,True,False,success,phase76_handoff,"{""phase76_handoff"": 1010}","{""handoff_ready"": 209, ""insertion_window"": 560, ""intercept_possible_poor_alignment"": 453}",2.104654818683916e-16,1.8038365054494238e-11,-0.015192246987791962,9.019278608507897e-12,0.7941505641062065,0.769303524146656,1.0000000000000049,False,0,0,0,0,0,1,0,0,0,0,1010,True,0.8265139116202946,0,0,,0.0,,,,,,{},{},,True
phase24_precision_insertion_geometry,1.02,170.0,12000.0,1.0,False,False,False,False,,,,,,False,,,False,0,,150000072218.56543,156937486231.89258,685.5597949833151,100000,False,True,max_steps,coast_arc,"{""burn_a"": 18, ""coast_arc"": 99982}","{""intercept_possible_poor_alignment"": 100000}",0.01960784313725499,0.6981974715878331,-0.005392923511594131,-0.5058356298554714,0.6981368727963326,0.5057880877520339,0.963265962265492,False,0,18,0,99982,0,1,0,0,0,0,0,False,0.0,,0,,0.0,,,,,,{},{},,False
phase24_precision_insertion_geometry,1.05,170.0,12000.0,1.0,False,False,False,False,,,,,,False,,,False,0,,375000071118.5596,381608948690.8535,650.7459705683316,100000,False,True,max_steps,coast_arc,"{""burn_a"": 24, ""coast_arc"": 99976}","{""intercept_possible_poor_alignment"": 100000}",0.047619047619047436,0.8780972997267489,0.009127655905139585,-1.0361306609375238,0.8780221157248826,1.0360001860219383,0.9350032816756486,False,0,24,0,99976,0,1,0,0,0,0,0,False,0.0,,0,,0.0,,,,,,{},{},,False
phase24_precision_insertion_geometry,0.98,175.0,12000.0,1.0,False,False,False,False,,,,,,False,,,False,0,,149332981137.18164,149332981137.18164,66.48292913290251,100000,False,True,max_steps,phase76_handoff,"{""burn_a"": 18, ""burn_b"": 6, ""burn_b_timing_wait"": 60, ""coast_arc"": 1, ""phase76_handoff"": 99915}","{""insertion_window"": 99675, ""intercept_possible_poor_alignment"": 2, ""no_intercept_possible"": 323}",0.020408163265306287,0.9984541493487931,-0.013817563036137981,-0.7994455003864759,1.0016706583203077,0.9994645892725464,1.4993951176966982,False,0,18,6,1,0,1,1,1,1,1,0,True,0.0,2391380,225,-0.04471063696744754,0.0,60,-166.1930822546702,0.18,6,timing_first,"{""angular_momentum_error_ratio"": 0.46701725610973716, ""energy_error_ratio"": 1.2073695747161735, ""r_error_ratio"": -0.019999907676642448, ""vr_ratio"": 0.08548518143904044, ""vt_error_ratio"": 0.4969562427609291}","{""angular_momentum_error_ratio"": 0.06097539422679294, ""energy_error_ratio"": 0.13153358379984006, ""r_error_ratio"": -0.019999721104385547, ""vr_ratio"": -0.01633130152056073, ""vt_error_ratio"": 0.08262764519050057}",-0.04471063696744754,False
phase24_precision_insertion_geometry,1.0,175.0,12000.0,1.0,True,True,True,True,-67.92548656141525,-2582.702318568411,-0.016145189110617915,-0.6138817616273774,-5157.419921875,False,0.5104796369222995,0.010969941268989187,False,1,43,1216.3447265625,2626.7353515625,7.257112147984378,255,True,False,success,phase76_handoff,"{""phase76_handoff"": 43}","{""handoff_ready"": 209, ""insertion_window"": 26, ""intercept_possible_poor_alignment"": 20}",2.104654818683916e-16,7.004529062574584e-10,-0.0038053019082545138,-3.5022646825758274e-10,0.16585029829326867,0.15445766656619989,1.0000000000000049,False,0,0,0,0,0,1,0,0,0,0,43,True,0.16862745098039217,0,0,,0.0,,,,,,{},{},,True
phase24_precision_insertion_geometry,1.02,175.0,12000.0,1.0,False,False,False,False,,,,,,False,,,False,0,,150000036247.20605,153440302747.25977,335.9593860876791,100000,False,True,max_steps,coast_arc,"{""burn_a"": 18, ""coast_arc"": 99982}","{""intercept_possible_poor_alignment"": 100000}",0.019607843137254777,0.7080140146639551,0.006107327294770394,-0.4943543840493252,0.7079524827799724,0.49430696231574167,0.9629833240498897,False,0,18,0,99982,0,1,0,0,0,0,0,False,0.0,,0,,0.0,,,,,,{},{},,False
phase24_precision_insertion_geometry,1.05,175.0,12000.0,1.0,False,False,False,False,,,,,,False,,,False,0,,375000035695.10156,378263780650.0596,316.2190925781402,100000,False,True,max_steps,coast_arc,"{""burn_a"": 24, ""coast_arc"": 99976}","{""intercept_possible_poor_alignment"": 100000}",0.04761904761904765,0.8977985573807181,0.020795802465610375,-1.0245000139379012,0.89772090788909,1.0243697678174712,0.9345657275839377,False,0,24,0,99976,0,1,0,0,0,0,0,False,0.0,,0,,0.0,,,,,,{},{},,False
