controller_name,r0_over_target,initial_velocity_angle_deg,thrust_scale,target_radius_scale,success,capture_entered,lock_entered,crossing_occurs,crossing_vr,crossing_vt_error,crossing_vr_ratio,crossing_vt_error_ratio,crossing_radius_error,recoverable_crossing,crossing_score,recoverability_score,near_miss,radius_crossings_total,first_crossing_step,minimum_abs_radius_error,final_radius_error,tail_mean_abs_vr,steps,terminated,truncated,termination_reason,dominant_transfer_stage,transfer_stage_counts_json,intercept_classification_counts_json,initial_energy_error_ratio,final_energy_error_ratio,initial_angular_momentum_error_ratio,final_angular_momentum_error_ratio,mean_energy_error_ratio,mean_angular_momentum_error_ratio,max_speed_ratio,overspeed,turning_point_count,burn_a_steps,burn_b_steps,coast_arc_steps,safe_coast_steps,burn_a_count,burn_b_count,insertion_attempts,insertion_windows,successful_insertion_windows,handoff_ready_count,handoff_entered,handoff_rate,predicted_crossing_step,burn_b_solver_evals,burn_b_solver_score,insertion_window_conversion_rate,chosen_burn_timing,chosen_burn_angle_deg,chosen_burn_magnitude,chosen_burn_duration,chosen_insertion_mode,pre_burn_state_json,post_burn_state_json,basin_score,handoff_success,controller_variant,sync_strategy,initial_vt_error_ratio,final_vt_error_ratio,min_abs_vt_error_ratio,mean_abs_vt_error_ratio,best_vt_error_before_crossing,best_vt_band,best_vt_band_rank,crossing_vt_band,min_distance_to_recoverable,mean_distance_to_recoverable,pre_burn_vt_error_ratio,post_burn_vt_error_ratio,pre_post_burn_vt_correction,vt_improvement_burn_a_to_b,sync_error_at_crossing,best_sync_error,best_pre_cross_sync_window,best_sync_band,best_sync_band_rank,crossing_sync_band,predicted_crossing_step_at_burn,actual_crossing_step,timing_offset_steps,predicted_crossing_vt_error_ratio,actual_crossing_vt_error_ratio,predicted_crossing_sync_error,sync_burn_steps,sync_hold_steps,sync_stage_counts_json,instability
baseline_soft_linear_3e4,0.98,150.0,8000.0,1.0,False,False,False,False,,,,,,False,,,False,0,,148101427375.6953,148101437871.46484,297.67608708532185,100000,False,True,max_steps,unconditioned_descent,"{""unconditioned_descent"": 100000}",{},0.020408163265306076,0.9931940337535566,-0.12518223472029355,-0.8170958106540332,,,0.7467844171220183,False,0,,,,,,,,,,,,,,,,,,,,,,,,,,,,,,,,,,,,,,,,,,,,,,,,,,,,,,,,,
baseline_soft_linear_3e4,1.0,150.0,8000.0,1.0,True,True,True,True,-38.530447607905636,-3195.2769906896274,-0.009158290866034995,-0.7594844569695679,-2413.50390625,False,0.6185775149366969,0.021872411989640565,False,1,128,1076.5029296875,2220.5693359375,28.016402607368157,349,True,False,success,soft_window,"{""soft_window"": 128}",{},0.0,5.921338994971445e-10,-0.1339745962155613,7.549516567451064e-15,,,1.0000000000000073,False,0,,,,,,,,,,,,,,,,,,,,,,,,,,,,,,,,,,,,,,,,,,3.0379378278782716,3.0379378278782716,3.0379378278782716,outside_3x,0,outside_3x,,128,,,-0.7594844569695679,,,,,
baseline_soft_linear_3e4,1.02,150.0,8000.0,1.0,False,False,False,False,,,,,,False,,,False,0,,150000152884.06055,151439399801.9121,288.3916029378637,100000,False,True,max_steps,unconditioned_descent,"{""unconditioned_descent"": 100000}",{},0.01960784313725499,0.9214919987051526,-0.14250707428745557,-0.8316073444984141,,,0.7267794177920996,False,0,,,,,,,,,,,,,,,,,,,,,,,,,,,,,,,,,,,,,,,,,,,,,,,,,,,,,,,,,
baseline_soft_linear_3e4,1.05,150.0,8000.0,1.0,False,False,False,False,,,,,,False,,,False,0,,375000149886.9883,376127077512.8613,284.54300635253543,100000,False,True,max_steps,unconditioned_descent,"{""unconditioned_descent"": 100000}",{},0.04761904761904765,0.8709211513334464,-0.15484574527148331,-0.8428316645342933,,,0.712531949282445,False,0,,,,,,,,,,,,,,,,,,,,,,,,,,,,,,,,,,,,,,,,,,,,,,,,,,,,,,,,,
baseline_soft_linear_3e4,0.98,165.0,8000.0,1.0,False,False,False,False,,,,,,False,,,False,0,,148955169044.06543,148955174869.99902,169.92036425051123,100000,False,True,max_steps,unconditioned_descent,"{""unconditioned_descent"": 100000}",{},0.020408163265306076,0.992831367481997,-0.024267568725401145,-0.7922170786121185,,,0.7467844312090415,False,0,,,,,,,,,,,,,,,,,,,,,,,,,,,,,,,,,,,,,,,,,,,,,,,,,,,,,,,,,
baseline_soft_linear_3e4,1.0,165.0,8000.0,1.0,True,True,True,True,-75.5921283924204,-3183.1688515097776,-0.017967470973745035,-0.756606476895629,-6026.451171875,False,0.6268461474885241,0.02180655982767169,False,1,79,581.3896484375,5645.37109375,18.30163168160577,300,True,False,success,soft_window,"{""soft_window"": 79}",{},2.104654818683916e-16,1.5054145521914852e-09,-0.03407417371093191,7.549516567451064e-15,,,1.0000000000000073,False,0,,,,,,,,,,,,,,,,,,,,,,,,,,,,,,,,,,,,,,,,,,3.026425907582516,3.026425907582516,3.026425907582516,outside_3x,0,outside_3x,,79,,,-0.756606476895629,,,,,
baseline_soft_linear_3e4,1.02,165.0,8000.0,1.0,False,False,False,False,,,,,,False,,,False,0,,150000079138.60547,150774924506.69336,157.8707191308565,100000,False,True,max_steps,unconditioned_descent,"{""unconditioned_descent"": 100000}",{},0.019607843137254777,0.9211536502151909,-0.04359091640216495,-0.8096963107886394,,,0.7267794307959223,False,0,,,,,,,,,,,,,,,,,,,,,,,,,,,,,,,,,,,,,,,,,,,,,,,,,,,,,,,,,
baseline_soft_linear_3e4,1.05,165.0,8000.0,1.0,False,False,False,False,,,,,,False,,,False,0,,375000077587.208,375601949156.3242,152.95046609124174,100000,False,True,max_steps,unconditioned_descent,"{""unconditioned_descent"": 100000}",{},0.04761904761904765,0.8706005369748342,-0.057352915661626036,-0.8227570780104625,,,0.7125319615538074,False,0,,,,,,,,,,,,,,,,,,,,,,,,,,,,,,,,,,,,,,,,,,,,,,,,,,,,,,,,,
baseline_soft_linear_3e4,0.98,170.0,8000.0,1.0,False,False,False,False,,,,,,False,,,False,0,,149262453807.42383,149262458023.18555,124.09640653574039,100000,False,True,max_steps,unconditioned_descent,"{""unconditioned_descent"": 100000}",{},0.020408163265306496,0.9927022150611052,-0.005193942399973062,-0.7867428912650681,,,0.7467844361837457,False,0,,,,,,,,,,,,,,,,,,,,,,,,,,,,,,,,,,,,,,,,,,,,,,,,,,,,,,,,,
baseline_soft_linear_3e4,1.0,170.0,8000.0,1.0,True,True,True,True,-69.01423483018289,-4727.470714164705,-0.01640397336941329,-1.1236711366960404,-2623.1083984375,False,0.9186216777498761,0.04348345057112868,False,1,42,1709.513671875,2275.509765625,11.434367729151932,266,True,False,success,soft_window,"{""soft_window"": 42}",{},2.104654818683916e-16,6.067846121554851e-10,-0.01519224698779198,7.327471962526033e-15,,,1.0000000000000073,False,0,,,,,,,,,,,,,,,,,,,,,,,,,,,,,,,,,,,,,,,,,,4.494684546784161,4.494684546784161,4.494684546784161,outside_3x,0,outside_3x,,42,,,-1.1236711366960404,,,,,
baseline_soft_linear_3e4,1.02,170.0,8000.0,1.0,False,False,False,False,,,,,,False,,,False,0,,150000053096.0664,150536104992.708,111.37700734995084,100000,False,True,max_steps,unconditioned_descent,"{""unconditioned_descent"": 100000}",{},0.01960784313725499,0.9210336064720429,-0.024895023050582443,-0.8050606944276244,,,0.7267794353881043,False,0,,,,,,,,,,,,,,,,,,,,,,,,,,,,,,,,,,,,,,,,,,,,,,,,,,,,,,,,,
baseline_soft_linear_3e4,1.05,170.0,8000.0,1.0,False,False,False,False,,,,,,False,,,False,0,,375000052055.19434,375413005576.19336,106.21192603449481,100000,False,True,max_steps,unconditioned_descent,"{""unconditioned_descent"": 100000}",{},0.047619047619047436,0.8704869632104021,-0.038926041995105076,-0.8185805588806532,,,0.7125319658873277,False,0,,,,,,,,,,,,,,,,,,,,,,,,,,,,,,,,,,,,,,,,,,,,,,,,,,,,,,,,,
baseline_soft_linear_3e4,0.98,175.0,8000.0,1.0,False,False,False,False,,,,,,False,,,False,0,,149577689612.25488,149577692213.9873,77.16213217288069,100000,False,True,max_steps,unconditioned_descent,"{""unconditioned_descent"": 100000}",{},0.020408163265306287,0.9925704599681217,0.006308609146797872,-0.7827966042172912,,,0.746784441235641,False,0,,,,,,,,,,,,,,,,,,,,,,,,,,,,,,,,,,,,,,,,,,,,,,,,,,,,,,,,,
baseline_soft_linear_3e4,1.0,175.0,8000.0,1.0,True,True,True,True,-31.058008674702325,-3664.12991433049,-0.0073821690331051645,-0.8709259717889519,-762.443359375,False,0.7055993803725469,0.02761116937756757,False,1,8,596.3916015625,607.4658203125,3.3645032623345292,230,True,False,success,soft_window,"{""soft_window"": 8}",{},2.104654818683916e-16,1.6197255112205923e-10,-0.003805301908254566,7.549516567451064e-15,,,1.0000000000000075,False,0,,,,,,,,,,,,,,,,,,,,,,,,,,,,,,,,,,,,,,,,,,3.4837038871558077,3.4837038871558077,3.4837038871558077,outside_3x,0,outside_3x,,8,,,-0.8709259717889519,,,,,
baseline_soft_linear_3e4,1.02,175.0,8000.0,1.0,False,False,False,False,,,,,,False,,,False,0,,150000026649.43555,150291319592.0088,63.938993763791515,100000,False,True,max_steps,unconditioned_descent,"{""unconditioned_descent"": 100000}",{},0.019607843137254777,0.9209113934878578,-0.013620267358068205,-0.8018546995418536,,,0.7267794400515416,False,0,,,,,,,,,,,,,,,,,,,,,,,,,,,,,,,,,,,,,,,,,,,,,,,,,,,,,,,,,
baseline_soft_linear_3e4,1.05,175.0,8000.0,1.0,False,False,False,False,,,,,,False,,,False,0,,375000026127.00977,375219241696.8496,58.60010511204866,100000,False,True,max_steps,unconditioned_descent,"{""unconditioned_descent"": 100000}",{},0.04761904761904765,0.8703714348681936,-0.02781352146132343,-0.8157451983995561,,,0.7125319702880899,False,0,,,,,,,,,,,,,,,,,,,,,,,,,,,,,,,,,,,,,,,,,,,,,,,,,,,,,,,,,
baseline_soft_linear_3e4,0.98,150.0,10000.0,1.0,False,False,False,False,,,,,,False,,,False,0,,149999778030.68164,152717567891.542,276.7142706168291,100000,False,True,max_steps,unconditioned_descent,"{""unconditioned_descent"": 100000}",{},0.020408163265306076,1.0411755465057324,-0.12518223472029355,-0.9817418246862821,,,0.680942392565535,False,0,,,,,,,,,,,,,,,,,,,,,,,,,,,,,,,,,,,,,,,,,,,,,,,,,,,,,,,,,
baseline_soft_linear_3e4,1.0,150.0,10000.0,1.0,True,True,True,True,-56.806558896857226,-3462.776521423222,-0.013502334433540864,-0.823066342493355,-3817.8857421875,False,0.6746558758239845,0.02052503083453011,False,1,1711,693.05859375,2453.6474609375,78.06700913583241,1927,True,False,success,soft_window,"{""soft_window"": 1711}",{},0.0,6.542913016537822e-10,-0.1339745962155613,5.995204332975845e-15,,,1.0000000000000058,False,0,,,,,,,,,,,,,,,,,,,,,,,,,,,,,,,,,,,,,,,,,,3.29226536997342,3.29226536997342,3.29226536997342,outside_3x,0,outside_3x,,1711,,,-0.823066342493355,,,,,
baseline_soft_linear_3e4,1.02,150.0,10000.0,1.0,False,False,False,False,,,,,,False,,,False,0,,149198751325.39844,150544096287.76855,404.36645734775647,100000,False,True,max_steps,unconditioned_descent,"{""unconditioned_descent"": 100000}",{},0.01960784313725499,0.9606361979700722,-0.14250707428745557,-0.9976396603491355,,,0.6609373932356164,False,0,,,,,,,,,,,,,,,,,,,,,,,,,,,,,,,,,,,,,,,,,,,,,,,,,,,,,,,,,
baseline_soft_linear_3e4,1.05,150.0,10000.0,1.0,False,False,False,False,,,,,,False,,,False,0,,375000136036.57227,378620323407.8428,432.52942857508054,100000,False,True,max_steps,unconditioned_descent,"{""unconditioned_descent"": 100000}",{},0.04761904761904765,0.9036729146570972,-0.15484574527148331,-0.9886120022056073,,,0.6466899247259618,False,0,,,,,,,,,,,,,,,,,,,,,,,,,,,,,,,,,,,,,,,,,,,,,,,,,,,,,,,,,
baseline_soft_linear_3e4,0.98,165.0,10000.0,1.0,False,False,False,False,,,,,,False,,,False,0,,149999885100.2578,151200471057.4287,98.49538074975737,100000,False,True,max_steps,unconditioned_descent,"{""unconditioned_descent"": 100000}",{},0.020408163265306076,1.0406937225256263,-0.024267568725401145,-0.9788539069733644,,,0.6809424066525582,False,0,,,,,,,,,,,,,,,,,,,,,,,,,,,,,,,,,,,,,,,,,,,,,,,,,,,,,,,,,
baseline_soft_linear_3e4,1.0,165.0,10000.0,1.0,True,True,True,True,-44.60852682385054,-3025.2685757801814,-0.010602987744017904,-0.7190752063618795,-2523.248046875,False,0.5879837507187582,0.01630347108872191,False,1,41,1109.8916015625,1452.48828125,20.02351591027418,257,True,False,success,soft_window,"{""soft_window"": 41}",{},2.104654818683916e-16,3.8731520650728185e-10,-0.03407417371093191,5.995204332975845e-15,,,1.000000000000006,False,0,,,,,,,,,,,,,,,,,,,,,,,,,,,,,,,,,,,,,,,,,,2.876300825447518,2.876300825447518,2.876300825447518,C_3x,1,C_3x,,41,,,-0.7190752063618795,,,,,
baseline_soft_linear_3e4,1.02,165.0,10000.0,1.0,False,False,False,False,,,,,,False,,,False,0,,149785381703.07617,151656909491.87305,422.0336496820377,100000,False,True,max_steps,unconditioned_descent,"{""unconditioned_descent"": 100000}",{},0.019607843137254777,0.9603450572017151,-0.04359091640216495,-0.9969946300620139,,,0.6609374062394391,False,0,,,,,,,,,,,,,,,,,,,,,,,,,,,,,,,,,,,,,,,,,,,,,,,,,,,,,,,,,
baseline_soft_linear_3e4,1.05,165.0,10000.0,1.0,False,False,False,False,,,,,,False,,,False,0,,375000070417.7031,377230357181.69336,295.67407237481086,100000,False,True,max_steps,unconditioned_descent,"{""unconditioned_descent"": 100000}",{},0.04761904761904765,0.9040402355228755,-0.057352915661626036,-0.9878120631528458,,,0.646689936997324,False,0,,,,,,,,,,,,,,,,,,,,,,,,,,,,,,,,,,,,,,,,,,,,,,,,,,,,,,,,,
baseline_soft_linear_3e4,0.98,170.0,10000.0,1.0,False,False,False,False,,,,,,False,,,False,0,,149999922910.91016,150679843258.92676,38.23173254753143,100000,False,True,max_steps,unconditioned_descent,"{""unconditioned_descent"": 100000}",{},0.020408163265306496,1.0405272805422932,-0.005193942399973062,-0.9781703975483116,,,0.6809424116272625,False,0,,,,,,,,,,,,,,,,,,,,,,,,,,,,,,,,,,,,,,,,,,,,,,,,,,,,,,,,,
baseline_soft_linear_3e4,1.0,170.0,10000.0,1.0,True,True,True,True,-14.98621570953258,-4062.7001351939803,-0.0035620692457484443,-0.9656620114621247,-1402.0849609375,False,0.7768040924515426,0.02687945836559521,False,1,26,96.537109375,1044.1005859375,8.944379745003824,243,True,False,success,soft_window,"{""soft_window"": 26}",{},2.104654818683916e-16,2.7841236850026503e-10,-0.01519224698779198,5.773159728050814e-15,,,1.0000000000000058,False,0,,,,,,,,,,,,,,,,,,,,,,,,,,,,,,,,,,,,,,,,,,3.862648045848499,3.862648045848499,3.862648045848499,outside_3x,0,outside_3x,,26,,,-0.9656620114621247,,,,,
baseline_soft_linear_3e4,1.02,170.0,10000.0,1.0,False,False,False,False,,,,,,False,,,False,0,,149903420693.5078,152042149718.04883,435.350399634015,100000,False,True,max_steps,unconditioned_descent,"{""unconditioned_descent"": 100000}",{},0.01960784313725499,0.9602439145955881,-0.024895023050582443,-0.9968140561848233,,,0.660937410831621,False,0,,,,,,,,,,,,,,,,,,,,,,,,,,,,,,,,,,,,,,,,,,,,,,,,,,,,,,,,,
baseline_soft_linear_3e4,1.05,170.0,10000.0,1.0,False,False,False,False,,,,,,False,,,False,0,,375000047244.99414,376723920502.0879,245.09233299130722,100000,False,True,max_steps,unconditioned_descent,"{""unconditioned_descent"": 100000}",{},0.047619047619047436,0.904173429199429,-0.038926041995105076,-0.9877684143080272,,,0.6466899413308445,False,0,,,,,,,,,,,,,,,,,,,,,,,,,,,,,,,,,,,,,,,,,,,,,,,,,,,,,,,,,
baseline_soft_linear_3e4,0.98,175.0,10000.0,1.0,False,False,False,False,,,,,,False,,,False,0,,149999961308.2578,150158652999.47363,21.693906402381284,100000,False,True,max_steps,unconditioned_descent,"{""unconditioned_descent"": 100000}",{},0.020408163265306287,1.0403600897449736,0.006308609146797872,-0.9776460308871338,,,0.6809424166791579,False,0,,,,,,,,,,,,,,,,,,,,,,,,,,,,,,,,,,,,,,,,,,,,,,,,,,,,,,,,,
baseline_soft_linear_3e4,1.0,175.0,10000.0,1.0,True,True,True,True,-79.19029577566481,-3603.0741488999756,-0.01882271833073839,-0.8564136446924371,-4727.6806640625,False,0.7077181783811932,0.021957297513013917,False,1,7,2218.6337890625,2824.8642578125,3.50178163891905,224,True,False,success,soft_window,"{""soft_window"": 7}",{},2.104654818683916e-16,7.532826887231708e-10,-0.003805301908254566,5.773159728050814e-15,,,1.0000000000000058,False,0,,,,,,,,,,,,,,,,,,,,,,,,,,,,,,,,,,,,,,,,,,3.4256545787697483,3.4256545787697483,3.4256545787697483,outside_3x,0,outside_3x,,7,,,-0.8564136446924371,,,,,
baseline_soft_linear_3e4,1.02,175.0,10000.0,1.0,False,False,False,False,,,,,,False,,,False,0,,149975691666.3994,152426639843.34473,450.8625781484721,100000,False,True,max_steps,unconditioned_descent,"{""unconditioned_descent"": 100000}",{},0.019607843137254777,0.9601427857149094,-0.013620267358068205,-0.9966583439091299,,,0.6609374154950584,False,0,,,,,,,,,,,,,,,,,,,,,,,,,,,,,,,,,,,,,,,,,,,,,,,,,,,,,,,,,
baseline_soft_linear_3e4,1.05,175.0,10000.0,1.0,False,False,False,False,,,,,,False,,,False,0,,375000023712.72363,376200512372.5088,192.34946452680813,100000,False,True,max_steps,unconditioned_descent,"{""unconditioned_descent"": 100000}",{},0.04761904761904765,0.9043107315844968,-0.02781352146132343,-0.9878327521071044,,,0.6466899457316065,False,0,,,,,,,,,,,,,,,,,,,,,,,,,,,,,,,,,,,,,,,,,,,,,,,,,,,,,,,,,
baseline_soft_linear_3e4,0.98,150.0,12000.0,1.0,False,False,False,False,,,,,,False,,,False,0,,149555731584.85742,149555731584.85742,417.52366748323516,100000,False,True,max_steps,unconditioned_descent,"{""unconditioned_descent"": 100000}",{},0.020408163265306076,1.0090333629213488,-0.12518223472029355,-0.8461621706431245,,,0.6151003680090517,False,0,,,,,,,,,,,,,,,,,,,,,,,,,,,,,,,,,,,,,,,,,,,,,,,,,,,,,,,,,
baseline_soft_linear_3e4,1.0,150.0,12000.0,1.0,True,True,True,True,-39.80874820360246,-4852.3106761866475,-0.009462129762191896,-1.1533443108967762,-1244.0107421875,False,0.9340300045979194,0.03135376273812549,False,4,55,51.9462890625,217.6943359375,21.73237089833826,270,True,False,success,soft_window,"{""soft_window"": 55}",{},0.0,5.8064900861706823e-11,-0.1339745962155613,5.10702591327572e-15,,,1.0000000000000049,False,0,,,,,,,,,,,,,,,,,,,,,,,,,,,,,,,,,,,,,,,,,,4.613377243587105,4.613377243587105,4.613377243587105,outside_3x,0,outside_3x,,55,,,-1.1533443108967762,,,,,
baseline_soft_linear_3e4,1.02,150.0,12000.0,1.0,False,False,False,False,,,,,,False,,,False,0,,150000125183.22852,150024760502.80078,415.61731552270584,100000,False,True,max_steps,unconditioned_descent,"{""unconditioned_descent"": 100000}",{},0.01960784313725499,0.9216906343845764,-0.14250707428745557,-0.8287966577755773,,,0.5950953686791332,False,0,,,,,,,,,,,,,,,,,,,,,,,,,,,,,,,,,,,,,,,,,,,,,,,,,,,,,,,,,
baseline_soft_linear_3e4,1.05,150.0,12000.0,1.0,False,False,False,False,,,,,,False,,,False,0,,374726998120.56445,374727036567.166,414.4369643322249,100000,False,True,max_steps,unconditioned_descent,"{""unconditioned_descent"": 100000}",{},0.04761904761904765,0.8599698975241604,-0.15484574527148331,-0.816415861349129,,,0.5808479001694785,False,0,,,,,,,,,,,,,,,,,,,,,,,,,,,,,,,,,,,,,,,,,,,,,,,,,,,,,,,,,
baseline_soft_linear_3e4,0.98,165.0,12000.0,1.0,False,False,False,False,,,,,,False,,,False,0,,149761475838.2578,149761475838.2578,217.67228592638764,100000,False,True,max_steps,unconditioned_descent,"{""unconditioned_descent"": 100000}",{},0.020408163265306076,1.009589035548744,-0.024267568725401145,-0.8296418556332603,,,0.6151003820960751,False,0,,,,,,,,,,,,,,,,,,,,,,,,,,,,,,,,,,,,,,,,,,,,,,,,,,,,,,,,,
baseline_soft_linear_3e4,1.0,165.0,12000.0,1.0,True,True,True,True,-49.89490215814327,-3804.1918098357014,-0.011859504757034702,-0.904217242924399,-3756.763671875,False,0.7376052005488627,0.020534347013872814,False,1,47,861.8408203125,1917.5859375,12.276941494087875,260,True,False,success,soft_window,"{""soft_window"": 47}",{},2.104654818683916e-16,5.113431463687706e-10,-0.03407417371093191,4.884981308350689e-15,,,1.0000000000000049,False,0,,,,,,,,,,,,,,,,,,,,,,,,,,,,,,,,,,,,,,,,,,3.616868971697596,3.616868971697596,3.616868971697596,outside_3x,0,outside_3x,,47,,,-0.904217242924399,,,,,
baseline_soft_linear_3e4,1.02,165.0,12000.0,1.0,False,False,False,False,,,,,,False,,,False,0,,150000064799.59863,150019903121.16992,215.2844167433694,100000,False,True,max_steps,unconditioned_descent,"{""unconditioned_descent"": 100000}",{},0.019607843137254777,0.9222042531443442,-0.04359091640216495,-0.8103000766065193,,,0.5950953816829558,False,0,,,,,,,,,,,,,,,,,,,,,,,,,,,,,,,,,,,,,,,,,,,,,,,,,,,,,,,,,
baseline_soft_linear_3e4,1.05,165.0,12000.0,1.0,False,False,False,False,,,,,,False,,,False,0,,374865589284.35547,374865609250.27637,213.80999930514116,100000,False,True,max_steps,unconditioned_descent,"{""unconditioned_descent"": 100000}",{},0.04761904761904765,0.8604549772793049,-0.057352915661626036,-0.796517044517119,,,0.5808479124408409,False,0,,,,,,,,,,,,,,,,,,,,,,,,,,,,,,,,,,,,,,,,,,,,,,,,,,,,,,,,,
baseline_soft_linear_3e4,0.98,170.0,12000.0,1.0,False,False,False,False,,,,,,False,,,False,0,,149837578438.94922,149837578438.94922,147.0267319398061,100000,False,True,max_steps,unconditioned_descent,"{""unconditioned_descent"": 100000}",{},0.020408163265306496,1.0097853778321344,-0.005193942399973062,-0.826751467391466,,,0.6151003870707793,False,0,,,,,,,,,,,,,,,,,,,,,,,,,,,,,,,,,,,,,,,,,,,,,,,,,,,,,,,,,
baseline_soft_linear_3e4,1.0,170.0,12000.0,1.0,True,True,True,True,-59.11783526958399,-2644.140708489538,-0.014051701041181388,-0.628485034627588,-4974.4609375,False,0.5196500696147496,0.011302579212861713,False,1,19,567.279296875,2772.2412109375,6.334229874531584,231,True,False,success,soft_window,"{""soft_window"": 19}",{},2.104654818683916e-16,7.392509550470052e-10,-0.01519224698779198,5.10702591327572e-15,,,1.0000000000000049,False,0,,,,,,,,,,,,,,,,,,,,,,,,,,,,,,,,,,,,,,,,,,2.513940138510352,2.513940138510352,2.513940138510352,C_3x,1,C_3x,,19,,,-0.628485034627588,,,,,
baseline_soft_linear_3e4,1.02,170.0,12000.0,1.0,False,False,False,False,,,,,,False,,,False,0,,150000043475.667,150015036432.5996,144.53846555689043,100000,False,True,max_steps,unconditioned_descent,"{""unconditioned_descent"": 100000}",{},0.01960784313725499,0.9223856367917704,-0.024895023050582443,-0.8070407520685968,,,0.5950953862751378,False,0,,,,,,,,,,,,,,,,,,,,,,,,,,,,,,,,,,,,,,,,,,,,,,,,,,,,,,,,,
baseline_soft_linear_3e4,1.05,170.0,12000.0,1.0,False,False,False,False,,,,,,False,,,False,0,,374911539824.58594,374911553208.7783,143.00356261341577,100000,False,True,max_steps,unconditioned_descent,"{""unconditioned_descent"": 100000}",{},0.047619047619047436,0.8606262240938488,-0.038926041995105076,-0.7929972588185307,,,0.5808479167743612,False,0,,,,,,,,,,,,,,,,,,,,,,,,,,,,,,,,,,,,,,,,,,,,,,,,,,,,,,,,,
baseline_soft_linear_3e4,0.98,175.0,12000.0,1.0,False,False,False,False,,,,,,False,,,False,0,,149916705985.81152,149916705985.81152,75.24537240784004,100000,False,True,max_steps,unconditioned_descent,"{""unconditioned_descent"": 100000}",{},0.020408163265306287,1.0099848286895707,0.006308609146797872,-0.8251992211726191,,,0.6151003921226748,False,0,,,,,,,,,,,,,,,,,,,,,,,,,,,,,,,,,,,,,,,,,,,,,,,,,,,,,,,,,
baseline_soft_linear_3e4,1.0,175.0,12000.0,1.0,True,True,True,True,-49.59440466036998,-3805.3841505526866,-0.011788079594339244,-0.9045006500420295,-4449.8916015625,False,0.7377462161401496,0.02054370229463622,False,1,25,509.548828125,2621.802734375,2.228509408401243,238,True,False,success,soft_window,"{""soft_window"": 25}",{},2.104654818683916e-16,6.99134129548071e-10,-0.003805301908254566,4.884981308350689e-15,,,1.0000000000000049,False,0,,,,,,,,,,,,,,,,,,,,,,,,,,,,,,,,,,,,,,,,,,3.618002600168118,3.618002600168118,3.618002600168118,outside_3x,0,outside_3x,,25,,,-0.9045006500420295,,,,,
baseline_soft_linear_3e4,1.02,175.0,12000.0,1.0,False,False,False,False,,,,,,False,,,False,0,,150000021820.85938,150008410722.51758,72.69278992503675,100000,False,True,max_steps,unconditioned_descent,"{""unconditioned_descent"": 100000}",{},0.019607843137254777,0.9225698387725687,-0.013620267358068205,-0.8052697139551094,,,0.5950953909385752,False,0,,,,,,,,,,,,,,,,,,,,,,,,,,,,,,,,,,,,,,,,,,,,,,,,,,,,,,,,,
baseline_soft_linear_3e4,1.05,175.0,12000.0,1.0,False,False,False,False,,,,,,False,,,False,0,,374956606897.5137,374956613568.1035,71.11978586582853,100000,False,True,max_steps,unconditioned_descent,"{""unconditioned_descent"": 100000}",{},0.04761904761904765,0.860800100431001,-0.02781352146132343,-0.7910728547094577,,,0.5808479211751234,False,0,,,,,,,,,,,,,,,,,,,,,,,,,,,,,,,,,,,,,,,,,,,,,,,,,,,,,,,,,
phase20_predictive_planner,0.98,150.0,8000.0,1.0,False,False,False,False,,,,,,False,,,False,0,,84468724217.98242,84468724217.98242,6551.05755757195,100000,False,True,max_steps,coast,"{""coast"": 99960, ""predictive_descent"": 40}",{},0.020408163265306076,2.153561336230181,-0.12518223472029355,-0.13291396894614815,,,1.7872808345631124,False,0,,,,,,,,,,,,,,,,,,,,,,,,,,,,,,,,,,,,,,,,,,,,,,,,,,,,,,,,,
phase20_predictive_planner,1.0,150.0,8000.0,1.0,True,True,True,True,-38.530447607905636,-3195.2769906896274,-0.009158290866034995,-0.7594844569695679,-2413.50390625,False,0.6185775149366969,0.021872411989640565,False,1,128,1076.5029296875,2220.5693359375,28.016402607368157,349,True,False,success,phase76_handoff,"{""phase76_handoff"": 128}",{},0.0,5.921338994971445e-10,-0.1339745962155613,7.549516567451064e-15,,,1.0000000000000073,False,0,,,,,,,,,,,,,,,,,,,,,,,,,,,,,,,,,,,,,,,,,,3.0379378278782716,3.0379378278782716,3.0379378278782716,outside_3x,0,outside_3x,,128,,,-0.7594844569695679,,,,,
phase20_predictive_planner,1.02,150.0,8000.0,1.0,False,False,False,False,,,,,,False,,,False,0,,82108653858.16895,82108653858.16895,6803.3750686506155,100000,False,True,max_steps,coast,"{""coast"": 99880, ""predictive_descent"": 120}",{},0.01960784313725499,1.6517583238054399,-0.14250707428745557,-0.8788575926381252,,,1.8257690931976658,False,0,,,,,,,,,,,,,,,,,,,,,,,,,,,,,,,,,,,,,,,,,,,,,,,,,,,,,,,,,
phase20_predictive_planner,1.05,150.0,8000.0,1.0,False,False,False,False,,,,,,False,,,False,0,,306815014006.5283,306815014006.5283,6832.157363386223,100000,False,True,max_steps,coast,"{""coast"": 99880, ""predictive_descent"": 120}",{},0.04761904761904765,1.7279858954899665,-0.15484574527148331,-0.8913306026987632,,,1.8263186131125941,False,0,,,,,,,,,,,,,,,,,,,,,,,,,,,,,,,,,,,,,,,,,,,,,,,,,,,,,,,,,
phase20_predictive_planner,0.98,165.0,8000.0,1.0,False,False,False,False,,,,,,False,,,False,0,,72660148719.83887,72660148719.83887,7724.851567285684,100000,False,True,max_steps,coast,"{""coast"": 99920, ""predictive_descent"": 80}",{},0.020408163265306076,2.3685560288769216,-0.024267568725401145,-0.8684343635167313,,,1.8464455605206895,False,0,,,,,,,,,,,,,,,,,,,,,,,,,,,,,,,,,,,,,,,,,,,,,,,,,,,,,,,,,
phase20_predictive_planner,1.0,165.0,8000.0,1.0,True,True,True,True,-75.5921283924204,-3183.1688515097776,-0.017967470973745035,-0.756606476895629,-6026.451171875,False,0.6268461474885241,0.02180655982767169,False,1,79,581.3896484375,5645.37109375,18.30163168160577,300,True,False,success,phase76_handoff,"{""phase76_handoff"": 79}",{},2.104654818683916e-16,1.5054145521914852e-09,-0.03407417371093191,7.549516567451064e-15,,,1.0000000000000073,False,0,,,,,,,,,,,,,,,,,,,,,,,,,,,,,,,,,,,,,,,,,,3.026425907582516,3.026425907582516,3.026425907582516,outside_3x,0,outside_3x,,79,,,-0.756606476895629,,,,,
phase20_predictive_planner,1.02,165.0,8000.0,1.0,False,False,False,False,,,,,,False,,,False,0,,72083243341.39258,72083243341.39258,7807.331285071104,100000,False,True,max_steps,coast,"{""coast"": 99880, ""predictive_descent"": 120}",{},0.019607843137254777,2.512174155613607,-0.04359091640216495,-0.7787658824745693,,,1.8689930297163235,False,0,,,,,,,,,,,,,,,,,,,,,,,,,,,,,,,,,,,,,,,,,,,,,,,,,,,,,,,,,
phase20_predictive_planner,1.05,165.0,8000.0,1.0,False,False,False,False,,,,,,False,,,False,0,,296933726237.5176,296933726237.5176,7821.743484109974,100000,False,True,max_steps,coast,"{""coast"": 99880, ""predictive_descent"": 120}",{},0.04761904761904765,2.576020825782158,-0.057352915661626036,-0.7927265448875732,,,1.870789681075356,False,0,,,,,,,,,,,,,,,,,,,,,,,,,,,,,,,,,,,,,,,,,,,,,,,,,,,,,,,,,
phase20_predictive_planner,0.98,170.0,8000.0,1.0,False,False,False,False,,,,,,False,,,False,0,,76241175967.17676,76241175967.17676,7370.388115220575,100000,False,True,max_steps,coast,"{""coast"": 99880, ""predictive_descent"": 120}",{},0.020408163265306496,2.384088968803458,-0.005193942399973062,-0.42040430261383066,,,1.8506449546822594,False,0,,,,,,,,,,,,,,,,,,,,,,,,,,,,,,,,,,,,,,,,,,,,,,,,,,,,,,,,,
phase20_predictive_planner,1.0,170.0,8000.0,1.0,True,True,True,True,-69.01423483018289,-4727.470714164705,-0.01640397336941329,-1.1236711366960404,-2623.1083984375,False,0.9186216777498761,0.04348345057112868,False,1,42,1709.513671875,2275.509765625,11.434367729151932,266,True,False,success,phase76_handoff,"{""phase76_handoff"": 42}",{},2.104654818683916e-16,6.067846121554851e-10,-0.01519224698779198,7.327471962526033e-15,,,1.0000000000000073,False,0,,,,,,,,,,,,,,,,,,,,,,,,,,,,,,,,,,,,,,,,,,4.494684546784161,4.494684546784161,4.494684546784161,outside_3x,0,outside_3x,,42,,,-1.1236711366960404,,,,,
phase20_predictive_planner,1.02,170.0,8000.0,1.0,False,False,False,False,,,,,,False,,,False,0,,90669001859.67188,90669001859.67188,5947.008479442561,100000,False,True,max_steps,predictive_descent,"{""predictive_descent"": 100000}",{},0.01960784313725499,1.1638800771172697,-0.024895023050582443,-0.6238322271498392,,,1.7749994396937632,False,0,,,,,,,,,,,,,,,,,,,,,,,,,,,,,,,,,,,,,,,,,,,,,,,,,,,,,,,,,
phase20_predictive_planner,1.05,170.0,8000.0,1.0,False,False,False,False,,,,,,False,,,False,0,,315583079010.0654,315583079010.0654,5953.857025871133,100000,False,True,max_steps,coast,"{""coast"": 99800, ""predictive_descent"": 200}",{},0.047619047619047436,1.1936766694980965,-0.038926041995105076,-0.6685063201002401,,,1.7684664604367275,False,0,,,,,,,,,,,,,,,,,,,,,,,,,,,,,,,,,,,,,,,,,,,,,,,,,,,,,,,,,
phase20_predictive_planner,0.98,175.0,8000.0,1.0,False,False,False,False,,,,,,False,,,False,0,,79861176468.02734,79861176468.02734,7013.651143405971,100000,False,True,max_steps,coast,"{""coast"": 99880, ""predictive_descent"": 120}",{},0.020408163265306287,2.553964103785982,0.006308609146797872,-0.10755412948896836,,,1.8959860515491949,False,0,,,,,,,,,,,,,,,,,,,,,,,,,,,,,,,,,,,,,,,,,,,,,,,,,,,,,,,,,
phase20_predictive_planner,1.0,175.0,8000.0,1.0,True,True,True,True,-31.058008674702325,-3664.12991433049,-0.0073821690331051645,-0.8709259717889519,-762.443359375,False,0.7055993803725469,0.02761116937756757,False,1,8,596.3916015625,607.4658203125,3.3645032623345292,230,True,False,success,phase76_handoff,"{""phase76_handoff"": 8}",{},2.104654818683916e-16,1.6197255112205923e-10,-0.003805301908254566,7.549516567451064e-15,,,1.0000000000000075,False,0,,,,,,,,,,,,,,,,,,,,,,,,,,,,,,,,,,,,,,,,,,3.4837038871558077,3.4837038871558077,3.4837038871558077,outside_3x,0,outside_3x,,8,,,-0.8709259717889519,,,,,
phase20_predictive_planner,1.02,175.0,8000.0,1.0,False,False,False,False,,,,,,False,,,False,0,,87065890060.35059,87065890060.35059,6307.331404718206,100000,False,True,max_steps,predictive_descent,"{""predictive_descent"": 100000}",{},0.019607843137254777,1.4040115599188268,-0.013620267358068205,-0.6351887389238673,,,1.8503131721233128,False,0,,,,,,,,,,,,,,,,,,,,,,,,,,,,,,,,,,,,,,,,,,,,,,,,,,,,,,,,,
phase20_predictive_planner,1.05,175.0,8000.0,1.0,False,False,False,False,,,,,,False,,,False,0,,312027784650.41113,312027784650.41113,6310.285141544167,100000,False,True,max_steps,predictive_descent,"{""coast"": 39920, ""predictive_descent"": 60080}",{},0.04761904761904765,1.4727669350815682,-0.02781352146132343,-0.6220702984553662,,,1.8429814424934339,False,0,,,,,,,,,,,,,,,,,,,,,,,,,,,,,,,,,,,,,,,,,,,,,,,,,,,,,,,,,
phase20_predictive_planner,0.98,150.0,10000.0,1.0,False,False,False,False,,,,,,False,,,False,0,,73503600577.52051,73503600577.52051,7641.444867204002,100000,False,True,max_steps,coast,"{""coast"": 99880, ""predictive_descent"": 120}",{},0.020408163265306076,2.28076684530052,-0.12518223472029355,-0.9535160101879386,,,1.8225166083328077,False,0,,,,,,,,,,,,,,,,,,,,,,,,,,,,,,,,,,,,,,,,,,,,,,,,,,,,,,,,,
phase20_predictive_planner,1.0,150.0,10000.0,1.0,True,True,True,True,-56.806558896857226,-3462.776521423222,-0.013502334433540864,-0.823066342493355,-3817.8857421875,False,0.6746558758239845,0.02052503083453011,False,1,1711,693.05859375,2453.6474609375,78.06700913583241,1927,True,False,success,phase76_handoff,"{""phase76_handoff"": 1711}",{},0.0,6.542913016537822e-10,-0.1339745962155613,5.995204332975845e-15,,,1.0000000000000058,False,0,,,,,,,,,,,,,,,,,,,,,,,,,,,,,,,,,,,,,,,,,,3.29226536997342,3.29226536997342,3.29226536997342,outside_3x,0,outside_3x,,1711,,,-0.823066342493355,,,,,
phase20_predictive_planner,1.02,150.0,10000.0,1.0,False,False,False,False,,,,,,False,,,False,0,,87655012837.91504,87655012837.91504,6248.7963092026885,100000,False,True,max_steps,coast,"{""coast"": 99840, ""predictive_descent"": 160}",{},0.01960784313725499,1.26857778710544,-0.14250707428745557,-0.802410002583988,,,1.8548228584815822,False,0,,,,,,,,,,,,,,,,,,,,,,,,,,,,,,,,,,,,,,,,,,,,,,,,,,,,,,,,,
phase20_predictive_planner,1.05,150.0,10000.0,1.0,False,False,False,False,,,,,,False,,,False,0,,312362174514.38184,312362174514.38184,6277.422441779943,100000,False,True,max_steps,coast,"{""coast"": 99840, ""predictive_descent"": 160}",{},0.04761904761904765,1.350728068785586,-0.15484574527148331,-0.7900113678415267,,,1.8679514733463263,False,0,,,,,,,,,,,,,,,,,,,,,,,,,,,,,,,,,,,,,,,,,,,,,,,,,,,,,,,,,
phase20_predictive_planner,0.98,165.0,10000.0,1.0,False,False,False,False,,,,,,False,,,False,0,,83618167850.35059,83618167850.35059,6638.428136086643,100000,False,True,max_steps,coast,"{""coast"": 99960, ""predictive_descent"": 40}",{},0.020408163265306076,2.4022249608839545,-0.024267568725401145,-0.03300239483945577,,,1.8555422156152144,False,0,,,,,,,,,,,,,,,,,,,,,,,,,,,,,,,,,,,,,,,,,,,,,,,,,,,,,,,,,
phase20_predictive_planner,1.0,165.0,10000.0,1.0,True,True,True,True,-44.60852682385054,-3025.2685757801814,-0.010602987744017904,-0.7190752063618795,-2523.248046875,False,0.5879837507187582,0.01630347108872191,False,1,41,1109.8916015625,1452.48828125,20.02351591027418,257,True,False,success,phase76_handoff,"{""phase76_handoff"": 41}",{},2.104654818683916e-16,3.8731520650728185e-10,-0.03407417371093191,5.995204332975845e-15,,,1.000000000000006,False,0,,,,,,,,,,,,,,,,,,,,,,,,,,,,,,,,,,,,,,,,,,2.876300825447518,2.876300825447518,2.876300825447518,C_3x,1,C_3x,,41,,,-0.7190752063618795,,,,,
phase20_predictive_planner,1.02,165.0,10000.0,1.0,False,False,False,False,,,,,,False,,,False,0,,149624832579.19238,149624832579.19238,4345.678956589375,865,True,False,radial_stall,coast,"{""coast"": 785, ""predictive_descent"": 80}",{},0.019607843137254777,0.16522473679460892,-0.04359091640216495,-0.9653743162097976,,,1.4281227921411994,False,0,,,,,,,,,,,,,,,,,,,,,,,,,,,,,,,,,,,,,,,,,,,,,,,,,,,,,,,,,
phase20_predictive_planner,1.05,165.0,10000.0,1.0,False,False,False,False,,,,,,False,,,False,0,,374623491045.89844,374623491045.89844,4360.936919001045,865,True,False,radial_stall,coast,"{""coast"": 785, ""predictive_descent"": 80}",{},0.04761904761904765,0.22831898996820993,-0.057352915661626036,-0.9791371161347,,,1.4217014470682159,False,0,,,,,,,,,,,,,,,,,,,,,,,,,,,,,,,,,,,,,,,,,,,,,,,,,,,,,,,,,
phase20_predictive_planner,0.98,170.0,10000.0,1.0,False,False,False,False,,,,,,False,,,False,0,,87233323841.75,87233323841.75,6277.3382664235505,100000,False,True,max_steps,coast,"{""coast"": 99960, ""predictive_descent"": 40}",{},0.020408163265306496,2.1756347206130084,-0.005193942399973062,-0.01361870476142013,,,1.7934455875462758,False,0,,,,,,,,,,,,,,,,,,,,,,,,,,,,,,,,,,,,,,,,,,,,,,,,,,,,,,,,,
phase20_predictive_planner,1.0,170.0,10000.0,1.0,True,True,True,True,-14.98621570953258,-4062.7001351939803,-0.0035620692457484443,-0.9656620114621247,-1402.0849609375,False,0.7768040924515426,0.02687945836559521,False,1,26,96.537109375,1044.1005859375,8.944379745003824,243,True,False,success,phase76_handoff,"{""phase76_handoff"": 26}",{},2.104654818683916e-16,2.7841236850026503e-10,-0.01519224698779198,5.773159728050814e-15,,,1.0000000000000058,False,0,,,,,,,,,,,,,,,,,,,,,,,,,,,,,,,,,,,,,,,,,,3.862648045848499,3.862648045848499,3.862648045848499,outside_3x,0,outside_3x,,26,,,-0.9656620114621247,,,,,
phase20_predictive_planner,1.02,170.0,10000.0,1.0,False,False,False,False,,,,,,False,,,False,0,,101729350874.55957,101729350874.55957,4838.9773927922815,100000,False,True,max_steps,coast,"{""coast"": 99920, ""predictive_descent"": 80}",{},0.01960784313725499,0.35285986933378966,-0.024895023050582443,-0.9463412608796616,,,1.503874307863091,False,0,,,,,,,,,,,,,,,,,,,,,,,,,,,,,,,,,,,,,,,,,,,,,,,,,,,,,,,,,
phase20_predictive_planner,1.05,170.0,10000.0,1.0,False,False,False,False,,,,,,False,,,False,0,,326631529290.91895,326631529290.91895,4848.160341868105,100000,False,True,max_steps,coast,"{""coast"": 99920, ""predictive_descent"": 80}",{},0.047619047619047436,0.41325421172849236,-0.038926041995105076,-0.9604681667300482,,,1.4967104971748728,False,0,,,,,,,,,,,,,,,,,,,,,,,,,,,,,,,,,,,,,,,,,,,,,,,,,,,,,,,,,
phase20_predictive_planner,0.98,175.0,10000.0,1.0,False,False,False,False,,,,,,False,,,False,0,,90906380198.01855,90906380198.01855,5910.295175908834,100000,False,True,max_steps,coast,"{""coast"": 99960, ""predictive_descent"": 40}",{},0.020408163265306287,1.9455285563660243,0.006308609146797872,-0.0017189179529928378,,,1.7281033879145407,False,0,,,,,,,,,,,,,,,,,,,,,,,,,,,,,,,,,,,,,,,,,,,,,,,,,,,,,,,,,
phase20_predictive_planner,1.0,175.0,10000.0,1.0,True,True,True,True,-79.19029577566481,-3603.0741488999756,-0.01882271833073839,-0.8564136446924371,-4727.6806640625,False,0.7077181783811932,0.021957297513013917,False,1,7,2218.6337890625,2824.8642578125,3.50178163891905,224,True,False,success,phase76_handoff,"{""phase76_handoff"": 7}",{},2.104654818683916e-16,7.532826887231708e-10,-0.003805301908254566,5.773159728050814e-15,,,1.0000000000000058,False,0,,,,,,,,,,,,,,,,,,,,,,,,,,,,,,,,,,,,,,,,,,3.4256545787697483,3.4256545787697483,3.4256545787697483,outside_3x,0,outside_3x,,7,,,-0.8564136446924371,,,,,
phase20_predictive_planner,1.02,175.0,10000.0,1.0,False,False,False,False,,,,,,False,,,False,0,,98126444131.70605,98126444131.70605,5199.259923677327,100000,False,True,max_steps,coast,"{""coast"": 99920, ""predictive_descent"": 80}",{},0.019607843137254777,0.557622752993611,-0.013620267358068205,-0.9349638115567733,,,1.5770819442013588,False,0,,,,,,,,,,,,,,,,,,,,,,,,,,,,,,,,,,,,,,,,,,,,,,,,,,,,,,,,,
phase20_predictive_planner,1.05,175.0,10000.0,1.0,False,False,False,False,,,,,,False,,,False,0,,323080428582.16797,323080428582.16797,5203.265663194206,100000,False,True,max_steps,coast,"{""coast"": 99920, ""predictive_descent"": 80}",{},0.04761904761904765,0.6150707289801124,-0.02781352146132343,-0.9492636876200098,,,1.5692183820657692,False,0,,,,,,,,,,,,,,,,,,,,,,,,,,,,,,,,,,,,,,,,,,,,,,,,,,,,,,,,,
phase20_predictive_planner,0.98,150.0,12000.0,1.0,False,False,False,False,,,,,,False,,,False,0,,95577037244.05957,95577037244.05957,5437.1769959579515,100000,False,True,max_steps,coast,"{""coast"": 99920, ""predictive_descent"": 80}",{},0.020408163265306076,1.1504708895746707,-0.12518223472029355,-0.28846914076557484,,,1.4802962248564964,False,0,,,,,,,,,,,,,,,,,,,,,,,,,,,,,,,,,,,,,,,,,,,,,,,,,,,,,,,,,
phase20_predictive_planner,1.0,150.0,12000.0,1.0,True,True,True,True,-39.80874820360246,-4852.3106761866475,-0.009462129762191896,-1.1533443108967762,-1244.0107421875,False,0.9340300045979194,0.03135376273812549,False,4,55,51.9462890625,217.6943359375,21.73237089833826,270,True,False,success,phase76_handoff,"{""phase76_handoff"": 55}",{},0.0,5.8064900861706823e-11,-0.1339745962155613,5.10702591327572e-15,,,1.0000000000000049,False,0,,,,,,,,,,,,,,,,,,,,,,,,,,,,,,,,,,,,,,,,,,4.613377243587105,4.613377243587105,4.613377243587105,outside_3x,0,outside_3x,,55,,,-1.1533443108967762,,,,,
phase20_predictive_planner,1.02,150.0,12000.0,1.0,False,False,False,False,,,,,,False,,,False,0,,149620337131.72852,149620337131.72852,4442.661934961422,860,True,False,radial_stall,coast,"{""coast"": 780, ""predictive_descent"": 80}",{},0.01960784313725499,0.2785604112244225,-0.14250707428745557,-0.7513380934810396,,,1.3830460481120777,False,0,,,,,,,,,,,,,,,,,,,,,,,,,,,,,,,,,,,,,,,,,,,,,,,,,,,,,,,,,
phase20_predictive_planner,1.05,150.0,12000.0,1.0,False,False,False,False,,,,,,False,,,False,0,,328960131292.9336,328960131292.9336,4614.793348465388,100000,False,True,max_steps,coast,"{""coast"": 99920, ""predictive_descent"": 80}",{},0.04761904761904765,0.35638230980287666,-0.15484574527148331,-0.7374768709615155,,,1.3810571699195355,False,0,,,,,,,,,,,,,,,,,,,,,,,,,,,,,,,,,,,,,,,,,,,,,,,,,,,,,,,,,
phase20_predictive_planner,0.98,165.0,12000.0,1.0,False,False,False,False,,,,,,False,,,False,0,,72677942589.08496,72677942589.08496,7724.837487893811,100000,False,True,max_steps,coast,"{""coast"": 99880, ""predictive_descent"": 120}",{},0.020408163265306076,2.3678835879240063,-0.024267568725401145,-0.8709475090760015,,,1.8462624635077896,False,0,,,,,,,,,,,,,,,,,,,,,,,,,,,,,,,,,,,,,,,,,,,,,,,,,,,,,,,,,
phase20_predictive_planner,1.0,165.0,12000.0,1.0,True,True,True,True,-49.89490215814327,-3804.1918098357014,-0.011859504757034702,-0.904217242924399,-3756.763671875,False,0.7376052005488627,0.020534347013872814,False,1,47,861.8408203125,1917.5859375,12.276941494087875,260,True,False,success,phase76_handoff,"{""phase76_handoff"": 47}",{},2.104654818683916e-16,5.113431463687706e-10,-0.03407417371093191,4.884981308350689e-15,,,1.0000000000000049,False,0,,,,,,,,,,,,,,,,,,,,,,,,,,,,,,,,,,,,,,,,,,3.616868971697596,3.616868971697596,3.616868971697596,outside_3x,0,outside_3x,,47,,,-0.904217242924399,,,,,
phase20_predictive_planner,1.02,165.0,12000.0,1.0,False,False,False,False,,,,,,False,,,False,0,,94201346339.39062,94201346339.39062,5591.789594267276,100000,False,True,max_steps,coast,"{""coast"": 99920, ""predictive_descent"": 80}",{},0.019607843137254777,0.8144499194979767,-0.04359091640216495,-0.8491674566543964,,,1.6332605340252782,False,0,,,,,,,,,,,,,,,,,,,,,,,,,,,,,,,,,,,,,,,,,,,,,,,,,,,,,,,,,
phase20_predictive_planner,1.05,165.0,12000.0,1.0,False,False,False,False,,,,,,False,,,False,0,,319053047028.8779,319053047028.8779,5605.964842304953,100000,False,True,max_steps,coast,"{""coast"": 99920, ""predictive_descent"": 80}",{},0.04761904761904765,0.8845608346846637,-0.057352915661626036,-0.8353356451834139,,,1.6282452369472966,False,0,,,,,,,,,,,,,,,,,,,,,,,,,,,,,,,,,,,,,,,,,,,,,,,,,,,,,,,,,
phase20_predictive_planner,0.98,170.0,12000.0,1.0,False,False,False,False,,,,,,False,,,False,0,,76298194216.76562,76298194216.76562,7362.753470091987,100000,False,True,max_steps,coast,"{""coast"": 99880, ""predictive_descent"": 120}",{},0.020408163265306496,2.0537781927310266,-0.005193942399973062,-0.8897686373401127,,,1.7591420905655575,False,0,,,,,,,,,,,,,,,,,,,,,,,,,,,,,,,,,,,,,,,,,,,,,,,,,,,,,,,,,
phase20_predictive_planner,1.0,170.0,12000.0,1.0,True,True,True,True,-59.11783526958399,-2644.140708489538,-0.014051701041181388,-0.628485034627588,-4974.4609375,False,0.5196500696147496,0.011302579212861713,False,1,19,567.279296875,2772.2412109375,6.334229874531584,231,True,False,success,phase76_handoff,"{""phase76_handoff"": 19}",{},2.104654818683916e-16,7.392509550470052e-10,-0.01519224698779198,5.10702591327572e-15,,,1.0000000000000049,False,0,,,,,,,,,,,,,,,,,,,,,,,,,,,,,,,,,,,,,,,,,,2.513940138510352,2.513940138510352,2.513940138510352,C_3x,1,C_3x,,19,,,-0.628485034627588,,,,,
phase20_predictive_planner,1.02,170.0,12000.0,1.0,False,False,False,False,,,,,,False,,,False,0,,90652729375.9082,90652729375.9082,5946.716243031799,100000,False,True,max_steps,coast,"{""coast"": 99920, ""predictive_descent"": 80}",{},0.01960784313725499,1.0396120557289614,-0.024895023050582443,-0.8679393480823683,,,1.712910905025318,False,0,,,,,,,,,,,,,,,,,,,,,,,,,,,,,,,,,,,,,,,,,,,,,,,,,,,,,,,,,
phase20_predictive_planner,1.05,170.0,12000.0,1.0,False,False,False,False,,,,,,False,,,False,0,,315555454265.1885,315555454265.1885,5955.791440419789,100000,False,True,max_steps,coast,"{""coast"": 99920, ""predictive_descent"": 80}",{},0.047619047619047436,1.1064830789009705,-0.038926041995105076,-0.8538293066086393,,,1.707006518231679,False,0,,,,,,,,,,,,,,,,,,,,,,,,,,,,,,,,,,,,,,,,,,,,,,,,,,,,,,,,,
phase20_predictive_planner,0.98,175.0,12000.0,1.0,False,False,False,False,,,,,,False,,,False,0,,79974350106.51172,79974350106.51172,6995.103310573177,100000,False,True,max_steps,coast,"{""coast"": 99880, ""predictive_descent"": 120}",{},0.020408163265306287,1.7522032378901389,0.006308609146797872,-0.9011078287142903,,,1.6712292375714448,False,0,,,,,,,,,,,,,,,,,,,,,,,,,,,,,,,,,,,,,,,,,,,,,,,,,,,,,,,,,
phase20_predictive_planner,1.0,175.0,12000.0,1.0,True,True,True,True,-49.59440466036998,-3805.3841505526866,-0.011788079594339244,-0.9045006500420295,-4449.8916015625,False,0.7377462161401496,0.02054370229463622,False,1,25,509.548828125,2621.802734375,2.228509408401243,238,True,False,success,phase76_handoff,"{""phase76_handoff"": 25}",{},2.104654818683916e-16,6.99134129548071e-10,-0.003805301908254566,4.884981308350689e-15,,,1.0000000000000049,False,0,,,,,,,,,,,,,,,,,,,,,,,,,,,,,,,,,,,,,,,,,,3.618002600168118,3.618002600168118,3.618002600168118,outside_3x,0,outside_3x,,25,,,-0.9045006500420295,,,,,
phase20_predictive_planner,1.02,175.0,12000.0,1.0,False,False,False,False,,,,,,False,,,False,0,,87049339120.22949,87049339120.22949,6307.093388739114,100000,False,True,max_steps,coast,"{""coast"": 99920, ""predictive_descent"": 80}",{},0.019607843137254777,1.285327501664824,-0.013620267358068205,-0.879245262450117,,,1.7901740486682165,False,0,,,,,,,,,,,,,,,,,,,,,,,,,,,,,,,,,,,,,,,,,,,,,,,,,,,,,,,,,
phase20_predictive_planner,1.05,175.0,12000.0,1.0,False,False,False,False,,,,,,False,,,False,0,,312003890918.2959,312003890918.2959,6310.987263919418,100000,False,True,max_steps,coast,"{""coast"": 99920, ""predictive_descent"": 80}",{},0.04761904761904765,1.3486628857624927,-0.02781352146132343,-0.8649653026222262,,,1.783433768459546,False,0,,,,,,,,,,,,,,,,,,,,,,,,,,,,,,,,,,,,,,,,,,,,,,,,,,,,,,,,,
phase21_orbital_transfer_planner,0.98,150.0,8000.0,1.0,False,False,False,False,,,,,,False,,,False,0,,129338899966.98242,129338899966.98242,2072.72530728603,100000,False,True,max_steps,safety_guard,"{""coast_to_crossing"": 181, ""energy_shape"": 22, ""safety_guard"": 99797}",{},0.020408163265306076,0.8077697920117426,-0.1426785900258876,0.24312238054818197,0.8069181583324454,0.24277366758251562,1.359622868454999,False,0,,,,,,,,,,,,,,,,,,,,,,,,,,,,,,,,,,,,,,,,,,,,,,,,,,,,,,,,,
phase21_orbital_transfer_planner,1.0,150.0,8000.0,1.0,True,True,True,True,-38.530447607905636,-3195.2769906896274,-0.009158290866034995,-0.7594844569695679,-2413.50390625,False,0.6185775149366969,0.021872411989640565,False,1,128,1076.5029296875,2220.5693359375,28.016402607368157,349,True,False,success,phase76_handoff,"{""phase76_handoff"": 128}",{},0.0,5.921368460138907e-10,-0.13397459621556124,-2.960682026107455e-10,0.3663397374169004,0.36135894612570174,1.0000000000000073,False,0,,,,,,,,,,,,,,,,,,,,,,,,,,,,,,,,,,,,,,,,,,3.0379378278782716,3.0379378278782716,3.0379378278782716,outside_3x,0,outside_3x,,128,,,-0.7594844569695679,,,,,
phase21_orbital_transfer_planner,1.02,150.0,8000.0,1.0,False,False,False,False,,,,,,False,,,False,0,,150000207987.5459,152313614363.78027,0.38970870969151133,100000,False,True,max_steps,coast_to_crossing,"{""angular_momentum_shape"": 3118, ""coast_to_crossing"": 93772, ""energy_shape"": 3110}",{},0.01960784313725499,0.04053067624999796,-0.12535721577320472,0.02067682698843686,0.052925663769409985,0.020109164481361425,1.1139354531595709,False,0,,,,,,,,,,,,,,,,,,,,,,,,,,,,,,,,,,,,,,,,,,,,,,,,,,,,,,,,,
phase21_orbital_transfer_planner,1.05,150.0,8000.0,1.0,False,False,False,False,,,,,,False,,,False,0,,375000204878.0625,376628624447.375,0.07595776263385319,100000,False,True,max_steps,coast_to_crossing,"{""angular_momentum_shape"": 3117, ""coast_to_crossing"": 93772, ""energy_shape"": 3111}",{},0.04761904761904765,0.085590028492707,-0.11258803253505753,0.044930752873529115,0.09338958743504253,0.044111738750108306,1.105797608746343,False,0,,,,,,,,,,,,,,,,,,,,,,,,,,,,,,,,,,,,,,,,,,,,,,,,,,,,,,,,,
phase21_orbital_transfer_planner,0.98,165.0,8000.0,1.0,False,False,False,False,,,,,,False,,,False,0,,139220130802.43457,139220130802.43457,1086.6047897724484,100000,False,True,max_steps,safety_guard,"{""coast_to_crossing"": 181, ""energy_shape"": 20, ""safety_guard"": 99799}",{},0.020408163265306076,0.8028337156197802,-0.04378221735089306,0.3071550146640777,0.8020916491420212,0.30686566622959977,1.3578085308549142,False,0,,,,,,,,,,,,,,,,,,,,,,,,,,,,,,,,,,,,,,,,,,,,,,,,,,,,,,,,,
phase21_orbital_transfer_planner,1.0,165.0,8000.0,1.0,True,True,True,True,-75.5921283924204,-3183.1688515097776,-0.017967470973745035,-0.756606476895629,-6026.451171875,False,0.6268461474885241,0.02180655982767169,False,1,79,581.3896484375,5645.37109375,18.301631681605773,300,True,False,success,phase76_handoff,"{""phase76_handoff"": 79}",{},2.104654818683916e-16,1.5054174987082315e-09,-0.034074173710931875,-7.527085435822101e-10,0.26674190140223863,0.25986916092986073,1.0000000000000073,False,0,,,,,,,,,,,,,,,,,,,,,,,,,,,,,,,,,,,,,,,,,,3.026425907582516,3.026425907582516,3.026425907582516,outside_3x,0,outside_3x,,79,,,-0.756606476895629,,,,,
phase21_orbital_transfer_planner,1.02,165.0,8000.0,1.0,False,False,False,False,,,,,,False,,,False,0,,150000107662.1836,151198442370.34766,0.1913580661810673,100000,False,True,max_steps,coast_to_crossing,"{""angular_momentum_shape"": 3115, ""coast_to_crossing"": 93772, ""energy_shape"": 3113}",{},0.019607843137254777,0.023707986524368653,-0.024462734730208335,0.012060818042315805,0.028448525488256073,0.012630932336500809,1.04185588943354,False,0,,,,,,,,,,,,,,,,,,,,,,,,,,,,,,,,,,,,,,,,,,,,,,,,,,,,,,,,,
phase21_orbital_transfer_planner,1.05,165.0,8000.0,1.0,False,False,False,False,,,,,,False,,,False,0,,375000106052.5654,375843506418.4785,0.06219249788037064,100000,False,True,max_steps,coast_to_crossing,"{""angular_momentum_shape"": 3115, ""coast_to_crossing"": 93772, ""energy_shape"": 3113}",{},0.04761904761904765,0.08064519396329276,-0.010220561444707415,0.04231430704266195,0.08161905647198454,0.04149485090182219,1.0240583575907158,False,0,,,,,,,,,,,,,,,,,,,,,,,,,,,,,,,,,,,,,,,,,,,,,,,,,,,,,,,,,
phase21_orbital_transfer_planner,0.98,170.0,8000.0,1.0,False,False,False,False,,,,,,False,,,False,0,,142731362597.1621,142731362597.1621,736.088010247504,100000,False,True,max_steps,safety_guard,"{""coast_to_crossing"": 181, ""energy_shape"": 20, ""safety_guard"": 99799}",{},0.020408163265306496,0.8187071256943826,-0.025090063551973553,0.32588990550289315,0.8179519099585917,0.32559959891422763,1.3636419627610479,False,0,,,,,,,,,,,,,,,,,,,,,,,,,,,,,,,,,,,,,,,,,,,,,,,,,,,,,,,,,
phase21_orbital_transfer_planner,1.0,170.0,8000.0,1.0,True,True,True,True,-69.01423483018289,-4727.470714164705,-0.01640397336941329,-1.1236711366960404,-2623.1083984375,False,0.9186216777498761,0.04348345057112868,False,1,42,1709.513671875,2275.509765625,11.434367729151932,266,True,False,success,phase76_handoff,"{""phase76_handoff"": 42}",{},2.104654818683916e-16,6.06787979603195e-10,-0.015192246987791962,-3.0339398958307167e-10,0.17816342831455345,0.17086207258353472,1.0000000000000073,False,0,,,,,,,,,,,,,,,,,,,,,,,,,,,,,,,,,,,,,,,,,,4.494684546784161,4.494684546784161,4.494684546784161,outside_3x,0,outside_3x,,42,,,-1.1236711366960404,,,,,
phase21_orbital_transfer_planner,1.02,170.0,8000.0,1.0,False,False,False,False,,,,,,False,,,False,0,,150000072233.23828,150805162551.44043,0.22475994963156376,100000,False,True,max_steps,coast_to_crossing,"{""angular_momentum_shape"": 3115, ""coast_to_crossing"": 93772, ""energy_shape"": 3113}",{},0.01960784313725499,0.06116893816411713,-0.005392923511594131,0.031139783047561508,0.06168150482259418,0.030569772412753226,1.0253545328478373,False,0,,,,,,,,,,,,,,,,,,,,,,,,,,,,,,,,,,,,,,,,,,,,,,,,,,,,,,,,,
phase21_orbital_transfer_planner,1.05,170.0,8000.0,1.0,False,False,False,False,,,,,,False,,,False,0,,375000071153.30273,375565205471.80566,0.04539605699007103,100000,False,True,max_steps,coast_to_crossing,"{""angular_momentum_shape"": 3114, ""coast_to_crossing"": 93772, ""energy_shape"": 3114}",{},0.047619047619047436,0.01890197302253496,0.009127655905139585,0.009125797341636195,0.021546414562626064,0.009944561953245529,1.0004897024192811,False,0,,,,,,,,,,,,,,,,,,,,,,,,,,,,,,,,,,,,,,,,,,,,,,,,,,,,,,,,,
phase21_orbital_transfer_planner,0.98,175.0,8000.0,1.0,False,False,False,False,,,,,,False,,,False,0,,146299546315.74316,146299546315.74316,379.6485624839065,100000,False,True,max_steps,safety_guard,"{""coast_to_crossing"": 181, ""energy_shape"": 20, ""safety_guard"": 99799}",{},0.020408163265306287,0.8283045327364664,-0.013817563036137981,0.3371892583767292,0.827541364338351,0.3368985517845665,1.3671572062278428,False,0,,,,,,,,,,,,,,,,,,,,,,,,,,,,,,,,,,,,,,,,,,,,,,,,,,,,,,,,,
phase21_orbital_transfer_planner,1.0,175.0,8000.0,1.0,True,True,True,True,-31.058008674702325,-3664.12991433049,-0.0073821690331051645,-0.8709259717889519,-762.443359375,False,0.7055993803725469,0.02761116937756757,False,1,8,596.3916015625,607.4658203125,3.3645032623345292,230,True,False,success,phase76_handoff,"{""phase76_handoff"": 8}",{},2.104654818683916e-16,1.61976129035251e-10,-0.0038053019082545138,-8.098791935205801e-11,0.052706400717546155,0.04215600635667234,1.0000000000000075,False,0,,,,,,,,,,,,,,,,,,,,,,,,,,,,,,,,,,,,,,,,,,3.4837038871558077,3.4837038871558077,3.4837038871558077,outside_3x,0,outside_3x,,8,,,-0.8709259717889519,,,,,
phase21_orbital_transfer_planner,1.02,175.0,8000.0,1.0,False,False,False,False,,,,,,False,,,False,0,,150000036254.5703,150403638144.19336,0.044095815097207856,100000,False,True,max_steps,coast_to_crossing,"{""angular_momentum_shape"": 3114, ""coast_to_crossing"": 93772, ""energy_shape"": 3114}",{},0.019607843137254777,0.012160183146788864,0.006107327294770394,0.0061066712587823325,0.013681942743768926,0.006675958317710446,1.007978625685314,False,0,,,,,,,,,,,,,,,,,,,,,,,,,,,,,,,,,,,,,,,,,,,,,,,,,,,,,,,,,
phase21_orbital_transfer_planner,1.05,175.0,8000.0,1.0,False,False,False,False,,,,,,False,,,False,0,,375000035712.5371,375283807257.5791,0.013900264153462943,100000,False,True,max_steps,coast_to_crossing,"{""angular_momentum_shape"": 3114, ""coast_to_crossing"": 93772, ""energy_shape"": 3114}",{},0.04761904761904765,0.04038633464086164,0.020795802465610375,0.020796433085298573,0.039632610305566855,0.02031956974168688,0.9758704807256698,False,0,,,,,,,,,,,,,,,,,,,,,,,,,,,,,,,,,,,,,,,,,,,,,,,,,,,,,,,,,
phase21_orbital_transfer_planner,0.98,150.0,10000.0,1.0,False,False,False,False,,,,,,False,,,False,0,,129351133093.08789,129351133093.08789,2071.7760070254712,100000,False,True,max_steps,safety_guard,"{""coast_to_crossing"": 181, ""energy_shape"": 18, ""safety_guard"": 99801}",{},0.020408163265306076,0.8302126822233656,-0.1426785900258876,0.2518939456084543,0.8295488202897672,0.2516291771397809,1.3678514218997802,False,0,,,,,,,,,,,,,,,,,,,,,,,,,,,,,,,,,,,,,,,,,,,,,,,,,,,,,,,,,
phase21_orbital_transfer_planner,1.0,150.0,10000.0,1.0,True,True,True,True,-56.80655889685723,-3462.776521423222,-0.013502334433540866,-0.823066342493355,-3817.8857421875,False,0.6746558758239845,0.02052503083453011,False,1,1711,693.05859375,2453.6474609375,78.06700913583241,1927,True,False,success,phase76_handoff,"{""phase76_handoff"": 1711}",{},0.0,6.542940377050465e-10,-0.13397459621556124,-3.27146987699541e-10,0.8624157506482487,0.9057881760129234,1.0000000000000058,False,0,,,,,,,,,,,,,,,,,,,,,,,,,,,,,,,,,,,,,,,,,,3.29226536997342,3.29226536997342,3.29226536997342,outside_3x,0,outside_3x,,1711,,,-0.823066342493355,,,,,
phase21_orbital_transfer_planner,1.02,150.0,10000.0,1.0,False,False,False,False,,,,,,False,,,False,0,,150000207913.0,151847491987.20605,0.04737314593263204,100000,False,True,max_steps,coast_to_crossing,"{""angular_momentum_shape"": 3117, ""coast_to_crossing"": 93772, ""energy_shape"": 3111}",{},0.01960784313725499,0.02267413977837576,-0.12535721577320472,0.011529365124245914,0.034836791041211485,0.012245996315675193,1.1257786250435151,False,0,,,,,,,,,,,,,,,,,,,,,,,,,,,,,,,,,,,,,,,,,,,,,,,,,,,,,,,,,
phase21_orbital_transfer_planner,1.05,150.0,10000.0,1.0,False,False,False,False,,,,,,False,,,False,0,,375000204775.41406,376298537769.04395,0.013072124630703362,100000,False,True,max_steps,coast_to_crossing,"{""angular_momentum_shape"": 3116, ""coast_to_crossing"": 93772, ""energy_shape"": 3112}",{},0.04761904761904765,0.03642545469461092,-0.11258803253505753,0.018653505869549305,0.04577159109392982,0.019679446018898875,1.1113206025120224,False,0,,,,,,,,,,,,,,,,,,,,,,,,,,,,,,,,,,,,,,,,,,,,,,,,,,,,,,,,,
phase21_orbital_transfer_planner,0.98,165.0,10000.0,1.0,False,False,False,False,,,,,,False,,,False,0,,139220215493.20312,139220215493.20312,1086.605396114574,100000,False,True,max_steps,safety_guard,"{""coast_to_crossing"": 181, ""energy_shape"": 16, ""safety_guard"": 99803}",{},0.020408163265306076,0.8028386610814983,-0.04378221735089306,0.3071568027996412,0.8023496180165026,0.30696948903830484,1.3578104049090396,False,0,,,,,,,,,,,,,,,,,,,,,,,,,,,,,,,,,,,,,,,,,,,,,,,,,,,,,,,,,
phase21_orbital_transfer_planner,1.0,165.0,10000.0,1.0,True,True,True,True,-44.608526823850546,-3025.2685757801814,-0.010602987744017906,-0.7190752063618795,-2523.248046875,False,0.5879837507187582,0.01630347108872191,False,1,41,1109.8916015625,1452.48828125,20.023515910274185,257,True,False,success,phase76_handoff,"{""phase76_handoff"": 41}",{},2.104654818683916e-16,3.8731815302402797e-10,-0.034074173710931875,-1.9365930641171432e-10,0.1618266520108394,0.1566586163525732,1.000000000000006,False,0,,,,,,,,,,,,,,,,,,,,,,,,,,,,,,,,,,,,,,,,,,2.876300825447518,2.876300825447518,2.876300825447518,C_3x,1,C_3x,,41,,,-0.7190752063618795,,,,,
phase21_orbital_transfer_planner,1.02,165.0,10000.0,1.0,False,False,False,False,,,,,,False,,,False,0,,150000107623.57324,150957242174.11328,0.06268619488813208,100000,False,True,max_steps,coast_to_crossing,"{""angular_momentum_shape"": 3115, ""coast_to_crossing"": 93772, ""energy_shape"": 3113}",{},0.019607843137254777,0.04156336373509932,-0.024462734730208335,0.021199404808834626,0.04321033357849777,0.02059114903152114,1.0332233974206155,False,0,,,,,,,,,,,,,,,,,,,,,,,,,,,,,,,,,,,,,,,,,,,,,,,,,,,,,,,,,
phase21_orbital_transfer_planner,1.05,165.0,10000.0,1.0,False,False,False,False,,,,,,False,,,False,0,,375000105999.40234,375671540119.2422,0.08914640525677081,100000,False,True,max_steps,coast_to_crossing,"{""angular_momentum_shape"": 3114, ""coast_to_crossing"": 93772, ""energy_shape"": 3114}",{},0.04761904761904765,0.016175259631361304,-0.010220561444707415,-0.010224888015801315,0.016669616795149878,0.010611411010336412,1.005977307113983,False,0,,,,,,,,,,,,,,,,,,,,,,,,,,,,,,,,,,,,,,,,,,,,,,,,,,,,,,,,,
phase21_orbital_transfer_planner,0.98,170.0,10000.0,1.0,False,False,False,False,,,,,,False,,,False,0,,142731397770.03613,142731397770.03613,736.0905855652683,100000,False,True,max_steps,safety_guard,"{""coast_to_crossing"": 181, ""energy_shape"": 16, ""safety_guard"": 99803}",{},0.020408163265306496,0.8187106704123054,-0.025090063551973553,0.3258911111968379,0.8182131038910605,0.3257030261091073,1.3636432978484332,False,0,,,,,,,,,,,,,,,,,,,,,,,,,,,,,,,,,,,,,,,,,,,,,,,,,,,,,,,,,
phase21_orbital_transfer_planner,1.0,170.0,10000.0,1.0,True,True,True,True,-14.986215709532582,-4062.7001351939803,-0.0035620692457484448,-0.9656620114621247,-1402.0849609375,False,0.7768040924515426,0.02687945836559521,False,1,26,96.537109375,1044.1005859375,8.944379745003824,243,True,False,success,phase76_handoff,"{""phase76_handoff"": 26}",{},2.104654818683916e-16,2.784151045515293e-10,-0.015192246987791962,-1.3920757320459854e-10,0.11911657730373447,0.11527864173158785,1.0000000000000058,False,0,,,,,,,,,,,,,,,,,,,,,,,,,,,,,,,,,,,,,,,,,,3.862648045848499,3.862648045848499,3.862648045848499,outside_3x,0,outside_3x,,26,,,-0.9656620114621247,,,,,
phase21_orbital_transfer_planner,1.02,170.0,10000.0,1.0,False,False,False,False,,,,,,False,,,False,0,,150000072207.33203,150643231417.0166,0.1344969261323858,100000,False,True,max_steps,coast_to_crossing,"{""angular_momentum_shape"": 3115, ""coast_to_crossing"": 93772, ""energy_shape"": 3113}",{},0.01960784313725499,0.07935114674960966,-0.005392923511594131,0.04027274209222441,0.0792431117088637,0.03956043129957705,1.0341628620437904,False,0,,,,,,,,,,,,,,,,,,,,,,,,,,,,,,,,,,,,,,,,,,,,,,,,,,,,,,,,,
phase21_orbital_transfer_planner,1.05,170.0,10000.0,1.0,False,False,False,False,,,,,,False,,,False,0,,375000071117.6299,375450797313.20703,0.03857951987176224,100000,False,True,max_steps,coast_to_crossing,"{""angular_momentum_shape"": 3114, ""coast_to_crossing"": 93772, ""energy_shape"": 3114}",{},0.047619047619047436,0.01890058228235675,0.009127655905139585,0.009125494372826216,0.021699947528709383,0.010148776263773024,1.0066404257082722,False,0,,,,,,,,,,,,,,,,,,,,,,,,,,,,,,,,,,,,,,,,,,,,,,,,,,,,,,,,,
phase21_orbital_transfer_planner,0.98,175.0,10000.0,1.0,False,False,False,False,,,,,,False,,,False,0,,146299531994.8496,146299531994.8496,379.6530562375222,100000,False,True,max_steps,safety_guard,"{""coast_to_crossing"": 181, ""energy_shape"": 16, ""safety_guard"": 99803}",{},0.020408163265306287,0.8283064143907742,-0.013817563036137981,0.33718986655262106,0.8278036930585951,0.3370014777126746,1.3671579120920827,False,0,,,,,,,,,,,,,,,,,,,,,,,,,,,,,,,,,,,,,,,,,,,,,,,,,,,,,,,,,
phase21_orbital_transfer_planner,1.0,175.0,10000.0,1.0,True,True,True,True,-79.19029577566482,-3603.0741488999756,-0.018822718330738394,-0.8564136446924371,-4727.6806640625,False,0.7077181783811932,0.021957297513013917,False,1,7,2218.6337890625,2824.8642578125,3.501781638919049,224,True,False,success,phase76_handoff,"{""phase76_handoff"": 7}",{},2.104654818683916e-16,7.532854247744352e-10,-0.0038053019082545138,-3.7664298555721054e-10,0.0447136338407116,0.03713902085836511,1.0000000000000058,False,0,,,,,,,,,,,,,,,,,,,,,,,,,,,,,,,,,,,,,,,,,,3.4256545787697483,3.4256545787697483,3.4256545787697483,outside_3x,0,outside_3x,,7,,,-0.8564136446924371,,,,,
phase21_orbital_transfer_planner,1.02,175.0,10000.0,1.0,False,False,False,False,,,,,,False,,,False,0,,150000036241.5664,150322259765.8125,0.005746828574828214,100000,False,True,max_steps,coast_to_crossing,"{""angular_momentum_shape"": 3114, ""coast_to_crossing"": 93772, ""energy_shape"": 3114}",{},0.019607843137254777,0.01215991808392534,0.006107327294770394,0.006106616667530337,0.013878831495140296,0.006818113039075401,1.0124368274564308,False,0,,,,,,,,,,,,,,,,,,,,,,,,,,,,,,,,,,,,,,,,,,,,,,,,,,,,,,,,,
phase21_orbital_transfer_planner,1.05,175.0,10000.0,1.0,False,False,False,False,,,,,,False,,,False,0,,375000035694.63086,375226344866.5703,0.013067731758677262,100000,False,True,max_steps,coast_to_crossing,"{""angular_momentum_shape"": 3114, ""coast_to_crossing"": 93772, ""energy_shape"": 3114}",{},0.04761904761904765,0.040386369889541196,0.020795802465610375,0.020796509367304473,0.03994594710931631,0.02052416998743348,0.975863113227021,False,0,,,,,,,,,,,,,,,,,,,,,,,,,,,,,,,,,,,,,,,,,,,,,,,,,,,,,,,,,
phase21_orbital_transfer_planner,0.98,150.0,12000.0,1.0,False,False,False,False,,,,,,False,,,False,0,,129351370308.02539,129351370308.02539,2071.7695379563415,100000,False,True,max_steps,safety_guard,"{""coast_to_crossing"": 181, ""energy_shape"": 15, ""safety_guard"": 99804}",{},0.020408163265306076,0.8302198642761162,-0.1426785900258876,0.2518972847422641,0.829793166484369,0.2517321165966337,1.3678541272723257,False,0,,,,,,,,,,,,,,,,,,,,,,,,,,,,,,,,,,,,,,,,,,,,,,,,,,,,,,,,,
phase21_orbital_transfer_planner,1.0,150.0,12000.0,1.0,True,True,True,True,-39.808748203602455,-4852.3106761866475,-0.009462129762191894,-1.1533443108967762,-1244.0107421875,False,0.9340300045979194,0.03135376273812549,False,4,55,51.9462890625,217.6943359375,21.732370898338264,270,True,False,success,phase76_handoff,"{""phase76_handoff"": 55}",{},0.0,5.8061954344960664e-11,-0.13397459621556124,2.903110409476575e-11,0.2098163772666017,0.2070300221890964,1.0000000000000049,False,0,,,,,,,,,,,,,,,,,,,,,,,,,,,,,,,,,,,,,,,,,,4.613377243587105,4.613377243587105,4.613377243587105,outside_3x,0,outside_3x,,55,,,-1.1533443108967762,,,,,
phase21_orbital_transfer_planner,1.02,150.0,12000.0,1.0,False,False,False,False,,,,,,False,,,False,0,,150000207838.4541,151537422827.49414,0.09957020959252831,100000,False,True,max_steps,coast_to_crossing,"{""angular_momentum_shape"": 3117, ""coast_to_crossing"": 93772, ""energy_shape"": 3111}",{},0.01960784313725499,0.0766616580541641,-0.12535721577320472,0.03893339940160312,0.08390670873478116,0.03807941658065383,1.1297339326541278,False,0,,,,,,,,,,,,,,,,,,,,,,,,,,,,,,,,,,,,,,,,,,,,,,,,,,,,,,,,,
phase21_orbital_transfer_planner,1.05,150.0,12000.0,1.0,False,False,False,False,,,,,,False,,,False,0,,375000204672.7666,376079422659.31055,0.04273826409652691,100000,False,True,max_steps,coast_to_crossing,"{""angular_momentum_shape"": 3116, ""coast_to_crossing"": 93772, ""energy_shape"": 3112}",{},0.04761904761904765,0.08560428469166204,-0.11258803253505753,0.044935493423773,0.08946937685091118,0.043707414755979807,1.1057962573016271,False,0,,,,,,,,,,,,,,,,,,,,,,,,,,,,,,,,,,,,,,,,,,,,,,,,,,,,,,,,,
phase21_orbital_transfer_planner,0.98,165.0,12000.0,1.0,False,False,False,False,,,,,,False,,,False,0,,139229823158.75195,139229823158.75195,1086.1990011728453,100000,False,True,max_steps,safety_guard,"{""coast_to_crossing"": 181, ""energy_shape"": 14, ""safety_guard"": 99805}",{},0.020408163265306076,0.8507428340388336,-0.04378221735089306,0.3247051633809256,0.8504180120348904,0.32458347361586676,1.3753375412564228,False,0,,,,,,,,,,,,,,,,,,,,,,,,,,,,,,,,,,,,,,,,,,,,,,,,,,,,,,,,,
phase21_orbital_transfer_planner,1.0,165.0,12000.0,1.0,True,True,True,True,-49.89490215814327,-3804.1918098357014,-0.011859504757034702,-0.904217242924399,-3756.763671875,False,0.7376052005488627,0.020534347013872814,False,1,47,861.8408203125,1917.5859375,12.276941494087874,260,True,False,success,phase76_handoff,"{""phase76_handoff"": 47}",{},2.104654818683916e-16,5.113460928855167e-10,-0.034074173710931875,-2.556731218535144e-10,0.18107684618310782,0.16981116337464267,1.0000000000000049,False,0,,,,,,,,,,,,,,,,,,,,,,,,,,,,,,,,,,,,,,,,,,3.616868971697596,3.616868971697596,3.616868971697596,outside_3x,0,outside_3x,,47,,,-0.904217242924399,,,,,
phase21_orbital_transfer_planner,1.02,165.0,12000.0,1.0,False,False,False,False,,,,,,False,,,False,0,,150000107584.9629,150796348067.69824,0.06828234744894587,100000,False,True,max_steps,coast_to_crossing,"{""angular_momentum_shape"": 3115, ""coast_to_crossing"": 93772, ""energy_shape"": 3113}",{},0.019607843137254777,0.059567961450127146,-0.024462734730208335,0.030331573744878874,0.06029328134939934,0.02947686812203231,1.041855793928595,False,0,,,,,,,,,,,,,,,,,,,,,,,,,,,,,,,,,,,,,,,,,,,,,,,,,,,,,,,,,
phase21_orbital_transfer_planner,1.05,165.0,12000.0,1.0,False,False,False,False,,,,,,False,,,False,0,,375000105946.2383,375557917506.9922,0.07402800683239043,100000,False,True,max_steps,coast_to_crossing,"{""angular_momentum_shape"": 3114, ""coast_to_crossing"": 93772, ""energy_shape"": 3114}",{},0.04761904761904765,0.016178312135533418,-0.010220561444707415,-0.010225561711119446,0.017109129734925007,0.010816579970895114,1.0120014699361093,False,0,,,,,,,,,,,,,,,,,,,,,,,,,,,,,,,,,,,,,,,,,,,,,,,,,,,,,,,,,
phase21_orbital_transfer_planner,0.98,170.0,12000.0,1.0,False,False,False,False,,,,,,False,,,False,0,,142729189089.98145,142729189089.98145,736.0426819403393,100000,False,True,max_steps,safety_guard,"{""coast_to_crossing"": 181, ""energy_shape"": 13, ""safety_guard"": 99806}",{},0.020408163265306496,0.794608842719898,-0.025090063551973553,0.31711787183325674,0.7944204225074232,0.3170467740738575,1.3547772112660352,False,0,,,,,,,,,,,,,,,,,,,,,,,,,,,,,,,,,,,,,,,,,,,,,,,,,,,,,,,,,
phase21_orbital_transfer_planner,1.0,170.0,12000.0,1.0,True,True,True,True,-59.117835269584,-2644.140708489538,-0.01405170104118139,-0.628485034627588,-4974.4609375,False,0.5196500696147496,0.011302579212861713,False,1,19,567.279296875,2772.2412109375,6.334229874531583,231,True,False,success,phase76_handoff,"{""phase76_handoff"": 19}",{},2.104654818683916e-16,7.39254322494715e-10,-0.015192246987791962,-3.6962701919711793e-10,0.08395073686818688,0.07826315739382109,1.0000000000000049,False,0,,,,,,,,,,,,,,,,,,,,,,,,,,,,,,,,,,,,,,,,,,2.513940138510352,2.513940138510352,2.513940138510352,C_3x,1,C_3x,,19,,,-0.628485034627588,,,,,
phase21_orbital_transfer_planner,1.02,170.0,12000.0,1.0,False,False,False,False,,,,,,False,,,False,0,,150000072181.4248,150533535088.92773,0.046792610485921454,100000,False,True,max_steps,coast_to_crossing,"{""angular_momentum_shape"": 3114, ""coast_to_crossing"": 93772, ""energy_shape"": 3114}",{},0.01960784313725499,0.009954619869272785,-0.005392923511594131,-0.005395094473039987,0.010580823628644575,0.005913040167869656,1.0165487374796371,False,0,,,,,,,,,,,,,,,,,,,,,,,,,,,,,,,,,,,,,,,,,,,,,,,,,,,,,,,,,
phase21_orbital_transfer_planner,1.05,170.0,12000.0,1.0,False,False,False,False,,,,,,False,,,False,0,,375000071081.95703,375374518684.4072,0.03181424444201045,100000,False,True,max_steps,coast_to_crossing,"{""angular_momentum_shape"": 3114, ""coast_to_crossing"": 93772, ""energy_shape"": 3114}",{},0.047619047619047436,0.018899469869908776,0.009127655905139585,0.00912519111298972,0.02193299136526293,0.010352990275133773,1.012792426191769,False,0,,,,,,,,,,,,,,,,,,,,,,,,,,,,,,,,,,,,,,,,,,,,,,,,,,,,,,,,,
phase21_orbital_transfer_planner,0.98,175.0,12000.0,1.0,False,False,False,False,,,,,,False,,,False,0,,146299857936.08496,146299857936.08496,379.3456099177911,100000,False,True,max_steps,safety_guard,"{""coast_to_crossing"": 181, ""energy_shape"": 13, ""safety_guard"": 99806}",{},0.020408163265306287,0.8039633178546781,-0.013817563036137981,0.32841533707084514,0.803772941642481,0.32834400823951393,1.3582259378499502,False,0,,,,,,,,,,,,,,,,,,,,,,,,,,,,,,,,,,,,,,,,,,,,,,,,,,,,,,,,,
phase21_orbital_transfer_planner,1.0,175.0,12000.0,1.0,True,True,True,True,-49.59440466036999,-3805.3841505526866,-0.011788079594339246,-0.9045006500420295,-4449.8916015625,False,0.7377462161401496,0.02054370229463622,False,1,25,509.548828125,2621.802734375,2.228509408401243,238,True,False,success,phase76_handoff,"{""phase76_handoff"": 25}",{},2.104654818683916e-16,6.99137496995781e-10,-0.0038053019082545138,-3.495687966797318e-10,0.1117721993164184,0.09612948704126306,1.0000000000000049,False,0,,,,,,,,,,,,,,,,,,,,,,,,,,,,,,,,,,,,,,,,,,3.618002600168118,3.618002600168118,3.618002600168118,outside_3x,0,outside_3x,,25,,,-0.9045006500420295,,,,,
phase21_orbital_transfer_planner,1.02,175.0,12000.0,1.0,False,False,False,False,,,,,,False,,,False,0,,150000036228.56152,150267974078.37793,0.009261902636840692,100000,False,True,max_steps,coast_to_crossing,"{""angular_momentum_shape"": 3114, ""coast_to_crossing"": 93772, ""energy_shape"": 3114}",{},0.019607843137254777,0.012159706300613856,0.006107327294770394,0.0061065620907307635,0.014104851854952836,0.006960267722610895,1.0168951966717692,False,0,,,,,,,,,,,,,,,,,,,,,,,,,,,,,,,,,,,,,,,,,,,,,,,,,,,,,,,,,
phase21_orbital_transfer_planner,1.05,175.0,12000.0,1.0,False,False,False,False,,,,,,False,,,False,0,,375000035676.7256,375188035176.5996,0.011392661160146823,100000,False,True,max_steps,coast_to_crossing,"{""angular_momentum_shape"": 3114, ""coast_to_crossing"": 93772, ""energy_shape"": 3114}",{},0.04761904761904765,0.04038644066087986,0.020795802465610375,0.02079658572207968,0.04027503168828546,0.02072876691617168,0.9758557570421258,False,0,,,,,,,,,,,,,,,,,,,,,,,,,,,,,,,,,,,,,,,,,,,,,,,,,,,,,,,,,
phase22_two_burn_transfer,0.98,150.0,8000.0,1.0,False,False,False,False,,,,,,False,,,False,0,,149552684346.02148,149552684346.02148,44.324188967479536,100000,False,True,max_steps,phase76_handoff,"{""burn_a"": 18, ""burn_b"": 46, ""coast_arc"": 1, ""phase76_handoff"": 99935}","{""insertion_window"": 99637, ""no_intercept_possible"": 363}",0.020408163265306076,1.0222626531660615,-0.1426785900258876,-0.8676919986097228,1.0227987570251573,0.9993550945117833,1.2998219393460562,False,0,18,46,1,0,1,1,1,1,1,0,True,0.0,705902,,,,,,,,,,,,,,,,,,,,,,,,,,,,,,,,,,,,,,,,,,,,
phase22_two_burn_transfer,1.0,150.0,8000.0,1.0,True,True,True,True,-25.192574395203952,-3281.9890635371144,-0.005988015668111895,-0.7800950243010297,-1460.0703125,False,0.6312616384372342,0.022897899677950195,False,1,631,473.6396484375,1334.857421875,19.644712995676638,852,True,False,success,phase76_handoff,"{""phase76_handoff"": 631}","{""handoff_ready"": 216, ""insertion_window"": 382, ""intercept_possible_poor_alignment"": 254}",0.0,3.55947010158653e-10,-0.13397459621556124,-1.7797318008717732e-10,0.730935153977333,0.7067683357255949,1.0000000000000073,False,0,0,0,0,0,1,0,0,0,0,631,True,0.7406103286384976,0,,,,,,,,,,,,,,,,,,,,,,,,,,,,,3.120380097204119,3.120380097204119,3.120380097204119,outside_3x,0,outside_3x,,631,,,-0.7800950243010297,,,,,
phase22_two_burn_transfer,1.02,150.0,8000.0,1.0,False,False,False,False,,,,,,False,,,False,0,,150000208058.7246,170343025558.44434,2026.6388578588494,100000,False,True,max_steps,coast_arc,"{""burn_a"": 18, ""coast_arc"": 99982}","{""intercept_possible_poor_alignment"": 100000}",0.01960784313725499,0.44365947118547316,-0.12535721577320472,-0.4588594855455239,0.44361905538495505,0.4588278026998162,0.9741850063012878,False,0,18,0,99982,0,1,0,0,0,0,0,False,0.0,,,,,,,,,,,,,,,,,,,,,,,,,,,,,,,,,,,,,,,,,,,,,
phase22_two_burn_transfer,1.05,150.0,8000.0,1.0,False,False,False,False,,,,,,False,,,False,0,,375000204948.18164,394624067795.2461,1952.6134973316935,100000,False,True,max_steps,coast_arc,"{""burn_a"": 24, ""coast_arc"": 99976}","{""intercept_possible_poor_alignment"": 100000}",0.04761904761904765,0.6518721252678656,-0.11258803253505753,-0.8091753282905207,0.6518032612188849,0.809088254310838,0.9516473510587419,False,0,24,0,99976,0,1,0,0,0,0,0,False,0.0,,,,,,,,,,,,,,,,,,,,,,,,,,,,,,,,,,,,,,,,,,,,,
phase22_two_burn_transfer,0.98,165.0,8000.0,1.0,False,False,False,False,,,,,,False,,,False,0,,149554963635.83203,149554963635.83203,44.324188966992175,100000,False,True,max_steps,phase76_handoff,"{""burn_a"": 18, ""burn_b"": 46, ""coast_arc"": 1, ""phase76_handoff"": 99935}","{""insertion_window"": 99637, ""no_intercept_possible"": 363}",0.020408163265306076,1.0222632858503917,-0.04378221735089306,-0.8676920391849806,1.0228091285678254,0.9993657265564457,1.3277791329177384,False,0,18,46,1,0,1,1,1,1,1,0,True,0.0,1363699,,,,,,,,,,,,,,,,,,,,,,,,,,,,,,,,,,,,,,,,,,,,
phase22_two_burn_transfer,1.0,165.0,8000.0,1.0,True,True,True,True,-88.06929902399378,-3143.494158607936,-0.020933166025926386,-0.7471762106990555,-2645.9189453125,False,0.6228607681431453,0.021398883100412866,False,1,182,2175.0126953125,2201.5400390625,24.039640678408468,403,True,False,success,phase76_handoff,"{""phase76_handoff"": 182}","{""handoff_ready"": 216, ""insertion_window"": 109, ""intercept_possible_poor_alignment"": 78}",2.104654818683916e-16,5.870625232460438e-10,-0.034074173710931875,-2.935310709686659e-10,0.4505343981162966,0.4324346135808888,1.0000000000000073,False,0,0,0,0,0,1,0,0,0,0,182,True,0.45161290322580644,1,,,,,,,,,,,,,,,,,,,,,,,,,,,,,2.988704842796222,2.988704842796222,2.988704842796222,C_3x,1,C_3x,,182,,,-0.7471762106990555,,,,,
phase22_two_burn_transfer,1.02,165.0,8000.0,1.0,False,False,False,False,,,,,,False,,,False,0,,150000107699.07715,160504502316.9912,1044.0342145911768,100000,False,True,max_steps,coast_arc,"{""burn_a"": 18, ""coast_arc"": 99982}","{""intercept_possible_poor_alignment"": 100000}",0.019607843137254777,0.5015665861185644,-0.024462734730208335,-0.3580700078271545,0.5015206672753344,0.3580383150899955,0.9725342061045669,False,0,18,0,99982,0,1,0,0,0,0,0,False,0.0,,,,,,,,,,,,,,,,,,,,,,,,,,,,,,,,,,,,,,,,,,,,,
phase22_two_burn_transfer,1.05,165.0,8000.0,1.0,False,False,False,False,,,,,,False,,,False,0,,375000106088.9248,385113246594.83887,1001.998143845107,100000,False,True,max_steps,coast_arc,"{""burn_a"": 24, ""coast_arc"": 99976}","{""intercept_possible_poor_alignment"": 100000}",0.04761904761904765,0.7679929840763221,-0.010220561444707415,-0.7070169013260886,0.7679095772321304,0.7069298016036287,0.9491073110340807,False,0,24,0,99976,0,1,0,0,0,0,0,False,0.0,,,,,,,,,,,,,,,,,,,,,,,,,,,,,,,,,,,,,,,,,,,,,
phase22_two_burn_transfer,0.98,170.0,8000.0,1.0,False,False,False,False,,,,,,False,,,False,0,,149555718428.92773,149555718428.92773,44.32418896683088,100000,False,True,max_steps,phase76_handoff,"{""burn_a"": 18, ""burn_b"": 46, ""coast_arc"": 1, ""phase76_handoff"": 99935}","{""insertion_window"": 99637, ""no_intercept_possible"": 363}",0.020408163265306496,1.0222634953656649,-0.025090063551973553,-0.8676920526217073,1.022811322831694,0.9993689067635908,1.3330339359186443,False,0,18,46,1,0,1,1,1,1,1,0,True,0.0,2032565,,,,,,,,,,,,,,,,,,,,,,,,,,,,,,,,,,,,,,,,,,,,
phase22_two_burn_transfer,1.0,170.0,8000.0,1.0,True,True,True,True,-26.609700880474676,-3835.407376660934,-0.006324852049514541,-0.911636861908399,-2190.5517578125,False,0.7368993122782103,0.029925929496057102,False,1,2307,470.41796875,2058.1533203125,20.503655353634183,2529,True,False,success,phase76_handoff,"{""phase76_handoff"": 2307}","{""handoff_ready"": 216, ""insertion_window"": 1096, ""intercept_possible_poor_alignment"": 1217}",2.104654818683916e-16,5.488264172930856e-10,-0.015192246987791962,-2.744130855547726e-10,0.8975993091151757,0.8706165037730679,1.0000000000000073,False,0,0,0,0,0,1,0,0,0,0,2307,True,0.9122182680901542,0,,,,,,,,,,,,,,,,,,,,,,,,,,,,,3.646547447633596,3.646547447633596,3.646547447633596,outside_3x,0,outside_3x,,2307,,,-0.911636861908399,,,,,
phase22_two_burn_transfer,1.02,170.0,8000.0,1.0,False,False,False,False,,,,,,False,,,False,0,,150000072257.99902,157028239961.47754,696.6677659893638,100000,False,True,max_steps,coast_arc,"{""burn_a"": 18, ""coast_arc"": 99982}","{""intercept_possible_poor_alignment"": 100000}",0.01960784313725499,0.5124324209772779,-0.005392923511594131,-0.3390212365297166,0.5123854695101537,0.33898954181399565,0.9722241532219635,False,0,18,0,99982,0,1,0,0,0,0,0,False,0.0,,,,,,,,,,,,,,,,,,,,,,,,,,,,,,,,,,,,,,,,,,,,,
phase22_two_burn_transfer,1.05,170.0,8000.0,1.0,False,False,False,False,,,,,,False,,,False,0,,375000071177.7051,381754068109.56836,666.18989069654,100000,False,True,max_steps,coast_arc,"{""burn_a"": 24, ""coast_arc"": 99976}","{""intercept_possible_poor_alignment"": 100000}",0.047619047619047436,0.7897863012180721,0.009127655905139585,-0.6877105828689392,0.7897001681552682,0.6876236605485023,0.9486299106362504,False,0,24,0,99976,0,1,0,0,0,0,0,False,0.0,,,,,,,,,,,,,,,,,,,,,,,,,,,,,,,,,,,,,,,,,,,,,
phase22_two_burn_transfer,0.98,175.0,8000.0,1.0,False,False,False,False,,,,,,False,,,False,0,,149556449828.98145,149556449828.98145,44.324188966674576,100000,False,True,max_steps,phase76_handoff,"{""burn_a"": 18, ""burn_b"": 46, ""coast_arc"": 1, ""phase76_handoff"": 99935}","{""insertion_window"": 99637, ""no_intercept_possible"": 363}",0.020408163265306287,1.0222636983875386,-0.013817563036137981,-0.8676920656419702,1.0228119930731487,0.9993706476913755,1.3361986501889813,False,0,18,46,1,0,1,1,1,1,1,0,True,0.0,2807960,,,,,,,,,,,,,,,,,,,,,,,,,,,,,,,,,,,,,,,,,,,,
phase22_two_burn_transfer,1.0,175.0,8000.0,1.0,True,True,True,True,-35.33209647045934,-3439.731965189568,-0.00839807571601849,-0.8175888886362344,-454.1748046875,False,0.6641488018287663,0.02482508985438676,False,1,86,265.2685546875,277.490234375,8.86631054729974,307,True,False,success,phase76_handoff,"{""phase76_handoff"": 86}","{""handoff_ready"": 215, ""insertion_window"": 52, ""intercept_possible_poor_alignment"": 40}",2.104654818683916e-16,7.398261572089514e-11,-0.0038053019082545138,-3.6991364129378737e-11,0.2861142806458803,0.2677516417374583,1.0000000000000073,False,0,0,0,0,0,1,0,0,0,0,86,True,0.28013029315960913,1,,,,,,,,,,,,,,,,,,,,,,,,,,,,,3.2703555545449374,3.2703555545449374,3.2703555545449374,outside_3x,0,outside_3x,,86,,,-0.8175888886362344,,,,,
phase22_two_burn_transfer,1.02,175.0,8000.0,1.0,False,False,False,False,,,,,,False,,,False,0,,150000036266.99902,153496951935.50977,343.6989150753124,100000,False,True,max_steps,coast_arc,"{""burn_a"": 18, ""coast_arc"": 99982}","{""intercept_possible_poor_alignment"": 100000}",0.019607843137254777,0.5189729724889153,0.006107327294770394,-0.32753377425067104,0.5189253994462651,0.327502200482083,0.9720374749698517,False,0,18,0,99982,0,1,0,0,0,0,0,False,0.0,,,,,,,,,,,,,,,,,,,,,,,,,,,,,,,,,,,,,,,,,,,,,
phase22_two_burn_transfer,1.05,175.0,8000.0,1.0,False,False,False,False,,,,,,False,,,False,0,,375000035724.7881,378342332637.4072,325.08467696479426,100000,False,True,max_steps,coast_arc,"{""burn_a"": 24, ""coast_arc"": 99976}","{""intercept_possible_poor_alignment"": 100000}",0.04761904761904765,0.8029052688622864,0.020795802465610375,-0.6760679156965376,0.8028174946721713,0.6759812236145738,0.9483424233034455,False,0,24,0,99976,0,1,0,0,0,0,0,False,0.0,,,,,,,,,,,,,,,,,,,,,,,,,,,,,,,,,,,,,,,,,,,,,
phase22_two_burn_transfer,0.98,150.0,10000.0,1.0,False,False,False,False,,,,,,False,,,False,0,,149442263957.71777,149442263957.71777,55.396047662963205,100000,False,True,max_steps,phase76_handoff,"{""burn_a"": 18, ""burn_b"": 46, ""coast_arc"": 1, ""phase76_handoff"": 99935}","{""insertion_window"": 99526, ""intercept_possible_poor_alignment"": 13, ""no_intercept_possible"": 461}",0.020408163265306076,1.013284738945768,-0.1426785900258876,-0.837969704275357,1.0130375221748993,0.9993636561500027,1.374876627303795,False,0,18,46,1,0,1,1,1,1,1,0,True,0.0,705902,,,,,,,,,,,,,,,,,,,,,,,,,,,,,,,,,,,,,,,,,,,,
phase22_two_burn_transfer,1.0,150.0,10000.0,1.0,True,True,True,True,-6.276680836972505,-4026.540150778171,-0.0014919024394221608,-0.9570671553015822,-547.65234375,False,0.7674440072415927,0.02644763969103196,False,1,413,80.015625,399.2158203125,22.040497429913927,630,True,False,success,phase76_handoff,"{""phase76_handoff"": 413}","{""handoff_ready"": 211, ""insertion_window"": 251, ""intercept_possible_poor_alignment"": 168}",0.0,1.0644565350620334e-10,-0.13397459621556124,-5.3222465417905946e-11,0.6430051106494269,0.6187930017814905,1.000000000000006,False,0,0,0,0,0,1,0,0,0,0,413,True,0.6555555555555556,0,,,,,,,,,,,,,,,,,,,,,,,,,,,,,3.8282686212063286,3.8282686212063286,3.8282686212063286,outside_3x,0,outside_3x,,413,,,-0.9570671553015822,,,,,
phase22_two_burn_transfer,1.02,150.0,10000.0,1.0,False,False,False,False,,,,,,False,,,False,0,,150000208001.97266,170233753030.82324,2014.8353784766816,100000,False,True,max_steps,coast_arc,"{""burn_a"": 18, ""coast_arc"": 99982}","{""intercept_possible_poor_alignment"": 100000}",0.01960784313725499,0.5260135675057651,-0.12535721577320472,-0.5422358781238094,0.5259671295358843,0.5421962744625494,0.970206527515042,False,0,18,0,99982,0,1,0,0,0,0,0,False,0.0,,,,,,,,,,,,,,,,,,,,,,,,,,,,,,,,,,,,,,,,,,,,,
phase22_two_burn_transfer,1.05,150.0,10000.0,1.0,False,False,False,False,,,,,,False,,,False,0,,375000204863.0635,394424709804.75195,1932.326912783091,100000,False,True,max_steps,coast_arc,"{""burn_a"": 24, ""coast_arc"": 99976}","{""intercept_possible_poor_alignment"": 100000}",0.04761904761904765,0.688989201875164,-0.11258803253505753,-0.9833255016508394,0.6889255822599637,0.9832166586220563,0.945613346805704,False,0,24,0,99976,0,1,0,0,0,0,0,False,0.0,,,,,,,,,,,,,,,,,,,,,,,,,,,,,,,,,,,,,,,,,,,,,
phase22_two_burn_transfer,0.98,165.0,10000.0,1.0,False,False,False,False,,,,,,False,,,False,0,,149444479412.73145,149444479412.73145,55.39604766297371,100000,False,True,max_steps,phase76_handoff,"{""burn_a"": 18, ""burn_b"": 46, ""coast_arc"": 1, ""phase76_handoff"": 99935}","{""insertion_window"": 99526, ""intercept_possible_poor_alignment"": 13, ""no_intercept_possible"": 461}",0.020408163265306076,1.013285353779102,-0.04378221735089306,-0.8379697524596642,1.0130508264100728,0.9993764070267007,1.407866913416998,False,0,18,46,1,0,1,1,1,1,1,0,True,0.0,1363699,,,,,,,,,,,,,,,,,,,,,,,,,,,,,,,,,,,,,,,,,,,,
phase22_two_burn_transfer,1.0,165.0,10000.0,1.0,True,True,True,True,-8.88966729674766,-3994.6531548940916,-0.0021129824297496515,-0.9494879445402064,-488.6103515625,False,0.7621259346130128,0.026098185272395925,False,1,243,206.97265625,277.3115234375,17.30631244279581,460,True,False,success,phase76_handoff,"{""phase76_handoff"": 243}","{""handoff_ready"": 211, ""insertion_window"": 148, ""intercept_possible_poor_alignment"": 101}",2.104654818683916e-16,7.393778657325719e-11,-0.034074173710931875,-3.6968672685193056e-11,0.5219687416576904,0.504706529929417,1.0000000000000058,False,0,0,0,0,0,1,0,0,0,0,243,True,0.5282608695652173,0,,,,,,,,,,,,,,,,,,,,,,,,,,,,,3.7979517781608254,3.7979517781608254,3.7979517781608254,outside_3x,0,outside_3x,,243,,,-0.9494879445402064,,,,,
phase22_two_burn_transfer,1.02,165.0,10000.0,1.0,False,False,False,False,,,,,,False,,,False,0,,150000107669.6914,160441587470.6494,1036.6874215977077,100000,False,True,max_steps,coast_arc,"{""burn_a"": 18, ""coast_arc"": 99982}","{""intercept_possible_poor_alignment"": 100000}",0.019607843137254777,0.5984167021628569,-0.024462734730208335,-0.44147204670352974,0.5983633829346504,0.44143243075425637,0.9681341043581951,False,0,18,0,99982,0,1,0,0,0,0,0,False,0.0,,,,,,,,,,,,,,,,,,,,,,,,,,,,,,,,,,,,,,,,,,,,,
phase22_two_burn_transfer,1.05,165.0,10000.0,1.0,False,False,False,False,,,,,,False,,,False,0,,375000106044.8506,385004623547.50195,990.4416383030277,100000,False,True,max_steps,coast_arc,"{""burn_a"": 24, ""coast_arc"": 99976}","{""intercept_possible_poor_alignment"": 100000}",0.04761904761904765,0.8342172773759577,-0.010220561444707415,-0.8812168819651444,0.834135488220382,0.8811080071639357,0.9424168952861584,False,0,24,0,99976,0,1,0,0,0,0,0,False,0.0,,,,,,,,,,,,,,,,,,,,,,,,,,,,,,,,,,,,,,,,,,,,,
phase22_two_burn_transfer,0.98,170.0,10000.0,1.0,False,False,False,False,,,,,,False,,,False,0,,149445217226.0918,149445217226.0918,55.39604766297721,100000,False,True,max_steps,phase76_handoff,"{""burn_a"": 18, ""burn_b"": 46, ""coast_arc"": 1, ""phase76_handoff"": 99935}","{""insertion_window"": 99526, ""intercept_possible_poor_alignment"": 13, ""no_intercept_possible"": 461}",0.020408163265306496,1.013285558537213,-0.025090063551973553,-0.8379697685064305,1.013053077316785,0.9993795642760231,1.4140588231546323,False,0,18,46,1,0,1,1,1,1,1,0,True,0.0,1396797,,,,,,,,,,,,,,,,,,,,,,,,,,,,,,,,,,,,,,,,,,,,
phase22_two_burn_transfer,1.0,170.0,10000.0,1.0,True,True,True,True,-627.8014830847948,-3075.3016548794985,-0.1492219516037754,-0.7309675543558039,-43366.4140625,False,0.7638403911913622,0.018126425876468198,False,1,3843,15013.0810546875,48971.787109375,233.64182222797018,4059,True,False,success,phase76_handoff,"{""phase76_handoff"": 3843}","{""handoff_ready"": 212, ""insertion_window"": 1791, ""intercept_possible_poor_alignment"": 2056}",2.104654818683916e-16,1.3059133116941239e-08,-0.015192246987791962,-6.529566633759087e-09,0.9258990373606751,0.919683014238784,1.000000000000005,False,0,0,0,0,0,1,0,0,0,0,3843,True,0.9467849223946785,0,,,,,,,,,,,,,,,,,,,,,,,,,,,,,7.4610975801887705,7.4610975801887705,7.4610975801887705,outside_3x,0,outside_3x,,3843,,,-0.7309675543558039,,,,,
phase22_two_burn_transfer,1.02,170.0,10000.0,1.0,False,False,False,False,,,,,,False,,,False,0,,150000072238.28223,156982010040.14062,690.9551264900366,100000,False,True,max_steps,coast_arc,"{""burn_a"": 18, ""coast_arc"": 99982}","{""intercept_possible_poor_alignment"": 100000}",0.01960784313725499,0.6120028652346886,-0.005392923511594131,-0.42242841375953827,0.6119482547325864,0.422388795352401,0.9677447593910704,False,0,18,0,99982,0,1,0,0,0,0,0,False,0.0,,,,,,,,,,,,,,,,,,,,,,,,,,,,,,,,,,,,,,,,,,,,,
phase22_two_burn_transfer,1.05,170.0,10000.0,1.0,False,False,False,False,,,,,,False,,,False,0,,375000071148.1328,381678095048.9453,657.8331856588024,100000,False,True,max_steps,coast_arc,"{""burn_a"": 24, ""coast_arc"": 99976}","{""intercept_possible_poor_alignment"": 100000}",0.047619047619047436,0.8614744017992496,0.009127655905139585,-0.8619205445269049,0.8613892022927113,0.8618118459216247,0.9418158667040529,False,0,24,0,99976,0,1,0,0,0,0,0,False,0.0,,,,,,,,,,,,,,,,,,,,,,,,,,,,,,,,,,,,,,,,,,,,,
phase22_two_burn_transfer,0.98,175.0,10000.0,1.0,False,False,False,False,,,,,,False,,,False,0,,149445934569.71094,149445934569.71094,55.39604766298058,100000,False,True,max_steps,phase76_handoff,"{""burn_a"": 18, ""burn_b"": 46, ""coast_arc"": 1, ""phase76_handoff"": 99935}","{""insertion_window"": 99526, ""intercept_possible_poor_alignment"": 13, ""no_intercept_possible"": 461}",0.020408163265306287,1.0132857576147019,-0.013817563036137981,-0.8379697841083087,1.0130540828126604,0.9993814379160177,1.4177865926601643,False,0,18,46,1,0,1,1,1,1,1,0,True,0.0,1396804,,,,,,,,,,,,,,,,,,,,,,,,,,,,,,,,,,,,,,,,,,,,
phase22_two_burn_transfer,1.0,175.0,10000.0,1.0,True,True,True,True,-75.56244302967407,-3051.944929061562,-0.017960415068522723,-0.7254159010011462,-4019.8388671875,False,0.6018852194191227,0.016617452634956786,False,1,44,1625.736328125,2204.3291015625,8.84814968539807,260,True,False,success,phase76_handoff,"{""phase76_handoff"": 44}","{""handoff_ready"": 212, ""insertion_window"": 27, ""intercept_possible_poor_alignment"": 21}",2.104654818683916e-16,5.878098861721584e-10,-0.0038053019082545138,-2.9390490934242894e-10,0.172384283833011,0.1599501633935743,1.0000000000000058,False,0,0,0,0,0,1,0,0,0,0,44,True,0.16923076923076924,0,,,,,,,,,,,,,,,,,,,,,,,,,,,,,2.9016636040045847,2.9016636040045847,2.9016636040045847,C_3x,1,C_3x,,44,,,-0.7254159010011462,,,,,
phase22_two_burn_transfer,1.02,175.0,10000.0,1.0,False,False,False,False,,,,,,False,,,False,0,,150000036257.10254,153467813905.25684,339.6743835014483,100000,False,True,max_steps,coast_arc,"{""burn_a"": 18, ""coast_arc"": 99982}","{""intercept_possible_poor_alignment"": 100000}",0.019607843137254777,0.6201809395377146,0.006107327294770394,-0.4109440743069493,0.6201255517614975,0.41090457655646745,0.9675103243982137,False,0,18,0,99982,0,1,0,0,0,0,0,False,0.0,,,,,,,,,,,,,,,,,,,,,,,,,,,,,,,,,,,,,,,,,,,,,
phase22_two_burn_transfer,1.05,175.0,10000.0,1.0,False,False,False,False,,,,,,False,,,False,0,,375000035709.94434,378299802772.33594,320.0328212813924,100000,False,True,max_steps,coast_arc,"{""burn_a"": 24, ""coast_arc"": 99976}","{""intercept_possible_poor_alignment"": 100000}",0.04761904761904765,0.8778826423135261,0.020795802465610375,-0.8502839455188016,0.8777953898093113,0.8501754764207773,0.9414538917187043,False,0,24,0,99976,0,1,0,0,0,0,0,False,0.0,,,,,,,,,,,,,,,,,,,,,,,,,,,,,,,,,,,,,,,,,,,,,
phase22_two_burn_transfer,0.98,150.0,12000.0,1.0,False,False,False,False,,,,,,False,,,False,0,,149331287989.1621,149331287989.1621,66.48041404848163,100000,False,True,max_steps,phase76_handoff,"{""burn_a"": 18, ""burn_b"": 46, ""coast_arc"": 1, ""phase76_handoff"": 99935}","{""insertion_window"": 99904, ""intercept_possible_poor_alignment"": 1, ""no_intercept_possible"": 95}",0.020408163265306076,0.9985335735282848,-0.1426785900258876,-1.200595424388594,1.0011406437244936,0.9993735237467325,1.4506621815840994,False,0,18,46,1,0,1,1,1,1,1,0,True,0.0,705902,,,,,,,,,,,,,,,,,,,,,,,,,,,,,,,,,,,,,,,,,,,,
phase22_two_burn_transfer,1.0,150.0,12000.0,1.0,True,True,True,True,-80.49851164523518,-3051.369756909111,-0.019133667779626447,-0.7252791884998071,-3681.29296875,False,0.6031837526262365,0.014364654403677601,False,3,114,148.345703125,755.0380859375,26.347138132160573,326,True,False,success,phase76_handoff,"{""phase76_handoff"": 114}","{""handoff_ready"": 209, ""insertion_window"": 68, ""intercept_possible_poor_alignment"": 49}",0.0,2.0133359507560395e-10,-0.13397459621556124,-1.0066672571051816e-10,0.34060435774997916,0.3252353379979766,1.0000000000000049,False,0,0,0,0,0,1,0,0,0,0,114,True,0.3496932515337423,0,,,,,,,,,,,,,,,,,,,,,,,,,,,,,2.9011167539992284,2.9011167539992284,2.9011167539992284,C_3x,1,C_3x,,114,,,-0.7252791884998071,,,,,
phase22_two_burn_transfer,1.02,150.0,12000.0,1.0,False,False,False,False,,,,,,False,,,False,0,,150000207945.22168,170126484326.28125,2003.3783570709747,100000,False,True,max_steps,coast_arc,"{""burn_a"": 18, ""coast_arc"": 99982}","{""intercept_possible_poor_alignment"": 100000}",0.01960784313725499,0.5949826592357413,-0.12535721577320472,-0.6256125947607882,0.5949318710010427,0.6255650702431684,0.966233028349279,False,0,18,0,99982,0,1,0,0,0,0,0,False,0.0,,,,,,,,,,,,,,,,,,,,,,,,,,,,,,,,,,,,,,,,,,,,,
phase22_two_burn_transfer,1.05,150.0,12000.0,1.0,False,False,False,False,,,,,,False,,,False,0,,375000204777.94336,394233377317.86523,1913.4274862819768,100000,False,True,max_steps,coast_arc,"{""burn_a"": 24, ""coast_arc"": 99976}","{""intercept_possible_poor_alignment"": 100000}",0.04761904761904765,0.671004746308642,-0.11258803253505753,-1.1574769648215892,0.6709554765172211,1.1573463525313261,0.9395914607338702,False,0,24,0,99976,0,1,0,0,0,0,0,False,0.0,,,,,,,,,,,,,,,,,,,,,,,,,,,,,,,,,,,,,,,,,,,,,
phase22_two_burn_transfer,0.98,165.0,12000.0,1.0,False,False,False,False,,,,,,False,,,False,0,,149333444925.51855,149333444925.51855,66.480414044586,100000,False,True,max_steps,phase76_handoff,"{""burn_a"": 18, ""burn_b"": 46, ""coast_arc"": 1, ""phase76_handoff"": 99935}","{""insertion_window"": 99904, ""intercept_possible_poor_alignment"": 1, ""no_intercept_possible"": 95}",0.020408163265306076,0.998534172786581,-0.04378221735089306,-1.2005953647286334,1.0011567135413484,0.9993878019806745,1.4881393694525158,False,0,18,46,1,0,1,1,1,1,1,0,True,0.0,1363699,,,,,,,,,,,,,,,,,,,,,,,,,,,,,,,,,,,,,,,,,,,,
phase22_two_burn_transfer,1.0,165.0,12000.0,1.0,True,True,True,True,-29.385295636110204,-3791.606204635221,-0.0069845823583089784,-0.9012257740911267,-579.7763671875,False,0.7293621181801756,0.02031839432766244,False,2,105,135.919921875,502.3330078125,21.192783332264064,318,True,False,success,phase76_handoff,"{""phase76_handoff"": 105}","{""handoff_ready"": 209, ""insertion_window"": 63, ""intercept_possible_poor_alignment"": 46}",2.104654818683916e-16,1.3396506758790487e-10,-0.034074173710931875,6.698273464708606e-11,0.3259054175294539,0.3132262829276735,1.0000000000000049,False,0,0,0,0,0,1,0,0,0,0,105,True,0.330188679245283,0,,,,,,,,,,,,,,,,,,,,,,,,,,,,,3.604903096364507,3.604903096364507,3.604903096364507,outside_3x,0,outside_3x,,105,,,-0.9012257740911267,,,,,
phase22_two_burn_transfer,1.02,165.0,12000.0,1.0,False,False,False,False,,,,,,False,,,False,0,,150000107640.30566,160380456647.33496,1029.6655733346424,100000,False,True,max_steps,coast_arc,"{""burn_a"": 18, ""coast_arc"": 99982}","{""intercept_possible_poor_alignment"": 100000}",0.019607843137254777,0.681889445443471,-0.024462734730208335,-0.5248741722115695,0.6818303967699995,0.5248266330392679,0.9637353295947576,False,0,18,0,99982,0,1,0,0,0,0,0,False,0.0,,,,,,,,,,,,,,,,,,,,,,,,,,,,,,,,,,,,,,,,,,,,,
phase22_two_burn_transfer,1.05,165.0,12000.0,1.0,False,False,False,False,,,,,,False,,,False,0,,375000106000.7754,384903140850.61426,980.1854391913504,100000,False,True,max_steps,coast_arc,"{""burn_a"": 24, ""coast_arc"": 99976}","{""intercept_possible_poor_alignment"": 100000}",0.04761904761904765,0.8453702873813108,-0.010220561444707415,-1.055417207463039,0.8452991988716839,1.0552865575263188,0.9357297215169665,False,0,24,0,99976,0,1,0,0,0,0,0,False,0.0,,,,,,,,,,,,,,,,,,,,,,,,,,,,,,,,,,,,,,,,,,,,,
phase22_two_burn_transfer,0.98,170.0,12000.0,1.0,False,False,False,False,,,,,,False,,,False,0,,149334166048.54395,149334166048.54395,66.48041404328342,100000,False,True,max_steps,phase76_handoff,"{""burn_a"": 18, ""burn_b"": 46, ""coast_arc"": 1, ""phase76_handoff"": 99935}","{""insertion_window"": 99904, ""intercept_possible_poor_alignment"": 1, ""no_intercept_possible"": 95}",0.020408163265306496,0.998534373135179,-0.025090063551973553,-1.2005953447826276,1.0011591848019867,0.9993908926068539,1.4951659464547258,False,0,18,46,1,0,1,1,1,1,1,0,True,0.0,2032565,,,,,,,,,,,,,,,,,,,,,,,,,,,,,,,,,,,,,,,,,,,,
phase22_two_burn_transfer,1.0,170.0,12000.0,1.0,True,True,True,True,-30.099257367256808,-2552.5823086070577,-0.007154283714171683,-0.6067225452351612,-1052.3896484375,False,0.49396317678545365,0.010598707260321274,False,6,1010,10.53125,67.607421875,14.814055285645287,1222,True,False,success,phase76_handoff,"{""phase76_handoff"": 1010}","{""handoff_ready"": 209, ""insertion_window"": 560, ""intercept_possible_poor_alignment"": 453}",2.104654818683916e-16,1.8038365054494238e-11,-0.015192246987791962,9.019278608507897e-12,0.7941505641062065,0.769303524146656,1.0000000000000049,False,0,0,0,0,0,1,0,0,0,0,1010,True,0.8265139116202946,0,,,,,,,,,,,,,,,,,,,,,,,,,,,,,2.426890180940645,2.426890180940645,2.426890180940645,C_3x,1,C_3x,,1010,,,-0.6067225452351612,,,,,
phase22_two_burn_transfer,1.02,170.0,12000.0,1.0,False,False,False,False,,,,,,False,,,False,0,,150000072218.56543,156937486231.89258,685.5597949833151,100000,False,True,max_steps,coast_arc,"{""burn_a"": 18, ""coast_arc"": 99982}","{""intercept_possible_poor_alignment"": 100000}",0.01960784313725499,0.6981974715878331,-0.005392923511594131,-0.5058356298554714,0.6981368727963326,0.5057880877520339,0.963265962265492,False,0,18,0,99982,0,1,0,0,0,0,0,False,0.0,,,,,,,,,,,,,,,,,,,,,,,,,,,,,,,,,,,,,,,,,,,,,
phase22_two_burn_transfer,1.05,170.0,12000.0,1.0,False,False,False,False,,,,,,False,,,False,0,,375000071118.5596,381608948690.8535,650.7459705683316,100000,False,True,max_steps,coast_arc,"{""burn_a"": 24, ""coast_arc"": 99976}","{""intercept_possible_poor_alignment"": 100000}",0.047619047619047436,0.8780972997267489,0.009127655905139585,-1.0361306609375238,0.8780221157248826,1.0360001860219383,0.9350032816756486,False,0,24,0,99976,0,1,0,0,0,0,0,False,0.0,,,,,,,,,,,,,,,,,,,,,,,,,,,,,,,,,,,,,,,,,,,,,
phase22_two_burn_transfer,0.98,175.0,12000.0,1.0,False,False,False,False,,,,,,False,,,False,0,,149334875216.38672,149334875216.38672,66.48041404200266,100000,False,True,max_steps,phase76_handoff,"{""burn_a"": 18, ""burn_b"": 46, ""coast_arc"": 1, ""phase76_handoff"": 99935}","{""insertion_window"": 99904, ""intercept_possible_poor_alignment"": 1, ""no_intercept_possible"": 95}",0.020408163265306287,0.9985345701622997,-0.013817563036137981,-1.2005953251673396,1.0011601052029655,0.9993926896503248,1.4993951176966982,False,0,18,46,1,0,1,1,1,1,1,0,True,0.0,4049661,,,,,,,,,,,,,,,,,,,,,,,,,,,,,,,,,,,,,,,,,,,,
phase22_two_burn_transfer,1.0,175.0,12000.0,1.0,True,True,True,True,-67.92548656141525,-2582.702318568411,-0.016145189110617915,-0.6138817616273774,-5157.419921875,False,0.5104796369222995,0.010969941268989187,False,1,43,1216.3447265625,2626.7353515625,7.257112147984378,255,True,False,success,phase76_handoff,"{""phase76_handoff"": 43}","{""handoff_ready"": 209, ""insertion_window"": 26, ""intercept_possible_poor_alignment"": 20}",2.104654818683916e-16,7.004529062574584e-10,-0.0038053019082545138,-3.5022646825758274e-10,0.16585029829326867,0.15445766656619989,1.0000000000000049,False,0,0,0,0,0,1,0,0,0,0,43,True,0.16862745098039217,0,,,,,,,,,,,,,,,,,,,,,,,,,,,,,2.4555270465095096,2.4555270465095096,2.4555270465095096,C_3x,1,C_3x,,43,,,-0.6138817616273774,,,,,
phase22_two_burn_transfer,1.02,175.0,12000.0,1.0,False,False,False,False,,,,,,False,,,False,0,,150000036247.20605,153440302747.25977,335.9593860876791,100000,False,True,max_steps,coast_arc,"{""burn_a"": 18, ""coast_arc"": 99982}","{""intercept_possible_poor_alignment"": 100000}",0.019607843137254777,0.7080140146639551,0.006107327294770394,-0.4943543840493252,0.7079524827799724,0.49430696231574167,0.9629833240498897,False,0,18,0,99982,0,1,0,0,0,0,0,False,0.0,,,,,,,,,,,,,,,,,,,,,,,,,,,,,,,,,,,,,,,,,,,,,
phase22_two_burn_transfer,1.05,175.0,12000.0,1.0,False,False,False,False,,,,,,False,,,False,0,,375000035695.10156,378263780650.0596,316.2190925781402,100000,False,True,max_steps,coast_arc,"{""burn_a"": 24, ""coast_arc"": 99976}","{""intercept_possible_poor_alignment"": 100000}",0.04761904761904765,0.8977985573807181,0.020795802465610375,-1.0245000139379012,0.89772090788909,1.0243697678174712,0.9345657275839377,False,0,24,0,99976,0,1,0,0,0,0,0,False,0.0,,,,,,,,,,,,,,,,,,,,,,,,,,,,,,,,,,,,,,,,,,,,,
phase23_windowed_insertion_solver,0.98,150.0,8000.0,1.0,False,False,False,False,,,,,,False,,,False,0,,149552636930.27734,149552636930.27734,44.324218845323195,100000,False,True,max_steps,phase76_handoff,"{""burn_a"": 18, ""burn_b"": 46, ""coast_arc"": 1, ""phase76_handoff"": 99935}","{""insertion_window"": 99603, ""no_intercept_possible"": 397}",0.020408163265306076,1.022270829891003,-0.1426785900258876,-0.8677252551753879,1.0228019959586856,0.999356321376605,1.2998219393460562,False,0,18,46,1,0,1,1,1,1,1,0,True,0.0,705902,322,-0.11310171329976296,0.0,,,,,,,,,,,,,,,,,,,,,,,,,,,,,,,,,,,,,,,,,
phase23_windowed_insertion_solver,1.0,150.0,8000.0,1.0,True,True,True,True,-25.192574395203952,-3281.9890635371144,-0.005988015668111895,-0.7800950243010297,-1460.0703125,False,0.6312616384372342,0.022897899677950195,False,1,631,473.6396484375,1334.857421875,19.644712995676638,852,True,False,success,phase76_handoff,"{""phase76_handoff"": 631}","{""handoff_ready"": 216, ""insertion_window"": 382, ""intercept_possible_poor_alignment"": 254}",0.0,3.55947010158653e-10,-0.13397459621556124,-1.7797318008717732e-10,0.730935153977333,0.7067683357255949,1.0000000000000073,False,0,0,0,0,0,1,0,0,0,0,631,True,0.7406103286384976,0,0,,0.0,,,,,,,,,,,,,,,,,,,,,,,,,,3.120380097204119,3.120380097204119,3.120380097204119,outside_3x,0,outside_3x,,631,,,-0.7800950243010297,,,,,
phase23_windowed_insertion_solver,1.02,150.0,8000.0,1.0,False,False,False,False,,,,,,False,,,False,0,,150000208058.7246,170343025558.44434,2026.6388578588494,100000,False,True,max_steps,coast_arc,"{""burn_a"": 18, ""coast_arc"": 99982}","{""intercept_possible_poor_alignment"": 100000}",0.01960784313725499,0.44365947118547316,-0.12535721577320472,-0.4588594855455239,0.44361905538495505,0.4588278026998162,0.9741850063012878,False,0,18,0,99982,0,1,0,0,0,0,0,False,0.0,,0,,0.0,,,,,,,,,,,,,,,,,,,,,,,,,,,,,,,,,,,,,,,,,
phase23_windowed_insertion_solver,1.05,150.0,8000.0,1.0,False,False,False,False,,,,,,False,,,False,0,,375000204948.18164,394624067795.2461,1952.6134973316935,100000,False,True,max_steps,coast_arc,"{""burn_a"": 24, ""coast_arc"": 99976}","{""intercept_possible_poor_alignment"": 100000}",0.04761904761904765,0.6518721252678656,-0.11258803253505753,-0.8091753282905207,0.6518032612188849,0.809088254310838,0.9516473510587419,False,0,24,0,99976,0,1,0,0,0,0,0,False,0.0,,0,,0.0,,,,,,,,,,,,,,,,,,,,,,,,,,,,,,,,,,,,,,,,,
phase23_windowed_insertion_solver,0.98,165.0,8000.0,1.0,False,False,False,False,,,,,,False,,,False,0,,149554943301.70508,149554943301.70508,44.324227920186374,100000,False,True,max_steps,phase76_handoff,"{""burn_a"": 18, ""burn_b"": 46, ""coast_arc"": 1, ""phase76_handoff"": 99935}","{""insertion_window"": 99603, ""no_intercept_possible"": 397}",0.020408163265306076,1.0222739893336685,-0.04378221735089306,-0.8677355150875572,1.0228107524196934,0.9993663118633666,1.3277791329177384,False,0,18,46,1,0,1,1,1,1,1,0,True,0.0,1363699,322,-0.11310171336620525,0.0,,,,,,,,,,,,,,,,,,,,,,,,,,,,,,,,,,,,,,,,,
phase23_windowed_insertion_solver,1.0,165.0,8000.0,1.0,True,True,True,True,-88.06929902399378,-3143.494158607936,-0.020933166025926386,-0.7471762106990555,-2645.9189453125,False,0.6228607681431453,0.021398883100412866,False,1,182,2175.0126953125,2201.5400390625,24.039640678408468,403,True,False,success,phase76_handoff,"{""phase76_handoff"": 182}","{""handoff_ready"": 216, ""insertion_window"": 109, ""intercept_possible_poor_alignment"": 78}",2.104654818683916e-16,5.870625232460438e-10,-0.034074173710931875,-2.935310709686659e-10,0.4505343981162966,0.4324346135808888,1.0000000000000073,False,0,0,0,0,0,1,0,0,0,0,182,True,0.45161290322580644,1,0,,0.0,,,,,,,,,,,,,,,,,,,,,,,,,,2.988704842796222,2.988704842796222,2.988704842796222,C_3x,1,C_3x,,182,,,-0.7471762106990555,,,,,
phase23_windowed_insertion_solver,1.02,165.0,8000.0,1.0,False,False,False,False,,,,,,False,,,False,0,,150000107699.07715,160504502316.9912,1044.0342145911768,100000,False,True,max_steps,coast_arc,"{""burn_a"": 18, ""coast_arc"": 99982}","{""intercept_possible_poor_alignment"": 100000}",0.019607843137254777,0.5015665861185644,-0.024462734730208335,-0.3580700078271545,0.5015206672753344,0.3580383150899955,0.9725342061045669,False,0,18,0,99982,0,1,0,0,0,0,0,False,0.0,,0,,0.0,,,,,,,,,,,,,,,,,,,,,,,,,,,,,,,,,,,,,,,,,
phase23_windowed_insertion_solver,1.05,165.0,8000.0,1.0,False,False,False,False,,,,,,False,,,False,0,,375000106088.9248,385113246594.83887,1001.998143845107,100000,False,True,max_steps,coast_arc,"{""burn_a"": 24, ""coast_arc"": 99976}","{""intercept_possible_poor_alignment"": 100000}",0.04761904761904765,0.7679929840763221,-0.010220561444707415,-0.7070169013260886,0.7679095772321304,0.7069298016036287,0.9491073110340807,False,0,24,0,99976,0,1,0,0,0,0,0,False,0.0,,0,,0.0,,,,,,,,,,,,,,,,,,,,,,,,,,,,,,,,,,,,,,,,,
phase23_windowed_insertion_solver,0.98,170.0,8000.0,1.0,False,False,False,False,,,,,,False,,,False,0,,149555738260.18066,149555738260.18066,44.32422562870581,100000,False,True,max_steps,phase76_handoff,"{""burn_a"": 18, ""burn_b"": 46, ""coast_arc"": 1, ""phase76_handoff"": 99935}","{""insertion_window"": 99602, ""no_intercept_possible"": 398}",0.020408163265306496,1.0222735737044937,-0.025090063551973553,-0.8677329487367046,1.0228132698821042,0.999369742525761,1.3330339359186443,False,0,18,46,1,0,1,1,1,1,1,0,True,0.0,2032565,322,-0.1131014586242794,0.0,,,,,,,,,,,,,,,,,,,,,,,,,,,,,,,,,,,,,,,,,
phase23_windowed_insertion_solver,1.0,170.0,8000.0,1.0,True,True,True,True,-26.609700880474676,-3835.407376660934,-0.006324852049514541,-0.911636861908399,-2190.5517578125,False,0.7368993122782103,0.029925929496057102,False,1,2307,470.41796875,2058.1533203125,20.503655353634183,2529,True,False,success,phase76_handoff,"{""phase76_handoff"": 2307}","{""handoff_ready"": 216, ""insertion_window"": 1096, ""intercept_possible_poor_alignment"": 1217}",2.104654818683916e-16,5.488264172930856e-10,-0.015192246987791962,-2.744130855547726e-10,0.8975993091151757,0.8706165037730679,1.0000000000000073,False,0,0,0,0,0,1,0,0,0,0,2307,True,0.9122182680901542,0,0,,0.0,,,,,,,,,,,,,,,,,,,,,,,,,,3.646547447633596,3.646547447633596,3.646547447633596,outside_3x,0,outside_3x,,2307,,,-0.911636861908399,,,,,
phase23_windowed_insertion_solver,1.02,170.0,8000.0,1.0,False,False,False,False,,,,,,False,,,False,0,,150000072257.99902,157028239961.47754,696.6677659893638,100000,False,True,max_steps,coast_arc,"{""burn_a"": 18, ""coast_arc"": 99982}","{""intercept_possible_poor_alignment"": 100000}",0.01960784313725499,0.5124324209772779,-0.005392923511594131,-0.3390212365297166,0.5123854695101537,0.33898954181399565,0.9722241532219635,False,0,18,0,99982,0,1,0,0,0,0,0,False,0.0,,0,,0.0,,,,,,,,,,,,,,,,,,,,,,,,,,,,,,,,,,,,,,,,,
phase23_windowed_insertion_solver,1.05,170.0,8000.0,1.0,False,False,False,False,,,,,,False,,,False,0,,375000071177.7051,381754068109.56836,666.18989069654,100000,False,True,max_steps,coast_arc,"{""burn_a"": 24, ""coast_arc"": 99976}","{""intercept_possible_poor_alignment"": 100000}",0.047619047619047436,0.7897863012180721,0.009127655905139585,-0.6877105828689392,0.7897001681552682,0.6876236605485023,0.9486299106362504,False,0,24,0,99976,0,1,0,0,0,0,0,False,0.0,,0,,0.0,,,,,,,,,,,,,,,,,,,,,,,,,,,,,,,,,,,,,,,,,
phase23_windowed_insertion_solver,0.98,175.0,8000.0,1.0,False,False,False,False,,,,,,False,,,False,0,,149556455565.90527,149556455565.90527,44.32423043507448,100000,False,True,max_steps,phase76_handoff,"{""burn_a"": 18, ""burn_b"": 46, ""coast_arc"": 1, ""phase76_handoff"": 99935}","{""insertion_window"": 99602, ""no_intercept_possible"": 398}",0.020408163265306287,1.0222751079945454,-0.013817563036137981,-0.8677383759107224,1.0228130390048333,0.9993710786228097,1.3361986501889813,False,0,18,46,1,0,1,1,1,1,1,0,True,0.0,2809753,322,-0.11310155308657123,0.0,,,,,,,,,,,,,,,,,,,,,,,,,,,,,,,,,,,,,,,,,
phase23_windowed_insertion_solver,1.0,175.0,8000.0,1.0,True,True,True,True,-35.33209647045934,-3439.731965189568,-0.00839807571601849,-0.8175888886362344,-454.1748046875,False,0.6641488018287663,0.02482508985438676,False,1,86,265.2685546875,277.490234375,8.86631054729974,307,True,False,success,phase76_handoff,"{""phase76_handoff"": 86}","{""handoff_ready"": 215, ""insertion_window"": 52, ""intercept_possible_poor_alignment"": 40}",2.104654818683916e-16,7.398261572089514e-11,-0.0038053019082545138,-3.6991364129378737e-11,0.2861142806458803,0.2677516417374583,1.0000000000000073,False,0,0,0,0,0,1,0,0,0,0,86,True,0.28013029315960913,1,0,,0.0,,,,,,,,,,,,,,,,,,,,,,,,,,3.2703555545449374,3.2703555545449374,3.2703555545449374,outside_3x,0,outside_3x,,86,,,-0.8175888886362344,,,,,
phase23_windowed_insertion_solver,1.02,175.0,8000.0,1.0,False,False,False,False,,,,,,False,,,False,0,,150000036266.99902,153496951935.50977,343.6989150753124,100000,False,True,max_steps,coast_arc,"{""burn_a"": 18, ""coast_arc"": 99982}","{""intercept_possible_poor_alignment"": 100000}",0.019607843137254777,0.5189729724889153,0.006107327294770394,-0.32753377425067104,0.5189253994462651,0.327502200482083,0.9720374749698517,False,0,18,0,99982,0,1,0,0,0,0,0,False,0.0,,0,,0.0,,,,,,,,,,,,,,,,,,,,,,,,,,,,,,,,,,,,,,,,,
phase23_windowed_insertion_solver,1.05,175.0,8000.0,1.0,False,False,False,False,,,,,,False,,,False,0,,375000035724.7881,378342332637.4072,325.08467696479426,100000,False,True,max_steps,coast_arc,"{""burn_a"": 24, ""coast_arc"": 99976}","{""intercept_possible_poor_alignment"": 100000}",0.04761904761904765,0.8029052688622864,0.020795802465610375,-0.6760679156965376,0.8028174946721713,0.6759812236145738,0.9483424233034455,False,0,24,0,99976,0,1,0,0,0,0,0,False,0.0,,0,,0.0,,,,,,,,,,,,,,,,,,,,,,,,,,,,,,,,,,,,,,,,,
phase23_windowed_insertion_solver,0.98,150.0,10000.0,1.0,False,False,False,False,,,,,,False,,,False,0,,149442232539.89453,149442232539.89453,55.39604501317527,100000,False,True,max_steps,phase76_handoff,"{""burn_a"": 18, ""burn_b"": 46, ""coast_arc"": 1, ""phase76_handoff"": 99935}","{""insertion_window"": 99494, ""intercept_possible_poor_alignment"": 13, ""no_intercept_possible"": 493}",0.020408163265306076,1.0132917877921586,-0.1426785900258876,-0.8379904796331241,1.0130397883948494,0.9993643735179397,1.374876627303795,False,0,18,46,1,0,1,1,1,1,1,0,True,0.0,705902,322,-0.11310277979381742,0.0,,,,,,,,,,,,,,,,,,,,,,,,,,,,,,,,,,,,,,,,,
phase23_windowed_insertion_solver,1.0,150.0,10000.0,1.0,True,True,True,True,-6.276680836972505,-4026.540150778171,-0.0014919024394221608,-0.9570671553015822,-547.65234375,False,0.7674440072415927,0.02644763969103196,False,1,413,80.015625,399.2158203125,22.040497429913927,630,True,False,success,phase76_handoff,"{""phase76_handoff"": 413}","{""handoff_ready"": 211, ""insertion_window"": 251, ""intercept_possible_poor_alignment"": 168}",0.0,1.0644565350620334e-10,-0.13397459621556124,-5.3222465417905946e-11,0.6430051106494269,0.6187930017814905,1.000000000000006,False,0,0,0,0,0,1,0,0,0,0,413,True,0.6555555555555556,0,0,,0.0,,,,,,,,,,,,,,,,,,,,,,,,,,3.8282686212063286,3.8282686212063286,3.8282686212063286,outside_3x,0,outside_3x,,413,,,-0.9570671553015822,,,,,
phase23_windowed_insertion_solver,1.02,150.0,10000.0,1.0,False,False,False,False,,,,,,False,,,False,0,,150000208001.97266,170233753030.82324,2014.8353784766816,100000,False,True,max_steps,coast_arc,"{""burn_a"": 18, ""coast_arc"": 99982}","{""intercept_possible_poor_alignment"": 100000}",0.01960784313725499,0.5260135675057651,-0.12535721577320472,-0.5422358781238094,0.5259671295358843,0.5421962744625494,0.970206527515042,False,0,18,0,99982,0,1,0,0,0,0,0,False,0.0,,0,,0.0,,,,,,,,,,,,,,,,,,,,,,,,,,,,,,,,,,,,,,,,,
phase23_windowed_insertion_solver,1.05,150.0,10000.0,1.0,False,False,False,False,,,,,,False,,,False,0,,375000204863.0635,394424709804.75195,1932.326912783091,100000,False,True,max_steps,coast_arc,"{""burn_a"": 24, ""coast_arc"": 99976}","{""intercept_possible_poor_alignment"": 100000}",0.04761904761904765,0.688989201875164,-0.11258803253505753,-0.9833255016508394,0.6889255822599637,0.9832166586220563,0.945613346805704,False,0,24,0,99976,0,1,0,0,0,0,0,False,0.0,,0,,0.0,,,,,,,,,,,,,,,,,,,,,,,,,,,,,,,,,,,,,,,,,
phase23_windowed_insertion_solver,0.98,165.0,10000.0,1.0,False,False,False,False,,,,,,False,,,False,0,,149444500593.5254,149444500593.5254,55.396045015333385,100000,False,True,max_steps,phase76_handoff,"{""burn_a"": 18, ""burn_b"": 46, ""coast_arc"": 1, ""phase76_handoff"": 99935}","{""insertion_window"": 99493, ""intercept_possible_poor_alignment"": 13, ""no_intercept_possible"": 494}",0.020408163265306076,1.0132924114247008,-0.04378221735089306,-0.83799051188427,1.0130510584694141,0.99937651943729,1.407866913416998,False,0,18,46,1,0,1,1,1,1,1,0,True,0.0,1363699,322,-0.11310237073659576,0.0,,,,,,,,,,,,,,,,,,,,,,,,,,,,,,,,,,,,,,,,,
phase23_windowed_insertion_solver,1.0,165.0,10000.0,1.0,True,True,True,True,-8.88966729674766,-3994.6531548940916,-0.0021129824297496515,-0.9494879445402064,-488.6103515625,False,0.7621259346130128,0.026098185272395925,False,1,243,206.97265625,277.3115234375,17.30631244279581,460,True,False,success,phase76_handoff,"{""phase76_handoff"": 243}","{""handoff_ready"": 211, ""insertion_window"": 148, ""intercept_possible_poor_alignment"": 101}",2.104654818683916e-16,7.393778657325719e-11,-0.034074173710931875,-3.6968672685193056e-11,0.5219687416576904,0.504706529929417,1.0000000000000058,False,0,0,0,0,0,1,0,0,0,0,243,True,0.5282608695652173,0,0,,0.0,,,,,,,,,,,,,,,,,,,,,,,,,,3.7979517781608254,3.7979517781608254,3.7979517781608254,outside_3x,0,outside_3x,,243,,,-0.9494879445402064,,,,,
phase23_windowed_insertion_solver,1.02,165.0,10000.0,1.0,False,False,False,False,,,,,,False,,,False,0,,150000107669.6914,160441587470.6494,1036.6874215977077,100000,False,True,max_steps,coast_arc,"{""burn_a"": 18, ""coast_arc"": 99982}","{""intercept_possible_poor_alignment"": 100000}",0.019607843137254777,0.5984167021628569,-0.024462734730208335,-0.44147204670352974,0.5983633829346504,0.44143243075425637,0.9681341043581951,False,0,18,0,99982,0,1,0,0,0,0,0,False,0.0,,0,,0.0,,,,,,,,,,,,,,,,,,,,,,,,,,,,,,,,,,,,,,,,,
phase23_windowed_insertion_solver,1.05,165.0,10000.0,1.0,False,False,False,False,,,,,,False,,,False,0,,375000106044.8506,385004623547.50195,990.4416383030277,100000,False,True,max_steps,coast_arc,"{""burn_a"": 24, ""coast_arc"": 99976}","{""intercept_possible_poor_alignment"": 100000}",0.04761904761904765,0.8342172773759577,-0.010220561444707415,-0.8812168819651444,0.834135488220382,0.8811080071639357,0.9424168952861584,False,0,24,0,99976,0,1,0,0,0,0,0,False,0.0,,0,,0.0,,,,,,,,,,,,,,,,,,,,,,,,,,,,,,,,,,,,,,,,,
phase23_windowed_insertion_solver,0.98,170.0,10000.0,1.0,False,False,False,False,,,,,,False,,,False,0,,149445192711.57422,149445192711.57422,55.396045076535756,100000,False,True,max_steps,phase76_handoff,"{""burn_a"": 18, ""burn_b"": 46, ""coast_arc"": 1, ""phase76_handoff"": 99935}","{""insertion_window"": 99493, ""intercept_possible_poor_alignment"": 13, ""no_intercept_possible"": 494}",0.020408163265306496,1.0132924384534145,-0.025090063551973553,-0.8379900409976373,1.013055489093193,0.9993805535598626,1.4140588231546323,False,0,18,46,1,0,1,1,1,1,1,0,True,0.0,1396201,322,-0.11310222307011084,0.0,,,,,,,,,,,,,,,,,,,,,,,,,,,,,,,,,,,,,,,,,
phase23_windowed_insertion_solver,1.0,170.0,10000.0,1.0,True,True,True,True,-627.8014830847948,-3075.3016548794985,-0.1492219516037754,-0.7309675543558039,-43366.4140625,False,0.7638403911913622,0.018126425876468198,False,1,3843,15013.0810546875,48971.787109375,233.64182222797018,4059,True,False,success,phase76_handoff,"{""phase76_handoff"": 3843}","{""handoff_ready"": 212, ""insertion_window"": 1791, ""intercept_possible_poor_alignment"": 2056}",2.104654818683916e-16,1.3059133116941239e-08,-0.015192246987791962,-6.529566633759087e-09,0.9258990373606751,0.919683014238784,1.000000000000005,False,0,0,0,0,0,1,0,0,0,0,3843,True,0.9467849223946785,0,0,,0.0,,,,,,,,,,,,,,,,,,,,,,,,,,7.4610975801887705,7.4610975801887705,7.4610975801887705,outside_3x,0,outside_3x,,3843,,,-0.7309675543558039,,,,,
phase23_windowed_insertion_solver,1.02,170.0,10000.0,1.0,False,False,False,False,,,,,,False,,,False,0,,150000072238.28223,156982010040.14062,690.9551264900366,100000,False,True,max_steps,coast_arc,"{""burn_a"": 18, ""coast_arc"": 99982}","{""intercept_possible_poor_alignment"": 100000}",0.01960784313725499,0.6120028652346886,-0.005392923511594131,-0.42242841375953827,0.6119482547325864,0.422388795352401,0.9677447593910704,False,0,18,0,99982,0,1,0,0,0,0,0,False,0.0,,0,,0.0,,,,,,,,,,,,,,,,,,,,,,,,,,,,,,,,,,,,,,,,,
phase23_windowed_insertion_solver,1.05,170.0,10000.0,1.0,False,False,False,False,,,,,,False,,,False,0,,375000071148.1328,381678095048.9453,657.8331856588024,100000,False,True,max_steps,coast_arc,"{""burn_a"": 24, ""coast_arc"": 99976}","{""intercept_possible_poor_alignment"": 100000}",0.047619047619047436,0.8614744017992496,0.009127655905139585,-0.8619205445269049,0.8613892022927113,0.8618118459216247,0.9418158667040529,False,0,24,0,99976,0,1,0,0,0,0,0,False,0.0,,0,,0.0,,,,,,,,,,,,,,,,,,,,,,,,,,,,,,,,,,,,,,,,,
phase23_windowed_insertion_solver,0.98,175.0,10000.0,1.0,False,False,False,False,,,,,,False,,,False,0,,149445929329.00195,149445929329.00195,55.39604502208538,100000,False,True,max_steps,phase76_handoff,"{""burn_a"": 18, ""burn_b"": 46, ""coast_arc"": 1, ""phase76_handoff"": 99935}","{""insertion_window"": 99493, ""intercept_possible_poor_alignment"": 13, ""no_intercept_possible"": 494}",0.020408163265306287,1.0132927897297004,-0.013817563036137981,-0.8379904893747933,1.0130549117659124,0.9993818004512858,1.4177865926601643,False,0,18,46,1,0,1,1,1,1,1,0,True,0.0,1396190,322,-0.11310211101611459,0.0,,,,,,,,,,,,,,,,,,,,,,,,,,,,,,,,,,,,,,,,,
phase23_windowed_insertion_solver,1.0,175.0,10000.0,1.0,True,True,True,True,-75.56244302967407,-3051.944929061562,-0.017960415068522723,-0.7254159010011462,-4019.8388671875,False,0.6018852194191227,0.016617452634956786,False,1,44,1625.736328125,2204.3291015625,8.84814968539807,260,True,False,success,phase76_handoff,"{""phase76_handoff"": 44}","{""handoff_ready"": 212, ""insertion_window"": 27, ""intercept_possible_poor_alignment"": 21}",2.104654818683916e-16,5.878098861721584e-10,-0.0038053019082545138,-2.9390490934242894e-10,0.172384283833011,0.1599501633935743,1.0000000000000058,False,0,0,0,0,0,1,0,0,0,0,44,True,0.16923076923076924,0,0,,0.0,,,,,,,,,,,,,,,,,,,,,,,,,,2.9016636040045847,2.9016636040045847,2.9016636040045847,C_3x,1,C_3x,,44,,,-0.7254159010011462,,,,,
phase23_windowed_insertion_solver,1.02,175.0,10000.0,1.0,False,False,False,False,,,,,,False,,,False,0,,150000036257.10254,153467813905.25684,339.6743835014483,100000,False,True,max_steps,coast_arc,"{""burn_a"": 18, ""coast_arc"": 99982}","{""intercept_possible_poor_alignment"": 100000}",0.019607843137254777,0.6201809395377146,0.006107327294770394,-0.4109440743069493,0.6201255517614975,0.41090457655646745,0.9675103243982137,False,0,18,0,99982,0,1,0,0,0,0,0,False,0.0,,0,,0.0,,,,,,,,,,,,,,,,,,,,,,,,,,,,,,,,,,,,,,,,,
phase23_windowed_insertion_solver,1.05,175.0,10000.0,1.0,False,False,False,False,,,,,,False,,,False,0,,375000035709.94434,378299802772.33594,320.0328212813924,100000,False,True,max_steps,coast_arc,"{""burn_a"": 24, ""coast_arc"": 99976}","{""intercept_possible_poor_alignment"": 100000}",0.04761904761904765,0.8778826423135261,0.020795802465610375,-0.8502839455188016,0.8777953898093113,0.8501754764207773,0.9414538917187043,False,0,24,0,99976,0,1,0,0,0,0,0,False,0.0,,0,,0.0,,,,,,,,,,,,,,,,,,,,,,,,,,,,,,,,,,,,,,,,,
phase23_windowed_insertion_solver,0.98,150.0,12000.0,1.0,False,False,False,False,,,,,,False,,,False,0,,149331347032.83105,149331347032.83105,66.48066363166866,100000,False,True,max_steps,phase76_handoff,"{""burn_a"": 18, ""burn_b"": 46, ""coast_arc"": 1, ""phase76_handoff"": 99935}","{""insertion_window"": 99895, ""no_intercept_possible"": 105}",0.020408163265306076,0.9985053549042343,-0.1426785900258876,-1.2006418054227639,1.0011413146172081,0.9993738701728011,1.4506621815840994,False,0,18,46,1,0,1,1,1,1,1,0,True,0.0,705902,322,-0.11310278474502528,0.0,,,,,,,,,,,,,,,,,,,,,,,,,,,,,,,,,,,,,,,,,
phase23_windowed_insertion_solver,1.0,150.0,12000.0,1.0,True,True,True,True,-80.49851164523518,-3051.369756909111,-0.019133667779626447,-0.7252791884998071,-3681.29296875,False,0.6031837526262365,0.014364654403677601,False,3,114,148.345703125,755.0380859375,26.347138132160573,326,True,False,success,phase76_handoff,"{""phase76_handoff"": 114}","{""handoff_ready"": 209, ""insertion_window"": 68, ""intercept_possible_poor_alignment"": 49}",0.0,2.0133359507560395e-10,-0.13397459621556124,-1.0066672571051816e-10,0.34060435774997916,0.3252353379979766,1.0000000000000049,False,0,0,0,0,0,1,0,0,0,0,114,True,0.3496932515337423,0,0,,0.0,,,,,,,,,,,,,,,,,,,,,,,,,,2.9011167539992284,2.9011167539992284,2.9011167539992284,C_3x,1,C_3x,,114,,,-0.7252791884998071,,,,,
phase23_windowed_insertion_solver,1.02,150.0,12000.0,1.0,False,False,False,False,,,,,,False,,,False,0,,150000207945.22168,170126484326.28125,2003.3783570709747,100000,False,True,max_steps,coast_arc,"{""burn_a"": 18, ""coast_arc"": 99982}","{""intercept_possible_poor_alignment"": 100000}",0.01960784313725499,0.5949826592357413,-0.12535721577320472,-0.6256125947607882,0.5949318710010427,0.6255650702431684,0.966233028349279,False,0,18,0,99982,0,1,0,0,0,0,0,False,0.0,,0,,0.0,,,,,,,,,,,,,,,,,,,,,,,,,,,,,,,,,,,,,,,,,
phase23_windowed_insertion_solver,1.05,150.0,12000.0,1.0,False,False,False,False,,,,,,False,,,False,0,,375000204777.94336,394233377317.86523,1913.4274862819768,100000,False,True,max_steps,coast_arc,"{""burn_a"": 24, ""coast_arc"": 99976}","{""intercept_possible_poor_alignment"": 100000}",0.04761904761904765,0.671004746308642,-0.11258803253505753,-1.1574769648215892,0.6709554765172211,1.1573463525313261,0.9395914607338702,False,0,24,0,99976,0,1,0,0,0,0,0,False,0.0,,0,,0.0,,,,,,,,,,,,,,,,,,,,,,,,,,,,,,,,,,,,,,,,,
phase23_windowed_insertion_solver,0.98,165.0,12000.0,1.0,False,False,False,False,,,,,,False,,,False,0,,149333442944.1504,149333442944.1504,66.48066370680986,100000,False,True,max_steps,phase76_handoff,"{""burn_a"": 18, ""burn_b"": 46, ""coast_arc"": 1, ""phase76_handoff"": 99935}","{""insertion_window"": 99882, ""no_intercept_possible"": 118}",0.020408163265306076,0.9985059289465934,-0.04378221735089306,-1.2006417604496873,1.0011559423101701,0.9993874619108479,1.4881393694525158,False,0,18,46,1,0,1,1,1,1,1,0,True,0.0,1363699,322,-0.11310242998269356,0.0,,,,,,,,,,,,,,,,,,,,,,,,,,,,,,,,,,,,,,,,,
phase23_windowed_insertion_solver,1.0,165.0,12000.0,1.0,True,True,True,True,-29.385295636110204,-3791.606204635221,-0.0069845823583089784,-0.9012257740911267,-579.7763671875,False,0.7293621181801756,0.02031839432766244,False,2,105,135.919921875,502.3330078125,21.192783332264064,318,True,False,success,phase76_handoff,"{""phase76_handoff"": 105}","{""handoff_ready"": 209, ""insertion_window"": 63, ""intercept_possible_poor_alignment"": 46}",2.104654818683916e-16,1.3396506758790487e-10,-0.034074173710931875,6.698273464708606e-11,0.3259054175294539,0.3132262829276735,1.0000000000000049,False,0,0,0,0,0,1,0,0,0,0,105,True,0.330188679245283,0,0,,0.0,,,,,,,,,,,,,,,,,,,,,,,,,,3.604903096364507,3.604903096364507,3.604903096364507,outside_3x,0,outside_3x,,105,,,-0.9012257740911267,,,,,
phase23_windowed_insertion_solver,1.02,165.0,12000.0,1.0,False,False,False,False,,,,,,False,,,False,0,,150000107640.30566,160380456647.33496,1029.6655733346424,100000,False,True,max_steps,coast_arc,"{""burn_a"": 18, ""coast_arc"": 99982}","{""intercept_possible_poor_alignment"": 100000}",0.019607843137254777,0.681889445443471,-0.024462734730208335,-0.5248741722115695,0.6818303967699995,0.5248266330392679,0.9637353295947576,False,0,18,0,99982,0,1,0,0,0,0,0,False,0.0,,0,,0.0,,,,,,,,,,,,,,,,,,,,,,,,,,,,,,,,,,,,,,,,,
phase23_windowed_insertion_solver,1.05,165.0,12000.0,1.0,False,False,False,False,,,,,,False,,,False,0,,375000106000.7754,384903140850.61426,980.1854391913504,100000,False,True,max_steps,coast_arc,"{""burn_a"": 24, ""coast_arc"": 99976}","{""intercept_possible_poor_alignment"": 100000}",0.04761904761904765,0.8453702873813108,-0.010220561444707415,-1.055417207463039,0.8452991988716839,1.0552865575263188,0.9357297215169665,False,0,24,0,99976,0,1,0,0,0,0,0,False,0.0,,0,,0.0,,,,,,,,,,,,,,,,,,,,,,,,,,,,,,,,,,,,,,,,,
phase23_windowed_insertion_solver,0.98,170.0,12000.0,1.0,False,False,False,False,,,,,,False,,,False,0,,149334136031.55762,149334136031.55762,66.48066370780533,100000,False,True,max_steps,phase76_handoff,"{""burn_a"": 18, ""burn_b"": 46, ""coast_arc"": 1, ""phase76_handoff"": 99935}","{""insertion_window"": 99881, ""no_intercept_possible"": 119}",0.020408163265306496,0.9985061212500331,-0.025090063551973553,-1.2006417416971429,1.001158728503326,0.9993906765223984,1.4951659464547258,False,0,18,46,1,0,1,1,1,1,1,0,True,0.0,2032565,322,-0.11310230490193082,0.0,,,,,,,,,,,,,,,,,,,,,,,,,,,,,,,,,,,,,,,,,
phase23_windowed_insertion_solver,1.0,170.0,12000.0,1.0,True,True,True,True,-30.099257367256808,-2552.5823086070577,-0.007154283714171683,-0.6067225452351612,-1052.3896484375,False,0.49396317678545365,0.010598707260321274,False,6,1010,10.53125,67.607421875,14.814055285645287,1222,True,False,success,phase76_handoff,"{""phase76_handoff"": 1010}","{""handoff_ready"": 209, ""insertion_window"": 560, ""intercept_possible_poor_alignment"": 453}",2.104654818683916e-16,1.8038365054494238e-11,-0.015192246987791962,9.019278608507897e-12,0.7941505641062065,0.769303524146656,1.0000000000000049,False,0,0,0,0,0,1,0,0,0,0,1010,True,0.8265139116202946,0,0,,0.0,,,,,,,,,,,,,,,,,,,,,,,,,,2.426890180940645,2.426890180940645,2.426890180940645,C_3x,1,C_3x,,1010,,,-0.6067225452351612,,,,,
phase23_windowed_insertion_solver,1.02,170.0,12000.0,1.0,False,False,False,False,,,,,,False,,,False,0,,150000072218.56543,156937486231.89258,685.5597949833151,100000,False,True,max_steps,coast_arc,"{""burn_a"": 18, ""coast_arc"": 99982}","{""intercept_possible_poor_alignment"": 100000}",0.01960784313725499,0.6981974715878331,-0.005392923511594131,-0.5058356298554714,0.6981368727963326,0.5057880877520339,0.963265962265492,False,0,18,0,99982,0,1,0,0,0,0,0,False,0.0,,0,,0.0,,,,,,,,,,,,,,,,,,,,,,,,,,,,,,,,,,,,,,,,,
phase23_windowed_insertion_solver,1.05,170.0,12000.0,1.0,False,False,False,False,,,,,,False,,,False,0,,375000071118.5596,381608948690.8535,650.7459705683316,100000,False,True,max_steps,coast_arc,"{""burn_a"": 24, ""coast_arc"": 99976}","{""intercept_possible_poor_alignment"": 100000}",0.047619047619047436,0.8780972997267489,0.009127655905139585,-1.0361306609375238,0.8780221157248826,1.0360001860219383,0.9350032816756486,False,0,24,0,99976,0,1,0,0,0,0,0,False,0.0,,0,,0.0,,,,,,,,,,,,,,,,,,,,,,,,,,,,,,,,,,,,,,,,,
phase23_windowed_insertion_solver,0.98,175.0,12000.0,1.0,False,False,False,False,,,,,,False,,,False,0,,149334872388.22656,149334872388.22656,66.48066352573866,100000,False,True,max_steps,phase76_handoff,"{""burn_a"": 18, ""burn_b"": 46, ""coast_arc"": 1, ""phase76_handoff"": 99935}","{""insertion_window"": 99898, ""no_intercept_possible"": 102}",0.020408163265306287,0.9985063445673,-0.013817563036137981,-1.200641691981174,1.0011615566080545,0.9993933510006996,1.4993951176966982,False,0,18,46,1,0,1,1,1,1,1,0,True,0.0,4049661,322,-0.1131020164683349,0.0,,,,,,,,,,,,,,,,,,,,,,,,,,,,,,,,,,,,,,,,,
phase23_windowed_insertion_solver,1.0,175.0,12000.0,1.0,True,True,True,True,-67.92548656141525,-2582.702318568411,-0.016145189110617915,-0.6138817616273774,-5157.419921875,False,0.5104796369222995,0.010969941268989187,False,1,43,1216.3447265625,2626.7353515625,7.257112147984378,255,True,False,success,phase76_handoff,"{""phase76_handoff"": 43}","{""handoff_ready"": 209, ""insertion_window"": 26, ""intercept_possible_poor_alignment"": 20}",2.104654818683916e-16,7.004529062574584e-10,-0.0038053019082545138,-3.5022646825758274e-10,0.16585029829326867,0.15445766656619989,1.0000000000000049,False,0,0,0,0,0,1,0,0,0,0,43,True,0.16862745098039217,0,0,,0.0,,,,,,,,,,,,,,,,,,,,,,,,,,2.4555270465095096,2.4555270465095096,2.4555270465095096,C_3x,1,C_3x,,43,,,-0.6138817616273774,,,,,
phase23_windowed_insertion_solver,1.02,175.0,12000.0,1.0,False,False,False,False,,,,,,False,,,False,0,,150000036247.20605,153440302747.25977,335.9593860876791,100000,False,True,max_steps,coast_arc,"{""burn_a"": 18, ""coast_arc"": 99982}","{""intercept_possible_poor_alignment"": 100000}",0.019607843137254777,0.7080140146639551,0.006107327294770394,-0.4943543840493252,0.7079524827799724,0.49430696231574167,0.9629833240498897,False,0,18,0,99982,0,1,0,0,0,0,0,False,0.0,,0,,0.0,,,,,,,,,,,,,,,,,,,,,,,,,,,,,,,,,,,,,,,,,
phase23_windowed_insertion_solver,1.05,175.0,12000.0,1.0,False,False,False,False,,,,,,False,,,False,0,,375000035695.10156,378263780650.0596,316.2190925781402,100000,False,True,max_steps,coast_arc,"{""burn_a"": 24, ""coast_arc"": 99976}","{""intercept_possible_poor_alignment"": 100000}",0.04761904761904765,0.8977985573807181,0.020795802465610375,-1.0245000139379012,0.89772090788909,1.0243697678174712,0.9345657275839377,False,0,24,0,99976,0,1,0,0,0,0,0,False,0.0,,0,,0.0,,,,,,,,,,,,,,,,,,,,,,,,,,,,,,,,,,,,,,,,,
phase24_precision_insertion_geometry,0.98,150.0,8000.0,1.0,False,False,False,False,,,,,,False,,,False,0,,149532425267.17285,149532425267.17285,44.31689111030022,100000,False,True,max_steps,phase76_handoff,"{""burn_a"": 18, ""burn_b"": 12, ""burn_b_timing_wait"": 96, ""coast_arc"": 1, ""phase76_handoff"": 99873}","{""insertion_window"": 99662, ""no_intercept_possible"": 338}",0.020408163265306076,1.0230399870696187,-0.1426785900258876,-1.1300823048152544,1.022776750331478,0.9988939164382077,1.2998219393460562,False,0,18,12,1,0,1,1,1,1,1,0,True,0.0,705902,225,-0.16795011014687616,0.0,96,-111.9758878197281,0.18,12,timing_first,"{""angular_momentum_error_ratio"": 0.17773686532523883, ""energy_error_ratio"": 0.6487217985732481, ""r_error_ratio"": -0.01999946748038763, ""vr_ratio"": 0.49525942384523597, ""vt_error_ratio"": 0.20177165852883766}","{""angular_momentum_error_ratio"": -0.01350295246843733, ""energy_error_ratio"": -0.027376572505996382, ""r_error_ratio"": -0.01999665757523034, ""vr_ratio"": 0.01168215479420565, ""vt_error_ratio"": 0.006626207101218585}",-0.16795011014687616,False,,,,,,,,,,,,,,,,,,,,,,,,,,,,,,,,
phase24_precision_insertion_geometry,1.0,150.0,8000.0,1.0,True,True,True,True,-25.192574395203952,-3281.9890635371144,-0.005988015668111895,-0.7800950243010297,-1460.0703125,False,0.6312616384372342,0.022897899677950195,False,1,631,473.6396484375,1334.857421875,19.644712995676638,852,True,False,success,phase76_handoff,"{""phase76_handoff"": 631}","{""handoff_ready"": 216, ""insertion_window"": 382, ""intercept_possible_poor_alignment"": 254}",0.0,3.55947010158653e-10,-0.13397459621556124,-1.7797318008717732e-10,0.730935153977333,0.7067683357255949,1.0000000000000073,False,0,0,0,0,0,1,0,0,0,0,631,True,0.7406103286384976,0,0,,0.0,,,,,,{},{},,True,,,,,,,,,,,,,,,,,3.120380097204119,3.120380097204119,3.120380097204119,outside_3x,0,outside_3x,,631,,,-0.7800950243010297,,,,,
phase24_precision_insertion_geometry,1.02,150.0,8000.0,1.0,False,False,False,False,,,,,,False,,,False,0,,150000208058.7246,170343025558.44434,2026.6388578588494,100000,False,True,max_steps,coast_arc,"{""burn_a"": 18, ""coast_arc"": 99982}","{""intercept_possible_poor_alignment"": 100000}",0.01960784313725499,0.44365947118547316,-0.12535721577320472,-0.4588594855455239,0.44361905538495505,0.4588278026998162,0.9741850063012878,False,0,18,0,99982,0,1,0,0,0,0,0,False,0.0,,0,,0.0,,,,,,{},{},,False,,,,,,,,,,,,,,,,,,,,,,,,,,,,,,,,
phase24_precision_insertion_geometry,1.05,150.0,8000.0,1.0,False,False,False,False,,,,,,False,,,False,0,,375000204948.18164,394624067795.2461,1952.6134973316935,100000,False,True,max_steps,coast_arc,"{""burn_a"": 24, ""coast_arc"": 99976}","{""intercept_possible_poor_alignment"": 100000}",0.04761904761904765,0.6518721252678656,-0.11258803253505753,-0.8091753282905207,0.6518032612188849,0.809088254310838,0.9516473510587419,False,0,24,0,99976,0,1,0,0,0,0,0,False,0.0,,0,,0.0,,,,,,{},{},,False,,,,,,,,,,,,,,,,,,,,,,,,,,,,,,,,
phase24_precision_insertion_geometry,0.98,165.0,8000.0,1.0,False,False,False,False,,,,,,False,,,False,0,,149548566719.20312,149548566719.20312,44.3247376582446,100000,False,True,max_steps,phase76_handoff,"{""burn_a"": 18, ""burn_b"": 12, ""burn_b_timing_wait"": 60, ""coast_arc"": 1, ""phase76_handoff"": 99909}","{""insertion_window"": 99992, ""intercept_possible_poor_alignment"": 6, ""no_intercept_possible"": 2}",0.020408163265306076,1.0241292915836355,-0.04378221735089306,-1.1253214857698288,1.022977116241044,0.9992651750021008,1.3277791329177384,False,0,18,12,1,0,1,1,1,1,1,0,True,0.0,1363699,225,-0.14443928530887062,0.0,60,-135.55243426843825,0.18,12,balanced_circularization,"{""angular_momentum_error_ratio"": 0.2767395354455463, ""energy_error_ratio"": 0.7221816433682448, ""r_error_ratio"": -0.01999972434845573, ""vr_ratio"": 0.25636376674700956, ""vt_error_ratio"": 0.302795077885787}","{""angular_momentum_error_ratio"": 0.011410721483131934, ""energy_error_ratio"": 0.024399144938813854, ""r_error_ratio"": -0.01999881348315768, ""vr_ratio"": -0.009206053931697138, ""vt_error_ratio"": 0.03205050707941133}",-0.14443928530887062,False,,,,,,,,,,,,,,,,,,,,,,,,,,,,,,,,
phase24_precision_insertion_geometry,1.0,165.0,8000.0,1.0,True,True,True,True,-88.06929902399378,-3143.494158607936,-0.020933166025926386,-0.7471762106990555,-2645.9189453125,False,0.6228607681431453,0.021398883100412866,False,1,182,2175.0126953125,2201.5400390625,24.039640678408468,403,True,False,success,phase76_handoff,"{""phase76_handoff"": 182}","{""handoff_ready"": 216, ""insertion_window"": 109, ""intercept_possible_poor_alignment"": 78}",2.104654818683916e-16,5.870625232460438e-10,-0.034074173710931875,-2.935310709686659e-10,0.4505343981162966,0.4324346135808888,1.0000000000000073,False,0,0,0,0,0,1,0,0,0,0,182,True,0.45161290322580644,1,0,,0.0,,,,,,{},{},,True,,,,,,,,,,,,,,,,,2.988704842796222,2.988704842796222,2.988704842796222,C_3x,1,C_3x,,182,,,-0.7471762106990555,,,,,
phase24_precision_insertion_geometry,1.02,165.0,8000.0,1.0,False,False,False,False,,,,,,False,,,False,0,,150000107699.07715,160504502316.9912,1044.0342145911768,100000,False,True,max_steps,coast_arc,"{""burn_a"": 18, ""coast_arc"": 99982}","{""intercept_possible_poor_alignment"": 100000}",0.019607843137254777,0.5015665861185644,-0.024462734730208335,-0.3580700078271545,0.5015206672753344,0.3580383150899955,0.9725342061045669,False,0,18,0,99982,0,1,0,0,0,0,0,False,0.0,,0,,0.0,,,,,,{},{},,False,,,,,,,,,,,,,,,,,,,,,,,,,,,,,,,,
phase24_precision_insertion_geometry,1.05,165.0,8000.0,1.0,False,False,False,False,,,,,,False,,,False,0,,375000106088.9248,385113246594.83887,1001.998143845107,100000,False,True,max_steps,coast_arc,"{""burn_a"": 24, ""coast_arc"": 99976}","{""intercept_possible_poor_alignment"": 100000}",0.04761904761904765,0.7679929840763221,-0.010220561444707415,-0.7070169013260886,0.7679095772321304,0.7069298016036287,0.9491073110340807,False,0,24,0,99976,0,1,0,0,0,0,0,False,0.0,,0,,0.0,,,,,,{},{},,False,,,,,,,,,,,,,,,,,,,,,,,,,,,,,,,,
phase24_precision_insertion_geometry,0.98,170.0,8000.0,1.0,False,False,False,False,,,,,,False,,,False,0,,149551618080.94238,149551618080.94238,44.325631004266484,100000,False,True,max_steps,phase76_handoff,"{""burn_a"": 18, ""burn_b"": 12, ""burn_b_timing_wait"": 60, ""coast_arc"": 1, ""phase76_handoff"": 99909}","{""insertion_window"": 99663, ""intercept_possible_poor_alignment"": 4, ""no_intercept_possible"": 333}",0.020408163265306496,1.0231390053190854,-0.025090063551973553,-1.128918206575331,1.0229894572710039,0.9992822718670276,1.3330339359186443,False,0,18,12,1,0,1,1,1,1,1,0,True,0.0,2032565,225,-0.14072869852226833,0.0,60,-148.3278441364129,0.18,12,balanced_circularization,"{""angular_momentum_error_ratio"": 0.29545318743911425, ""energy_error_ratio"": 0.7361635128216514, ""r_error_ratio"": -0.019999815058560286, ""vr_ratio"": 0.17200080752843205, ""vt_error_ratio"": 0.32189075812932055}","{""angular_momentum_error_ratio"": 0.018680321748846627, ""energy_error_ratio"": 0.0396858572665416, ""r_error_ratio"": -0.019999207701126953, ""vr_ratio"": -0.0022339045416812408, ""vt_error_ratio"": 0.03946887569268149}",-0.14072869852226833,False,,,,,,,,,,,,,,,,,,,,,,,,,,,,,,,,
phase24_precision_insertion_geometry,1.0,170.0,8000.0,1.0,True,True,True,True,-26.609700880474676,-3835.407376660934,-0.006324852049514541,-0.911636861908399,-2190.5517578125,False,0.7368993122782103,0.029925929496057102,False,1,2307,470.41796875,2058.1533203125,20.503655353634183,2529,True,False,success,phase76_handoff,"{""phase76_handoff"": 2307}","{""handoff_ready"": 216, ""insertion_window"": 1096, ""intercept_possible_poor_alignment"": 1217}",2.104654818683916e-16,5.488264172930856e-10,-0.015192246987791962,-2.744130855547726e-10,0.8975993091151757,0.8706165037730679,1.0000000000000073,False,0,0,0,0,0,1,0,0,0,0,2307,True,0.9122182680901542,0,0,,0.0,,,,,,{},{},,True,,,,,,,,,,,,,,,,,3.646547447633596,3.646547447633596,3.646547447633596,outside_3x,0,outside_3x,,2307,,,-0.911636861908399,,,,,
phase24_precision_insertion_geometry,1.02,170.0,8000.0,1.0,False,False,False,False,,,,,,False,,,False,0,,150000072257.99902,157028239961.47754,696.6677659893638,100000,False,True,max_steps,coast_arc,"{""burn_a"": 18, ""coast_arc"": 99982}","{""intercept_possible_poor_alignment"": 100000}",0.01960784313725499,0.5124324209772779,-0.005392923511594131,-0.3390212365297166,0.5123854695101537,0.33898954181399565,0.9722241532219635,False,0,18,0,99982,0,1,0,0,0,0,0,False,0.0,,0,,0.0,,,,,,{},{},,False,,,,,,,,,,,,,,,,,,,,,,,,,,,,,,,,
phase24_precision_insertion_geometry,1.05,170.0,8000.0,1.0,False,False,False,False,,,,,,False,,,False,0,,375000071177.7051,381754068109.56836,666.18989069654,100000,False,True,max_steps,coast_arc,"{""burn_a"": 24, ""coast_arc"": 99976}","{""intercept_possible_poor_alignment"": 100000}",0.047619047619047436,0.7897863012180721,0.009127655905139585,-0.6877105828689392,0.7897001681552682,0.6876236605485023,0.9486299106362504,False,0,24,0,99976,0,1,0,0,0,0,0,False,0.0,,0,,0.0,,,,,,{},{},,False,,,,,,,,,,,,,,,,,,,,,,,,,,,,,,,,
phase24_precision_insertion_geometry,0.98,175.0,8000.0,1.0,False,False,False,False,,,,,,False,,,False,0,,149553535271.83105,149553535271.83105,44.32254144046101,100000,False,True,max_steps,phase76_handoff,"{""burn_a"": 18, ""burn_b"": 12, ""burn_b_timing_wait"": 96, ""coast_arc"": 1, ""phase76_handoff"": 99873}","{""insertion_window"": 99462, ""intercept_possible_poor_alignment"": 8, ""no_intercept_possible"": 530}",0.020408163265306287,1.0246325564574825,-0.013817563036137981,-1.1236550612988263,1.0228863509154016,0.999045211315736,1.3361986501889813,False,0,18,12,1,0,1,1,1,1,1,0,True,0.0,1569119,225,-0.16938926405934132,0.0,96,-163.51905870635457,0.18,12,balanced_circularization,"{""angular_momentum_error_ratio"": 0.3067389421076711, ""energy_error_ratio"": 0.7446106894542571, ""r_error_ratio"": -0.01999990717603047, ""vr_ratio"": 0.08632907049245486, ""vt_error_ratio"": 0.3334069574852493}","{""angular_momentum_error_ratio"": -0.005106745418798967, ""energy_error_ratio"": -0.010129996684945183, ""r_error_ratio"": -0.019999429491678777, ""vr_ratio"": -0.0078095962048642335, ""vt_error_ratio"": 0.015196607554172245}",-0.16938926405934132,False,,,,,,,,,,,,,,,,,,,,,,,,,,,,,,,,
phase24_precision_insertion_geometry,1.0,175.0,8000.0,1.0,True,True,True,True,-35.33209647045934,-3439.731965189568,-0.00839807571601849,-0.8175888886362344,-454.1748046875,False,0.6641488018287663,0.02482508985438676,False,1,86,265.2685546875,277.490234375,8.86631054729974,307,True,False,success,phase76_handoff,"{""phase76_handoff"": 86}","{""handoff_ready"": 215, ""insertion_window"": 52, ""intercept_possible_poor_alignment"": 40}",2.104654818683916e-16,7.398261572089514e-11,-0.0038053019082545138,-3.6991364129378737e-11,0.2861142806458803,0.2677516417374583,1.0000000000000073,False,0,0,0,0,0,1,0,0,0,0,86,True,0.28013029315960913,1,0,,0.0,,,,,,{},{},,True,,,,,,,,,,,,,,,,,3.2703555545449374,3.2703555545449374,3.2703555545449374,outside_3x,0,outside_3x,,86,,,-0.8175888886362344,,,,,
phase24_precision_insertion_geometry,1.02,175.0,8000.0,1.0,False,False,False,False,,,,,,False,,,False,0,,150000036266.99902,153496951935.50977,343.6989150753124,100000,False,True,max_steps,coast_arc,"{""burn_a"": 18, ""coast_arc"": 99982}","{""intercept_possible_poor_alignment"": 100000}",0.019607843137254777,0.5189729724889153,0.006107327294770394,-0.32753377425067104,0.5189253994462651,0.327502200482083,0.9720374749698517,False,0,18,0,99982,0,1,0,0,0,0,0,False,0.0,,0,,0.0,,,,,,{},{},,False,,,,,,,,,,,,,,,,,,,,,,,,,,,,,,,,
phase24_precision_insertion_geometry,1.05,175.0,8000.0,1.0,False,False,False,False,,,,,,False,,,False,0,,375000035724.7881,378342332637.4072,325.08467696479426,100000,False,True,max_steps,coast_arc,"{""burn_a"": 24, ""coast_arc"": 99976}","{""intercept_possible_poor_alignment"": 100000}",0.04761904761904765,0.8029052688622864,0.020795802465610375,-0.6760679156965376,0.8028174946721713,0.6759812236145738,0.9483424233034455,False,0,24,0,99976,0,1,0,0,0,0,0,False,0.0,,0,,0.0,,,,,,{},{},,False,,,,,,,,,,,,,,,,,,,,,,,,,,,,,,,,
phase24_precision_insertion_geometry,0.98,150.0,10000.0,1.0,False,False,False,False,,,,,,False,,,False,0,,149422888489.60742,149422888489.60742,55.40326480899943,100000,False,True,max_steps,phase76_handoff,"{""burn_a"": 18, ""burn_b"": 6, ""burn_b_timing_wait"": 96, ""coast_arc"": 1, ""phase76_handoff"": 99879}","{""insertion_window"": 99663, ""intercept_possible_poor_alignment"": 3, ""no_intercept_possible"": 334}",0.020408163265306076,1.0114343192684554,-0.1426785900258876,-0.8331556117995375,1.0132766717310424,0.9990443471455053,1.374876627303795,False,0,18,6,1,0,1,1,1,1,1,0,True,0.0,705902,225,-0.16609599162159708,0.0,96,-119.55389779175785,0.42,6,timing_first,"{""angular_momentum_error_ratio"": 0.2578415599813004, ""energy_error_ratio"": 0.8494704621631978, ""r_error_ratio"": -0.01999946891827474, ""vr_ratio"": 0.4928335804732481, ""vt_error_ratio"": 0.28351110033878657}","{""angular_momentum_error_ratio"": -0.00950217089618429, ""energy_error_ratio"": -0.019140010696973502, ""r_error_ratio"": -0.019996771802494533, ""vr_ratio"": 0.01172321581473077, ""vt_error_ratio"": 0.01070874115957013}",-0.16609599162159708,False,,,,,,,,,,,,,,,,,,,,,,,,,,,,,,,,
phase24_precision_insertion_geometry,1.0,150.0,10000.0,1.0,True,True,True,True,-6.276680836972505,-4026.540150778171,-0.0014919024394221608,-0.9570671553015822,-547.65234375,False,0.7674440072415927,0.02644763969103196,False,1,413,80.015625,399.2158203125,22.040497429913927,630,True,False,success,phase76_handoff,"{""phase76_handoff"": 413}","{""handoff_ready"": 211, ""insertion_window"": 251, ""intercept_possible_poor_alignment"": 168}",0.0,1.0644565350620334e-10,-0.13397459621556124,-5.3222465417905946e-11,0.6430051106494269,0.6187930017814905,1.000000000000006,False,0,0,0,0,0,1,0,0,0,0,413,True,0.6555555555555556,0,0,,0.0,,,,,,{},{},,True,,,,,,,,,,,,,,,,,3.8282686212063286,3.8282686212063286,3.8282686212063286,outside_3x,0,outside_3x,,413,,,-0.9570671553015822,,,,,
phase24_precision_insertion_geometry,1.02,150.0,10000.0,1.0,False,False,False,False,,,,,,False,,,False,0,,150000208001.97266,170233753030.82324,2014.8353784766816,100000,False,True,max_steps,coast_arc,"{""burn_a"": 18, ""coast_arc"": 99982}","{""intercept_possible_poor_alignment"": 100000}",0.01960784313725499,0.5260135675057651,-0.12535721577320472,-0.5422358781238094,0.5259671295358843,0.5421962744625494,0.970206527515042,False,0,18,0,99982,0,1,0,0,0,0,0,False,0.0,,0,,0.0,,,,,,{},{},,False,,,,,,,,,,,,,,,,,,,,,,,,,,,,,,,,
phase24_precision_insertion_geometry,1.05,150.0,10000.0,1.0,False,False,False,False,,,,,,False,,,False,0,,375000204863.0635,394424709804.75195,1932.326912783091,100000,False,True,max_steps,coast_arc,"{""burn_a"": 24, ""coast_arc"": 99976}","{""intercept_possible_poor_alignment"": 100000}",0.04761904761904765,0.688989201875164,-0.11258803253505753,-0.9833255016508394,0.6889255822599637,0.9832166586220563,0.945613346805704,False,0,24,0,99976,0,1,0,0,0,0,0,False,0.0,,0,,0.0,,,,,,{},{},,False,,,,,,,,,,,,,,,,,,,,,,,,,,,,,,,,
phase24_precision_insertion_geometry,0.98,165.0,10000.0,1.0,False,False,False,False,,,,,,False,,,False,0,,149434389510.47754,149434389510.47754,55.39604963229564,100000,False,True,max_steps,phase76_handoff,"{""burn_a"": 18, ""burn_b"": 12, ""burn_b_timing_wait"": 96, ""coast_arc"": 1, ""phase76_handoff"": 99873}","{""insertion_window"": 99834, ""intercept_possible_poor_alignment"": 7, ""no_intercept_possible"": 159}",0.020408163265306076,1.0139258599772747,-0.04378221735089306,-0.8398860452513792,1.0133465957925485,0.9991016720417278,1.407866913416998,False,0,18,12,1,0,1,1,1,1,1,0,True,0.0,1363699,225,-0.10721205651669811,0.0,96,-141.7573411752269,0.18,12,balanced_circularization,"{""angular_momentum_error_ratio"": 0.35687019721921753, ""energy_error_ratio"": 0.9412734620470542, ""r_error_ratio"": -0.019999725092979037, ""vr_ratio"": 0.2551077222901433, ""vt_error_ratio"": 0.38456103734047686}","{""angular_momentum_error_ratio"": 0.03759933009157425, ""energy_error_ratio"": 0.08019017771393208, ""r_error_ratio"": -0.01999830871874349, ""vr_ratio"": -0.0016486249711942858, ""vt_error_ratio"": 0.058772999396577014}",-0.10721205651669811,False,,,,,,,,,,,,,,,,,,,,,,,,,,,,,,,,
phase24_precision_insertion_geometry,1.0,165.0,10000.0,1.0,True,True,True,True,-8.88966729674766,-3994.6531548940916,-0.0021129824297496515,-0.9494879445402064,-488.6103515625,False,0.7621259346130128,0.026098185272395925,False,1,243,206.97265625,277.3115234375,17.30631244279581,460,True,False,success,phase76_handoff,"{""phase76_handoff"": 243}","{""handoff_ready"": 211, ""insertion_window"": 148, ""intercept_possible_poor_alignment"": 101}",2.104654818683916e-16,7.393778657325719e-11,-0.034074173710931875,-3.6968672685193056e-11,0.5219687416576904,0.504706529929417,1.0000000000000058,False,0,0,0,0,0,1,0,0,0,0,243,True,0.5282608695652173,0,0,,0.0,,,,,,{},{},,True,,,,,,,,,,,,,,,,,3.7979517781608254,3.7979517781608254,3.7979517781608254,outside_3x,0,outside_3x,,243,,,-0.9494879445402064,,,,,
phase24_precision_insertion_geometry,1.02,165.0,10000.0,1.0,False,False,False,False,,,,,,False,,,False,0,,150000107669.6914,160441587470.6494,1036.6874215977077,100000,False,True,max_steps,coast_arc,"{""burn_a"": 18, ""coast_arc"": 99982}","{""intercept_possible_poor_alignment"": 100000}",0.019607843137254777,0.5984167021628569,-0.024462734730208335,-0.44147204670352974,0.5983633829346504,0.44143243075425637,0.9681341043581951,False,0,18,0,99982,0,1,0,0,0,0,0,False,0.0,,0,,0.0,,,,,,{},{},,False,,,,,,,,,,,,,,,,,,,,,,,,,,,,,,,,
phase24_precision_insertion_geometry,1.05,165.0,10000.0,1.0,False,False,False,False,,,,,,False,,,False,0,,375000106044.8506,385004623547.50195,990.4416383030277,100000,False,True,max_steps,coast_arc,"{""burn_a"": 24, ""coast_arc"": 99976}","{""intercept_possible_poor_alignment"": 100000}",0.04761904761904765,0.8342172773759577,-0.010220561444707415,-0.8812168819651444,0.834135488220382,0.8811080071639357,0.9424168952861584,False,0,24,0,99976,0,1,0,0,0,0,0,False,0.0,,0,,0.0,,,,,,{},{},,False,,,,,,,,,,,,,,,,,,,,,,,,,,,,,,,,
phase24_precision_insertion_geometry,0.98,170.0,10000.0,1.0,False,False,False,False,,,,,,False,,,False,0,,149440878870.00098,149440878870.00098,55.40399287547568,100000,False,True,max_steps,phase76_handoff,"{""burn_a"": 18, ""burn_b"": 6, ""burn_b_timing_wait"": 60, ""coast_arc"": 1, ""phase76_handoff"": 99915}","{""insertion_window"": 99715, ""intercept_possible_poor_alignment"": 4, ""no_intercept_possible"": 281}",0.020408163265306496,1.0154349294575726,-0.025090063551973553,-0.8451051164865062,1.0134250313064814,0.999397043643362,1.4140588231546323,False,0,18,6,1,0,1,1,1,1,1,0,True,0.0,2032565,225,-0.1000508428271561,0.0,60,-152.21316319781224,0.3,6,balanced_circularization,"{""angular_momentum_error_ratio"": 0.3755891011590561, ""energy_error_ratio"": 0.9587463929105391, ""r_error_ratio"": -0.019999815558097916, ""vr_ratio"": 0.17115808320313208, ""vt_error_ratio"": 0.40366208394382785}","{""angular_momentum_error_ratio"": 0.03308087709296096, ""energy_error_ratio"": 0.07061474628735531, ""r_error_ratio"": -0.01999922690214427, ""vr_ratio"": -0.013005356712609406, ""vt_error_ratio"": 0.05416332869546123}",-0.1000508428271561,False,,,,,,,,,,,,,,,,,,,,,,,,,,,,,,,,
phase24_precision_insertion_geometry,1.0,170.0,10000.0,1.0,True,True,True,True,-627.8014830847948,-3075.3016548794985,-0.1492219516037754,-0.7309675543558039,-43366.4140625,False,0.7638403911913622,0.018126425876468198,False,1,3843,15013.0810546875,48971.787109375,233.64182222797018,4059,True,False,success,phase76_handoff,"{""phase76_handoff"": 3843}","{""handoff_ready"": 212, ""insertion_window"": 1791, ""intercept_possible_poor_alignment"": 2056}",2.104654818683916e-16,1.3059133116941239e-08,-0.015192246987791962,-6.529566633759087e-09,0.9258990373606751,0.919683014238784,1.000000000000005,False,0,0,0,0,0,1,0,0,0,0,3843,True,0.9467849223946785,0,0,,0.0,,,,,,{},{},,True,,,,,,,,,,,,,,,,,7.4610975801887705,7.4610975801887705,7.4610975801887705,outside_3x,0,outside_3x,,3843,,,-0.7309675543558039,,,,,
phase24_precision_insertion_geometry,1.02,170.0,10000.0,1.0,False,False,False,False,,,,,,False,,,False,0,,150000072238.28223,156982010040.14062,690.9551264900366,100000,False,True,max_steps,coast_arc,"{""burn_a"": 18, ""coast_arc"": 99982}","{""intercept_possible_poor_alignment"": 100000}",0.01960784313725499,0.6120028652346886,-0.005392923511594131,-0.42242841375953827,0.6119482547325864,0.422388795352401,0.9677447593910704,False,0,18,0,99982,0,1,0,0,0,0,0,False,0.0,,0,,0.0,,,,,,{},{},,False,,,,,,,,,,,,,,,,,,,,,,,,,,,,,,,,
phase24_precision_insertion_geometry,1.05,170.0,10000.0,1.0,False,False,False,False,,,,,,False,,,False,0,,375000071148.1328,381678095048.9453,657.8331856588024,100000,False,True,max_steps,coast_arc,"{""burn_a"": 24, ""coast_arc"": 99976}","{""intercept_possible_poor_alignment"": 100000}",0.047619047619047436,0.8614744017992496,0.009127655905139585,-0.8619205445269049,0.8613892022927113,0.8618118459216247,0.9418158667040529,False,0,24,0,99976,0,1,0,0,0,0,0,False,0.0,,0,,0.0,,,,,,{},{},,False,,,,,,,,,,,,,,,,,,,,,,,,,,,,,,,,
phase24_precision_insertion_geometry,0.98,175.0,10000.0,1.0,False,False,False,False,,,,,,False,,,False,0,,149443874159.89453,149443874159.89453,55.397056265445634,100000,False,True,max_steps,phase76_handoff,"{""burn_a"": 18, ""burn_b"": 12, ""burn_b_timing_wait"": 60, ""coast_arc"": 1, ""phase76_handoff"": 99909}","{""insertion_window"": 99671, ""intercept_possible_poor_alignment"": 2, ""no_intercept_possible"": 327}",0.020408163265306287,1.0148664694672875,-0.013817563036137981,-0.8427741061868661,1.013399095663999,0.9993603371935791,1.4177865926601643,False,0,18,12,1,0,1,1,1,1,1,0,True,0.0,2810282,225,-0.15476468580045982,0.0,60,-165.33358861859452,0.18,12,balanced_circularization,"{""angular_momentum_error_ratio"": 0.38687809406636253, ""energy_error_ratio"": 0.9693026785416283, ""r_error_ratio"": -0.019999907426742056, ""vr_ratio"": 0.08590614404718938, ""vt_error_ratio"": 0.41518159495754253}","{""angular_momentum_error_ratio"": -0.0063851626432013826, ""energy_error_ratio"": -0.012472553213170725, ""r_error_ratio"": -0.019999608115733595, ""vr_ratio"": -0.01911518094655799, ""vt_error_ratio"": 0.013892285743228561}",-0.15476468580045982,False,,,,,,,,,,,,,,,,,,,,,,,,,,,,,,,,
phase24_precision_insertion_geometry,1.0,175.0,10000.0,1.0,True,True,True,True,-75.56244302967407,-3051.944929061562,-0.017960415068522723,-0.7254159010011462,-4019.8388671875,False,0.6018852194191227,0.016617452634956786,False,1,44,1625.736328125,2204.3291015625,8.84814968539807,260,True,False,success,phase76_handoff,"{""phase76_handoff"": 44}","{""handoff_ready"": 212, ""insertion_window"": 27, ""intercept_possible_poor_alignment"": 21}",2.104654818683916e-16,5.878098861721584e-10,-0.0038053019082545138,-2.9390490934242894e-10,0.172384283833011,0.1599501633935743,1.0000000000000058,False,0,0,0,0,0,1,0,0,0,0,44,True,0.16923076923076924,0,0,,0.0,,,,,,{},{},,True,,,,,,,,,,,,,,,,,2.9016636040045847,2.9016636040045847,2.9016636040045847,C_3x,1,C_3x,,44,,,-0.7254159010011462,,,,,
phase24_precision_insertion_geometry,1.02,175.0,10000.0,1.0,False,False,False,False,,,,,,False,,,False,0,,150000036257.10254,153467813905.25684,339.6743835014483,100000,False,True,max_steps,coast_arc,"{""burn_a"": 18, ""coast_arc"": 99982}","{""intercept_possible_poor_alignment"": 100000}",0.019607843137254777,0.6201809395377146,0.006107327294770394,-0.4109440743069493,0.6201255517614975,0.41090457655646745,0.9675103243982137,False,0,18,0,99982,0,1,0,0,0,0,0,False,0.0,,0,,0.0,,,,,,{},{},,False,,,,,,,,,,,,,,,,,,,,,,,,,,,,,,,,
phase24_precision_insertion_geometry,1.05,175.0,10000.0,1.0,False,False,False,False,,,,,,False,,,False,0,,375000035709.94434,378299802772.33594,320.0328212813924,100000,False,True,max_steps,coast_arc,"{""burn_a"": 24, ""coast_arc"": 99976}","{""intercept_possible_poor_alignment"": 100000}",0.04761904761904765,0.8778826423135261,0.020795802465610375,-0.8502839455188016,0.8777953898093113,0.8501754764207773,0.9414538917187043,False,0,24,0,99976,0,1,0,0,0,0,0,False,0.0,,0,,0.0,,,,,,{},{},,False,,,,,,,,,,,,,,,,,,,,,,,,,,,,,,,,
phase24_precision_insertion_geometry,0.98,150.0,12000.0,1.0,False,False,False,False,,,,,,False,,,False,0,,149311888372.55566,149311888372.55566,66.47525456580496,100000,False,True,max_steps,phase76_handoff,"{""burn_a"": 18, ""burn_b"": 6, ""burn_b_timing_wait"": 96, ""coast_arc"": 1, ""phase76_handoff"": 99879}","{""insertion_window"": 99867, ""intercept_possible_poor_alignment"": 2, ""no_intercept_possible"": 131}",0.020408163265306076,1.001302337301983,-0.1426785900258876,-0.8058047203037335,1.0015796930917111,0.999127241317151,1.4506621815840994,False,0,18,6,1,0,1,1,1,1,1,0,True,0.0,705902,225,-0.1636432711809887,0.0,96,-126.14791888018833,0.3,6,timing_first,"{""angular_momentum_error_ratio"": 0.3379465809556838, ""energy_error_ratio"": 1.0636054842326585, ""r_error_ratio"": -0.01999947035152435, ""vr_ratio"": 0.49041895876721375, ""vt_error_ratio"": 0.36525087535983536}","{""angular_momentum_error_ratio"": -0.004608813798745708, ""energy_error_ratio"": -0.009017107267170359, ""r_error_ratio"": -0.01999677232178737, ""vr_ratio"": 0.011918601783096543, ""vt_error_ratio"": 0.015701946777765503}",-0.1636432711809887,False,,,,,,,,,,,,,,,,,,,,,,,,,,,,,,,,
phase24_precision_insertion_geometry,1.0,150.0,12000.0,1.0,True,True,True,True,-80.49851164523518,-3051.369756909111,-0.019133667779626447,-0.7252791884998071,-3681.29296875,False,0.6031837526262365,0.014364654403677601,False,3,114,148.345703125,755.0380859375,26.347138132160573,326,True,False,success,phase76_handoff,"{""phase76_handoff"": 114}","{""handoff_ready"": 209, ""insertion_window"": 68, ""intercept_possible_poor_alignment"": 49}",0.0,2.0133359507560395e-10,-0.13397459621556124,-1.0066672571051816e-10,0.34060435774997916,0.3252353379979766,1.0000000000000049,False,0,0,0,0,0,1,0,0,0,0,114,True,0.3496932515337423,0,0,,0.0,,,,,,{},{},,True,,,,,,,,,,,,,,,,,2.9011167539992284,2.9011167539992284,2.9011167539992284,C_3x,1,C_3x,,114,,,-0.7252791884998071,,,,,
phase24_precision_insertion_geometry,1.02,150.0,12000.0,1.0,False,False,False,False,,,,,,False,,,False,0,,150000207945.22168,170126484326.28125,2003.3783570709747,100000,False,True,max_steps,coast_arc,"{""burn_a"": 18, ""coast_arc"": 99982}","{""intercept_possible_poor_alignment"": 100000}",0.01960784313725499,0.5949826592357413,-0.12535721577320472,-0.6256125947607882,0.5949318710010427,0.6255650702431684,0.966233028349279,False,0,18,0,99982,0,1,0,0,0,0,0,False,0.0,,0,,0.0,,,,,,{},{},,False,,,,,,,,,,,,,,,,,,,,,,,,,,,,,,,,
phase24_precision_insertion_geometry,1.05,150.0,12000.0,1.0,False,False,False,False,,,,,,False,,,False,0,,375000204777.94336,394233377317.86523,1913.4274862819768,100000,False,True,max_steps,coast_arc,"{""burn_a"": 24, ""coast_arc"": 99976}","{""intercept_possible_poor_alignment"": 100000}",0.04761904761904765,0.671004746308642,-0.11258803253505753,-1.1574769648215892,0.6709554765172211,1.1573463525313261,0.9395914607338702,False,0,24,0,99976,0,1,0,0,0,0,0,False,0.0,,0,,0.0,,,,,,{},{},,False,,,,,,,,,,,,,,,,,,,,,,,,,,,,,,,,
phase24_precision_insertion_geometry,0.98,165.0,12000.0,1.0,False,False,False,False,,,,,,False,,,False,0,,149327327594.18457,149327327594.18457,66.4834604759008,100000,False,True,max_steps,phase76_handoff,"{""burn_a"": 18, ""burn_b"": 6, ""burn_b_timing_wait"": 60, ""coast_arc"": 1, ""phase76_handoff"": 99915}","{""insertion_window"": 99596, ""intercept_possible_poor_alignment"": 7, ""no_intercept_possible"": 397}",0.020408163265306076,0.9984938117914576,-0.04378221735089306,-0.7995982129286756,1.001639425106384,0.9994427004893924,1.4881393694525158,False,0,18,6,1,0,1,1,1,1,1,0,True,0.0,1363699,225,0.028611041614512778,0.0,60,-142.12798232763276,0.18,6,timing_first,"{""angular_momentum_error_ratio"": 0.437000946805927, ""energy_error_ratio"": 1.1737429976678926, ""r_error_ratio"": -0.019999725835098438, ""vr_ratio"": 0.25385749662898655, ""vt_error_ratio"": 0.46632708652092403}","{""angular_momentum_error_ratio"": 0.10694085118493345, ""energy_error_ratio"": 0.23508944049529154, ""r_error_ratio"": -0.019998891661978255, ""vr_ratio"": -0.008060934886771546, ""vt_error_ratio"": 0.12953020335067583}",0.028611041614512778,False,,,,,,,,,,,,,,,,,,,,,,,,,,,,,,,,
phase24_precision_insertion_geometry,1.0,165.0,12000.0,1.0,True,True,True,True,-29.385295636110204,-3791.606204635221,-0.0069845823583089784,-0.9012257740911267,-579.7763671875,False,0.7293621181801756,0.02031839432766244,False,2,105,135.919921875,502.3330078125,21.192783332264064,318,True,False,success,phase76_handoff,"{""phase76_handoff"": 105}","{""handoff_ready"": 209, ""insertion_window"": 63, ""intercept_possible_poor_alignment"": 46}",2.104654818683916e-16,1.3396506758790487e-10,-0.034074173710931875,6.698273464708606e-11,0.3259054175294539,0.3132262829276735,1.0000000000000049,False,0,0,0,0,0,1,0,0,0,0,105,True,0.330188679245283,0,0,,0.0,,,,,,{},{},,True,,,,,,,,,,,,,,,,,3.604903096364507,3.604903096364507,3.604903096364507,outside_3x,0,outside_3x,,105,,,-0.9012257740911267,,,,,
phase24_precision_insertion_geometry,1.02,165.0,12000.0,1.0,False,False,False,False,,,,,,False,,,False,0,,150000107640.30566,160380456647.33496,1029.6655733346424,100000,False,True,max_steps,coast_arc,"{""burn_a"": 18, ""coast_arc"": 99982}","{""intercept_possible_poor_alignment"": 100000}",0.019607843137254777,0.681889445443471,-0.024462734730208335,-0.5248741722115695,0.6818303967699995,0.5248266330392679,0.9637353295947576,False,0,18,0,99982,0,1,0,0,0,0,0,False,0.0,,0,,0.0,,,,,,{},{},,False,,,,,,,,,,,,,,,,,,,,,,,,,,,,,,,,
phase24_precision_insertion_geometry,1.05,165.0,12000.0,1.0,False,False,False,False,,,,,,False,,,False,0,,375000106000.7754,384903140850.61426,980.1854391913504,100000,False,True,max_steps,coast_arc,"{""burn_a"": 24, ""coast_arc"": 99976}","{""intercept_possible_poor_alignment"": 100000}",0.04761904761904765,0.8453702873813108,-0.010220561444707415,-1.055417207463039,0.8452991988716839,1.0552865575263188,0.9357297215169665,False,0,24,0,99976,0,1,0,0,0,0,0,False,0.0,,0,,0.0,,,,,,{},{},,False,,,,,,,,,,,,,,,,,,,,,,,,,,,,,,,,
phase24_precision_insertion_geometry,0.98,170.0,12000.0,1.0,False,False,False,False,,,,,,False,,,False,0,,149330080194.87012,149330080194.87012,66.48066373053715,100000,False,True,max_steps,phase76_handoff,"{""burn_a"": 18, ""burn_b"": 6, ""burn_b_timing_wait"": 60, ""coast_arc"": 1, ""phase76_handoff"": 99915}","{""insertion_window"": 99752, ""no_intercept_possible"": 248}",0.020408163265306496,0.9985049919627184,-0.025090063551973553,-1.20064185829273,1.0016702475212933,0.9994675424357219,1.4951659464547258,False,0,18,6,1,0,1,1,1,1,1,0,True,0.0,2032565,225,0.007337852432353936,0.0,60,-166.58812287963352,0.42,6,tangential_priority,"{""angular_momentum_error_ratio"": 0.45572505453876455, ""energy_error_ratio"": 1.1947052440680126, ""r_error_ratio"": -0.019999816056021746, ""vr_ratio"": 0.17031926563540006, ""vt_error_ratio"": 0.4854334503083941}","{""angular_momentum_error_ratio"": -0.01878204444112381, ""energy_error_ratio"": -0.03531876078498057, ""r_error_ratio"": -0.01999922709021367, ""vr_ratio"": 0.05486683247960595, ""vt_error_ratio"": 0.0012420221317538769}",0.007337852432353936,False,,,,,,,,,,,,,,,,,,,,,,,,,,,,,,,,
phase24_precision_insertion_geometry,1.0,170.0,12000.0,1.0,True,True,True,True,-30.099257367256808,-2552.5823086070577,-0.007154283714171683,-0.6067225452351612,-1052.3896484375,False,0.49396317678545365,0.010598707260321274,False,6,1010,10.53125,67.607421875,14.814055285645287,1222,True,False,success,phase76_handoff,"{""phase76_handoff"": 1010}","{""handoff_ready"": 209, ""insertion_window"": 560, ""intercept_possible_poor_alignment"": 453}",2.104654818683916e-16,1.8038365054494238e-11,-0.015192246987791962,9.019278608507897e-12,0.7941505641062065,0.769303524146656,1.0000000000000049,False,0,0,0,0,0,1,0,0,0,0,1010,True,0.8265139116202946,0,0,,0.0,,,,,,{},{},,True,,,,,,,,,,,,,,,,,2.426890180940645,2.426890180940645,2.426890180940645,C_3x,1,C_3x,,1010,,,-0.6067225452351612,,,,,
phase24_precision_insertion_geometry,1.02,170.0,12000.0,1.0,False,False,False,False,,,,,,False,,,False,0,,150000072218.56543,156937486231.89258,685.5597949833151,100000,False,True,max_steps,coast_arc,"{""burn_a"": 18, ""coast_arc"": 99982}","{""intercept_possible_poor_alignment"": 100000}",0.01960784313725499,0.6981974715878331,-0.005392923511594131,-0.5058356298554714,0.6981368727963326,0.5057880877520339,0.963265962265492,False,0,18,0,99982,0,1,0,0,0,0,0,False,0.0,,0,,0.0,,,,,,{},{},,False,,,,,,,,,,,,,,,,,,,,,,,,,,,,,,,,
phase24_precision_insertion_geometry,1.05,170.0,12000.0,1.0,False,False,False,False,,,,,,False,,,False,0,,375000071118.5596,381608948690.8535,650.7459705683316,100000,False,True,max_steps,coast_arc,"{""burn_a"": 24, ""coast_arc"": 99976}","{""intercept_possible_poor_alignment"": 100000}",0.047619047619047436,0.8780972997267489,0.009127655905139585,-1.0361306609375238,0.8780221157248826,1.0360001860219383,0.9350032816756486,False,0,24,0,99976,0,1,0,0,0,0,0,False,0.0,,0,,0.0,,,,,,{},{},,False,,,,,,,,,,,,,,,,,,,,,,,,,,,,,,,,
phase24_precision_insertion_geometry,0.98,175.0,12000.0,1.0,False,False,False,False,,,,,,False,,,False,0,,149332981137.18164,149332981137.18164,66.48292913290251,100000,False,True,max_steps,phase76_handoff,"{""burn_a"": 18, ""burn_b"": 6, ""burn_b_timing_wait"": 60, ""coast_arc"": 1, ""phase76_handoff"": 99915}","{""insertion_window"": 99675, ""intercept_possible_poor_alignment"": 2, ""no_intercept_possible"": 323}",0.020408163265306287,0.9984541493487931,-0.013817563036137981,-0.7994455003864759,1.0016706583203077,0.9994645892725464,1.4993951176966982,False,0,18,6,1,0,1,1,1,1,1,0,True,0.0,2391380,225,-0.04471063696744754,0.0,60,-166.1930822546702,0.18,6,timing_first,"{""angular_momentum_error_ratio"": 0.46701725610973716, ""energy_error_ratio"": 1.2073695747161735, ""r_error_ratio"": -0.019999907676642448, ""vr_ratio"": 0.08548518143904044, ""vt_error_ratio"": 0.4969562427609291}","{""angular_momentum_error_ratio"": 0.06097539422679294, ""energy_error_ratio"": 0.13153358379984006, ""r_error_ratio"": -0.019999721104385547, ""vr_ratio"": -0.01633130152056073, ""vt_error_ratio"": 0.08262764519050057}",-0.04471063696744754,False,,,,,,,,,,,,,,,,,,,,,,,,,,,,,,,,
phase24_precision_insertion_geometry,1.0,175.0,12000.0,1.0,True,True,True,True,-67.92548656141525,-2582.702318568411,-0.016145189110617915,-0.6138817616273774,-5157.419921875,False,0.5104796369222995,0.010969941268989187,False,1,43,1216.3447265625,2626.7353515625,7.257112147984378,255,True,False,success,phase76_handoff,"{""phase76_handoff"": 43}","{""handoff_ready"": 209, ""insertion_window"": 26, ""intercept_possible_poor_alignment"": 20}",2.104654818683916e-16,7.004529062574584e-10,-0.0038053019082545138,-3.5022646825758274e-10,0.16585029829326867,0.15445766656619989,1.0000000000000049,False,0,0,0,0,0,1,0,0,0,0,43,True,0.16862745098039217,0,0,,0.0,,,,,,{},{},,True,,,,,,,,,,,,,,,,,2.4555270465095096,2.4555270465095096,2.4555270465095096,C_3x,1,C_3x,,43,,,-0.6138817616273774,,,,,
phase24_precision_insertion_geometry,1.02,175.0,12000.0,1.0,False,False,False,False,,,,,,False,,,False,0,,150000036247.20605,153440302747.25977,335.9593860876791,100000,False,True,max_steps,coast_arc,"{""burn_a"": 18, ""coast_arc"": 99982}","{""intercept_possible_poor_alignment"": 100000}",0.019607843137254777,0.7080140146639551,0.006107327294770394,-0.4943543840493252,0.7079524827799724,0.49430696231574167,0.9629833240498897,False,0,18,0,99982,0,1,0,0,0,0,0,False,0.0,,0,,0.0,,,,,,{},{},,False,,,,,,,,,,,,,,,,,,,,,,,,,,,,,,,,
phase24_precision_insertion_geometry,1.05,175.0,12000.0,1.0,False,False,False,False,,,,,,False,,,False,0,,375000035695.10156,378263780650.0596,316.2190925781402,100000,False,True,max_steps,coast_arc,"{""burn_a"": 24, ""coast_arc"": 99976}","{""intercept_possible_poor_alignment"": 100000}",0.04761904761904765,0.8977985573807181,0.020795802465610375,-1.0245000139379012,0.89772090788909,1.0243697678174712,0.9345657275839377,False,0,24,0,99976,0,1,0,0,0,0,0,False,0.0,,0,,0.0,,,,,,{},{},,False,,,,,,,,,,,,,,,,,,,,,,,,,,,,,,,,
phase26_vt_aware_scoring,0.98,150.0,8000.0,1.0,False,False,False,False,,,,,,False,,,False,0,,149532970205.47363,149532970205.47363,44.32432535618518,100000,False,True,max_steps,phase76_handoff,"{""burn_a"": 18, ""burn_b_timing_wait"": 96, ""coast_arc"": 1, ""corridor_burn_1"": 18, ""phase76_handoff"": 99867}","{""insertion_window"": 99637, ""no_intercept_possible"": 363}",0.020408163265306076,1.0242746942973868,-0.1426785900258876,-1.124802977066543,1.0227020528236561,0.9988299693290906,1.2998219393460562,False,0,18,18,1,0,1,1,1,1,1,0,True,0.0,705902,0,,0.0,96,-118.58081838252461,0.36,18,radius_vr_vt_corridor,"{""angular_momentum_error_ratio"": 0.17773686532523883, ""energy_error_ratio"": 0.6487217985732481, ""r_error_ratio"": -0.01999946748038763, ""vr_ratio"": 0.49525942384523597, ""vt_error_ratio"": 0.20177165852883766}","{""angular_momentum_error_ratio"": -0.01999672756174974, ""energy_error_ratio"": -0.04080207185199955, ""r_error_ratio"": -0.01999672849089974, ""vr_ratio"": 0.0027276363114972337, ""vt_error_ratio"": 9.48109036112849e-10}",7.999853939842276,False,phase26_vt_aware_scoring,,-0.12518223472029347,-1.1273418851081134,7.919802190159476e-10,0.9988521736213146,7.919802190159476e-10,D_1x_recoverable,4,unknown,7.999853939842276,8.984119233196074,0.20177165852883766,9.48109036112849e-10,0.20177165758072863,-0.018164144537293675,,,,,,,,,,,,,,,,False
phase26_vt_aware_scoring,1.0,150.0,8000.0,1.0,True,True,True,True,-25.192574395203952,-3281.9890635371144,-0.005988015668111895,-0.7800950243010297,-1460.0703125,False,0.6312616384372342,0.022897899677950195,False,1,631,473.6396484375,1334.857421875,19.644712995676638,852,True,False,success,phase76_handoff,"{""phase76_handoff"": 631}","{""handoff_ready"": 216, ""insertion_window"": 382, ""intercept_possible_poor_alignment"": 254}",0.0,3.55947010158653e-10,-0.13397459621556124,-1.7797318008717732e-10,0.730935153977333,0.7067683357255949,1.0000000000000073,False,0,0,0,0,0,1,0,0,0,0,631,True,0.7406103286384976,0,0,,0.0,,,,,radius_vr_vt_corridor,{},"{""angular_momentum_error_ratio"": -1.7797318008717732e-10, ""energy_error_ratio"": -3.55947010158653e-10, ""r_error_ratio"": -1.7798098958333334e-10, ""vr_ratio"": 9.887642214050619e-11, ""vt_error_ratio"": 7.782391104556687e-15}",2.977871114143954,True,phase26_vt_aware_scoring,,-0.1339745962155612,7.782391104556687e-15,0.1339745962155612,0.7067683366816189,0.1339745962155612,D_1x_recoverable,4,outside_3x,2.977871114143954,3.923702403810297,,7.782391104556687e-15,,,3.120380097204119,2.977871114143954,2.977871114143954,C_3x,1,outside_3x,,631,,,-0.7800950243010297,,,,,False
phase26_vt_aware_scoring,1.02,150.0,8000.0,1.0,False,False,False,False,,,,,,False,,,False,0,,150000208058.7246,170343025558.44434,2026.6388578588494,100000,False,True,max_steps,coast_arc,"{""burn_a"": 18, ""coast_arc"": 99982}","{""intercept_possible_poor_alignment"": 100000}",0.01960784313725499,0.44365947118547316,-0.12535721577320472,-0.4588594855455239,0.44361905538495505,0.4588278026998162,0.9741850063012878,False,0,18,0,99982,0,1,0,0,0,0,0,False,0.0,,0,,0.0,,,,,radius_vr_vt_corridor,{},"{""angular_momentum_error_ratio"": -0.4588594855455239, ""energy_error_ratio"": -0.44365947118547316, ""r_error_ratio"": 0.022712403407792577, ""vr_ratio"": 0.4816155237530073, ""vt_error_ratio"": -0.47087713745199994}",25.625866564702612,False,phase26_vt_aware_scoring,,-0.14250707428745554,-0.47087713745199994,0.14250707428745554,0.47014409611061375,0.14250707428745554,D_1x_recoverable,4,unknown,25.625866564702612,25.712477866227964,,-0.47087713745199994,,,,,,,,,,,,,,,,,,False
phase26_vt_aware_scoring,1.05,150.0,8000.0,1.0,False,False,False,False,,,,,,False,,,False,0,,375000204948.18164,394624067795.2461,1952.6134973316935,100000,False,True,max_steps,coast_arc,"{""burn_a"": 24, ""coast_arc"": 99976}","{""intercept_possible_poor_alignment"": 100000}",0.04761904761904765,0.6518721252678656,-0.11258803253505753,-0.8091753282905207,0.6518032612188849,0.809088254310838,0.9516473510587419,False,0,24,0,99976,0,1,0,0,0,0,0,False,0.0,,0,,0.0,,,,,radius_vr_vt_corridor,{},"{""angular_momentum_error_ratio"": -0.8091753282905207, ""energy_error_ratio"": -0.6518721252678656, ""r_error_ratio"": 0.05261654237269948, ""vr_ratio"": 0.46399395715910136, ""vt_error_ratio"": -0.8187139722511465}",30.989889093950367,False,phase26_vt_aware_scoring,,-0.1548457452714833,-0.8187139722511465,0.1548457452714833,0.8184057488767749,0.1548457452714833,D_1x_recoverable,4,unknown,30.989889093950367,31.240380516038975,,-0.8187139722511465,,,,,,,,,,,,,,,,,,False
phase26_vt_aware_scoring,0.98,165.0,8000.0,1.0,False,False,False,False,,,,,,False,,,False,0,,149544857190.94922,149544857190.94922,44.3243253492865,100000,False,True,max_steps,phase76_handoff,"{""burn_a"": 18, ""burn_b_timing_wait"": 96, ""coast_arc"": 1, ""corridor_burn_1"": 18, ""phase76_handoff"": 99867}","{""insertion_window"": 99637, ""no_intercept_possible"": 363}",0.020408163265306076,1.0242779965178743,-0.04378221735089306,-1.1248027681419444,1.0227829429108655,0.9989343984490909,1.3277791329177384,False,0,18,18,1,0,1,1,1,1,1,0,True,0.0,1363699,0,,0.0,96,-145.685280660141,0.36,18,radius_vr_vt_corridor,"{""angular_momentum_error_ratio"": 0.2767395354455463, ""energy_error_ratio"": 0.7221816433682448, ""r_error_ratio"": -0.01999972434845573, ""vr_ratio"": 0.25636376674700956, ""vt_error_ratio"": 0.302795077885787}","{""angular_momentum_error_ratio"": -0.01999831304916306, ""energy_error_ratio"": -0.040805375722012135, ""r_error_ratio"": -0.01999831342225703, ""vr_ratio"": 0.0027272354193071803, ""vt_error_ratio"": 3.807074389764006e-10}",8.000487478598362,False,phase26_vt_aware_scoring,,-0.02426756872540107,-1.1273418778672897,2.2460153669775144e-10,0.9989608198419291,2.2460153669775144e-10,D_1x_recoverable,4,unknown,8.000487478598362,8.971782579327348,0.302795077885787,3.807074389764006e-10,0.30279507750507956,-0.01817012841329607,,,,,,,,,,,,,,,,False
phase26_vt_aware_scoring,1.0,165.0,8000.0,1.0,True,True,True,True,-88.06929902399378,-3143.494158607936,-0.020933166025926386,-0.7471762106990555,-2645.9189453125,False,0.6228607681431453,0.021398883100412866,False,1,182,2175.0126953125,2201.5400390625,24.039640678408468,403,True,False,success,phase76_handoff,"{""phase76_handoff"": 182}","{""handoff_ready"": 216, ""insertion_window"": 109, ""intercept_possible_poor_alignment"": 78}",2.104654818683916e-16,5.870625232460438e-10,-0.034074173710931875,-2.935310709686659e-10,0.4505343981162966,0.4324346135808888,1.0000000000000073,False,0,0,0,0,0,1,0,0,0,0,182,True,0.45161290322580644,1,0,,0.0,,,,,radius_vr_vt_corridor,{},"{""angular_momentum_error_ratio"": -2.935310709686659e-10, ""energy_error_ratio"": -5.870625232460438e-10, ""r_error_ratio"": -2.93538671875e-10, ""vr_ratio"": 1.6307517218458297e-10, ""vt_error_ratio"": 7.566213573874556e-15}",3.1567937662689762,True,phase26_vt_aware_scoring,,-0.034074173710931834,7.566213573874556e-15,0.034074173710931834,0.43243461389999965,0.034074173710931834,D_1x_recoverable,4,A_3x,3.1567937662689762,4.001961768532698,,7.566213573874556e-15,,,2.988704842796222,3.1567937662689762,3.1567937662689762,outside_3x,0,C_3x,,182,,,-0.7471762106990555,,,,,False
phase26_vt_aware_scoring,1.02,165.0,8000.0,1.0,False,False,False,False,,,,,,False,,,False,0,,150000107699.07715,160504502316.9912,1044.0342145911768,100000,False,True,max_steps,coast_arc,"{""burn_a"": 18, ""coast_arc"": 99982}","{""intercept_possible_poor_alignment"": 100000}",0.019607843137254777,0.5015665861185644,-0.024462734730208335,-0.3580700078271545,0.5015206672753344,0.3580383150899955,0.9725342061045669,False,0,18,0,99982,0,1,0,0,0,0,0,False,0.0,,0,,0.0,,,,,radius_vr_vt_corridor,{},"{""angular_momentum_error_ratio"": -0.3580700078271545, ""energy_error_ratio"": -0.5015665861185644, ""r_error_ratio"": 0.02140060030893216, ""vr_ratio"": 0.24807601008717187, ""vt_error_ratio"": -0.3715198601031878}",14.968683117592679,False,phase26_vt_aware_scoring,,-0.04359091640216505,-0.3715198601031878,0.04359091640216505,0.37105841247513477,0.04359091640216505,D_1x_recoverable,4,unknown,14.968683117592679,15.054932241378934,,-0.3715198601031878,,,,,,,,,,,,,,,,,,False
phase26_vt_aware_scoring,1.05,165.0,8000.0,1.0,False,False,False,False,,,,,,False,,,False,0,,375000106088.9248,385113246594.83887,1001.998143845107,100000,False,True,max_steps,coast_arc,"{""burn_a"": 24, ""coast_arc"": 99976}","{""intercept_possible_poor_alignment"": 100000}",0.04761904761904765,0.7679929840763221,-0.010220561444707415,-0.7070169013260886,0.7679095772321304,0.7069298016036287,0.9491073110340807,False,0,24,0,99976,0,1,0,0,0,0,0,False,0.0,,0,,0.0,,,,,radius_vr_vt_corridor,{},"{""angular_momentum_error_ratio"": -0.7070169013260886, ""energy_error_ratio"": -0.7679929840763221, ""r_error_ratio"": 0.05134843287931185, ""vr_ratio"": 0.23804814966292265, ""vt_error_ratio"": -0.7213263562190099}",23.56209253144189,False,phase26_vt_aware_scoring,,-0.05735291566162611,-0.7213263562190099,0.05735291566162611,0.7210651192603043,0.05735291566162611,D_1x_recoverable,4,unknown,23.56209253144189,23.74220717368254,,-0.7213263562190099,,,,,,,,,,,,,,,,,,False
phase26_vt_aware_scoring,0.98,170.0,8000.0,1.0,False,False,False,False,,,,,,False,,,False,0,,149549021428.11523,149549021428.11523,44.32432534888585,100000,False,True,max_steps,phase76_handoff,"{""burn_a"": 18, ""burn_b_timing_wait"": 96, ""coast_arc"": 1, ""corridor_burn_1"": 18, ""phase76_handoff"": 99867}","{""insertion_window"": 99637, ""no_intercept_possible"": 363}",0.020408163265306496,1.024279152711195,-0.025090063551973553,-1.1248026971459655,1.0227986635890496,0.9989552281957974,1.3330339359186443,False,0,18,18,1,0,1,1,1,1,1,0,True,0.0,2032565,0,,0.0,96,-156.80540627204306,0.36,18,radius_vr_vt_corridor,"{""angular_momentum_error_ratio"": 0.29545318743911425, ""energy_error_ratio"": 0.7361635128216514, ""r_error_ratio"": -0.019999815058560286, ""vr_ratio"": 0.17200080752843205, ""vt_error_ratio"": 0.32189075812932055}","{""angular_momentum_error_ratio"": -0.019998868357808956, ""energy_error_ratio"": -0.0408065321590422, ""r_error_ratio"": -0.019998868653889845, ""vr_ratio"": 0.0027272294812279714, ""vt_error_ratio"": 3.02123015377894e-10}",8.000709533930436,False,phase26_vt_aware_scoring,,-0.005193942399973061,-1.1273418775696125,1.4601732927677552e-10,0.9989824401933823,1.4601732927677552e-10,D_1x_recoverable,4,unknown,8.000709533930436,8.968043114226091,0.32189075812932055,3.02123015377894e-10,0.32189075782719756,-0.0181713506546044,,,,,,,,,,,,,,,,False
phase26_vt_aware_scoring,1.0,170.0,8000.0,1.0,True,True,True,True,-26.609700880474676,-3835.407376660934,-0.006324852049514541,-0.911636861908399,-2190.5517578125,False,0.7368993122782103,0.029925929496057102,False,1,2307,470.41796875,2058.1533203125,20.503655353634183,2529,True,False,success,phase76_handoff,"{""phase76_handoff"": 2307}","{""handoff_ready"": 216, ""insertion_window"": 1096, ""intercept_possible_poor_alignment"": 1217}",2.104654818683916e-16,5.488264172930856e-10,-0.015192246987791962,-2.744130855547726e-10,0.8975993091151757,0.8706165037730679,1.0000000000000073,False,0,0,0,0,0,1,0,0,0,0,2307,True,0.9122182680901542,0,0,,0.0,,,,,radius_vr_vt_corridor,{},"{""angular_momentum_error_ratio"": -2.744130855547726e-10, ""energy_error_ratio"": -5.488264172930856e-10, ""r_error_ratio"": -2.744204427083333e-10, ""vr_ratio"": 1.5245390746754248e-10, ""vt_error_ratio"": 7.350036043192427e-15}",2.971756020030534,True,phase26_vt_aware_scoring,,-0.015192246987791968,7.350036043192427e-15,0.015192246987791968,0.8706165074150813,0.015192246987791968,D_1x_recoverable,4,outside_3x,2.971756020030534,3.8351097996974852,,7.350036043192427e-15,,,3.646547447633596,2.971756020030534,2.971756020030534,C_3x,1,outside_3x,,2307,,,-0.911636861908399,,,,,False
phase26_vt_aware_scoring,1.02,170.0,8000.0,1.0,False,False,False,False,,,,,,False,,,False,0,,150000072257.99902,157028239961.47754,696.6677659893638,100000,False,True,max_steps,coast_arc,"{""burn_a"": 18, ""coast_arc"": 99982}","{""intercept_possible_poor_alignment"": 100000}",0.01960784313725499,0.5124324209772779,-0.005392923511594131,-0.3390212365297166,0.5123854695101537,0.33898954181399565,0.9722241532219635,False,0,18,0,99982,0,1,0,0,0,0,0,False,0.0,,0,,0.0,,,,,radius_vr_vt_corridor,{},"{""angular_momentum_error_ratio"": -0.3390212365297166, ""energy_error_ratio"": -0.5124324209772779, ""r_error_ratio"": 0.02093709866153034, ""vr_ratio"": 0.16551380303161406, ""vt_error_ratio"": -0.3525764081481217}",11.701750713617072,False,phase26_vt_aware_scoring,,-0.02489502305058251,-0.3525764081481217,0.02489502305058251,0.3522489356405594,0.02489502305058251,D_1x_recoverable,4,unknown,11.701750713617072,11.781684589292153,,-0.3525764081481217,,,,,,,,,,,,,,,,,,False
phase26_vt_aware_scoring,1.05,170.0,8000.0,1.0,False,False,False,False,,,,,,False,,,False,0,,375000071177.7051,381754068109.56836,666.18989069654,100000,False,True,max_steps,coast_arc,"{""burn_a"": 24, ""coast_arc"": 99976}","{""intercept_possible_poor_alignment"": 100000}",0.047619047619047436,0.7897863012180721,0.009127655905139585,-0.6877105828689392,0.7897001681552682,0.6876236605485023,0.9486299106362504,False,0,24,0,99976,0,1,0,0,0,0,0,False,0.0,,0,,0.0,,,,,radius_vr_vt_corridor,{},"{""angular_momentum_error_ratio"": -0.6877105828689392, ""energy_error_ratio"": -0.7897863012180721, ""r_error_ratio"": 0.05090054241460912, ""vr_ratio"": 0.15823130226096258, ""vt_error_ratio"": -0.7028363726851573}",21.702444158808806,False,phase26_vt_aware_scoring,,-0.03892604199510515,-0.7028363726851573,0.03892604199510515,0.7026266289288824,0.03892604199510515,D_1x_recoverable,4,unknown,21.702444158808806,21.90004233258935,,-0.7028363726851573,,,,,,,,,,,,,,,,,,False
phase26_vt_aware_scoring,0.98,175.0,8000.0,1.0,False,False,False,False,,,,,,False,,,False,0,,149553241173.96484,149553241173.96484,44.324325348771104,100000,False,True,max_steps,phase76_handoff,"{""burn_a"": 18, ""burn_b_timing_wait"": 96, ""coast_arc"": 1, ""corridor_burn_1"": 18, ""phase76_handoff"": 99867}","{""insertion_window"": 99637, ""no_intercept_possible"": 363}",0.020408163265306287,1.0242803242253056,-0.013817563036137981,-1.1248026255206156,1.0228086318349772,0.9989679500199193,1.3361986501889813,False,0,18,18,1,0,1,1,1,1,1,0,True,0.0,2807377,0,,0.0,96,-168.45255165099462,0.36,18,radius_vr_vt_corridor,"{""angular_momentum_error_ratio"": 0.3067389421076711, ""energy_error_ratio"": 0.7446106894542571, ""r_error_ratio"": -0.01999990717603047, ""vr_ratio"": 0.08632907049245486, ""vt_error_ratio"": 0.3334069574852493}","{""angular_momentum_error_ratio"": -0.019999431055996417, ""energy_error_ratio"": -0.040807703880218045, ""r_error_ratio"": -0.019999431286654948, ""vr_ratio"": 0.002727242994374501, ""vt_error_ratio"": 2.3536566448300675e-10}",8.000934565862721,False,phase26_vt_aware_scoring,,0.006308609146798016,-1.127341877591412,7.925932984929622e-11,0.9989956302477887,7.925932984929622e-11,D_1x_recoverable,4,unknown,8.000934565862721,8.965151943235444,0.3334069574852493,2.3536566448300675e-10,0.3334069572498836,-0.018172115017088708,,,,,,,,,,,,,,,,False
phase26_vt_aware_scoring,1.0,175.0,8000.0,1.0,True,True,True,True,-35.33209647045934,-3439.731965189568,-0.00839807571601849,-0.8175888886362344,-454.1748046875,False,0.6641488018287663,0.02482508985438676,False,1,86,265.2685546875,277.490234375,8.86631054729974,307,True,False,success,phase76_handoff,"{""phase76_handoff"": 86}","{""handoff_ready"": 215, ""insertion_window"": 52, ""intercept_possible_poor_alignment"": 40}",2.104654818683916e-16,7.398261572089514e-11,-0.0038053019082545138,-3.6991364129378737e-11,0.2861142806458803,0.2677516417374583,1.0000000000000073,False,0,0,0,0,0,1,0,0,0,0,86,True,0.28013029315960913,1,0,,0.0,,,,,radius_vr_vt_corridor,{},"{""angular_momentum_error_ratio"": -3.6991364129378737e-11, ""energy_error_ratio"": -7.398261572089514e-11, ""r_error_ratio"": -3.6998697916666665e-11, ""vr_ratio"": 2.055292407109975e-11, ""vt_error_ratio"": 7.350036043192427e-15}",2.9569801506190814,True,phase26_vt_aware_scoring,,-0.003805301908254529,7.350036043192427e-15,0.003805301908254529,0.2677516418490506,0.003805301908254529,D_1x_recoverable,4,outside_3x,2.9569801506190814,3.773876976166162,,7.350036043192427e-15,,,3.2703555545449374,2.9569801506190814,2.9569801506190814,C_3x,1,outside_3x,,86,,,-0.8175888886362344,,,,,False
phase26_vt_aware_scoring,1.02,175.0,8000.0,1.0,False,False,False,False,,,,,,False,,,False,0,,150000036266.99902,153496951935.50977,343.6989150753124,100000,False,True,max_steps,coast_arc,"{""burn_a"": 18, ""coast_arc"": 99982}","{""intercept_possible_poor_alignment"": 100000}",0.019607843137254777,0.5189729724889153,0.006107327294770394,-0.32753377425067104,0.5189253994462651,0.327502200482083,0.9720374749698517,False,0,18,0,99982,0,1,0,0,0,0,0,False,0.0,,0,,0.0,,,,,radius_vr_vt_corridor,{},"{""angular_momentum_error_ratio"": -0.32753377425067104, ""energy_error_ratio"": -0.5189729724889153, ""r_error_ratio"": 0.02046626025806797, ""vr_ratio"": 0.08161871712335189, ""vt_error_ratio"": -0.34102061779164794}",9.086850509347325,False,phase26_vt_aware_scoring,,-0.013620267358068197,-0.34102061779164794,0.013620267358068197,0.3408398556022708,0.013620267358068197,D_1x_recoverable,4,unknown,9.086850509347325,9.200248967409705,,-0.34102061779164794,,,,,,,,,,,,,,,,,,False
phase26_vt_aware_scoring,1.05,175.0,8000.0,1.0,False,False,False,False,,,,,,False,,,False,0,,375000035724.7881,378342332637.4072,325.08467696479426,100000,False,True,max_steps,coast_arc,"{""burn_a"": 24, ""coast_arc"": 99976}","{""intercept_possible_poor_alignment"": 100000}",0.04761904761904765,0.8029052688622864,0.020795802465610375,-0.6760679156965376,0.8028174946721713,0.6759812236145738,0.9483424233034455,False,0,24,0,99976,0,1,0,0,0,0,0,False,0.0,,0,,0.0,,,,,radius_vr_vt_corridor,{},"{""angular_momentum_error_ratio"": -0.6760679156965376, ""energy_error_ratio"": -0.8029052688622864, ""r_error_ratio"": 0.050445644351654294, ""vr_ratio"": 0.07715490634276088, ""vt_error_ratio"": -0.6916241349133331}",20.446890754374035,False,phase26_vt_aware_scoring,,-0.02781352146132346,-0.6916241349133331,0.02781352146132346,0.691476371368052,0.02781352146132346,D_1x_recoverable,4,unknown,20.446890754374035,20.665000669607032,,-0.6916241349133331,,,,,,,,,,,,,,,,,,False
phase26_vt_aware_scoring,0.98,150.0,10000.0,1.0,False,False,False,False,,,,,,False,,,False,0,,149422715055.86133,149422715055.86133,55.402817533671644,100000,False,True,max_steps,phase76_handoff,"{""burn_a"": 18, ""burn_b_timing_wait"": 96, ""coast_arc"": 1, ""corridor_burn_1"": 18, ""phase76_handoff"": 99867}","{""insertion_window"": 99526, ""intercept_possible_poor_alignment"": 13, ""no_intercept_possible"": 461}",0.020408163265306076,1.0113915897285253,-0.1426785900258876,-1.1670139977536058,1.0131402970419807,0.9989156829324619,1.374876627303795,False,0,18,18,1,0,1,1,1,1,1,0,True,0.0,705902,0,,0.0,96,-127.43333249000247,0.36,18,radius_vr_vt_corridor,"{""angular_momentum_error_ratio"": 0.2578415599813004, ""energy_error_ratio"": 0.8494704621631978, ""r_error_ratio"": -0.01999946891827474, ""vr_ratio"": 0.4928335804732481, ""vt_error_ratio"": 0.28351110033878657}","{""angular_momentum_error_ratio"": -0.01999675486358565, ""energy_error_ratio"": -0.040802133059134695, ""r_error_ratio"": -0.01999675469150143, ""vr_ratio"": 0.002726829956526203, ""vt_error_ratio"": -1.755956037348273e-10}",7.999863731342246,False,phase26_vt_aware_scoring,,-0.12518223472029347,-1.1704090623899293,1.0117648879750398e-10,0.9989399675367201,1.0117648879750398e-10,D_1x_recoverable,4,unknown,7.999863731342246,9.003913086660615,0.28351110033878657,-1.755956037348273e-10,0.283511100163191,-0.022705286554869974,,,,,,,,,,,,,,,,False
phase26_vt_aware_scoring,1.0,150.0,10000.0,1.0,True,True,True,True,-6.276680836972505,-4026.540150778171,-0.0014919024394221608,-0.9570671553015822,-547.65234375,False,0.7674440072415927,0.02644763969103196,False,1,413,80.015625,399.2158203125,22.040497429913927,630,True,False,success,phase76_handoff,"{""phase76_handoff"": 413}","{""handoff_ready"": 211, ""insertion_window"": 251, ""intercept_possible_poor_alignment"": 168}",0.0,1.0644565350620334e-10,-0.13397459621556124,-5.3222465417905946e-11,0.6430051106494269,0.6187930017814905,1.000000000000006,False,0,0,0,0,0,1,0,0,0,0,413,True,0.6555555555555556,0,0,,0.0,,,,,radius_vr_vt_corridor,{},"{""angular_momentum_error_ratio"": -5.3222465417905946e-11, ""energy_error_ratio"": -1.0644565350620334e-10, ""r_error_ratio"": -5.322877604166667e-11, ""vr_ratio"": 2.957004284280792e-11, ""vt_error_ratio"": 6.269148389781775e-15}",2.758531474618212,True,phase26_vt_aware_scoring,,-0.1339745962155612,6.269148389781775e-15,0.1339745962155612,0.6187930028131363,0.1339745962155612,D_1x_recoverable,4,outside_3x,2.758531474618212,3.9131082488733675,,6.269148389781775e-15,,,3.8282686212063286,2.758531474618212,2.758531474618212,C_3x,1,outside_3x,,413,,,-0.9570671553015822,,,,,False
phase26_vt_aware_scoring,1.02,150.0,10000.0,1.0,False,False,False,False,,,,,,False,,,False,0,,150000208001.97266,170233753030.82324,2014.8353784766816,100000,False,True,max_steps,coast_arc,"{""burn_a"": 18, ""coast_arc"": 99982}","{""intercept_possible_poor_alignment"": 100000}",0.01960784313725499,0.5260135675057651,-0.12535721577320472,-0.5422358781238094,0.5259671295358843,0.5421962744625494,0.970206527515042,False,0,18,0,99982,0,1,0,0,0,0,0,False,0.0,,0,,0.0,,,,,radius_vr_vt_corridor,{},"{""angular_momentum_error_ratio"": -0.5422358781238094, ""energy_error_ratio"": -0.5260135675057651, ""r_error_ratio"": 0.0226978337374431, ""vr_ratio"": 0.4787990375207128, ""vt_error_ratio"": -0.5523955299648045}",25.53942098359567,False,phase26_vt_aware_scoring,,-0.14250707428745554,-0.5523955299648045,0.14250707428745554,0.5517661537920886,0.14250707428745554,D_1x_recoverable,4,unknown,25.53942098359567,25.615534383720796,,-0.5523955299648045,,,,,,,,,,,,,,,,,,False
phase26_vt_aware_scoring,1.05,150.0,10000.0,1.0,False,False,False,False,,,,,,False,,,False,0,,375000204863.0635,394424709804.75195,1932.326912783091,100000,False,True,max_steps,coast_arc,"{""burn_a"": 24, ""coast_arc"": 99976}","{""intercept_possible_poor_alignment"": 100000}",0.04761904761904765,0.688989201875164,-0.11258803253505753,-0.9833255016508394,0.6889255822599637,0.9832166586220563,0.945613346805704,False,0,24,0,99976,0,1,0,0,0,0,0,False,0.0,,0,,0.0,,,,,radius_vr_vt_corridor,{},"{""angular_momentum_error_ratio"": -0.9833255016508394, ""energy_error_ratio"": -0.688989201875164, ""r_error_ratio"": 0.05258996130730026, ""vr_ratio"": 0.45916769375605515, ""vt_error_ratio"": -0.984158600250708}",30.891819060499373,False,phase26_vt_aware_scoring,,-0.1548457452714833,-0.984158600250708,0.1548457452714833,0.9840354545583666,0.1548457452714833,D_1x_recoverable,4,unknown,30.891819060499373,31.137209960475968,,-0.984158600250708,,,,,,,,,,,,,,,,,,False
phase26_vt_aware_scoring,0.98,165.0,10000.0,1.0,False,False,False,False,,,,,,False,,,False,0,,149434486607.14453,149434486607.14453,55.40281753534573,100000,False,True,max_steps,phase76_handoff,"{""burn_a"": 18, ""burn_b_timing_wait"": 96, ""coast_arc"": 1, ""corridor_burn_1"": 18, ""phase76_handoff"": 99867}","{""insertion_window"": 99526, ""intercept_possible_poor_alignment"": 13, ""no_intercept_possible"": 461}",0.020408163265306076,1.011394857896589,-0.04378221735089306,-1.1670137296071148,1.0132415823755836,0.9990222858741157,1.407866913416998,False,0,18,18,1,0,1,1,1,1,1,0,True,0.0,1363699,0,,0.0,96,-150.95934185340462,0.36,18,radius_vr_vt_corridor,"{""angular_momentum_error_ratio"": 0.35687019721921753, ""energy_error_ratio"": 0.9412734620470542, ""r_error_ratio"": -0.019999725092979037, ""vr_ratio"": 0.2551077222901433, ""vt_error_ratio"": 0.38456103734047686}","{""angular_momentum_error_ratio"": -0.019998324403775383, ""energy_error_ratio"": -0.0408054003947181, ""r_error_ratio"": -0.0199983242316763, ""vr_ratio"": 0.0027270429277891214, ""vt_error_ratio"": -1.7561095233950572e-10}",8.000491637705279,False,phase26_vt_aware_scoring,,-0.02426756872540107,-1.1704090616934295,2.420583046553948e-11,0.9990502798855753,2.420583046553948e-11,D_1x_recoverable,4,unknown,8.000491637705279,8.991702517076144,0.38456103734047686,-1.7561095233950572e-10,0.3845610371648659,-0.022712692974003024,,,,,,,,,,,,,,,,False
phase26_vt_aware_scoring,1.0,165.0,10000.0,1.0,True,True,True,True,-8.88966729674766,-3994.6531548940916,-0.0021129824297496515,-0.9494879445402064,-488.6103515625,False,0.7621259346130128,0.026098185272395925,False,1,243,206.97265625,277.3115234375,17.30631244279581,460,True,False,success,phase76_handoff,"{""phase76_handoff"": 243}","{""handoff_ready"": 211, ""insertion_window"": 148, ""intercept_possible_poor_alignment"": 101}",2.104654818683916e-16,7.393778657325719e-11,-0.034074173710931875,-3.6968672685193056e-11,0.5219687416576904,0.504706529929417,1.0000000000000058,False,0,0,0,0,0,1,0,0,0,0,243,True,0.5282608695652173,0,0,,0.0,,,,,radius_vr_vt_corridor,{},"{""angular_momentum_error_ratio"": -3.6968672685193056e-11, ""energy_error_ratio"": -7.393778657325719e-11, ""r_error_ratio"": -3.697486979166667e-11, ""vr_ratio"": 2.0540116825669266e-11, ""vt_error_ratio"": 6.269148389781775e-15}",2.8017542840775818,True,phase26_vt_aware_scoring,,-0.034074173710931834,6.269148389781775e-15,0.034074173710931834,0.5047065303409712,0.034074173710931834,D_1x_recoverable,4,outside_3x,2.8017542840775818,3.899255423179114,,6.269148389781775e-15,,,3.7979517781608254,2.8017542840775818,2.8017542840775818,C_3x,1,outside_3x,,243,,,-0.9494879445402064,,,,,False
phase26_vt_aware_scoring,1.02,165.0,10000.0,1.0,False,False,False,False,,,,,,False,,,False,0,,150000107669.6914,160441587470.6494,1036.6874215977077,100000,False,True,max_steps,coast_arc,"{""burn_a"": 18, ""coast_arc"": 99982}","{""intercept_possible_poor_alignment"": 100000}",0.019607843137254777,0.5984167021628569,-0.024462734730208335,-0.44147204670352974,0.5983633829346504,0.44143243075425637,0.9681341043581951,False,0,18,0,99982,0,1,0,0,0,0,0,False,0.0,,0,,0.0,,,,,radius_vr_vt_corridor,{},"{""angular_momentum_error_ratio"": -0.44147204670352974, ""energy_error_ratio"": -0.5984167021628569, ""r_error_ratio"": 0.021392211662753256, ""vr_ratio"": 0.24631657695691084, ""vt_error_ratio"": -0.4531699508583222}",14.953091824434882,False,phase26_vt_aware_scoring,,-0.04359091640216505,-0.4531699508583222,0.04359091640216505,0.4527590275667719,0.04359091640216505,D_1x_recoverable,4,unknown,14.953091824434882,15.028026929355047,,-0.4531699508583222,,,,,,,,,,,,,,,,,,False
phase26_vt_aware_scoring,1.05,165.0,10000.0,1.0,False,False,False,False,,,,,,False,,,False,0,,375000106044.8506,385004623547.50195,990.4416383030277,100000,False,True,max_steps,coast_arc,"{""burn_a"": 24, ""coast_arc"": 99976}","{""intercept_possible_poor_alignment"": 100000}",0.04761904761904765,0.8342172773759577,-0.010220561444707415,-0.8812168819651444,0.834135488220382,0.8811080071639357,0.9424168952861584,False,0,24,0,99976,0,1,0,0,0,0,0,False,0.0,,0,,0.0,,,,,radius_vr_vt_corridor,{},"{""angular_momentum_error_ratio"": -0.8812168819651444, ""energy_error_ratio"": -0.8342172773759577, ""r_error_ratio"": 0.051333949806333594, ""vr_ratio"": 0.23529262884747273, ""vt_error_ratio"": -0.8870167580370282}",23.56207068556549,False,phase26_vt_aware_scoring,,-0.05735291566162611,-0.8870167580370282,0.05735291566162611,0.8868415814505126,0.05735291566162611,D_1x_recoverable,4,unknown,23.56207068556549,23.764622050615234,,-0.8870167580370282,,,,,,,,,,,,,,,,,,False
phase26_vt_aware_scoring,0.98,170.0,10000.0,1.0,False,False,False,False,,,,,,False,,,False,0,,149438621883.58008,149438621883.58008,55.40281753593549,100000,False,True,max_steps,phase76_handoff,"{""burn_a"": 18, ""burn_b_timing_wait"": 96, ""coast_arc"": 1, ""corridor_burn_1"": 18, ""phase76_handoff"": 99867}","{""insertion_window"": 99526, ""intercept_possible_poor_alignment"": 13, ""no_intercept_possible"": 461}",0.020408163265306496,1.0113960059873413,-0.025090063551973553,-1.1670136354082896,1.013261214942182,0.9990433356345,1.4140588231546323,False,0,18,18,1,0,1,1,1,1,1,0,True,0.0,1396933,0,,0.0,96,-159.6679220775403,0.36,18,radius_vr_vt_corridor,"{""angular_momentum_error_ratio"": 0.3755891011590561, ""energy_error_ratio"": 0.9587463929105391, ""r_error_ratio"": -0.019999815558097916, ""vr_ratio"": 0.17115808320313208, ""vt_error_ratio"": 0.40366208394382785}","{""angular_momentum_error_ratio"": -0.019998875773989767, ""energy_error_ratio"": -0.04080654819153525, ""r_error_ratio"": -0.019998875601886196, ""vr_ratio"": 0.0027271179949225743, ""vt_error_ratio"": -1.7561570824518074e-10}",8.000712217723,False,phase26_vt_aware_scoring,,-0.005193942399973061,-1.1704090614481952,6.8846058196338e-12,0.9990720932210794,6.8846058196338e-12,D_1x_recoverable,4,unknown,8.000712217723,8.988001320396334,0.40366208394382785,-1.7561570824518074e-10,0.40366208376821217,-0.022714204704057217,,,,,,,,,,,,,,,,False
phase26_vt_aware_scoring,1.0,170.0,10000.0,1.0,True,True,True,True,-627.8014830847948,-3075.3016548794985,-0.1492219516037754,-0.7309675543558039,-43366.4140625,False,0.7638403911913622,0.018126425876468198,False,1,3843,15013.0810546875,48971.787109375,233.64182222797018,4059,True,False,success,phase76_handoff,"{""phase76_handoff"": 3843}","{""handoff_ready"": 212, ""insertion_window"": 1791, ""intercept_possible_poor_alignment"": 2056}",2.104654818683916e-16,1.3059133116941239e-08,-0.015192246987791962,-6.529566633759087e-09,0.9258990373606751,0.919683014238784,1.000000000000005,False,0,0,0,0,0,1,0,0,0,0,3843,True,0.9467849223946785,0,0,,0.0,,,,,radius_vr_vt_corridor,{},"{""angular_momentum_error_ratio"": -6.529566633759087e-09, ""energy_error_ratio"": -1.3059133116941239e-08, ""r_error_ratio"": -6.5295716145833335e-09, ""vr_ratio"": 3.6275379392718474e-09, ""vt_error_ratio"": 4.972083205688995e-15}",2.7329392774020005,True,phase26_vt_aware_scoring,,-0.015192246987791968,4.972083205688995e-15,0.015192246987791968,0.9196830167914988,0.015192246987791968,D_1x_recoverable,4,A_3x,2.7329392774020005,5.534468659676986,,4.972083205688995e-15,,,7.4610975801887705,2.7329392774020005,2.7329392774020005,C_3x,1,outside_3x,,3843,,,-0.7309675543558039,,,,,False
phase26_vt_aware_scoring,1.02,170.0,10000.0,1.0,False,False,False,False,,,,,,False,,,False,0,,150000072238.28223,156982010040.14062,690.9551264900366,100000,False,True,max_steps,coast_arc,"{""burn_a"": 18, ""coast_arc"": 99982}","{""intercept_possible_poor_alignment"": 100000}",0.01960784313725499,0.6120028652346886,-0.005392923511594131,-0.42242841375953827,0.6119482547325864,0.422388795352401,0.9677447593910704,False,0,18,0,99982,0,1,0,0,0,0,0,False,0.0,,0,,0.0,,,,,radius_vr_vt_corridor,{},"{""angular_momentum_error_ratio"": -0.42242841375953827, ""energy_error_ratio"": -0.6120028652346886, ""r_error_ratio"": 0.02093093467201875, ""vr_ratio"": 0.16414235461975824, ""vt_error_ratio"": -0.4342696781677884}",11.70170779288859,False,phase26_vt_aware_scoring,,-0.02489502305058251,-0.4342696781677884,0.02489502305058251,0.43397368747765497,0.02489502305058251,D_1x_recoverable,4,unknown,11.70170779288859,11.785753648356453,,-0.4342696781677884,,,,,,,,,,,,,,,,,,False
phase26_vt_aware_scoring,1.05,170.0,10000.0,1.0,False,False,False,False,,,,,,False,,,False,0,,375000071148.1328,381678095048.9453,657.8331856588024,100000,False,True,max_steps,coast_arc,"{""burn_a"": 24, ""coast_arc"": 99976}","{""intercept_possible_poor_alignment"": 100000}",0.047619047619047436,0.8614744017992496,0.009127655905139585,-0.8619205445269049,0.8613892022927113,0.8618118459216247,0.9418158667040529,False,0,24,0,99976,0,1,0,0,0,0,0,False,0.0,,0,,0.0,,,,,radius_vr_vt_corridor,{},"{""angular_momentum_error_ratio"": -0.8619205445269049, ""energy_error_ratio"": -0.8614744017992496, ""r_error_ratio"": 0.050890412673192706, ""vr_ratio"": 0.15623551827277804, ""vt_error_ratio"": -0.8686071793900403}",21.702524960613893,False,phase26_vt_aware_scoring,,-0.03892604199510515,-0.8686071793900403,0.03892604199510515,0.8684480792003694,0.03892604199510515,D_1x_recoverable,4,unknown,21.702524960613893,21.960446269043867,,-0.8686071793900403,,,,,,,,,,,,,,,,,,False
phase26_vt_aware_scoring,0.98,175.0,10000.0,1.0,False,False,False,False,,,,,,False,,,False,0,,149442814725.9629,149442814725.9629,55.40281753653374,100000,False,True,max_steps,phase76_handoff,"{""burn_a"": 18, ""burn_b_timing_wait"": 96, ""coast_arc"": 1, ""corridor_burn_1"": 18, ""phase76_handoff"": 99867}","{""insertion_window"": 99526, ""intercept_possible_poor_alignment"": 13, ""no_intercept_possible"": 461}",0.020408163265306287,1.0113971700616593,-0.013817563036137981,-1.1670135398980672,1.0132734954866047,0.9990561702225139,1.4177865926601643,False,0,18,18,1,0,1,1,1,1,1,0,True,0.0,1396973,0,,0.0,96,-169.62997869712737,0.36,18,radius_vr_vt_corridor,"{""angular_momentum_error_ratio"": 0.38687809406636253, ""energy_error_ratio"": 0.9693026785416283, ""r_error_ratio"": -0.019999907426742056, ""vr_ratio"": 0.08590614404718938, ""vt_error_ratio"": 0.41518159495754253}","{""angular_momentum_error_ratio"": -0.01999943481965006, ""energy_error_ratio"": -0.04080771196763495, ""r_error_ratio"": -0.019999434647541666, ""vr_ratio"": 0.002727194131224022, ""vt_error_ratio"": -1.7562068032838643e-10}",8.00093586838412,False,phase26_vt_aware_scoring,,0.006308609146798016,-1.170409061199461,6.840721780905328e-12,0.9990853607549002,6.840721780905328e-12,D_1x_recoverable,4,unknown,8.00093586838412,8.985147218692676,0.41518159495754253,-1.7562068032838643e-10,0.41518159478192185,-0.022715149226364972,,,,,,,,,,,,,,,,False
phase26_vt_aware_scoring,1.0,175.0,10000.0,1.0,True,True,True,True,-75.56244302967407,-3051.944929061562,-0.017960415068522723,-0.7254159010011462,-4019.8388671875,False,0.6018852194191227,0.016617452634956786,False,1,44,1625.736328125,2204.3291015625,8.84814968539807,260,True,False,success,phase76_handoff,"{""phase76_handoff"": 44}","{""handoff_ready"": 212, ""insertion_window"": 27, ""intercept_possible_poor_alignment"": 21}",2.104654818683916e-16,5.878098861721584e-10,-0.0038053019082545138,-2.9390490934242894e-10,0.172384283833011,0.1599501633935743,1.0000000000000058,False,0,0,0,0,0,1,0,0,0,0,44,True,0.16923076923076924,0,0,,0.0,,,,,radius_vr_vt_corridor,{},"{""angular_momentum_error_ratio"": -2.9390490934242894e-10, ""energy_error_ratio"": -5.878098861721584e-10, ""r_error_ratio"": -2.93910546875e-10, ""vr_ratio"": 1.6328221597544475e-10, ""vt_error_ratio"": 5.620615797735385e-15}",2.904398433002142,True,phase26_vt_aware_scoring,,-0.003805301908254529,5.620615797735385e-15,0.003805301908254529,0.15995016322518452,0.003805301908254529,D_1x_recoverable,4,A_3x,2.904398433002142,3.7817957781456966,,5.620615797735385e-15,,,2.9016636040045847,2.904398433002142,2.904398433002142,C_3x,1,C_3x,,44,,,-0.7254159010011462,,,,,False
phase26_vt_aware_scoring,1.02,175.0,10000.0,1.0,False,False,False,False,,,,,,False,,,False,0,,150000036257.10254,153467813905.25684,339.6743835014483,100000,False,True,max_steps,coast_arc,"{""burn_a"": 18, ""coast_arc"": 99982}","{""intercept_possible_poor_alignment"": 100000}",0.019607843137254777,0.6201809395377146,0.006107327294770394,-0.4109440743069493,0.6201255517614975,0.41090457655646745,0.9675103243982137,False,0,18,0,99982,0,1,0,0,0,0,0,False,0.0,,0,,0.0,,,,,radius_vr_vt_corridor,{},"{""angular_momentum_error_ratio"": -0.4109440743069493, ""energy_error_ratio"": -0.6201809395377146, ""r_error_ratio"": 0.020462375187367578, ""vr_ratio"": 0.08064824304715694, ""vt_error_ratio"": -0.422755860464827}",9.086941654372925,False,phase26_vt_aware_scoring,,-0.013620267358068197,-0.422755860464827,0.013620267358068197,0.4225871420101784,0.013620267358068197,D_1x_recoverable,4,unknown,9.086941654372925,9.238320276463098,,-0.422755860464827,,,,,,,,,,,,,,,,,,False
phase26_vt_aware_scoring,1.05,175.0,10000.0,1.0,False,False,False,False,,,,,,False,,,False,0,,375000035709.94434,378299802772.33594,320.0328212813924,100000,False,True,max_steps,coast_arc,"{""burn_a"": 24, ""coast_arc"": 99976}","{""intercept_possible_poor_alignment"": 100000}",0.04761904761904765,0.8778826423135261,0.020795802465610375,-0.8502839455188016,0.8777953898093113,0.8501754764207773,0.9414538917187043,False,0,24,0,99976,0,1,0,0,0,0,0,False,0.0,,0,,0.0,,,,,radius_vr_vt_corridor,{},"{""angular_momentum_error_ratio"": -0.8502839455188016, ""energy_error_ratio"": -0.8778826423135261, ""r_error_ratio"": 0.050439973702978126, ""vr_ratio"": 0.0759441490257062, ""vt_error_ratio"": -0.8574730034754635}",20.446843289290705,False,phase26_vt_aware_scoring,,-0.02781352146132346,-0.8574730034754635,0.02781352146132346,0.8573397623292858,0.02781352146132346,D_1x_recoverable,4,unknown,20.446843289290705,20.753606029845802,,-0.8574730034754635,,,,,,,,,,,,,,,,,,False
phase26_vt_aware_scoring,0.98,150.0,12000.0,1.0,False,False,False,False,,,,,,False,,,False,0,,149311887564.20898,149311887564.20898,66.4884777983829,100000,False,True,max_steps,phase76_handoff,"{""burn_a"": 18, ""burn_b_timing_wait"": 96, ""coast_arc"": 1, ""corridor_burn_1"": 18, ""phase76_handoff"": 99867}","{""insertion_window"": 99905, ""no_intercept_possible"": 95}",0.020408163265306076,1.0010069324942263,-0.1426785900258876,-0.8063054877684716,1.0014568546322284,0.9990059405607054,1.4506621815840994,False,0,18,18,1,0,1,1,1,1,1,0,True,0.0,705902,0,,0.0,96,-134.6012612148022,0.36,18,radius_vr_vt_corridor,"{""angular_momentum_error_ratio"": 0.3379465809556838, ""energy_error_ratio"": 1.0636054842326585, ""r_error_ratio"": -0.01999947035152435, ""vr_ratio"": 0.49041895876721375, ""vt_error_ratio"": 0.36525087535983536}","{""angular_momentum_error_ratio"": -0.019996776544566008, ""energy_error_ratio"": -0.04080217819973336, ""r_error_ratio"": -0.01999677640116094, ""vr_ratio"": 0.002726831825765911, ""vt_error_ratio"": -1.4633121905132597e-10}",7.999872415537604,False,phase26_vt_aware_scoring,,-0.12518223472029347,-0.8023710407085844,1.424449955822533e-10,0.9990321955044441,1.424449955822533e-10,D_1x_recoverable,4,unknown,7.999872415537604,9.014057335759007,0.36525087535983536,-1.4633121905132597e-10,0.36525087521350413,-0.027246464870086085,,,,,,,,,,,,,,,,False
phase26_vt_aware_scoring,1.0,150.0,12000.0,1.0,True,True,True,True,-80.49851164523518,-3051.369756909111,-0.019133667779626447,-0.7252791884998071,-3681.29296875,False,0.6031837526262365,0.014364654403677601,False,3,114,148.345703125,755.0380859375,26.347138132160573,326,True,False,success,phase76_handoff,"{""phase76_handoff"": 114}","{""handoff_ready"": 209, ""insertion_window"": 68, ""intercept_possible_poor_alignment"": 49}",0.0,2.0133359507560395e-10,-0.13397459621556124,-1.0066672571051816e-10,0.34060435774997916,0.3252353379979766,1.0000000000000049,False,0,0,0,0,0,1,0,0,0,0,114,True,0.3496932515337423,0,0,,0.0,,,,,radius_vr_vt_corridor,{},"{""angular_momentum_error_ratio"": -1.0066672571051816e-10, ""energy_error_ratio"": -2.0133359507560395e-10, ""r_error_ratio"": -1.0067174479166667e-10, ""vr_ratio"": 5.592751671841635e-11, ""vt_error_ratio"": 4.972083205688995e-15}",2.7872261916056575,True,phase26_vt_aware_scoring,,-0.1339745962155612,4.972083205688995e-15,0.1339745962155612,0.32523533842449015,0.1339745962155612,D_1x_recoverable,4,A_3x,2.7872261916056575,4.179003662073797,,4.972083205688995e-15,,,2.9011167539992284,2.7872261916056575,2.7872261916056575,C_3x,1,C_3x,,114,,,-0.7252791884998071,,,,,False
phase26_vt_aware_scoring,1.02,150.0,12000.0,1.0,False,False,False,False,,,,,,False,,,False,0,,150000207945.22168,170126484326.28125,2003.3783570709747,100000,False,True,max_steps,coast_arc,"{""burn_a"": 18, ""coast_arc"": 99982}","{""intercept_possible_poor_alignment"": 100000}",0.01960784313725499,0.5949826592357413,-0.12535721577320472,-0.6256125947607882,0.5949318710010427,0.6255650702431684,0.966233028349279,False,0,18,0,99982,0,1,0,0,0,0,0,False,0.0,,0,,0.0,,,,,radius_vr_vt_corridor,{},"{""angular_momentum_error_ratio"": -0.6256125947607882, ""energy_error_ratio"": -0.5949826592357413, ""r_error_ratio"": 0.022683531243504168, ""vr_ratio"": 0.47606672265565325, ""vt_error_ratio"": -0.633916657693719}",25.457956413695403,False,phase26_vt_aware_scoring,,-0.14250707428745554,-0.633916657693719,0.14250707428745554,0.6333896948988794,0.14250707428745554,D_1x_recoverable,4,unknown,25.457956413695403,25.525302544442162,,-0.633916657693719,,,,,,,,,,,,,,,,,,False
phase26_vt_aware_scoring,1.05,150.0,12000.0,1.0,False,False,False,False,,,,,,False,,,False,0,,375000204777.94336,394233377317.86523,1913.4274862819768,100000,False,True,max_steps,coast_arc,"{""burn_a"": 24, ""coast_arc"": 99976}","{""intercept_possible_poor_alignment"": 100000}",0.04761904761904765,0.671004746308642,-0.11258803253505753,-1.1574769648215892,0.6709554765172211,1.1573463525313261,0.9395914607338702,False,0,24,0,99976,0,1,0,0,0,0,0,False,0.0,,0,,0.0,,,,,radius_vr_vt_corridor,{},"{""angular_momentum_error_ratio"": -1.1574769648215892, ""energy_error_ratio"": -0.671004746308642, ""r_error_ratio"": 0.052564450309048695, ""vr_ratio"": 0.45467843721044, ""vt_error_ratio"": -1.1496126577097976}",30.81113287234357,False,phase26_vt_aware_scoring,,-0.1548457452714833,-1.1496126577097976,0.1548457452714833,1.1496704889694922,0.1548457452714833,D_1x_recoverable,4,unknown,30.81113287234357,31.05675197696593,,-1.1496126577097976,,,,,,,,,,,,,,,,,,False
phase26_vt_aware_scoring,0.98,165.0,12000.0,1.0,False,False,False,False,,,,,,False,,,False,0,,149323574131.62012,149323574131.62012,66.4884777960041,100000,False,True,max_steps,phase76_handoff,"{""burn_a"": 18, ""burn_b_timing_wait"": 96, ""coast_arc"": 1, ""corridor_burn_1"": 18, ""phase76_handoff"": 99867}","{""insertion_window"": 99905, ""no_intercept_possible"": 95}",0.020408163265306076,1.001010170190833,-0.04378221735089306,-0.8063057791602325,1.001578665683642,0.9991142591999487,1.4881393694525158,False,0,18,18,1,0,1,1,1,1,1,0,True,0.0,1363699,0,,0.0,96,-151.07993897490076,0.36,18,radius_vr_vt_corridor,"{""angular_momentum_error_ratio"": 0.437000946805927, ""energy_error_ratio"": 1.1737429976678926, ""r_error_ratio"": -0.019999725835098438, ""vr_ratio"": 0.25385749662898655, ""vt_error_ratio"": 0.46632708652092403}","{""angular_momentum_error_ratio"": -0.019998334753601806, ""energy_error_ratio"": -0.04080542194146549, ""r_error_ratio"": -0.019998334610185547, ""vr_ratio"": 0.002727044308690881, ""vt_error_ratio"": -1.463428926379828e-10}",8.0004957896827,False,phase26_vt_aware_scoring,,-0.02426756872540107,-0.8023710238168129,1.1389615852530983e-10,0.9991440038205993,1.1389615852530983e-10,D_1x_recoverable,4,unknown,8.0004957896827,9.001952258934999,0.46632708652092403,-1.463428926379828e-10,0.46632708637458115,-0.02725526732863437,,,,,,,,,,,,,,,,False
phase26_vt_aware_scoring,1.0,165.0,12000.0,1.0,True,True,True,True,-29.385295636110204,-3791.606204635221,-0.0069845823583089784,-0.9012257740911267,-579.7763671875,False,0.7293621181801756,0.02031839432766244,False,2,105,135.919921875,502.3330078125,21.192783332264064,318,True,False,success,phase76_handoff,"{""phase76_handoff"": 105}","{""handoff_ready"": 209, ""insertion_window"": 63, ""intercept_possible_poor_alignment"": 46}",2.104654818683916e-16,1.3396506758790487e-10,-0.034074173710931875,6.698273464708606e-11,0.3259054175294539,0.3132262829276735,1.0000000000000049,False,0,0,0,0,0,1,0,0,0,0,105,True,0.330188679245283,0,0,,0.0,,,,,radius_vr_vt_corridor,{},"{""angular_momentum_error_ratio"": 6.698273464708606e-11, ""energy_error_ratio"": 1.3396506758790487e-10, ""r_error_ratio"": 6.6977734375e-11, ""vr_ratio"": -3.7211082884886824e-11, ""vt_error_ratio"": 4.972083205688995e-15}",2.776776976070846,True,phase26_vt_aware_scoring,,-0.034074173710931834,4.972083205688995e-15,0.034074173710931834,0.3132262831941476,0.034074173710931834,D_1x_recoverable,4,outside_3x,2.776776976070846,4.005637607192157,,4.972083205688995e-15,,,3.604903096364507,2.776776976070846,2.776776976070846,C_3x,1,outside_3x,,105,,,-0.9012257740911267,,,,,False
phase26_vt_aware_scoring,1.02,165.0,12000.0,1.0,False,False,False,False,,,,,,False,,,False,0,,150000107640.30566,160380456647.33496,1029.6655733346424,100000,False,True,max_steps,coast_arc,"{""burn_a"": 18, ""coast_arc"": 99982}","{""intercept_possible_poor_alignment"": 100000}",0.019607843137254777,0.681889445443471,-0.024462734730208335,-0.5248741722115695,0.6818303967699995,0.5248266330392679,0.9637353295947576,False,0,18,0,99982,0,1,0,0,0,0,0,False,0.0,,0,,0.0,,,,,radius_vr_vt_corridor,{},"{""angular_momentum_error_ratio"": -0.5248741722115695, ""energy_error_ratio"": -0.681889445443471, ""r_error_ratio"": 0.02138406088631133, ""vr_ratio"": 0.2446362099797887, ""vt_error_ratio"": -0.5348215759543598}",14.945134983837804,False,phase26_vt_aware_scoring,,-0.04359091640216505,-0.5348215759543598,0.04359091640216505,0.5344603977271037,0.04359091640216505,D_1x_recoverable,4,unknown,14.945134983837804,15.010320702522362,,-0.5348215759543598,,,,,,,,,,,,,,,,,,False
phase26_vt_aware_scoring,1.05,165.0,12000.0,1.0,False,False,False,False,,,,,,False,,,False,0,,375000106000.7754,384903140850.61426,980.1854391913504,100000,False,True,max_steps,coast_arc,"{""burn_a"": 24, ""coast_arc"": 99976}","{""intercept_possible_poor_alignment"": 100000}",0.04761904761904765,0.8453702873813108,-0.010220561444707415,-1.055417207463039,0.8452991988716839,1.0552865575263188,0.9357297215169665,False,0,24,0,99976,0,1,0,0,0,0,0,False,0.0,,0,,0.0,,,,,radius_vr_vt_corridor,{},"{""angular_momentum_error_ratio"": -1.055417207463039, ""energy_error_ratio"": -0.8453702873813108, ""r_error_ratio"": 0.0513204187800819, ""vr_ratio"": 0.2328535007118405, ""vt_error_ratio"": -1.0527120052774617}",23.561988596416803,False,phase26_vt_aware_scoring,,-0.05735291566162611,-1.0527120052774617,0.05735291566162611,1.052620587859163,0.05735291566162611,D_1x_recoverable,4,unknown,23.561988596416803,23.810486012197636,,-1.0527120052774617,,,,,,,,,,,,,,,,,,False
phase26_vt_aware_scoring,0.98,170.0,12000.0,1.0,False,False,False,False,,,,,,False,,,False,0,,149327682452.12012,149327682452.12012,66.48847779516785,100000,False,True,max_steps,phase76_handoff,"{""burn_a"": 18, ""burn_b_timing_wait"": 96, ""coast_arc"": 1, ""corridor_burn_1"": 18, ""phase76_handoff"": 99867}","{""insertion_window"": 99905, ""no_intercept_possible"": 95}",0.020408163265306496,1.001011308379902,-0.025090063551973553,-0.8063058815965695,1.0016020661229608,0.999135346503026,1.4951659464547258,False,0,18,18,1,0,1,1,1,1,1,0,True,0.0,2032565,0,,0.0,96,-159.76094638976411,0.36,18,radius_vr_vt_corridor,"{""angular_momentum_error_ratio"": 0.45572505453876455, ""energy_error_ratio"": 1.1947052440680126, ""r_error_ratio"": -0.019999816056021746, ""vr_ratio"": 0.17031926563540006, ""vt_error_ratio"": 0.4854334503083941}","{""angular_momentum_error_ratio"": -0.01999888252968425, ""energy_error_ratio"": -0.040806562255687975, ""r_error_ratio"": -0.019998882386264193, ""vr_ratio"": 0.002727119005389829, ""vt_error_ratio"": -1.463467838335351e-10}",8.000714931941115,False,phase26_vt_aware_scoring,,-0.005193942399973061,-0.8023710178784924,1.1567292164998626e-10,0.999165869862452,1.1567292164998626e-10,D_1x_recoverable,4,unknown,8.000714931941115,8.998291967325777,0.4854334503083941,-1.463467838335351e-10,0.4854334501620473,-0.02725706318889143,,,,,,,,,,,,,,,,False
phase26_vt_aware_scoring,1.0,170.0,12000.0,1.0,True,True,True,True,-30.099257367256808,-2552.5823086070577,-0.007154283714171683,-0.6067225452351612,-1052.3896484375,False,0.49396317678545365,0.010598707260321274,False,6,1010,10.53125,67.607421875,14.814055285645287,1222,True,False,success,phase76_handoff,"{""phase76_handoff"": 1010}","{""handoff_ready"": 209, ""insertion_window"": 560, ""intercept_possible_poor_alignment"": 453}",2.104654818683916e-16,1.8038365054494238e-11,-0.015192246987791962,9.019278608507897e-12,0.7941505641062065,0.769303524146656,1.0000000000000049,False,0,0,0,0,0,1,0,0,0,0,1010,True,0.8265139116202946,0,0,,0.0,,,,,radius_vr_vt_corridor,{},"{""angular_momentum_error_ratio"": 9.019278608507897e-12, ""energy_error_ratio"": 1.8038365054494238e-11, ""r_error_ratio"": 9.014322916666667e-12, ""vr_ratio"": -5.009178944711364e-12, ""vt_error_ratio"": 4.972083205688995e-15}",2.448169600872736,True,phase26_vt_aware_scoring,,-0.015192246987791968,4.972083205688995e-15,0.015192246987791968,0.7693035258300145,0.015192246987791968,D_1x_recoverable,4,A_3x,2.448169600872736,3.7446400113331864,,4.972083205688995e-15,,,2.426890180940645,2.448169600872736,2.448169600872736,C_3x,1,C_3x,,1010,,,-0.6067225452351612,,,,,False
phase26_vt_aware_scoring,1.02,170.0,12000.0,1.0,False,False,False,False,,,,,,False,,,False,0,,150000072218.56543,156937486231.89258,685.5597949833151,100000,False,True,max_steps,coast_arc,"{""burn_a"": 18, ""coast_arc"": 99982}","{""intercept_possible_poor_alignment"": 100000}",0.01960784313725499,0.6981974715878331,-0.005392923511594131,-0.5058356298554714,0.6981368727963326,0.5057880877520339,0.963265962265492,False,0,18,0,99982,0,1,0,0,0,0,0,False,0.0,,0,,0.0,,,,,radius_vr_vt_corridor,{},"{""angular_momentum_error_ratio"": -0.5058356298554714, ""energy_error_ratio"": -0.6981974715878331, ""r_error_ratio"": 0.020924998164252345, ""vr_ratio"": 0.16284815999858207, ""vt_error_ratio"": -0.5159640805807512}",11.701670996723127,False,phase26_vt_aware_scoring,,-0.02489502305058251,-0.5159640805807512,0.02489502305058251,0.5156989677340675,0.02489502305058251,D_1x_recoverable,4,unknown,11.701670996723127,11.80057242059,,-0.5159640805807512,,,,,,,,,,,,,,,,,,False
phase26_vt_aware_scoring,1.05,170.0,12000.0,1.0,False,False,False,False,,,,,,False,,,False,0,,375000071118.5596,381608948690.8535,650.7459705683316,100000,False,True,max_steps,coast_arc,"{""burn_a"": 24, ""coast_arc"": 99976}","{""intercept_possible_poor_alignment"": 100000}",0.047619047619047436,0.8780972997267489,0.009127655905139585,-1.0361306609375238,0.8780221157248826,1.0360001860219383,0.9350032816756486,False,0,24,0,99976,0,1,0,0,0,0,0,False,0.0,,0,,0.0,,,,,radius_vr_vt_corridor,{},"{""angular_momentum_error_ratio"": -1.0361306609375238, ""energy_error_ratio"": -0.8780972997267489, ""r_error_ratio"": 0.050881193158780466, ""vr_ratio"": 0.15454881222905803, ""vt_error_ratio"": -1.03438129940162}",21.702513343785302,False,phase26_vt_aware_scoring,,-0.03892604199510515,-1.03438129940162,0.03892604199510515,1.0342712089509773,0.03892604199510515,D_1x_recoverable,4,unknown,21.702513343785302,22.04401535012979,,-1.03438129940162,,,,,,,,,,,,,,,,,,False
phase26_vt_aware_scoring,0.98,175.0,12000.0,1.0,False,False,False,False,,,,,,False,,,False,0,,149331849427.80664,149331849427.80664,66.48847779431966,100000,False,True,max_steps,phase76_handoff,"{""burn_a"": 18, ""burn_b_timing_wait"": 96, ""coast_arc"": 1, ""corridor_burn_1"": 18, ""phase76_handoff"": 99867}","{""insertion_window"": 99905, ""no_intercept_possible"": 95}",0.020408163265306287,1.0010124628204589,-0.013817563036137981,-0.8063059854955821,1.0016166181575978,0.9991482422151117,1.4993951176966982,False,0,18,18,1,0,1,1,1,1,1,0,True,0.0,4049661,0,,0.0,96,-169.68133043080726,0.36,18,radius_vr_vt_corridor,"{""angular_momentum_error_ratio"": 0.46701725610973716, ""energy_error_ratio"": 1.2073695747161735, ""r_error_ratio"": -0.019999907676642448, ""vr_ratio"": 0.08548518143904044, ""vt_error_ratio"": 0.4969562427609291}","{""angular_momentum_error_ratio"": -0.019999438126460527, ""energy_error_ratio"": -0.04080771885166495, ""r_error_ratio"": -0.019999437983036588, ""vr_ratio"": 0.002727194768546687, ""vt_error_ratio"": -1.4635089120661805e-10}",8.0009372029314,False,phase26_vt_aware_scoring,,0.006308609146798016,-0.8023710118555611,1.170601328643735e-10,0.9991791550111428,1.170601328643735e-10,D_1x_recoverable,4,unknown,8.0009372029314,8.995478095675491,0.4969562427609291,-1.4635089120661805e-10,0.4969562426145782,-0.027258184572627686,,,,,,,,,,,,,,,,False
phase26_vt_aware_scoring,1.0,175.0,12000.0,1.0,True,True,True,True,-67.92548656141525,-2582.702318568411,-0.016145189110617915,-0.6138817616273774,-5157.419921875,False,0.5104796369222995,0.010969941268989187,False,1,43,1216.3447265625,2626.7353515625,7.257112147984378,255,True,False,success,phase76_handoff,"{""phase76_handoff"": 43}","{""handoff_ready"": 209, ""insertion_window"": 26, ""intercept_possible_poor_alignment"": 20}",2.104654818683916e-16,7.004529062574584e-10,-0.0038053019082545138,-3.5022646825758274e-10,0.16585029829326867,0.15445766656619989,1.0000000000000049,False,0,0,0,0,0,1,0,0,0,0,43,True,0.16862745098039217,0,0,,0.0,,,,,radius_vr_vt_corridor,{},"{""angular_momentum_error_ratio"": -3.5022646825758274e-10, ""energy_error_ratio"": -7.004529062574584e-10, ""r_error_ratio"": -3.5023138020833333e-10, ""vr_ratio"": 1.9457174060883696e-10, ""vt_error_ratio"": 4.972083205688995e-15}",2.5842628567746577,True,phase26_vt_aware_scoring,,-0.003805301908254529,4.972083205688995e-15,0.003805301908254529,0.1544576663384708,0.003805301908254529,D_1x_recoverable,4,A_3x,2.5842628567746577,3.7120208840039144,,4.972083205688995e-15,,,2.4555270465095096,2.5842628567746577,2.5842628567746577,C_3x,1,C_3x,,43,,,-0.6138817616273774,,,,,False
phase26_vt_aware_scoring,1.02,175.0,12000.0,1.0,False,False,False,False,,,,,,False,,,False,0,,150000036247.20605,153440302747.25977,335.9593860876791,100000,False,True,max_steps,coast_arc,"{""burn_a"": 18, ""coast_arc"": 99982}","{""intercept_possible_poor_alignment"": 100000}",0.019607843137254777,0.7080140146639551,0.006107327294770394,-0.4943543840493252,0.7079524827799724,0.49430696231574167,0.9629833240498897,False,0,18,0,99982,0,1,0,0,0,0,0,False,0.0,,0,,0.0,,,,,radius_vr_vt_corridor,{},"{""angular_momentum_error_ratio"": -0.4943543840493252, ""energy_error_ratio"": -0.7080140146639551, ""r_error_ratio"": 0.020458707032967968, ""vr_ratio"": 0.07975317778584266, ""vt_error_ratio"": -0.50449184032065}",9.08684706703187,False,phase26_vt_aware_scoring,,-0.013620267358068197,-0.50449184032065,0.013620267358068197,0.5043347435151139,0.013620267358068197,D_1x_recoverable,4,unknown,9.08684706703187,9.288759002485973,,-0.50449184032065,,,,,,,,,,,,,,,,,,False
phase26_vt_aware_scoring,1.05,175.0,12000.0,1.0,False,False,False,False,,,,,,False,,,False,0,,375000035695.10156,378263780650.0596,316.2190925781402,100000,False,True,max_steps,coast_arc,"{""burn_a"": 24, ""coast_arc"": 99976}","{""intercept_possible_poor_alignment"": 100000}",0.04761904761904765,0.8977985573807181,0.020795802465610375,-1.0245000139379012,0.89772090788909,1.0243697678174712,0.9345657275839377,False,0,24,0,99976,0,1,0,0,0,0,0,False,0.0,,0,,0.0,,,,,radius_vr_vt_corridor,{},"{""angular_momentum_error_ratio"": -1.0245000139379012, ""energy_error_ratio"": -0.8977985573807181, ""r_error_ratio"": 0.05043517075334127, ""vr_ratio"": 0.0750350249097049, ""vt_error_ratio"": -1.0233236801470864}",20.446833376035027,False,phase26_vt_aware_scoring,,-0.02781352146132346,-1.0233236801470864,0.02781352146132346,1.0232040199121624,0.02781352146132346,D_1x_recoverable,4,unknown,20.446833376035027,20.864603983081555,,-1.0233236801470864,,,,,,,,,,,,,,,,,,False
phase27_predicted_cross_vt_targeting,0.98,150.0,8000.0,1.0,False,False,False,False,,,,,,False,,,False,0,,149526396998.16406,149526396998.16406,44.32466747900661,100000,False,True,max_steps,phase76_handoff,"{""burn_a"": 18, ""burn_b_timing_wait"": 128, ""coast_arc"": 1, ""phase76_handoff"": 99837, ""sync_burn_early"": 16}","{""insertion_window"": 99637, ""no_intercept_possible"": 363}",0.020408163265306076,1.022408336311559,-0.1426785900258876,-1.1316949621853927,1.022600469308051,0.9985864896464954,1.2998219393460562,False,0,18,16,1,0,1,1,1,1,1,0,True,0.0,705902,0,,0.0,128,-119.9289964092957,0.34,16,predicted_cross_vt_targeting,"{""angular_momentum_error_ratio"": 0.17773686532523883, ""energy_error_ratio"": 0.6487217985732481, ""r_error_ratio"": -0.01999946748038763, ""vr_ratio"": 0.49525942384523597, ""vt_error_ratio"": 0.20177165852883766}","{""angular_momentum_error_ratio"": -0.01999576033234306, ""energy_error_ratio"": -0.04080163270695986, ""r_error_ratio"": -0.01999583429936966, ""vr_ratio"": 0.002422391302281616, ""vt_error_ratio"": 7.54762368977209e-08}",7.999250674775089,False,phase27_predicted_cross_vt_targeting,predicted_cross_vt_targeting,-0.12518223472029347,-1.1343739559838804,7.533758062954138e-08,0.9986169603673928,7.533758062954138e-08,D_1x_recoverable,4,unknown,7.999250674775089,8.989312014945654,0.20177165852883766,7.54762368977209e-08,0.20177158305260076,-0.018164144537293675,,7.974741506151614,7.974741506151614,outside_3x,0,unknown,719895,,,0.177336733708044,,25.589085632810303,16,0,"{""burn_b_timing_wait"": 128, ""sync_burn_early"": 16}",False
phase27_predicted_cross_vt_targeting,1.0,150.0,8000.0,1.0,True,True,True,True,-25.192574395203952,-3281.9890635371144,-0.005988015668111895,-0.7800950243010297,-1460.0703125,False,0.6312616384372342,0.022897899677950195,False,1,631,473.6396484375,1334.857421875,19.644712995676638,852,True,False,success,phase76_handoff,"{""phase76_handoff"": 631}","{""handoff_ready"": 216, ""insertion_window"": 382, ""intercept_possible_poor_alignment"": 254}",0.0,3.55947010158653e-10,-0.13397459621556124,-1.7797318008717732e-10,0.730935153977333,0.7067683357255949,1.0000000000000073,False,0,0,0,0,0,1,0,0,0,0,631,True,0.7406103286384976,0,0,,0.0,,,,,predicted_cross_vt_targeting,{},"{""angular_momentum_error_ratio"": -1.7797318008717732e-10, ""energy_error_ratio"": -3.55947010158653e-10, ""r_error_ratio"": -1.7798098958333334e-10, ""vr_ratio"": 9.887642214050619e-11, ""vt_error_ratio"": 7.782391104556687e-15}",2.977871114143954,True,phase27_predicted_cross_vt_targeting,predicted_cross_vt_targeting,-0.1339745962155612,7.782391104556687e-15,0.1339745962155612,0.7067683366816189,0.1339745962155612,D_1x_recoverable,4,outside_3x,2.977871114143954,3.923702403810297,,7.782391104556687e-15,,,3.120380097204119,2.947441621382349,2.947441621382349,C_3x,1,outside_3x,,631,,,-0.7800950243010297,,0,0,{},False
phase27_predicted_cross_vt_targeting,1.02,150.0,8000.0,1.0,False,False,False,False,,,,,,False,,,False,0,,150000208058.7246,170343025558.44434,2026.6388578588494,100000,False,True,max_steps,coast_arc,"{""burn_a"": 18, ""coast_arc"": 99982}","{""intercept_possible_poor_alignment"": 100000}",0.01960784313725499,0.44365947118547316,-0.12535721577320472,-0.4588594855455239,0.44361905538495505,0.4588278026998162,0.9741850063012878,False,0,18,0,99982,0,1,0,0,0,0,0,False,0.0,,0,,0.0,,,,,predicted_cross_vt_targeting,{},"{""angular_momentum_error_ratio"": -0.4588594855455239, ""energy_error_ratio"": -0.44365947118547316, ""r_error_ratio"": 0.022712403407792577, ""vr_ratio"": 0.4816155237530073, ""vt_error_ratio"": -0.47087713745199994}",25.625866564702612,False,phase27_predicted_cross_vt_targeting,predicted_cross_vt_targeting,-0.14250707428745554,-0.47087713745199994,0.14250707428745554,0.47014409611061375,0.14250707428745554,D_1x_recoverable,4,unknown,25.625866564702612,25.712477866227964,,-0.47087713745199994,,,,24.08077810141662,24.08077810141662,outside_3x,0,unknown,,,,,,,0,0,{},False
phase27_predicted_cross_vt_targeting,1.05,150.0,8000.0,1.0,False,False,False,False,,,,,,False,,,False,0,,375000204948.18164,394624067795.2461,1952.6134973316935,100000,False,True,max_steps,coast_arc,"{""burn_a"": 24, ""coast_arc"": 99976}","{""intercept_possible_poor_alignment"": 100000}",0.04761904761904765,0.6518721252678656,-0.11258803253505753,-0.8091753282905207,0.6518032612188849,0.809088254310838,0.9516473510587419,False,0,24,0,99976,0,1,0,0,0,0,0,False,0.0,,0,,0.0,,,,,predicted_cross_vt_targeting,{},"{""angular_momentum_error_ratio"": -0.8091753282905207, ""energy_error_ratio"": -0.6518721252678656, ""r_error_ratio"": 0.05261654237269948, ""vr_ratio"": 0.46399395715910136, ""vt_error_ratio"": -0.8187139722511465}",30.989889093950367,False,phase27_predicted_cross_vt_targeting,predicted_cross_vt_targeting,-0.1548457452714833,-0.8187139722511465,0.1548457452714833,0.8184057488767749,0.1548457452714833,D_1x_recoverable,4,unknown,30.989889093950367,31.240380516038975,,-0.8187139722511465,,,,23.199700301768594,24.39750182371332,outside_3x,0,unknown,,,,,,,0,0,{},False
phase27_predicted_cross_vt_targeting,0.98,165.0,8000.0,1.0,False,False,False,False,,,,,,False,,,False,0,,149541520996.9336,149541520996.9336,44.324667692513344,100000,False,True,max_steps,phase76_handoff,"{""burn_a"": 18, ""burn_b_timing_wait"": 128, ""coast_arc"": 1, ""phase76_handoff"": 99837, ""sync_burn_early"": 16}","{""insertion_window"": 99637, ""no_intercept_possible"": 363}",0.020408163265306076,1.022412615926113,-0.04378221735089306,-1.1316943709414737,1.022705841860554,0.9987226987553474,1.3277791329177384,False,0,18,16,1,0,1,1,1,1,1,0,True,0.0,1363699,0,,0.0,128,-149.9296337594467,0.34,16,predicted_cross_vt_targeting,"{""angular_momentum_error_ratio"": 0.2767395354455463, ""energy_error_ratio"": 0.7221816433682448, ""r_error_ratio"": -0.01999972434845573, ""vr_ratio"": 0.25636376674700956, ""vt_error_ratio"": 0.302795077885787}","{""angular_momentum_error_ratio"": -0.019997812775381058, ""energy_error_ratio"": -0.040805986254695246, ""r_error_ratio"": -0.019997850830561718, ""vr_ratio"": 0.002405628973555425, ""vt_error_ratio"": 3.883173182496976e-08}",8.000044550121315,False,phase27_predicted_cross_vt_targeting,predicted_cross_vt_targeting,-0.02426756872540107,-1.1343736291936737,3.8694034952671416e-08,0.9987579513350874,3.8694034952671416e-08,D_1x_recoverable,4,unknown,8.000044550121315,8.973632060747288,0.302795077885787,3.883173182496976e-08,0.3027950390540552,-0.01817012841329607,,7.975548119424635,7.975548119424635,outside_3x,0,unknown,1390738,,,0.27414578591340294,,15.38433282104017,16,0,"{""burn_b_timing_wait"": 128, ""sync_burn_early"": 16}",False
phase27_predicted_cross_vt_targeting,1.0,165.0,8000.0,1.0,True,True,True,True,-88.06929902399378,-3143.494158607936,-0.020933166025926386,-0.7471762106990555,-2645.9189453125,False,0.6228607681431453,0.021398883100412866,False,1,182,2175.0126953125,2201.5400390625,24.039640678408468,403,True,False,success,phase76_handoff,"{""phase76_handoff"": 182}","{""handoff_ready"": 216, ""insertion_window"": 109, ""intercept_possible_poor_alignment"": 78}",2.104654818683916e-16,5.870625232460438e-10,-0.034074173710931875,-2.935310709686659e-10,0.4505343981162966,0.4324346135808888,1.0000000000000073,False,0,0,0,0,0,1,0,0,0,0,182,True,0.45161290322580644,1,0,,0.0,,,,,predicted_cross_vt_targeting,{},"{""angular_momentum_error_ratio"": -2.935310709686659e-10, ""energy_error_ratio"": -5.870625232460438e-10, ""r_error_ratio"": -2.93538671875e-10, ""vr_ratio"": 1.6307517218458297e-10, ""vt_error_ratio"": 7.566213573874556e-15}",3.1567937662689762,True,phase27_predicted_cross_vt_targeting,predicted_cross_vt_targeting,-0.034074173710931834,7.566213573874556e-15,0.034074173710931834,0.43243461389999965,0.034074173710931834,D_1x_recoverable,4,A_3x,3.1567937662689762,4.001961768532698,,7.566213573874556e-15,,,2.988704842796222,2.9819871996756193,2.9819871996756193,C_3x,1,C_3x,,182,,,-0.7471762106990555,,0,0,{},False
phase27_predicted_cross_vt_targeting,1.02,165.0,8000.0,1.0,False,False,False,False,,,,,,False,,,False,0,,150000107699.07715,160504502316.9912,1044.0342145911768,100000,False,True,max_steps,coast_arc,"{""burn_a"": 18, ""coast_arc"": 99982}","{""intercept_possible_poor_alignment"": 100000}",0.019607843137254777,0.5015665861185644,-0.024462734730208335,-0.3580700078271545,0.5015206672753344,0.3580383150899955,0.9725342061045669,False,0,18,0,99982,0,1,0,0,0,0,0,False,0.0,,0,,0.0,,,,,predicted_cross_vt_targeting,{},"{""angular_momentum_error_ratio"": -0.3580700078271545, ""energy_error_ratio"": -0.5015665861185644, ""r_error_ratio"": 0.02140060030893216, ""vr_ratio"": 0.24807601008717187, ""vt_error_ratio"": -0.3715198601031878}",14.968683117592679,False,phase27_predicted_cross_vt_targeting,predicted_cross_vt_targeting,-0.04359091640216505,-0.3715198601031878,0.04359091640216505,0.37105841247513477,0.04359091640216505,D_1x_recoverable,4,unknown,14.968683117592679,15.054932241378934,,-0.3715198601031878,,,,12.403802108195135,12.403802108195135,outside_3x,0,unknown,,,,,,,0,0,{},False
phase27_predicted_cross_vt_targeting,1.05,165.0,8000.0,1.0,False,False,False,False,,,,,,False,,,False,0,,375000106088.9248,385113246594.83887,1001.998143845107,100000,False,True,max_steps,coast_arc,"{""burn_a"": 24, ""coast_arc"": 99976}","{""intercept_possible_poor_alignment"": 100000}",0.04761904761904765,0.7679929840763221,-0.010220561444707415,-0.7070169013260886,0.7679095772321304,0.7069298016036287,0.9491073110340807,False,0,24,0,99976,0,1,0,0,0,0,0,False,0.0,,0,,0.0,,,,,predicted_cross_vt_targeting,{},"{""angular_momentum_error_ratio"": -0.7070169013260886, ""energy_error_ratio"": -0.7679929840763221, ""r_error_ratio"": 0.05134843287931185, ""vr_ratio"": 0.23804814966292265, ""vt_error_ratio"": -0.7213263562190099}",23.56209253144189,False,phase27_predicted_cross_vt_targeting,predicted_cross_vt_targeting,-0.05735291566162611,-0.7213263562190099,0.05735291566162611,0.7210651192603043,0.05735291566162611,D_1x_recoverable,4,unknown,23.56209253144189,23.74220717368254,,-0.7213263562190099,,,,20.0,20.0,outside_3x,0,unknown,,,,,,,0,0,{},False
phase27_predicted_cross_vt_targeting,0.98,170.0,8000.0,1.0,False,False,False,False,,,,,,False,,,False,0,,149546827454.69922,149546827454.69922,44.32466772041659,100000,False,True,max_steps,phase76_handoff,"{""burn_a"": 18, ""burn_b_timing_wait"": 128, ""coast_arc"": 1, ""phase76_handoff"": 99837, ""sync_burn_early"": 16}","{""insertion_window"": 99637, ""no_intercept_possible"": 363}",0.020408163265306496,1.0224140997463904,-0.025090063551973553,-1.1316942338414062,1.0227263873708365,0.9987495374336904,1.3330339359186443,False,0,18,16,1,0,1,1,1,1,1,0,True,0.0,2032565,0,,0.0,128,-159.87056676896546,0.34,16,predicted_cross_vt_targeting,"{""angular_momentum_error_ratio"": 0.29545318743911425, ""energy_error_ratio"": 0.7361635128216514, ""r_error_ratio"": -0.019999815058560286, ""vr_ratio"": 0.17200080752843205, ""vt_error_ratio"": 0.32189075812932055}","{""angular_momentum_error_ratio"": -0.019998523471296964, ""energy_error_ratio"": -0.040807476889768, ""r_error_ratio"": -0.01999855835799414, ""vr_ratio"": 0.002403388874374764, ""vt_error_ratio"": 3.559861829097816e-08}",8.000325845994787,False,phase27_predicted_cross_vt_targeting,predicted_cross_vt_targeting,-0.005193942399973061,-1.134373586311621,3.546104917960045e-08,0.9987857427244257,3.546104917960045e-08,D_1x_recoverable,4,unknown,8.000325845994787,8.968872566368988,0.32189075812932055,3.559861829097816e-08,0.3218907225307023,-0.0181713506546044,,7.975831130506197,7.975831130506197,outside_3x,0,unknown,2072866,,,0.2891996078888292,,12.695789523478695,16,0,"{""burn_b_timing_wait"": 128, ""sync_burn_early"": 16}",False
phase27_predicted_cross_vt_targeting,1.0,170.0,8000.0,1.0,True,True,True,True,-26.609700880474676,-3835.407376660934,-0.006324852049514541,-0.911636861908399,-2190.5517578125,False,0.7368993122782103,0.029925929496057102,False,1,2307,470.41796875,2058.1533203125,20.503655353634183,2529,True,False,success,phase76_handoff,"{""phase76_handoff"": 2307}","{""handoff_ready"": 216, ""insertion_window"": 1096, ""intercept_possible_poor_alignment"": 1217}",2.104654818683916e-16,5.488264172930856e-10,-0.015192246987791962,-2.744130855547726e-10,0.8975993091151757,0.8706165037730679,1.0000000000000073,False,0,0,0,0,0,1,0,0,0,0,2307,True,0.9122182680901542,0,0,,0.0,,,,,predicted_cross_vt_targeting,{},"{""angular_momentum_error_ratio"": -2.744130855547726e-10, ""energy_error_ratio"": -5.488264172930856e-10, ""r_error_ratio"": -2.744204427083333e-10, ""vr_ratio"": 1.5245390746754248e-10, ""vt_error_ratio"": 7.350036043192427e-15}",2.971756020030534,True,phase27_predicted_cross_vt_targeting,predicted_cross_vt_targeting,-0.015192246987791968,7.350036043192427e-15,0.015192246987791968,0.8706165074150813,0.015192246987791968,D_1x_recoverable,4,outside_3x,2.971756020030534,3.8351097996974852,,7.350036043192427e-15,,,3.646547447633596,2.7583422206813726,2.7583422206813726,C_3x,1,outside_3x,,2307,,,-0.911636861908399,,0,0,{},False
phase27_predicted_cross_vt_targeting,1.02,170.0,8000.0,1.0,False,False,False,False,,,,,,False,,,False,0,,150000072257.99902,157028239961.47754,696.6677659893638,100000,False,True,max_steps,coast_arc,"{""burn_a"": 18, ""coast_arc"": 99982}","{""intercept_possible_poor_alignment"": 100000}",0.01960784313725499,0.5124324209772779,-0.005392923511594131,-0.3390212365297166,0.5123854695101537,0.33898954181399565,0.9722241532219635,False,0,18,0,99982,0,1,0,0,0,0,0,False,0.0,,0,,0.0,,,,,predicted_cross_vt_targeting,{},"{""angular_momentum_error_ratio"": -0.3390212365297166, ""energy_error_ratio"": -0.5124324209772779, ""r_error_ratio"": 0.02093709866153034, ""vr_ratio"": 0.16551380303161406, ""vt_error_ratio"": -0.3525764081481217}",11.701750713617072,False,phase27_predicted_cross_vt_targeting,predicted_cross_vt_targeting,-0.02489502305058251,-0.3525764081481217,0.02489502305058251,0.3522489356405594,0.02489502305058251,D_1x_recoverable,4,unknown,11.701750713617072,11.781684589292153,,-0.3525764081481217,,,,8.304710951405522,8.304710951405522,outside_3x,0,unknown,,,,,,,0,0,{},False
phase27_predicted_cross_vt_targeting,1.05,170.0,8000.0,1.0,False,False,False,False,,,,,,False,,,False,0,,375000071177.7051,381754068109.56836,666.18989069654,100000,False,True,max_steps,coast_arc,"{""burn_a"": 24, ""coast_arc"": 99976}","{""intercept_possible_poor_alignment"": 100000}",0.047619047619047436,0.7897863012180721,0.009127655905139585,-0.6877105828689392,0.7897001681552682,0.6876236605485023,0.9486299106362504,False,0,24,0,99976,0,1,0,0,0,0,0,False,0.0,,0,,0.0,,,,,predicted_cross_vt_targeting,{},"{""angular_momentum_error_ratio"": -0.6877105828689392, ""energy_error_ratio"": -0.7897863012180721, ""r_error_ratio"": 0.05090054241460912, ""vr_ratio"": 0.15823130226096258, ""vt_error_ratio"": -0.7028363726851573}",21.702444158808806,False,phase27_predicted_cross_vt_targeting,predicted_cross_vt_targeting,-0.03892604199510515,-0.7028363726851573,0.03892604199510515,0.7026266289288824,0.03892604199510515,D_1x_recoverable,4,unknown,21.702444158808806,21.90004233258935,,-0.7028363726851573,,,,20.0,20.0,outside_3x,0,unknown,,,,,,,0,0,{},False
phase27_predicted_cross_vt_targeting,0.98,175.0,8000.0,1.0,False,False,False,False,,,,,,False,,,False,0,,149552208197.52148,149552208197.52148,44.32466774345398,100000,False,True,max_steps,phase76_handoff,"{""burn_a"": 18, ""burn_b_timing_wait"": 128, ""coast_arc"": 1, ""phase76_handoff"": 99837, ""sync_burn_early"": 16}","{""insertion_window"": 99637, ""no_intercept_possible"": 363}",0.020408163265306287,1.0224156023570923,-0.013817563036137981,-1.1316941026870373,1.0227393498673956,0.9987658690916956,1.3361986501889813,False,0,18,16,1,0,1,1,1,1,1,0,True,0.0,2807782,0,,0.0,128,-169.4369076339664,0.34,16,predicted_cross_vt_targeting,"{""angular_momentum_error_ratio"": 0.3067389421076711, ""energy_error_ratio"": 0.7446106894542571, ""r_error_ratio"": -0.01999990717603047, ""vr_ratio"": 0.08632907049245486, ""vt_error_ratio"": 0.3334069574852493}","{""angular_momentum_error_ratio"": -0.019999243673247163, ""energy_error_ratio"": -0.04080898542303811, ""r_error_ratio"": -0.019999275790154036, ""vr_ratio"": 0.002401545733110081, ""vt_error_ratio"": 3.2772329684332324e-08}",8.000611402855798,False,phase27_predicted_cross_vt_targeting,predicted_cross_vt_targeting,0.006308609146798016,-1.1343735508541817,3.263486628376711e-08,0.9988026639798956,3.263486628376711e-08,D_1x_recoverable,4,unknown,8.000611402855798,8.96519160192297,0.3334069574852493,3.2772329684332324e-08,0.3334069247129196,-0.018172115017088708,,7.97611810345724,7.97611810345724,outside_3x,0,unknown,4129949,,,0.2812964487341561,,12.644136044004709,16,0,"{""burn_b_timing_wait"": 128, ""sync_burn_early"": 16}",False
phase27_predicted_cross_vt_targeting,1.0,175.0,8000.0,1.0,True,True,True,True,-35.33209647045934,-3439.731965189568,-0.00839807571601849,-0.8175888886362344,-454.1748046875,False,0.6641488018287663,0.02482508985438676,False,1,86,265.2685546875,277.490234375,8.86631054729974,307,True,False,success,phase76_handoff,"{""phase76_handoff"": 86}","{""handoff_ready"": 215, ""insertion_window"": 52, ""intercept_possible_poor_alignment"": 40}",2.104654818683916e-16,7.398261572089514e-11,-0.0038053019082545138,-3.6991364129378737e-11,0.2861142806458803,0.2677516417374583,1.0000000000000073,False,0,0,0,0,0,1,0,0,0,0,86,True,0.28013029315960913,1,0,,0.0,,,,,predicted_cross_vt_targeting,{},"{""angular_momentum_error_ratio"": -3.6991364129378737e-11, ""energy_error_ratio"": -7.398261572089514e-11, ""r_error_ratio"": -3.6998697916666665e-11, ""vr_ratio"": 2.055292407109975e-11, ""vt_error_ratio"": 7.350036043192427e-15}",2.9569801506190814,True,phase27_predicted_cross_vt_targeting,predicted_cross_vt_targeting,-0.003805301908254529,7.350036043192427e-15,0.003805301908254529,0.2677516418490506,0.003805301908254529,D_1x_recoverable,4,outside_3x,2.9569801506190814,3.773876976166162,,7.350036043192427e-15,,,3.2703555545449374,2.1196812417826454,2.1196812417826454,C_3x,1,outside_3x,,86,,,-0.8175888886362344,,0,0,{},False
phase27_predicted_cross_vt_targeting,1.02,175.0,8000.0,1.0,False,False,False,False,,,,,,False,,,False,0,,150000036266.99902,153496951935.50977,343.6989150753124,100000,False,True,max_steps,coast_arc,"{""burn_a"": 18, ""coast_arc"": 99982}","{""intercept_possible_poor_alignment"": 100000}",0.019607843137254777,0.5189729724889153,0.006107327294770394,-0.32753377425067104,0.5189253994462651,0.327502200482083,0.9720374749698517,False,0,18,0,99982,0,1,0,0,0,0,0,False,0.0,,0,,0.0,,,,,predicted_cross_vt_targeting,{},"{""angular_momentum_error_ratio"": -0.32753377425067104, ""energy_error_ratio"": -0.5189729724889153, ""r_error_ratio"": 0.02046626025806797, ""vr_ratio"": 0.08161871712335189, ""vt_error_ratio"": -0.34102061779164794}",9.086850509347325,False,phase27_predicted_cross_vt_targeting,predicted_cross_vt_targeting,-0.013620267358068197,-0.34102061779164794,0.013620267358068197,0.3408398556022708,0.013620267358068197,D_1x_recoverable,4,unknown,9.086850509347325,9.200248967409705,,-0.34102061779164794,,,,8.0,8.0,outside_3x,0,unknown,,,,,,,0,0,{},False
phase27_predicted_cross_vt_targeting,1.05,175.0,8000.0,1.0,False,False,False,False,,,,,,False,,,False,0,,375000035724.7881,378342332637.4072,325.08467696479426,100000,False,True,max_steps,coast_arc,"{""burn_a"": 24, ""coast_arc"": 99976}","{""intercept_possible_poor_alignment"": 100000}",0.04761904761904765,0.8029052688622864,0.020795802465610375,-0.6760679156965376,0.8028174946721713,0.6759812236145738,0.9483424233034455,False,0,24,0,99976,0,1,0,0,0,0,0,False,0.0,,0,,0.0,,,,,predicted_cross_vt_targeting,{},"{""angular_momentum_error_ratio"": -0.6760679156965376, ""energy_error_ratio"": -0.8029052688622864, ""r_error_ratio"": 0.050445644351654294, ""vr_ratio"": 0.07715490634276088, ""vt_error_ratio"": -0.6916241349133331}",20.446890754374035,False,phase27_predicted_cross_vt_targeting,predicted_cross_vt_targeting,-0.02781352146132346,-0.6916241349133331,0.02781352146132346,0.691476371368052,0.02781352146132346,D_1x_recoverable,4,unknown,20.446890754374035,20.665000669607032,,-0.6916241349133331,,,,20.0,20.0,outside_3x,0,unknown,,,,,,,0,0,{},False
phase27_predicted_cross_vt_targeting,0.98,150.0,10000.0,1.0,False,False,False,False,,,,,,False,,,False,0,,149416218126.3994,149416218126.3994,55.396241585202155,100000,False,True,max_steps,phase76_handoff,"{""burn_a"": 18, ""burn_b_timing_wait"": 128, ""coast_arc"": 1, ""phase76_handoff"": 99837, ""sync_burn_early"": 16}","{""insertion_window"": 99526, ""intercept_possible_poor_alignment"": 13, ""no_intercept_possible"": 461}",0.020408163265306076,1.0129454412662093,-0.1426785900258876,-1.1630019419475977,1.0131062198337495,0.9986985680176388,1.374876627303795,False,0,18,16,1,0,1,1,1,1,1,0,True,0.0,705902,0,,0.0,128,-129.99980241397145,0.34,16,predicted_cross_vt_targeting,"{""angular_momentum_error_ratio"": 0.2578415599813004, ""energy_error_ratio"": 0.8494704621631978, ""r_error_ratio"": -0.01999946891827474, ""vr_ratio"": 0.4928335804732481, ""vt_error_ratio"": 0.28351110033878657}","{""angular_momentum_error_ratio"": -0.019995866125077928, ""energy_error_ratio"": -0.040801958879035045, ""r_error_ratio"": -0.01999586597384505, ""vr_ratio"": 0.0023997977229248063, ""vt_error_ratio"": -1.543185464549693e-10}",7.999246318524849,False,phase27_predicted_cross_vt_targeting,predicted_cross_vt_targeting,-0.12518223472029347,-1.1663153024147115,1.0784491708645565e-10,0.9987315513197178,1.0784491708645565e-10,D_1x_recoverable,4,unknown,7.999246318524849,9.009071304169547,0.28351110033878657,-1.543185464549693e-10,0.283511100184468,-0.022705286554869974,,7.968865122237031,7.968865122237031,outside_3x,0,unknown,723439,,,0.25719987993548726,,25.87946274152828,16,0,"{""burn_b_timing_wait"": 128, ""sync_burn_early"": 16}",False
phase27_predicted_cross_vt_targeting,1.0,150.0,10000.0,1.0,True,True,True,True,-6.276680836972505,-4026.540150778171,-0.0014919024394221608,-0.9570671553015822,-547.65234375,False,0.7674440072415927,0.02644763969103196,False,1,413,80.015625,399.2158203125,22.040497429913927,630,True,False,success,phase76_handoff,"{""phase76_handoff"": 413}","{""handoff_ready"": 211, ""insertion_window"": 251, ""intercept_possible_poor_alignment"": 168}",0.0,1.0644565350620334e-10,-0.13397459621556124,-5.3222465417905946e-11,0.6430051106494269,0.6187930017814905,1.000000000000006,False,0,0,0,0,0,1,0,0,0,0,413,True,0.6555555555555556,0,0,,0.0,,,,,predicted_cross_vt_targeting,{},"{""angular_momentum_error_ratio"": -5.3222465417905946e-11, ""energy_error_ratio"": -1.0644565350620334e-10, ""r_error_ratio"": -5.322877604166667e-11, ""vr_ratio"": 2.957004284280792e-11, ""vt_error_ratio"": 6.269148389781775e-15}",2.758531474618212,True,phase27_predicted_cross_vt_targeting,predicted_cross_vt_targeting,-0.1339745962155612,6.269148389781775e-15,0.1339745962155612,0.6187930028131363,0.1339745962155612,D_1x_recoverable,4,outside_3x,2.758531474618212,3.9131082488733675,,6.269148389781775e-15,,,3.8282686212063286,2.6852791219384198,2.6852791219384198,C_3x,1,outside_3x,,413,,,-0.9570671553015822,,0,0,{},False
phase27_predicted_cross_vt_targeting,1.02,150.0,10000.0,1.0,False,False,False,False,,,,,,False,,,False,0,,150000208001.97266,170233753030.82324,2014.8353784766816,100000,False,True,max_steps,coast_arc,"{""burn_a"": 18, ""coast_arc"": 99982}","{""intercept_possible_poor_alignment"": 100000}",0.01960784313725499,0.5260135675057651,-0.12535721577320472,-0.5422358781238094,0.5259671295358843,0.5421962744625494,0.970206527515042,False,0,18,0,99982,0,1,0,0,0,0,0,False,0.0,,0,,0.0,,,,,predicted_cross_vt_targeting,{},"{""angular_momentum_error_ratio"": -0.5422358781238094, ""energy_error_ratio"": -0.5260135675057651, ""r_error_ratio"": 0.0226978337374431, ""vr_ratio"": 0.4787990375207128, ""vt_error_ratio"": -0.5523955299648045}",25.53942098359567,False,phase27_predicted_cross_vt_targeting,predicted_cross_vt_targeting,-0.14250707428745554,-0.5523955299648045,0.14250707428745554,0.5517661537920886,0.14250707428745554,D_1x_recoverable,4,unknown,25.53942098359567,25.615534383720796,,-0.5523955299648045,,,,23.939954008230842,23.939954008230842,outside_3x,0,unknown,,,,,,,0,0,{},False
phase27_predicted_cross_vt_targeting,1.05,150.0,10000.0,1.0,False,False,False,False,,,,,,False,,,False,0,,375000204863.0635,394424709804.75195,1932.326912783091,100000,False,True,max_steps,coast_arc,"{""burn_a"": 24, ""coast_arc"": 99976}","{""intercept_possible_poor_alignment"": 100000}",0.04761904761904765,0.688989201875164,-0.11258803253505753,-0.9833255016508394,0.6889255822599637,0.9832166586220563,0.945613346805704,False,0,24,0,99976,0,1,0,0,0,0,0,False,0.0,,0,,0.0,,,,,predicted_cross_vt_targeting,{},"{""angular_momentum_error_ratio"": -0.9833255016508394, ""energy_error_ratio"": -0.688989201875164, ""r_error_ratio"": 0.05258996130730026, ""vr_ratio"": 0.45916769375605515, ""vt_error_ratio"": -0.984158600250708}",30.891819060499373,False,phase27_predicted_cross_vt_targeting,predicted_cross_vt_targeting,-0.1548457452714833,-0.984158600250708,0.1548457452714833,0.9840354545583666,0.1548457452714833,D_1x_recoverable,4,unknown,30.891819060499373,31.137209960475968,,-0.984158600250708,,,,22.958387218645754,24.39750182371332,outside_3x,0,unknown,,,,,,,0,0,{},False
phase27_predicted_cross_vt_targeting,0.98,165.0,10000.0,1.0,False,False,False,False,,,,,,False,,,False,0,,149431203643.64746,149431203643.64746,55.39624158501433,100000,False,True,max_steps,phase76_handoff,"{""burn_a"": 18, ""burn_b_timing_wait"": 128, ""coast_arc"": 1, ""phase76_handoff"": 99837, ""sync_burn_early"": 16}","{""insertion_window"": 99526, ""intercept_possible_poor_alignment"": 13, ""no_intercept_possible"": 461}",0.020408163265306076,1.0129496011327233,-0.04378221735089306,-1.1630016107739791,1.0132375020119262,0.9988367864152631,1.407866913416998,False,0,18,16,1,0,1,1,1,1,1,0,True,0.0,1363699,0,,0.0,128,-153.18725819863482,0.34,16,predicted_cross_vt_targeting,"{""angular_momentum_error_ratio"": 0.35687019721921753, ""energy_error_ratio"": 0.9412734620470542, ""r_error_ratio"": -0.019999725092979037, ""vr_ratio"": 0.2551077222901433, ""vt_error_ratio"": 0.38456103734047686}","{""angular_momentum_error_ratio"": -0.019997864199338078, ""energy_error_ratio"": -0.04080611967385999, ""r_error_ratio"": -0.019997864042828255, ""vr_ratio"": 0.0023998184175958227, ""vt_error_ratio"": -1.5970352874426118e-10}",8.00004547172636,False,phase27_predicted_cross_vt_targeting,predicted_cross_vt_targeting,-0.02426756872540107,-1.1663153035736276,2.998274261795805e-11,0.998874203966824,2.998274261795805e-11,D_1x_recoverable,4,unknown,8.00004547172636,8.993546319156266,0.38456103734047686,-1.5970352874426118e-10,0.38456103718077334,-0.022712692974003024,,7.969664349823593,7.969664349823593,outside_3x,0,unknown,1397585,,,0.35317733984134475,,16.18188438921884,16,0,"{""burn_b_timing_wait"": 128, ""sync_burn_early"": 16}",False
phase27_predicted_cross_vt_targeting,1.0,165.0,10000.0,1.0,True,True,True,True,-8.88966729674766,-3994.6531548940916,-0.0021129824297496515,-0.9494879445402064,-488.6103515625,False,0.7621259346130128,0.026098185272395925,False,1,243,206.97265625,277.3115234375,17.30631244279581,460,True,False,success,phase76_handoff,"{""phase76_handoff"": 243}","{""handoff_ready"": 211, ""insertion_window"": 148, ""intercept_possible_poor_alignment"": 101}",2.104654818683916e-16,7.393778657325719e-11,-0.034074173710931875,-3.6968672685193056e-11,0.5219687416576904,0.504706529929417,1.0000000000000058,False,0,0,0,0,0,1,0,0,0,0,243,True,0.5282608695652173,0,0,,0.0,,,,,predicted_cross_vt_targeting,{},"{""angular_momentum_error_ratio"": -3.6968672685193056e-11, ""energy_error_ratio"": -7.393778657325719e-11, ""r_error_ratio"": -3.697486979166667e-11, ""vr_ratio"": 2.0540116825669266e-11, ""vt_error_ratio"": 6.269148389781775e-15}",2.8017542840775818,True,phase27_predicted_cross_vt_targeting,predicted_cross_vt_targeting,-0.034074173710931834,6.269148389781775e-15,0.034074173710931834,0.5047065303409712,0.034074173710931834,D_1x_recoverable,4,outside_3x,2.8017542840775818,3.899255423179114,,6.269148389781775e-15,,,3.7979517781608254,2.7372981307243807,2.7372981307243807,C_3x,1,outside_3x,,243,,,-0.9494879445402064,,0,0,{},False
phase27_predicted_cross_vt_targeting,1.02,165.0,10000.0,1.0,False,False,False,False,,,,,,False,,,False,0,,150000107669.6914,160441587470.6494,1036.6874215977077,100000,False,True,max_steps,coast_arc,"{""burn_a"": 18, ""coast_arc"": 99982}","{""intercept_possible_poor_alignment"": 100000}",0.019607843137254777,0.5984167021628569,-0.024462734730208335,-0.44147204670352974,0.5983633829346504,0.44143243075425637,0.9681341043581951,False,0,18,0,99982,0,1,0,0,0,0,0,False,0.0,,0,,0.0,,,,,predicted_cross_vt_targeting,{},"{""angular_momentum_error_ratio"": -0.44147204670352974, ""energy_error_ratio"": -0.5984167021628569, ""r_error_ratio"": 0.021392211662753256, ""vr_ratio"": 0.24631657695691084, ""vt_error_ratio"": -0.4531699508583222}",14.953091824434882,False,phase27_predicted_cross_vt_targeting,predicted_cross_vt_targeting,-0.04359091640216505,-0.4531699508583222,0.04359091640216505,0.4527590275667719,0.04359091640216505,D_1x_recoverable,4,unknown,14.953091824434882,15.028026929355047,,-0.4531699508583222,,,,12.315830715238205,12.315830715238205,outside_3x,0,unknown,,,,,,,0,0,{},False
phase27_predicted_cross_vt_targeting,1.05,165.0,10000.0,1.0,False,False,False,False,,,,,,False,,,False,0,,375000106044.8506,385004623547.50195,990.4416383030277,100000,False,True,max_steps,coast_arc,"{""burn_a"": 24, ""coast_arc"": 99976}","{""intercept_possible_poor_alignment"": 100000}",0.04761904761904765,0.8342172773759577,-0.010220561444707415,-0.8812168819651444,0.834135488220382,0.8811080071639357,0.9424168952861584,False,0,24,0,99976,0,1,0,0,0,0,0,False,0.0,,0,,0.0,,,,,predicted_cross_vt_targeting,{},"{""angular_momentum_error_ratio"": -0.8812168819651444, ""energy_error_ratio"": -0.8342172773759577, ""r_error_ratio"": 0.051333949806333594, ""vr_ratio"": 0.23529262884747273, ""vt_error_ratio"": -0.8870167580370282}",23.56207068556549,False,phase27_predicted_cross_vt_targeting,predicted_cross_vt_targeting,-0.05735291566162611,-0.8870167580370282,0.05735291566162611,0.8868415814505126,0.05735291566162611,D_1x_recoverable,4,unknown,23.56207068556549,23.764622050615234,,-0.8870167580370282,,,,20.0,20.0,outside_3x,0,unknown,,,,,,,0,0,{},False
phase27_predicted_cross_vt_targeting,0.98,170.0,10000.0,1.0,False,False,False,False,,,,,,False,,,False,0,,149436474802.56152,149436474802.56152,55.39624158514132,100000,False,True,max_steps,phase76_handoff,"{""burn_a"": 18, ""burn_b_timing_wait"": 128, ""coast_arc"": 1, ""phase76_handoff"": 99837, ""sync_burn_early"": 16}","{""insertion_window"": 99526, ""intercept_possible_poor_alignment"": 13, ""no_intercept_possible"": 461}",0.020408163265306496,1.0129510641273227,-0.025090063551973553,-1.1630014949904883,1.0132631311895477,0.9988638799642093,1.4140588231546323,False,0,18,16,1,0,1,1,1,1,1,0,True,0.0,1396745,0,,0.0,128,-161.34962742483927,0.34,16,predicted_cross_vt_targeting,"{""angular_momentum_error_ratio"": 0.3755891011590561, ""energy_error_ratio"": 0.9587463929105391, ""r_error_ratio"": -0.019999815558097916, ""vr_ratio"": 0.17115808320313208, ""vt_error_ratio"": 0.40366208394382785}","{""angular_momentum_error_ratio"": -0.019998567020651864, ""energy_error_ratio"": -0.04080758300326509, ""r_error_ratio"": -0.019998566863997657, ""vr_ratio"": 0.0023998739409611908, ""vt_error_ratio"": -1.598509618201864e-10}",8.000326610208527,False,phase27_predicted_cross_vt_targeting,predicted_cross_vt_targeting,-0.005193942399973061,-1.1663153047025498,3.580678147206531e-11,0.9989021864412475,3.580678147206531e-11,D_1x_recoverable,4,unknown,8.000326610208527,8.98883535287988,0.40366208394382785,-1.598509618201864e-10,0.4036620837839769,-0.022714204704057217,,7.96994547829901,7.96994547829901,outside_3x,0,unknown,2083073,,,0.3668281358120563,,13.945382795232552,16,0,"{""burn_b_timing_wait"": 128, ""sync_burn_early"": 16}",False
phase27_predicted_cross_vt_targeting,1.0,170.0,10000.0,1.0,True,True,True,True,-627.8014830847948,-3075.3016548794985,-0.1492219516037754,-0.7309675543558039,-43366.4140625,False,0.7638403911913622,0.018126425876468198,False,1,3843,15013.0810546875,48971.787109375,233.64182222797018,4059,True,False,success,phase76_handoff,"{""phase76_handoff"": 3843}","{""handoff_ready"": 212, ""insertion_window"": 1791, ""intercept_possible_poor_alignment"": 2056}",2.104654818683916e-16,1.3059133116941239e-08,-0.015192246987791962,-6.529566633759087e-09,0.9258990373606751,0.919683014238784,1.000000000000005,False,0,0,0,0,0,1,0,0,0,0,3843,True,0.9467849223946785,0,0,,0.0,,,,,predicted_cross_vt_targeting,{},"{""angular_momentum_error_ratio"": -6.529566633759087e-09, ""energy_error_ratio"": -1.3059133116941239e-08, ""r_error_ratio"": -6.5295716145833335e-09, ""vr_ratio"": 3.6275379392718474e-09, ""vt_error_ratio"": 4.972083205688995e-15}",2.7329392774020005,True,phase27_predicted_cross_vt_targeting,predicted_cross_vt_targeting,-0.015192246987791968,4.972083205688995e-15,0.015192246987791968,0.9196830167914988,0.015192246987791968,D_1x_recoverable,4,A_3x,2.7329392774020005,5.534468659676986,,4.972083205688995e-15,,,7.4610975801887705,2.684550866708462,2.684550866708462,C_3x,1,outside_3x,,3843,,,-0.7309675543558039,,0,0,{},False
phase27_predicted_cross_vt_targeting,1.02,170.0,10000.0,1.0,False,False,False,False,,,,,,False,,,False,0,,150000072238.28223,156982010040.14062,690.9551264900366,100000,False,True,max_steps,coast_arc,"{""burn_a"": 18, ""coast_arc"": 99982}","{""intercept_possible_poor_alignment"": 100000}",0.01960784313725499,0.6120028652346886,-0.005392923511594131,-0.42242841375953827,0.6119482547325864,0.422388795352401,0.9677447593910704,False,0,18,0,99982,0,1,0,0,0,0,0,False,0.0,,0,,0.0,,,,,predicted_cross_vt_targeting,{},"{""angular_momentum_error_ratio"": -0.42242841375953827, ""energy_error_ratio"": -0.6120028652346886, ""r_error_ratio"": 0.02093093467201875, ""vr_ratio"": 0.16414235461975824, ""vt_error_ratio"": -0.4342696781677884}",11.70170779288859,False,phase27_predicted_cross_vt_targeting,predicted_cross_vt_targeting,-0.02489502305058251,-0.4342696781677884,0.02489502305058251,0.43397368747765497,0.02489502305058251,D_1x_recoverable,4,unknown,11.70170779288859,11.785753648356453,,-0.4342696781677884,,,,8.261492065281601,8.261492065281601,outside_3x,0,unknown,,,,,,,0,0,{},False
phase27_predicted_cross_vt_targeting,1.05,170.0,10000.0,1.0,False,False,False,False,,,,,,False,,,False,0,,375000071148.1328,381678095048.9453,657.8331856588024,100000,False,True,max_steps,coast_arc,"{""burn_a"": 24, ""coast_arc"": 99976}","{""intercept_possible_poor_alignment"": 100000}",0.047619047619047436,0.8614744017992496,0.009127655905139585,-0.8619205445269049,0.8613892022927113,0.8618118459216247,0.9418158667040529,False,0,24,0,99976,0,1,0,0,0,0,0,False,0.0,,0,,0.0,,,,,predicted_cross_vt_targeting,{},"{""angular_momentum_error_ratio"": -0.8619205445269049, ""energy_error_ratio"": -0.8614744017992496, ""r_error_ratio"": 0.050890412673192706, ""vr_ratio"": 0.15623551827277804, ""vt_error_ratio"": -0.8686071793900403}",21.702524960613893,False,phase27_predicted_cross_vt_targeting,predicted_cross_vt_targeting,-0.03892604199510515,-0.8686071793900403,0.03892604199510515,0.8684480792003694,0.03892604199510515,D_1x_recoverable,4,unknown,21.702524960613893,21.960446269043867,,-0.8686071793900403,,,,20.0,20.0,outside_3x,0,unknown,,,,,,,0,0,{},False
phase27_predicted_cross_vt_targeting,0.98,175.0,10000.0,1.0,False,False,False,False,,,,,,False,,,False,0,,149441822845.38965,149441822845.38965,55.39624158528622,100000,False,True,max_steps,phase76_handoff,"{""burn_a"": 18, ""burn_b_timing_wait"": 128, ""coast_arc"": 1, ""phase76_handoff"": 99837, ""sync_burn_early"": 16}","{""insertion_window"": 99526, ""intercept_possible_poor_alignment"": 13, ""no_intercept_possible"": 461}",0.020408163265306287,1.0129525484427329,-0.013817563036137981,-1.163001377576987,1.0132791878489191,0.9988803718499665,1.4177865926601643,False,0,18,16,1,0,1,1,1,1,1,0,True,0.0,1396794,0,,0.0,128,-170.51841019170266,0.34,16,predicted_cross_vt_targeting,"{""angular_momentum_error_ratio"": 0.38687809406636253, ""energy_error_ratio"": 0.9693026785416283, ""r_error_ratio"": -0.019999907426742056, ""vr_ratio"": 0.08590614404718938, ""vt_error_ratio"": 0.41518159495754253}","{""angular_momentum_error_ratio"": -0.01999928009315364, ""energy_error_ratio"": -0.040809067659405604, ""r_error_ratio"": -0.01999927993637982, ""vr_ratio"": 0.002399934271666441, ""vt_error_ratio"": -1.599731021250218e-10}",8.000611852319796,False,phase27_predicted_cross_vt_targeting,predicted_cross_vt_targeting,0.006308609146798016,-1.1663153059079157,4.061716388480408e-11,0.9989191870665087,4.061716388480408e-11,D_1x_recoverable,4,unknown,8.000611852319796,8.985201436648687,0.41518159495754253,-1.599731021250218e-10,0.41518159479756944,-0.022715149226364972,,7.970230707249947,7.970230707249947,outside_3x,0,unknown,4150281,,,0.3517626972863978,,15.116283773905241,16,0,"{""burn_b_timing_wait"": 128, ""sync_burn_early"": 16}",False
phase27_predicted_cross_vt_targeting,1.0,175.0,10000.0,1.0,True,True,True,True,-75.56244302967407,-3051.944929061562,-0.017960415068522723,-0.7254159010011462,-4019.8388671875,False,0.6018852194191227,0.016617452634956786,False,1,44,1625.736328125,2204.3291015625,8.84814968539807,260,True,False,success,phase76_handoff,"{""phase76_handoff"": 44}","{""handoff_ready"": 212, ""insertion_window"": 27, ""intercept_possible_poor_alignment"": 21}",2.104654818683916e-16,5.878098861721584e-10,-0.0038053019082545138,-2.9390490934242894e-10,0.172384283833011,0.1599501633935743,1.0000000000000058,False,0,0,0,0,0,1,0,0,0,0,44,True,0.16923076923076924,0,0,,0.0,,,,,predicted_cross_vt_targeting,{},"{""angular_momentum_error_ratio"": -2.9390490934242894e-10, ""energy_error_ratio"": -5.878098861721584e-10, ""r_error_ratio"": -2.93910546875e-10, ""vr_ratio"": 1.6328221597544475e-10, ""vt_error_ratio"": 5.620615797735385e-15}",2.904398433002142,True,phase27_predicted_cross_vt_targeting,predicted_cross_vt_targeting,-0.003805301908254529,5.620615797735385e-15,0.003805301908254529,0.15995016322518452,0.003805301908254529,D_1x_recoverable,4,A_3x,2.904398433002142,3.7817957781456966,,5.620615797735385e-15,,,2.9016636040045847,2.4927317884270344,2.4927317884270344,C_3x,1,C_3x,,44,,,-0.7254159010011462,,0,0,{},False
phase27_predicted_cross_vt_targeting,1.02,175.0,10000.0,1.0,False,False,False,False,,,,,,False,,,False,0,,150000036257.10254,153467813905.25684,339.6743835014483,100000,False,True,max_steps,coast_arc,"{""burn_a"": 18, ""coast_arc"": 99982}","{""intercept_possible_poor_alignment"": 100000}",0.019607843137254777,0.6201809395377146,0.006107327294770394,-0.4109440743069493,0.6201255517614975,0.41090457655646745,0.9675103243982137,False,0,18,0,99982,0,1,0,0,0,0,0,False,0.0,,0,,0.0,,,,,predicted_cross_vt_targeting,{},"{""angular_momentum_error_ratio"": -0.4109440743069493, ""energy_error_ratio"": -0.6201809395377146, ""r_error_ratio"": 0.020462375187367578, ""vr_ratio"": 0.08064824304715694, ""vt_error_ratio"": -0.422755860464827}",9.086941654372925,False,phase27_predicted_cross_vt_targeting,predicted_cross_vt_targeting,-0.013620267358068197,-0.422755860464827,0.013620267358068197,0.4225871420101784,0.013620267358068197,D_1x_recoverable,4,unknown,9.086941654372925,9.238320276463098,,-0.422755860464827,,,,8.0,8.0,outside_3x,0,unknown,,,,,,,0,0,{},False
phase27_predicted_cross_vt_targeting,1.05,175.0,10000.0,1.0,False,False,False,False,,,,,,False,,,False,0,,375000035709.94434,378299802772.33594,320.0328212813924,100000,False,True,max_steps,coast_arc,"{""burn_a"": 24, ""coast_arc"": 99976}","{""intercept_possible_poor_alignment"": 100000}",0.04761904761904765,0.8778826423135261,0.020795802465610375,-0.8502839455188016,0.8777953898093113,0.8501754764207773,0.9414538917187043,False,0,24,0,99976,0,1,0,0,0,0,0,False,0.0,,0,,0.0,,,,,predicted_cross_vt_targeting,{},"{""angular_momentum_error_ratio"": -0.8502839455188016, ""energy_error_ratio"": -0.8778826423135261, ""r_error_ratio"": 0.050439973702978126, ""vr_ratio"": 0.0759441490257062, ""vt_error_ratio"": -0.8574730034754635}",20.446843289290705,False,phase27_predicted_cross_vt_targeting,predicted_cross_vt_targeting,-0.02781352146132346,-0.8574730034754635,0.02781352146132346,0.8573397623292858,0.02781352146132346,D_1x_recoverable,4,unknown,20.446843289290705,20.753606029845802,,-0.8574730034754635,,,,20.0,20.0,outside_3x,0,unknown,,,,,,,0,0,{},False
phase27_predicted_cross_vt_targeting,0.98,150.0,12000.0,1.0,False,False,False,False,,,,,,False,,,False,0,,149305457869.86816,149305457869.86816,66.4814535921236,100000,False,True,max_steps,phase76_handoff,"{""burn_a"": 18, ""burn_b_timing_wait"": 128, ""coast_arc"": 1, ""phase76_handoff"": 99837, ""sync_burn_early"": 16}","{""insertion_window"": 99905, ""no_intercept_possible"": 95}",0.020408163265306076,0.9984388034578082,-0.1426785900258876,-0.7992852256890887,1.001494884157935,0.99881344829408,1.4506621815840994,False,0,18,16,1,0,1,1,1,1,1,0,True,0.0,705902,0,,0.0,128,-135.69474959042458,0.34,16,predicted_cross_vt_targeting,"{""angular_momentum_error_ratio"": 0.3379465809556838, ""energy_error_ratio"": 1.0636054842326585, ""r_error_ratio"": -0.01999947035152435, ""vr_ratio"": 0.49041895876721375, ""vt_error_ratio"": 0.36525087535983536}","{""angular_momentum_error_ratio"": -0.01999589243134967, ""energy_error_ratio"": -0.04080201506047021, ""r_error_ratio"": -0.019995892298258204, ""vr_ratio"": 0.0023995061736823147, ""vt_error_ratio"": -1.3580704832512783e-10}",7.999256628461556,False,phase27_predicted_cross_vt_targeting,predicted_cross_vt_targeting,-0.12518223472029347,-0.7952083576995429,1.3580704832512783e-10,0.9988490419441757,1.3580704832512783e-10,D_1x_recoverable,4,unknown,7.999256628461556,9.019175761991159,0.36525087535983536,-1.3580704832512783e-10,0.3652508752240283,-0.027246464870086085,,7.962958104328124,7.962958104328124,outside_3x,0,unknown,727001,,,0.3370168973769277,,26.201220583911567,16,0,"{""burn_b_timing_wait"": 128, ""sync_burn_early"": 16}",False
phase27_predicted_cross_vt_targeting,1.0,150.0,12000.0,1.0,True,True,True,True,-80.49851164523518,-3051.369756909111,-0.019133667779626447,-0.7252791884998071,-3681.29296875,False,0.6031837526262365,0.014364654403677601,False,3,114,148.345703125,755.0380859375,26.347138132160573,326,True,False,success,phase76_handoff,"{""phase76_handoff"": 114}","{""handoff_ready"": 209, ""insertion_window"": 68, ""intercept_possible_poor_alignment"": 49}",0.0,2.0133359507560395e-10,-0.13397459621556124,-1.0066672571051816e-10,0.34060435774997916,0.3252353379979766,1.0000000000000049,False,0,0,0,0,0,1,0,0,0,0,114,True,0.3496932515337423,0,0,,0.0,,,,,predicted_cross_vt_targeting,{},"{""angular_momentum_error_ratio"": -1.0066672571051816e-10, ""energy_error_ratio"": -2.0133359507560395e-10, ""r_error_ratio"": -1.0067174479166667e-10, ""vr_ratio"": 5.592751671841635e-11, ""vt_error_ratio"": 4.972083205688995e-15}",2.7872261916056575,True,phase27_predicted_cross_vt_targeting,predicted_cross_vt_targeting,-0.1339745962155612,4.972083205688995e-15,0.1339745962155612,0.32523533842449015,0.1339745962155612,D_1x_recoverable,4,A_3x,2.7872261916056575,4.179003662073797,,4.972083205688995e-15,,,2.9011167539992284,2.4255486302029565,2.4255486302029565,C_3x,1,C_3x,,114,,,-0.7252791884998071,,0,0,{},False
phase27_predicted_cross_vt_targeting,1.02,150.0,12000.0,1.0,False,False,False,False,,,,,,False,,,False,0,,150000207945.22168,170126484326.28125,2003.3783570709747,100000,False,True,max_steps,coast_arc,"{""burn_a"": 18, ""coast_arc"": 99982}","{""intercept_possible_poor_alignment"": 100000}",0.01960784313725499,0.5949826592357413,-0.12535721577320472,-0.6256125947607882,0.5949318710010427,0.6255650702431684,0.966233028349279,False,0,18,0,99982,0,1,0,0,0,0,0,False,0.0,,0,,0.0,,,,,predicted_cross_vt_targeting,{},"{""angular_momentum_error_ratio"": -0.6256125947607882, ""energy_error_ratio"": -0.5949826592357413, ""r_error_ratio"": 0.022683531243504168, ""vr_ratio"": 0.47606672265565325, ""vt_error_ratio"": -0.633916657693719}",25.457956413695403,False,phase27_predicted_cross_vt_targeting,predicted_cross_vt_targeting,-0.14250707428745554,-0.633916657693719,0.14250707428745554,0.6333896948988794,0.14250707428745554,D_1x_recoverable,4,unknown,25.457956413695403,25.525302544442162,,-0.633916657693719,,,,23.803338446967135,23.803338446967135,outside_3x,0,unknown,,,,,,,0,0,{},False
phase27_predicted_cross_vt_targeting,1.05,150.0,12000.0,1.0,False,False,False,False,,,,,,False,,,False,0,,375000204777.94336,394233377317.86523,1913.4274862819768,100000,False,True,max_steps,coast_arc,"{""burn_a"": 24, ""coast_arc"": 99976}","{""intercept_possible_poor_alignment"": 100000}",0.04761904761904765,0.671004746308642,-0.11258803253505753,-1.1574769648215892,0.6709554765172211,1.1573463525313261,0.9395914607338702,False,0,24,0,99976,0,1,0,0,0,0,0,False,0.0,,0,,0.0,,,,,predicted_cross_vt_targeting,{},"{""angular_momentum_error_ratio"": -1.1574769648215892, ""energy_error_ratio"": -0.671004746308642, ""r_error_ratio"": 0.052564450309048695, ""vr_ratio"": 0.45467843721044, ""vt_error_ratio"": -1.1496126577097976}",30.81113287234357,False,phase27_predicted_cross_vt_targeting,predicted_cross_vt_targeting,-0.1548457452714833,-1.1496126577097976,0.1548457452714833,1.1496704889694922,0.1548457452714833,D_1x_recoverable,4,unknown,30.81113287234357,31.05675197696593,,-1.1496126577097976,,,,22.733924332509712,24.39750182371332,outside_3x,0,unknown,,,,,,,0,0,{},False
phase27_predicted_cross_vt_targeting,0.98,165.0,12000.0,1.0,False,False,False,False,,,,,,False,,,False,0,,149320341589.4746,149320341589.4746,66.48145361355576,100000,False,True,max_steps,phase76_handoff,"{""burn_a"": 18, ""burn_b_timing_wait"": 128, ""coast_arc"": 1, ""phase76_handoff"": 99837, ""sync_burn_early"": 16}","{""insertion_window"": 99905, ""no_intercept_possible"": 95}",0.020408163265306076,0.9984429343021829,-0.04378221735089306,-0.7992856316313918,1.0016528484407137,0.9989535502987231,1.4881393694525158,False,0,18,16,1,0,1,1,1,1,1,0,True,0.0,1363699,0,,0.0,128,-153.3014882179742,0.34,16,predicted_cross_vt_targeting,"{""angular_momentum_error_ratio"": 0.437000946805927, ""energy_error_ratio"": 1.1737429976678926, ""r_error_ratio"": -0.019999725835098438, ""vr_ratio"": 0.25385749662898655, ""vt_error_ratio"": 0.46632708652092403}","{""angular_momentum_error_ratio"": -0.019997876927334846, ""energy_error_ratio"": -0.040806146538085765, ""r_error_ratio"": -0.01999787679423034, ""vr_ratio"": 0.0023997438794197915, ""vt_error_ratio"": -1.358206675095608e-10}",8.000050515816953,False,phase27_predicted_cross_vt_targeting,predicted_cross_vt_targeting,-0.02426756872540107,-0.7952083572241979,1.358206675095608e-10,0.9989930683520988,1.358206675095608e-10,D_1x_recoverable,4,unknown,8.000050515816953,9.003784038697628,0.46632708652092403,-1.358206675095608e-10,0.46632708638510334,-0.02725526732863437,,7.963751902707708,7.963751902707708,outside_3x,0,unknown,1404468,,,0.4320222111120418,,17.03863598166129,16,0,"{""burn_b_timing_wait"": 128, ""sync_burn_early"": 16}",False
phase27_predicted_cross_vt_targeting,1.0,165.0,12000.0,1.0,True,True,True,True,-29.385295636110204,-3791.606204635221,-0.0069845823583089784,-0.9012257740911267,-579.7763671875,False,0.7293621181801756,0.02031839432766244,False,2,105,135.919921875,502.3330078125,21.192783332264064,318,True,False,success,phase76_handoff,"{""phase76_handoff"": 105}","{""handoff_ready"": 209, ""insertion_window"": 63, ""intercept_possible_poor_alignment"": 46}",2.104654818683916e-16,1.3396506758790487e-10,-0.034074173710931875,6.698273464708606e-11,0.3259054175294539,0.3132262829276735,1.0000000000000049,False,0,0,0,0,0,1,0,0,0,0,105,True,0.330188679245283,0,0,,0.0,,,,,predicted_cross_vt_targeting,{},"{""angular_momentum_error_ratio"": 6.698273464708606e-11, ""energy_error_ratio"": 1.3396506758790487e-10, ""r_error_ratio"": 6.6977734375e-11, ""vr_ratio"": -3.7211082884886824e-11, ""vt_error_ratio"": 4.972083205688995e-15}",2.776776976070846,True,phase27_predicted_cross_vt_targeting,predicted_cross_vt_targeting,-0.034074173710931834,4.972083205688995e-15,0.034074173710931834,0.3132262831941476,0.034074173710931834,D_1x_recoverable,4,outside_3x,2.776776976070846,4.005637607192157,,4.972083205688995e-15,,,3.604903096364507,2.4970818568517643,2.4970818568517643,C_3x,1,outside_3x,,105,,,-0.9012257740911267,,0,0,{},False
phase27_predicted_cross_vt_targeting,1.02,165.0,12000.0,1.0,False,False,False,False,,,,,,False,,,False,0,,150000107640.30566,160380456647.33496,1029.6655733346424,100000,False,True,max_steps,coast_arc,"{""burn_a"": 18, ""coast_arc"": 99982}","{""intercept_possible_poor_alignment"": 100000}",0.019607843137254777,0.681889445443471,-0.024462734730208335,-0.5248741722115695,0.6818303967699995,0.5248266330392679,0.9637353295947576,False,0,18,0,99982,0,1,0,0,0,0,0,False,0.0,,0,,0.0,,,,,predicted_cross_vt_targeting,{},"{""angular_momentum_error_ratio"": -0.5248741722115695, ""energy_error_ratio"": -0.681889445443471, ""r_error_ratio"": 0.02138406088631133, ""vr_ratio"": 0.2446362099797887, ""vt_error_ratio"": -0.5348215759543598}",14.945134983837804,False,phase27_predicted_cross_vt_targeting,predicted_cross_vt_targeting,-0.04359091640216505,-0.5348215759543598,0.04359091640216505,0.5344603977271037,0.04359091640216505,D_1x_recoverable,4,unknown,14.945134983837804,15.010320702522362,,-0.5348215759543598,,,,12.23181259333088,12.23181259333088,outside_3x,0,unknown,,,,,,,0,0,{},False
phase27_predicted_cross_vt_targeting,1.05,165.0,12000.0,1.0,False,False,False,False,,,,,,False,,,False,0,,375000106000.7754,384903140850.61426,980.1854391913504,100000,False,True,max_steps,coast_arc,"{""burn_a"": 24, ""coast_arc"": 99976}","{""intercept_possible_poor_alignment"": 100000}",0.04761904761904765,0.8453702873813108,-0.010220561444707415,-1.055417207463039,0.8452991988716839,1.0552865575263188,0.9357297215169665,False,0,24,0,99976,0,1,0,0,0,0,0,False,0.0,,0,,0.0,,,,,predicted_cross_vt_targeting,{},"{""angular_momentum_error_ratio"": -1.055417207463039, ""energy_error_ratio"": -0.8453702873813108, ""r_error_ratio"": 0.0513204187800819, ""vr_ratio"": 0.2328535007118405, ""vt_error_ratio"": -1.0527120052774617}",23.561988596416803,False,phase27_predicted_cross_vt_targeting,predicted_cross_vt_targeting,-0.05735291566162611,-1.0527120052774617,0.05735291566162611,1.052620587859163,0.05735291566162611,D_1x_recoverable,4,unknown,23.561988596416803,23.810486012197636,,-1.0527120052774617,,,,20.0,20.0,outside_3x,0,unknown,,,,,,,0,0,{},False
phase27_predicted_cross_vt_targeting,0.98,170.0,12000.0,1.0,False,False,False,False,,,,,,False,,,False,0,,149325580427.46094,149325580427.46094,66.48145362110881,100000,False,True,max_steps,phase76_handoff,"{""burn_a"": 18, ""burn_b_timing_wait"": 128, ""coast_arc"": 1, ""phase76_handoff"": 99837, ""sync_burn_early"": 16}","{""insertion_window"": 99905, ""no_intercept_possible"": 95}",0.020408163265306496,0.9984443882987529,-0.025090063551973553,-0.7992857745165796,1.0016833850875448,0.9989806944060019,1.4951659464547258,False,0,18,16,1,0,1,1,1,1,1,0,True,0.0,2032565,0,,0.0,128,-161.43596259684233,0.34,16,predicted_cross_vt_targeting,"{""angular_momentum_error_ratio"": 0.45572505453876455, ""energy_error_ratio"": 1.1947052440680126, ""r_error_ratio"": -0.019999816056021746, ""vr_ratio"": 0.17031926563540006, ""vt_error_ratio"": 0.4854334503083941}","{""angular_momentum_error_ratio"": -0.01999857543906623, ""energy_error_ratio"": -0.040807600757406616, ""r_error_ratio"": -0.01999857530595664, ""vr_ratio"": 0.0023998276560768025, ""vt_error_ratio"": -1.3582585577029716e-10}",8.000329951903321,False,phase27_predicted_cross_vt_targeting,predicted_cross_vt_targeting,-0.005193942399973061,-0.7952083570566856,1.358256395927665e-10,0.9990211154897438,1.358256395927665e-10,D_1x_recoverable,4,unknown,8.000329951903321,8.999124407342554,0.4854334503083941,-1.3582585577029716e-10,0.4854334501725682,-0.02725706318889143,,7.964031307400572,7.964031307400572,outside_3x,0,unknown,2093332,,,0.4440458674746783,,15.27996353101631,16,0,"{""burn_b_timing_wait"": 128, ""sync_burn_early"": 16}",False
phase27_predicted_cross_vt_targeting,1.0,170.0,12000.0,1.0,True,True,True,True,-30.099257367256808,-2552.5823086070577,-0.007154283714171683,-0.6067225452351612,-1052.3896484375,False,0.49396317678545365,0.010598707260321274,False,6,1010,10.53125,67.607421875,14.814055285645287,1222,True,False,success,phase76_handoff,"{""phase76_handoff"": 1010}","{""handoff_ready"": 209, ""insertion_window"": 560, ""intercept_possible_poor_alignment"": 453}",2.104654818683916e-16,1.8038365054494238e-11,-0.015192246987791962,9.019278608507897e-12,0.7941505641062065,0.769303524146656,1.0000000000000049,False,0,0,0,0,0,1,0,0,0,0,1010,True,0.8265139116202946,0,0,,0.0,,,,,predicted_cross_vt_targeting,{},"{""angular_momentum_error_ratio"": 9.019278608507897e-12, ""energy_error_ratio"": 1.8038365054494238e-11, ""r_error_ratio"": 9.014322916666667e-12, ""vr_ratio"": -5.009178944711364e-12, ""vt_error_ratio"": 4.972083205688995e-15}",2.448169600872736,True,phase27_predicted_cross_vt_targeting,predicted_cross_vt_targeting,-0.015192246987791968,4.972083205688995e-15,0.015192246987791968,0.7693035258300145,0.015192246987791968,D_1x_recoverable,4,A_3x,2.448169600872736,3.7446400113331864,,4.972083205688995e-15,,,2.426890180940645,2.4212164371649516,2.4212164371649516,C_3x,1,C_3x,,1010,,,-0.6067225452351612,,0,0,{},False
phase27_predicted_cross_vt_targeting,1.02,170.0,12000.0,1.0,False,False,False,False,,,,,,False,,,False,0,,150000072218.56543,156937486231.89258,685.5597949833151,100000,False,True,max_steps,coast_arc,"{""burn_a"": 18, ""coast_arc"": 99982}","{""intercept_possible_poor_alignment"": 100000}",0.01960784313725499,0.6981974715878331,-0.005392923511594131,-0.5058356298554714,0.6981368727963326,0.5057880877520339,0.963265962265492,False,0,18,0,99982,0,1,0,0,0,0,0,False,0.0,,0,,0.0,,,,,predicted_cross_vt_targeting,{},"{""angular_momentum_error_ratio"": -0.5058356298554714, ""energy_error_ratio"": -0.6981974715878331, ""r_error_ratio"": 0.020924998164252345, ""vr_ratio"": 0.16284815999858207, ""vt_error_ratio"": -0.5159640805807512}",11.701670996723127,False,phase27_predicted_cross_vt_targeting,predicted_cross_vt_targeting,-0.02489502305058251,-0.5159640805807512,0.02489502305058251,0.5156989677340675,0.02489502305058251,D_1x_recoverable,4,unknown,11.701670996723127,11.80057242059,,-0.5159640805807512,,,,8.223889351433073,8.223889351433073,outside_3x,0,unknown,,,,,,,0,0,{},False
phase27_predicted_cross_vt_targeting,1.05,170.0,12000.0,1.0,False,False,False,False,,,,,,False,,,False,0,,375000071118.5596,381608948690.8535,650.7459705683316,100000,False,True,max_steps,coast_arc,"{""burn_a"": 24, ""coast_arc"": 99976}","{""intercept_possible_poor_alignment"": 100000}",0.047619047619047436,0.8780972997267489,0.009127655905139585,-1.0361306609375238,0.8780221157248826,1.0360001860219383,0.9350032816756486,False,0,24,0,99976,0,1,0,0,0,0,0,False,0.0,,0,,0.0,,,,,predicted_cross_vt_targeting,{},"{""angular_momentum_error_ratio"": -1.0361306609375238, ""energy_error_ratio"": -0.8780972997267489, ""r_error_ratio"": 0.050881193158780466, ""vr_ratio"": 0.15454881222905803, ""vt_error_ratio"": -1.03438129940162}",21.702513343785302,False,phase27_predicted_cross_vt_targeting,predicted_cross_vt_targeting,-0.03892604199510515,-1.03438129940162,0.03892604199510515,1.0342712089509773,0.03892604199510515,D_1x_recoverable,4,unknown,21.702513343785302,22.04401535012979,,-1.03438129940162,,,,20.0,20.0,outside_3x,0,unknown,,,,,,,0,0,{},False
phase27_predicted_cross_vt_targeting,0.98,175.0,12000.0,1.0,False,False,False,False,,,,,,False,,,False,0,,149330896428.8379,149330896428.8379,66.48145362877342,100000,False,True,max_steps,phase76_handoff,"{""burn_a"": 18, ""burn_b_timing_wait"": 128, ""coast_arc"": 1, ""phase76_handoff"": 99837, ""sync_burn_early"": 16}","{""insertion_window"": 99905, ""no_intercept_possible"": 95}",0.020408163265306287,0.9984458637134884,-0.013817563036137981,-0.799285919506323,1.001702395542499,0.9989972516025025,1.4993951176966982,False,0,18,16,1,0,1,1,1,1,1,0,True,0.0,4049661,0,,0.0,128,-170.56534635017417,0.34,16,predicted_cross_vt_targeting,"{""angular_momentum_error_ratio"": 0.46701725610973716, ""energy_error_ratio"": 1.2073695747161735, ""r_error_ratio"": -0.019999907676642448, ""vr_ratio"": 0.08548518143904044, ""vt_error_ratio"": 0.4969562427609291}","{""angular_momentum_error_ratio"": -0.019999284239283488, ""energy_error_ratio"": -0.04080907639822706, ""r_error_ratio"": -0.019999284106169142, ""vr_ratio"": 0.0023999126716515553, ""vt_error_ratio"": -1.3583082785350285e-10}",8.00061350385019,False,phase27_predicted_cross_vt_targeting,predicted_cross_vt_targeting,0.006308609146798016,-0.79520835688669,1.3573398031975727e-10,0.9990381374554208,1.3573398031975727e-10,D_1x_recoverable,4,unknown,8.00061350385019,8.995541915112174,0.4969562427609291,-1.3583082785350285e-10,0.49695624262509824,-0.027258184572627686,,7.964314827474167,7.964314827474167,outside_3x,0,unknown,4170718,,,0.4207953716152151,,17.726767953071633,16,0,"{""burn_b_timing_wait"": 128, ""sync_burn_early"": 16}",False
phase27_predicted_cross_vt_targeting,1.0,175.0,12000.0,1.0,True,True,True,True,-67.92548656141525,-2582.702318568411,-0.016145189110617915,-0.6138817616273774,-5157.419921875,False,0.5104796369222995,0.010969941268989187,False,1,43,1216.3447265625,2626.7353515625,7.257112147984378,255,True,False,success,phase76_handoff,"{""phase76_handoff"": 43}","{""handoff_ready"": 209, ""insertion_window"": 26, ""intercept_possible_poor_alignment"": 20}",2.104654818683916e-16,7.004529062574584e-10,-0.0038053019082545138,-3.5022646825758274e-10,0.16585029829326867,0.15445766656619989,1.0000000000000049,False,0,0,0,0,0,1,0,0,0,0,43,True,0.16862745098039217,0,0,,0.0,,,,,predicted_cross_vt_targeting,{},"{""angular_momentum_error_ratio"": -3.5022646825758274e-10, ""energy_error_ratio"": -7.004529062574584e-10, ""r_error_ratio"": -3.5023138020833333e-10, ""vr_ratio"": 1.9457174060883696e-10, ""vt_error_ratio"": 4.972083205688995e-15}",2.5842628567746577,True,phase27_predicted_cross_vt_targeting,predicted_cross_vt_targeting,-0.003805301908254529,4.972083205688995e-15,0.003805301908254529,0.1544576663384708,0.003805301908254529,D_1x_recoverable,4,A_3x,2.5842628567746577,3.7120208840039144,,4.972083205688995e-15,,,2.4555270465095096,2.119723362888738,2.119723362888738,C_3x,1,C_3x,,43,,,-0.6138817616273774,,0,0,{},False
phase27_predicted_cross_vt_targeting,1.02,175.0,12000.0,1.0,False,False,False,False,,,,,,False,,,False,0,,150000036247.20605,153440302747.25977,335.9593860876791,100000,False,True,max_steps,coast_arc,"{""burn_a"": 18, ""coast_arc"": 99982}","{""intercept_possible_poor_alignment"": 100000}",0.019607843137254777,0.7080140146639551,0.006107327294770394,-0.4943543840493252,0.7079524827799724,0.49430696231574167,0.9629833240498897,False,0,18,0,99982,0,1,0,0,0,0,0,False,0.0,,0,,0.0,,,,,predicted_cross_vt_targeting,{},"{""angular_momentum_error_ratio"": -0.4943543840493252, ""energy_error_ratio"": -0.7080140146639551, ""r_error_ratio"": 0.020458707032967968, ""vr_ratio"": 0.07975317778584266, ""vt_error_ratio"": -0.50449184032065}",9.08684706703187,False,phase27_predicted_cross_vt_targeting,predicted_cross_vt_targeting,-0.013620267358068197,-0.50449184032065,0.013620267358068197,0.5043347435151139,0.013620267358068197,D_1x_recoverable,4,unknown,9.08684706703187,9.288759002485973,,-0.50449184032065,,,,8.0,8.0,outside_3x,0,unknown,,,,,,,0,0,{},False
phase27_predicted_cross_vt_targeting,1.05,175.0,12000.0,1.0,False,False,False,False,,,,,,False,,,False,0,,375000035695.10156,378263780650.0596,316.2190925781402,100000,False,True,max_steps,coast_arc,"{""burn_a"": 24, ""coast_arc"": 99976}","{""intercept_possible_poor_alignment"": 100000}",0.04761904761904765,0.8977985573807181,0.020795802465610375,-1.0245000139379012,0.89772090788909,1.0243697678174712,0.9345657275839377,False,0,24,0,99976,0,1,0,0,0,0,0,False,0.0,,0,,0.0,,,,,predicted_cross_vt_targeting,{},"{""angular_momentum_error_ratio"": -1.0245000139379012, ""energy_error_ratio"": -0.8977985573807181, ""r_error_ratio"": 0.05043517075334127, ""vr_ratio"": 0.0750350249097049, ""vt_error_ratio"": -1.0233236801470864}",20.446833376035027,False,phase27_predicted_cross_vt_targeting,predicted_cross_vt_targeting,-0.02781352146132346,-1.0233236801470864,0.02781352146132346,1.0232040199121624,0.02781352146132346,D_1x_recoverable,4,unknown,20.446833376035027,20.864603983081555,,-1.0233236801470864,,,,20.0,20.0,outside_3x,0,unknown,,,,,,,0,0,{},False
phase27_delayed_sync_burn,0.98,150.0,8000.0,1.0,False,False,False,False,,,,,,False,,,False,0,,149526378451.2295,149526378451.2295,44.3235939045881,100000,False,True,max_steps,phase76_handoff,"{""burn_a"": 18, ""burn_b_timing_wait"": 128, ""coast_arc"": 1, ""phase76_handoff"": 99839, ""sync_burn_early"": 14}","{""insertion_window"": 99637, ""no_intercept_possible"": 363}",0.020408163265306076,1.0221202940801073,-0.1426785900258876,-1.1328668264109178,1.0226185119967286,0.9986054931403918,1.2998219393460562,False,0,18,14,1,0,1,1,1,1,1,0,True,0.0,705902,0,,0.0,128,-128.79319273401774,0.36,14,delayed_synchronization_burn,"{""angular_momentum_error_ratio"": 0.17773686532523883, ""energy_error_ratio"": 0.6487217985732481, ""r_error_ratio"": -0.01999946748038763, ""vr_ratio"": 0.49525942384523597, ""vt_error_ratio"": 0.20177165852883766}","{""angular_momentum_error_ratio"": -0.01999583129922208, ""energy_error_ratio"": -0.04080115731019623, ""r_error_ratio"": -0.019995832998077213, ""vr_ratio"": 0.002547185104015623, ""vt_error_ratio"": 1.7335183229061826e-09}",7.999347061895914,False,phase27_delayed_sync_burn,delayed_synchronization_burn,-0.12518223472029347,-1.1355696584177273,1.587718684402804e-09,0.9986359161900996,1.587718684402804e-09,D_1x_recoverable,4,unknown,7.999347061895914,8.989331837004686,0.20177165852883766,1.7335183229061826e-09,0.20177165679531933,-0.018164144537293675,,7.974740489589635,7.974740489589635,outside_3x,0,unknown,719895,,,0.177336733708044,,25.589085632810303,14,0,"{""burn_b_timing_wait"": 128, ""sync_burn_early"": 14}",False
phase27_delayed_sync_burn,1.0,150.0,8000.0,1.0,True,True,True,True,-25.192574395203952,-3281.9890635371144,-0.005988015668111895,-0.7800950243010297,-1460.0703125,False,0.6312616384372342,0.022897899677950195,False,1,631,473.6396484375,1334.857421875,19.644712995676638,852,True,False,success,phase76_handoff,"{""phase76_handoff"": 631}","{""handoff_ready"": 216, ""insertion_window"": 382, ""intercept_possible_poor_alignment"": 254}",0.0,3.55947010158653e-10,-0.13397459621556124,-1.7797318008717732e-10,0.730935153977333,0.7067683357255949,1.0000000000000073,False,0,0,0,0,0,1,0,0,0,0,631,True,0.7406103286384976,0,0,,0.0,,,,,delayed_synchronization_burn,{},"{""angular_momentum_error_ratio"": -1.7797318008717732e-10, ""energy_error_ratio"": -3.55947010158653e-10, ""r_error_ratio"": -1.7798098958333334e-10, ""vr_ratio"": 9.887642214050619e-11, ""vt_error_ratio"": 7.782391104556687e-15}",2.977871114143954,True,phase27_delayed_sync_burn,delayed_synchronization_burn,-0.1339745962155612,7.782391104556687e-15,0.1339745962155612,0.7067683366816189,0.1339745962155612,D_1x_recoverable,4,outside_3x,2.977871114143954,3.923702403810297,,7.782391104556687e-15,,,3.120380097204119,2.947441621382349,2.947441621382349,C_3x,1,outside_3x,,631,,,-0.7800950243010297,,0,0,{},False
phase27_delayed_sync_burn,1.02,150.0,8000.0,1.0,False,False,False,False,,,,,,False,,,False,0,,150000208058.7246,170343025558.44434,2026.6388578588494,100000,False,True,max_steps,coast_arc,"{""burn_a"": 18, ""coast_arc"": 99982}","{""intercept_possible_poor_alignment"": 100000}",0.01960784313725499,0.44365947118547316,-0.12535721577320472,-0.4588594855455239,0.44361905538495505,0.4588278026998162,0.9741850063012878,False,0,18,0,99982,0,1,0,0,0,0,0,False,0.0,,0,,0.0,,,,,delayed_synchronization_burn,{},"{""angular_momentum_error_ratio"": -0.4588594855455239, ""energy_error_ratio"": -0.44365947118547316, ""r_error_ratio"": 0.022712403407792577, ""vr_ratio"": 0.4816155237530073, ""vt_error_ratio"": -0.47087713745199994}",25.625866564702612,False,phase27_delayed_sync_burn,delayed_synchronization_burn,-0.14250707428745554,-0.47087713745199994,0.14250707428745554,0.47014409611061375,0.14250707428745554,D_1x_recoverable,4,unknown,25.625866564702612,25.712477866227964,,-0.47087713745199994,,,,24.08077810141662,24.08077810141662,outside_3x,0,unknown,,,,,,,0,0,{},False
phase27_delayed_sync_burn,1.05,150.0,8000.0,1.0,False,False,False,False,,,,,,False,,,False,0,,375000204948.18164,394624067795.2461,1952.6134973316935,100000,False,True,max_steps,coast_arc,"{""burn_a"": 24, ""coast_arc"": 99976}","{""intercept_possible_poor_alignment"": 100000}",0.04761904761904765,0.6518721252678656,-0.11258803253505753,-0.8091753282905207,0.6518032612188849,0.809088254310838,0.9516473510587419,False,0,24,0,99976,0,1,0,0,0,0,0,False,0.0,,0,,0.0,,,,,delayed_synchronization_burn,{},"{""angular_momentum_error_ratio"": -0.8091753282905207, ""energy_error_ratio"": -0.6518721252678656, ""r_error_ratio"": 0.05261654237269948, ""vr_ratio"": 0.46399395715910136, ""vt_error_ratio"": -0.8187139722511465}",30.989889093950367,False,phase27_delayed_sync_burn,delayed_synchronization_burn,-0.1548457452714833,-0.8187139722511465,0.1548457452714833,0.8184057488767749,0.1548457452714833,D_1x_recoverable,4,unknown,30.989889093950367,31.240380516038975,,-0.8187139722511465,,,,23.199700301768594,24.39750182371332,outside_3x,0,unknown,,,,,,,0,0,{},False
phase27_delayed_sync_burn,0.98,165.0,8000.0,1.0,False,False,False,False,,,,,,False,,,False,0,,149541478072.11035,149541478072.11035,44.323598215115354,100000,False,True,max_steps,phase76_handoff,"{""burn_a"": 18, ""burn_b_timing_wait"": 128, ""coast_arc"": 1, ""phase76_handoff"": 99839, ""sync_burn_early"": 14}","{""insertion_window"": 99637, ""no_intercept_possible"": 363}",0.020408163265306076,1.0221252983364564,-0.04378221735089306,-1.1328631240388756,1.0227244397463708,0.9987419123288932,1.3277791329177384,False,0,18,14,1,0,1,1,1,1,1,0,True,0.0,1363699,0,,0.0,128,-156.625108421886,0.36,14,delayed_synchronization_burn,"{""angular_momentum_error_ratio"": 0.2767395354455463, ""energy_error_ratio"": 0.7221816433682448, ""r_error_ratio"": -0.01999972434845573, ""vr_ratio"": 0.25636376674700956, ""vt_error_ratio"": 0.302795077885787}","{""angular_momentum_error_ratio"": -0.019997845320465973, ""energy_error_ratio"": -0.04080662674179725, ""r_error_ratio"": -0.019997846249369792, ""vr_ratio"": 0.002283153799291642, ""vt_error_ratio"": 9.4785891870985e-10}",7.999952992575223,False,phase27_delayed_sync_burn,delayed_synchronization_burn,-0.02426756872540107,-1.1355661592156305,8.171722513764589e-10,0.9987771654951512,8.171722513764589e-10,D_1x_recoverable,4,unknown,7.999952992575223,8.973666648803622,0.302795077885787,9.4785891870985e-10,0.3027950769379281,-0.01817012841329607,,7.97554580281573,7.97554580281573,outside_3x,0,unknown,1390738,,,0.27414578591340294,,15.38433282104017,14,0,"{""burn_b_timing_wait"": 128, ""sync_burn_early"": 14}",False
phase27_delayed_sync_burn,1.0,165.0,8000.0,1.0,True,True,True,True,-88.06929902399378,-3143.494158607936,-0.020933166025926386,-0.7471762106990555,-2645.9189453125,False,0.6228607681431453,0.021398883100412866,False,1,182,2175.0126953125,2201.5400390625,24.039640678408468,403,True,False,success,phase76_handoff,"{""phase76_handoff"": 182}","{""handoff_ready"": 216, ""insertion_window"": 109, ""intercept_possible_poor_alignment"": 78}",2.104654818683916e-16,5.870625232460438e-10,-0.034074173710931875,-2.935310709686659e-10,0.4505343981162966,0.4324346135808888,1.0000000000000073,False,0,0,0,0,0,1,0,0,0,0,182,True,0.45161290322580644,1,0,,0.0,,,,,delayed_synchronization_burn,{},"{""angular_momentum_error_ratio"": -2.935310709686659e-10, ""energy_error_ratio"": -5.870625232460438e-10, ""r_error_ratio"": -2.93538671875e-10, ""vr_ratio"": 1.6307517218458297e-10, ""vt_error_ratio"": 7.566213573874556e-15}",3.1567937662689762,True,phase27_delayed_sync_burn,delayed_synchronization_burn,-0.034074173710931834,7.566213573874556e-15,0.034074173710931834,0.43243461389999965,0.034074173710931834,D_1x_recoverable,4,A_3x,3.1567937662689762,4.001961768532698,,7.566213573874556e-15,,,2.988704842796222,2.9819871996756193,2.9819871996756193,C_3x,1,C_3x,,182,,,-0.7471762106990555,,0,0,{},False
phase27_delayed_sync_burn,1.02,165.0,8000.0,1.0,False,False,False,False,,,,,,False,,,False,0,,150000107699.07715,160504502316.9912,1044.0342145911768,100000,False,True,max_steps,coast_arc,"{""burn_a"": 18, ""coast_arc"": 99982}","{""intercept_possible_poor_alignment"": 100000}",0.019607843137254777,0.5015665861185644,-0.024462734730208335,-0.3580700078271545,0.5015206672753344,0.3580383150899955,0.9725342061045669,False,0,18,0,99982,0,1,0,0,0,0,0,False,0.0,,0,,0.0,,,,,delayed_synchronization_burn,{},"{""angular_momentum_error_ratio"": -0.3580700078271545, ""energy_error_ratio"": -0.5015665861185644, ""r_error_ratio"": 0.02140060030893216, ""vr_ratio"": 0.24807601008717187, ""vt_error_ratio"": -0.3715198601031878}",14.968683117592679,False,phase27_delayed_sync_burn,delayed_synchronization_burn,-0.04359091640216505,-0.3715198601031878,0.04359091640216505,0.37105841247513477,0.04359091640216505,D_1x_recoverable,4,unknown,14.968683117592679,15.054932241378934,,-0.3715198601031878,,,,12.403802108195135,12.403802108195135,outside_3x,0,unknown,,,,,,,0,0,{},False
phase27_delayed_sync_burn,1.05,165.0,8000.0,1.0,False,False,False,False,,,,,,False,,,False,0,,375000106088.9248,385113246594.83887,1001.998143845107,100000,False,True,max_steps,coast_arc,"{""burn_a"": 24, ""coast_arc"": 99976}","{""intercept_possible_poor_alignment"": 100000}",0.04761904761904765,0.7679929840763221,-0.010220561444707415,-0.7070169013260886,0.7679095772321304,0.7069298016036287,0.9491073110340807,False,0,24,0,99976,0,1,0,0,0,0,0,False,0.0,,0,,0.0,,,,,delayed_synchronization_burn,{},"{""angular_momentum_error_ratio"": -0.7070169013260886, ""energy_error_ratio"": -0.7679929840763221, ""r_error_ratio"": 0.05134843287931185, ""vr_ratio"": 0.23804814966292265, ""vt_error_ratio"": -0.7213263562190099}",23.56209253144189,False,phase27_delayed_sync_burn,delayed_synchronization_burn,-0.05735291566162611,-0.7213263562190099,0.05735291566162611,0.7210651192603043,0.05735291566162611,D_1x_recoverable,4,unknown,23.56209253144189,23.74220717368254,,-0.7213263562190099,,,,20.0,20.0,outside_3x,0,unknown,,,,,,,0,0,{},False
phase27_delayed_sync_burn,0.98,170.0,8000.0,1.0,False,False,False,False,,,,,,False,,,False,0,,149546792617.08984,149546792617.08984,44.32359916327903,100000,False,True,max_steps,phase76_handoff,"{""burn_a"": 18, ""burn_b_timing_wait"": 128, ""coast_arc"": 1, ""phase76_handoff"": 99839, ""sync_burn_early"": 14}","{""insertion_window"": 99637, ""no_intercept_possible"": 363}",0.020408163265306496,1.0221269525433585,-0.025090063551973553,-1.1328622734156437,1.0227453053488205,0.9987688931074581,1.3330339359186443,False,0,18,14,1,0,1,1,1,1,1,0,True,0.0,2032565,0,,0.0,128,-163.8912081740179,0.36,14,delayed_synchronization_burn,"{""angular_momentum_error_ratio"": 0.29545318743911425, ""energy_error_ratio"": 0.7361635128216514, ""r_error_ratio"": -0.019999815058560286, ""vr_ratio"": 0.17200080752843205, ""vt_error_ratio"": 0.32189075812932055}","{""angular_momentum_error_ratio"": -0.01999855394669259, ""energy_error_ratio"": -0.040808365494012226, ""r_error_ratio"": -0.019998554848421616, ""vr_ratio"": 0.0022247971305066707, ""vt_error_ratio"": 9.201302592043143e-10}",8.000195301246059,False,phase27_delayed_sync_burn,delayed_synchronization_burn,-0.005193942399973061,-1.1355653893036772,7.927839670750237e-10,0.9988051154486839,7.927839670750237e-10,D_1x_recoverable,4,unknown,8.000195301246059,8.968900932803276,0.32189075812932055,9.201302592043143e-10,0.3218907572091903,-0.0181713506546044,,7.9758292452393755,7.9758292452393755,outside_3x,0,unknown,2072866,,,0.2891996078888292,,12.695789523478695,14,0,"{""burn_b_timing_wait"": 128, ""sync_burn_early"": 14}",False
phase27_delayed_sync_burn,1.0,170.0,8000.0,1.0,True,True,True,True,-26.609700880474676,-3835.407376660934,-0.006324852049514541,-0.911636861908399,-2190.5517578125,False,0.7368993122782103,0.029925929496057102,False,1,2307,470.41796875,2058.1533203125,20.503655353634183,2529,True,False,success,phase76_handoff,"{""phase76_handoff"": 2307}","{""handoff_ready"": 216, ""insertion_window"": 1096, ""intercept_possible_poor_alignment"": 1217}",2.104654818683916e-16,5.488264172930856e-10,-0.015192246987791962,-2.744130855547726e-10,0.8975993091151757,0.8706165037730679,1.0000000000000073,False,0,0,0,0,0,1,0,0,0,0,2307,True,0.9122182680901542,0,0,,0.0,,,,,delayed_synchronization_burn,{},"{""angular_momentum_error_ratio"": -2.744130855547726e-10, ""energy_error_ratio"": -5.488264172930856e-10, ""r_error_ratio"": -2.744204427083333e-10, ""vr_ratio"": 1.5245390746754248e-10, ""vt_error_ratio"": 7.350036043192427e-15}",2.971756020030534,True,phase27_delayed_sync_burn,delayed_synchronization_burn,-0.015192246987791968,7.350036043192427e-15,0.015192246987791968,0.8706165074150813,0.015192246987791968,D_1x_recoverable,4,outside_3x,2.971756020030534,3.8351097996974852,,7.350036043192427e-15,,,3.646547447633596,2.7583422206813726,2.7583422206813726,C_3x,1,outside_3x,,2307,,,-0.911636861908399,,0,0,{},False
phase27_delayed_sync_burn,1.02,170.0,8000.0,1.0,False,False,False,False,,,,,,False,,,False,0,,150000072257.99902,157028239961.47754,696.6677659893638,100000,False,True,max_steps,coast_arc,"{""burn_a"": 18, ""coast_arc"": 99982}","{""intercept_possible_poor_alignment"": 100000}",0.01960784313725499,0.5124324209772779,-0.005392923511594131,-0.3390212365297166,0.5123854695101537,0.33898954181399565,0.9722241532219635,False,0,18,0,99982,0,1,0,0,0,0,0,False,0.0,,0,,0.0,,,,,delayed_synchronization_burn,{},"{""angular_momentum_error_ratio"": -0.3390212365297166, ""energy_error_ratio"": -0.5124324209772779, ""r_error_ratio"": 0.02093709866153034, ""vr_ratio"": 0.16551380303161406, ""vt_error_ratio"": -0.3525764081481217}",11.701750713617072,False,phase27_delayed_sync_burn,delayed_synchronization_burn,-0.02489502305058251,-0.3525764081481217,0.02489502305058251,0.3522489356405594,0.02489502305058251,D_1x_recoverable,4,unknown,11.701750713617072,11.781684589292153,,-0.3525764081481217,,,,8.304710951405522,8.304710951405522,outside_3x,0,unknown,,,,,,,0,0,{},False
phase27_delayed_sync_burn,1.05,170.0,8000.0,1.0,False,False,False,False,,,,,,False,,,False,0,,375000071177.7051,381754068109.56836,666.18989069654,100000,False,True,max_steps,coast_arc,"{""burn_a"": 24, ""coast_arc"": 99976}","{""intercept_possible_poor_alignment"": 100000}",0.047619047619047436,0.7897863012180721,0.009127655905139585,-0.6877105828689392,0.7897001681552682,0.6876236605485023,0.9486299106362504,False,0,24,0,99976,0,1,0,0,0,0,0,False,0.0,,0,,0.0,,,,,delayed_synchronization_burn,{},"{""angular_momentum_error_ratio"": -0.6877105828689392, ""energy_error_ratio"": -0.7897863012180721, ""r_error_ratio"": 0.05090054241460912, ""vr_ratio"": 0.15823130226096258, ""vt_error_ratio"": -0.7028363726851573}",21.702444158808806,False,phase27_delayed_sync_burn,delayed_synchronization_burn,-0.03892604199510515,-0.7028363726851573,0.03892604199510515,0.7026266289288824,0.03892604199510515,D_1x_recoverable,4,unknown,21.702444158808806,21.90004233258935,,-0.7028363726851573,,,,20.0,20.0,outside_3x,0,unknown,,,,,,,0,0,{},False
phase27_delayed_sync_burn,0.98,175.0,8000.0,1.0,False,False,False,False,,,,,,False,,,False,0,,149552186989.3457,149552186989.3457,44.32360005606632,100000,False,True,max_steps,phase76_handoff,"{""burn_a"": 18, ""burn_b_timing_wait"": 128, ""coast_arc"": 1, ""phase76_handoff"": 99839, ""sync_burn_early"": 14}","{""insertion_window"": 99637, ""no_intercept_possible"": 363}",0.020408163265306287,1.0221286185042529,-0.013817563036137981,-1.1328614653549338,1.022758518467488,0.9987853431099046,1.3361986501889813,False,0,18,14,1,0,1,1,1,1,1,0,True,0.0,2808085,0,,0.0,128,-171.85292461519285,0.36,14,delayed_synchronization_burn,"{""angular_momentum_error_ratio"": 0.3067389421076711, ""energy_error_ratio"": 0.7446106894542571, ""r_error_ratio"": -0.01999990717603047, ""vr_ratio"": 0.08632907049245486, ""vt_error_ratio"": 0.3334069574852493}","{""angular_momentum_error_ratio"": -0.019999273212531095, ""energy_error_ratio"": -0.040810106033461135, ""r_error_ratio"": -0.01999927409144883, ""vr_ratio"": 0.002169567917201125, ""vt_error_ratio"": 8.968542082982387e-10}",8.000445052646713,False,phase27_delayed_sync_burn,delayed_synchronization_burn,0.006308609146798016,-1.135564664291367,7.726690802001129e-10,0.9988221694684029,7.726690802001129e-10,D_1x_recoverable,4,unknown,8.000445052646713,8.965213051997363,0.3334069574852493,8.968542082982387e-10,0.3334069565883951,-0.018172115017088708,,7.97611694511625,7.97611694511625,outside_3x,0,unknown,4129949,,,0.2812964487341561,,12.644136044004709,14,0,"{""burn_b_timing_wait"": 128, ""sync_burn_early"": 14}",False
phase27_delayed_sync_burn,1.0,175.0,8000.0,1.0,True,True,True,True,-35.33209647045934,-3439.731965189568,-0.00839807571601849,-0.8175888886362344,-454.1748046875,False,0.6641488018287663,0.02482508985438676,False,1,86,265.2685546875,277.490234375,8.86631054729974,307,True,False,success,phase76_handoff,"{""phase76_handoff"": 86}","{""handoff_ready"": 215, ""insertion_window"": 52, ""intercept_possible_poor_alignment"": 40}",2.104654818683916e-16,7.398261572089514e-11,-0.0038053019082545138,-3.6991364129378737e-11,0.2861142806458803,0.2677516417374583,1.0000000000000073,False,0,0,0,0,0,1,0,0,0,0,86,True,0.28013029315960913,1,0,,0.0,,,,,delayed_synchronization_burn,{},"{""angular_momentum_error_ratio"": -3.6991364129378737e-11, ""energy_error_ratio"": -7.398261572089514e-11, ""r_error_ratio"": -3.6998697916666665e-11, ""vr_ratio"": 2.055292407109975e-11, ""vt_error_ratio"": 7.350036043192427e-15}",2.9569801506190814,True,phase27_delayed_sync_burn,delayed_synchronization_burn,-0.003805301908254529,7.350036043192427e-15,0.003805301908254529,0.2677516418490506,0.003805301908254529,D_1x_recoverable,4,outside_3x,2.9569801506190814,3.773876976166162,,7.350036043192427e-15,,,3.2703555545449374,2.1196812417826454,2.1196812417826454,C_3x,1,outside_3x,,86,,,-0.8175888886362344,,0,0,{},False
phase27_delayed_sync_burn,1.02,175.0,8000.0,1.0,False,False,False,False,,,,,,False,,,False,0,,150000036266.99902,153496951935.50977,343.6989150753124,100000,False,True,max_steps,coast_arc,"{""burn_a"": 18, ""coast_arc"": 99982}","{""intercept_possible_poor_alignment"": 100000}",0.019607843137254777,0.5189729724889153,0.006107327294770394,-0.32753377425067104,0.5189253994462651,0.327502200482083,0.9720374749698517,False,0,18,0,99982,0,1,0,0,0,0,0,False,0.0,,0,,0.0,,,,,delayed_synchronization_burn,{},"{""angular_momentum_error_ratio"": -0.32753377425067104, ""energy_error_ratio"": -0.5189729724889153, ""r_error_ratio"": 0.02046626025806797, ""vr_ratio"": 0.08161871712335189, ""vt_error_ratio"": -0.34102061779164794}",9.086850509347325,False,phase27_delayed_sync_burn,delayed_synchronization_burn,-0.013620267358068197,-0.34102061779164794,0.013620267358068197,0.3408398556022708,0.013620267358068197,D_1x_recoverable,4,unknown,9.086850509347325,9.200248967409705,,-0.34102061779164794,,,,8.0,8.0,outside_3x,0,unknown,,,,,,,0,0,{},False
phase27_delayed_sync_burn,1.05,175.0,8000.0,1.0,False,False,False,False,,,,,,False,,,False,0,,375000035724.7881,378342332637.4072,325.08467696479426,100000,False,True,max_steps,coast_arc,"{""burn_a"": 24, ""coast_arc"": 99976}","{""intercept_possible_poor_alignment"": 100000}",0.04761904761904765,0.8029052688622864,0.020795802465610375,-0.6760679156965376,0.8028174946721713,0.6759812236145738,0.9483424233034455,False,0,24,0,99976,0,1,0,0,0,0,0,False,0.0,,0,,0.0,,,,,delayed_synchronization_burn,{},"{""angular_momentum_error_ratio"": -0.6760679156965376, ""energy_error_ratio"": -0.8029052688622864, ""r_error_ratio"": 0.050445644351654294, ""vr_ratio"": 0.07715490634276088, ""vt_error_ratio"": -0.6916241349133331}",20.446890754374035,False,phase27_delayed_sync_burn,delayed_synchronization_burn,-0.02781352146132346,-0.6916241349133331,0.02781352146132346,0.691476371368052,0.02781352146132346,D_1x_recoverable,4,unknown,20.446890754374035,20.665000669607032,,-0.6916241349133331,,,,20.0,20.0,outside_3x,0,unknown,,,,,,,0,0,{},False
phase27_delayed_sync_burn,0.98,150.0,10000.0,1.0,False,False,False,False,,,,,,False,,,False,0,,149416193892.7412,149416193892.7412,55.39598793951587,100000,False,True,max_steps,phase76_handoff,"{""burn_a"": 18, ""burn_b_timing_wait"": 128, ""coast_arc"": 1, ""phase76_handoff"": 99839, ""sync_burn_early"": 14}","{""insertion_window"": 99526, ""intercept_possible_poor_alignment"": 13, ""no_intercept_possible"": 461}",0.020408163265306076,1.0136360530275945,-0.1426785900258876,-1.160968362496502,1.0131237021452688,0.9987174330248539,1.374876627303795,False,0,18,14,1,0,1,1,1,1,1,0,True,0.0,705902,0,,0.0,128,-139.51785912616518,0.36,14,delayed_synchronization_burn,"{""angular_momentum_error_ratio"": 0.2578415599813004, ""energy_error_ratio"": 0.8494704621631978, ""r_error_ratio"": -0.01999946891827474, ""vr_ratio"": 0.4928335804732481, ""vt_error_ratio"": 0.28351110033878657}","{""angular_momentum_error_ratio"": -0.019995864294596395, ""energy_error_ratio"": -0.04080310040982715, ""r_error_ratio"": -0.01999586417420534, ""vr_ratio"": 0.0021479496549812694, ""vt_error_ratio"": -1.228474215382648e-10}",7.9990666260204035,False,phase27_delayed_sync_burn,delayed_synchronization_burn,-0.12518223472029347,-1.1642403856032095,1.228474215382648e-10,0.9987503820322391,1.228474215382648e-10,D_1x_recoverable,4,unknown,7.9990666260204035,9.009099560311984,0.28351110033878657,-1.228474215382648e-10,0.28351110021593917,-0.022705286554869974,,7.9688638218971874,7.9688638218971874,outside_3x,0,unknown,723439,,,0.25719987993548726,,25.87946274152828,14,0,"{""burn_b_timing_wait"": 128, ""sync_burn_early"": 14}",False
phase27_delayed_sync_burn,1.0,150.0,10000.0,1.0,True,True,True,True,-6.276680836972505,-4026.540150778171,-0.0014919024394221608,-0.9570671553015822,-547.65234375,False,0.7674440072415927,0.02644763969103196,False,1,413,80.015625,399.2158203125,22.040497429913927,630,True,False,success,phase76_handoff,"{""phase76_handoff"": 413}","{""handoff_ready"": 211, ""insertion_window"": 251, ""intercept_possible_poor_alignment"": 168}",0.0,1.0644565350620334e-10,-0.13397459621556124,-5.3222465417905946e-11,0.6430051106494269,0.6187930017814905,1.000000000000006,False,0,0,0,0,0,1,0,0,0,0,413,True,0.6555555555555556,0,0,,0.0,,,,,delayed_synchronization_burn,{},"{""angular_momentum_error_ratio"": -5.3222465417905946e-11, ""energy_error_ratio"": -1.0644565350620334e-10, ""r_error_ratio"": -5.322877604166667e-11, ""vr_ratio"": 2.957004284280792e-11, ""vt_error_ratio"": 6.269148389781775e-15}",2.758531474618212,True,phase27_delayed_sync_burn,delayed_synchronization_burn,-0.1339745962155612,6.269148389781775e-15,0.1339745962155612,0.6187930028131363,0.1339745962155612,D_1x_recoverable,4,outside_3x,2.758531474618212,3.9131082488733675,,6.269148389781775e-15,,,3.8282686212063286,2.6852791219384198,2.6852791219384198,C_3x,1,outside_3x,,413,,,-0.9570671553015822,,0,0,{},False
phase27_delayed_sync_burn,1.02,150.0,10000.0,1.0,False,False,False,False,,,,,,False,,,False,0,,150000208001.97266,170233753030.82324,2014.8353784766816,100000,False,True,max_steps,coast_arc,"{""burn_a"": 18, ""coast_arc"": 99982}","{""intercept_possible_poor_alignment"": 100000}",0.01960784313725499,0.5260135675057651,-0.12535721577320472,-0.5422358781238094,0.5259671295358843,0.5421962744625494,0.970206527515042,False,0,18,0,99982,0,1,0,0,0,0,0,False,0.0,,0,,0.0,,,,,delayed_synchronization_burn,{},"{""angular_momentum_error_ratio"": -0.5422358781238094, ""energy_error_ratio"": -0.5260135675057651, ""r_error_ratio"": 0.0226978337374431, ""vr_ratio"": 0.4787990375207128, ""vt_error_ratio"": -0.5523955299648045}",25.53942098359567,False,phase27_delayed_sync_burn,delayed_synchronization_burn,-0.14250707428745554,-0.5523955299648045,0.14250707428745554,0.5517661537920886,0.14250707428745554,D_1x_recoverable,4,unknown,25.53942098359567,25.615534383720796,,-0.5523955299648045,,,,23.939954008230842,23.939954008230842,outside_3x,0,unknown,,,,,,,0,0,{},False
phase27_delayed_sync_burn,1.05,150.0,10000.0,1.0,False,False,False,False,,,,,,False,,,False,0,,375000204863.0635,394424709804.75195,1932.326912783091,100000,False,True,max_steps,coast_arc,"{""burn_a"": 24, ""coast_arc"": 99976}","{""intercept_possible_poor_alignment"": 100000}",0.04761904761904765,0.688989201875164,-0.11258803253505753,-0.9833255016508394,0.6889255822599637,0.9832166586220563,0.945613346805704,False,0,24,0,99976,0,1,0,0,0,0,0,False,0.0,,0,,0.0,,,,,delayed_synchronization_burn,{},"{""angular_momentum_error_ratio"": -0.9833255016508394, ""energy_error_ratio"": -0.688989201875164, ""r_error_ratio"": 0.05258996130730026, ""vr_ratio"": 0.45916769375605515, ""vt_error_ratio"": -0.984158600250708}",30.891819060499373,False,phase27_delayed_sync_burn,delayed_synchronization_burn,-0.1548457452714833,-0.984158600250708,0.1548457452714833,0.9840354545583666,0.1548457452714833,D_1x_recoverable,4,unknown,30.891819060499373,31.137209960475968,,-0.984158600250708,,,,22.958387218645754,24.39750182371332,outside_3x,0,unknown,,,,,,,0,0,{},False
phase27_delayed_sync_burn,0.98,165.0,10000.0,1.0,False,False,False,False,,,,,,False,,,False,0,,149431167609.43262,149431167609.43262,55.39598794305327,100000,False,True,max_steps,phase76_handoff,"{""burn_a"": 18, ""burn_b_timing_wait"": 128, ""coast_arc"": 1, ""phase76_handoff"": 99839, ""sync_burn_early"": 14}","{""insertion_window"": 99526, ""intercept_possible_poor_alignment"": 13, ""no_intercept_possible"": 461}",0.020408163265306076,1.0136402975829621,-0.04378221735089306,-1.1609677733487713,1.0132559954143274,0.9988560068761609,1.407866913416998,False,0,18,14,1,0,1,1,1,1,1,0,True,0.0,1363699,0,,0.0,128,-156.72827327352138,0.36,14,delayed_synchronization_burn,"{""angular_momentum_error_ratio"": 0.35687019721921753, ""energy_error_ratio"": 0.9412734620470542, ""r_error_ratio"": -0.019999725092979037, ""vr_ratio"": 0.2551077222901433, ""vt_error_ratio"": 0.38456103734047686}","{""angular_momentum_error_ratio"": -0.01999786078665782, ""energy_error_ratio"": -0.04080733482618945, ""r_error_ratio"": -0.019997860667272264, ""vr_ratio"": 0.0021299931678783104, ""vt_error_ratio"": -1.2182165915517808e-10}",7.999853148840933,False,phase27_delayed_sync_burn,delayed_synchronization_burn,-0.02426756872540107,-1.1642401190498282,1.2182165915517808e-10,0.9988934744471847,1.2182165915517808e-10,D_1x_recoverable,4,unknown,7.999853148840933,8.993578661262932,0.38456103734047686,-1.2182165915517808e-10,0.3845610372186552,-0.022712692974003024,,7.96966242012078,7.96966242012078,outside_3x,0,unknown,1397585,,,0.35317733984134475,,16.18188438921884,14,0,"{""burn_b_timing_wait"": 128, ""sync_burn_early"": 14}",False
phase27_delayed_sync_burn,1.0,165.0,10000.0,1.0,True,True,True,True,-8.88966729674766,-3994.6531548940916,-0.0021129824297496515,-0.9494879445402064,-488.6103515625,False,0.7621259346130128,0.026098185272395925,False,1,243,206.97265625,277.3115234375,17.30631244279581,460,True,False,success,phase76_handoff,"{""phase76_handoff"": 243}","{""handoff_ready"": 211, ""insertion_window"": 148, ""intercept_possible_poor_alignment"": 101}",2.104654818683916e-16,7.393778657325719e-11,-0.034074173710931875,-3.6968672685193056e-11,0.5219687416576904,0.504706529929417,1.0000000000000058,False,0,0,0,0,0,1,0,0,0,0,243,True,0.5282608695652173,0,0,,0.0,,,,,delayed_synchronization_burn,{},"{""angular_momentum_error_ratio"": -3.6968672685193056e-11, ""energy_error_ratio"": -7.393778657325719e-11, ""r_error_ratio"": -3.697486979166667e-11, ""vr_ratio"": 2.0540116825669266e-11, ""vt_error_ratio"": 6.269148389781775e-15}",2.8017542840775818,True,phase27_delayed_sync_burn,delayed_synchronization_burn,-0.034074173710931834,6.269148389781775e-15,0.034074173710931834,0.5047065303409712,0.034074173710931834,D_1x_recoverable,4,outside_3x,2.8017542840775818,3.899255423179114,,6.269148389781775e-15,,,3.7979517781608254,2.7372981307243807,2.7372981307243807,C_3x,1,outside_3x,,243,,,-0.9494879445402064,,0,0,{},False
phase27_delayed_sync_burn,1.02,165.0,10000.0,1.0,False,False,False,False,,,,,,False,,,False,0,,150000107669.6914,160441587470.6494,1036.6874215977077,100000,False,True,max_steps,coast_arc,"{""burn_a"": 18, ""coast_arc"": 99982}","{""intercept_possible_poor_alignment"": 100000}",0.019607843137254777,0.5984167021628569,-0.024462734730208335,-0.44147204670352974,0.5983633829346504,0.44143243075425637,0.9681341043581951,False,0,18,0,99982,0,1,0,0,0,0,0,False,0.0,,0,,0.0,,,,,delayed_synchronization_burn,{},"{""angular_momentum_error_ratio"": -0.44147204670352974, ""energy_error_ratio"": -0.5984167021628569, ""r_error_ratio"": 0.021392211662753256, ""vr_ratio"": 0.24631657695691084, ""vt_error_ratio"": -0.4531699508583222}",14.953091824434882,False,phase27_delayed_sync_burn,delayed_synchronization_burn,-0.04359091640216505,-0.4531699508583222,0.04359091640216505,0.4527590275667719,0.04359091640216505,D_1x_recoverable,4,unknown,14.953091824434882,15.028026929355047,,-0.4531699508583222,,,,12.315830715238205,12.315830715238205,outside_3x,0,unknown,,,,,,,0,0,{},False
phase27_delayed_sync_burn,1.05,165.0,10000.0,1.0,False,False,False,False,,,,,,False,,,False,0,,375000106044.8506,385004623547.50195,990.4416383030277,100000,False,True,max_steps,coast_arc,"{""burn_a"": 24, ""coast_arc"": 99976}","{""intercept_possible_poor_alignment"": 100000}",0.04761904761904765,0.8342172773759577,-0.010220561444707415,-0.8812168819651444,0.834135488220382,0.8811080071639357,0.9424168952861584,False,0,24,0,99976,0,1,0,0,0,0,0,False,0.0,,0,,0.0,,,,,delayed_synchronization_burn,{},"{""angular_momentum_error_ratio"": -0.8812168819651444, ""energy_error_ratio"": -0.8342172773759577, ""r_error_ratio"": 0.051333949806333594, ""vr_ratio"": 0.23529262884747273, ""vt_error_ratio"": -0.8870167580370282}",23.56207068556549,False,phase27_delayed_sync_burn,delayed_synchronization_burn,-0.05735291566162611,-0.8870167580370282,0.05735291566162611,0.8868415814505126,0.05735291566162611,D_1x_recoverable,4,unknown,23.56207068556549,23.764622050615234,,-0.8870167580370282,,,,20.0,20.0,outside_3x,0,unknown,,,,,,,0,0,{},False
phase27_delayed_sync_burn,0.98,170.0,10000.0,1.0,False,False,False,False,,,,,,False,,,False,0,,149436446265.86914,149436446265.86914,55.39598794383773,100000,False,True,max_steps,phase76_handoff,"{""burn_a"": 18, ""burn_b_timing_wait"": 128, ""coast_arc"": 1, ""phase76_handoff"": 99839, ""sync_burn_early"": 14}","{""insertion_window"": 99526, ""intercept_possible_poor_alignment"": 13, ""no_intercept_possible"": 461}",0.020408163265306496,1.013641783864821,-0.025090063551973553,-1.1609675956301848,1.0132818077204326,0.9988831931718566,1.4140588231546323,False,0,18,14,1,0,1,1,1,1,1,0,True,0.0,1396606,0,,0.0,128,-163.9670015769536,0.36,14,delayed_synchronization_burn,"{""angular_momentum_error_ratio"": 0.3755891011590561, ""energy_error_ratio"": 0.9587463929105391, ""r_error_ratio"": -0.019999815558097916, ""vr_ratio"": 0.17115808320313208, ""vt_error_ratio"": 0.40366208394382785}","{""angular_momentum_error_ratio"": -0.019998564606650466, ""energy_error_ratio"": -0.04080881871164683, ""r_error_ratio"": -0.019998564487504686, ""vr_ratio"": 0.0021257142452075052, ""vt_error_ratio"": -1.215771623679766e-10}",8.000131806843411,False,phase27_delayed_sync_burn,delayed_synchronization_burn,-0.005193942399973061,-1.1642400556639074,1.215771623679766e-10,0.998921566604759,1.215771623679766e-10,D_1x_recoverable,4,unknown,8.000131806843411,8.988862593326761,0.40366208394382785,-1.215771623679766e-10,0.4036620838222507,-0.022714204704057217,,7.96994394846401,7.96994394846401,outside_3x,0,unknown,2083073,,,0.3668281358120563,,13.945382795232552,14,0,"{""burn_b_timing_wait"": 128, ""sync_burn_early"": 14}",False
phase27_delayed_sync_burn,1.0,170.0,10000.0,1.0,True,True,True,True,-627.8014830847948,-3075.3016548794985,-0.1492219516037754,-0.7309675543558039,-43366.4140625,False,0.7638403911913622,0.018126425876468198,False,1,3843,15013.0810546875,48971.787109375,233.64182222797018,4059,True,False,success,phase76_handoff,"{""phase76_handoff"": 3843}","{""handoff_ready"": 212, ""insertion_window"": 1791, ""intercept_possible_poor_alignment"": 2056}",2.104654818683916e-16,1.3059133116941239e-08,-0.015192246987791962,-6.529566633759087e-09,0.9258990373606751,0.919683014238784,1.000000000000005,False,0,0,0,0,0,1,0,0,0,0,3843,True,0.9467849223946785,0,0,,0.0,,,,,delayed_synchronization_burn,{},"{""angular_momentum_error_ratio"": -6.529566633759087e-09, ""energy_error_ratio"": -1.3059133116941239e-08, ""r_error_ratio"": -6.5295716145833335e-09, ""vr_ratio"": 3.6275379392718474e-09, ""vt_error_ratio"": 4.972083205688995e-15}",2.7329392774020005,True,phase27_delayed_sync_burn,delayed_synchronization_burn,-0.015192246987791968,4.972083205688995e-15,0.015192246987791968,0.9196830167914988,0.015192246987791968,D_1x_recoverable,4,A_3x,2.7329392774020005,5.534468659676986,,4.972083205688995e-15,,,7.4610975801887705,2.684550866708462,2.684550866708462,C_3x,1,outside_3x,,3843,,,-0.7309675543558039,,0,0,{},False
phase27_delayed_sync_burn,1.02,170.0,10000.0,1.0,False,False,False,False,,,,,,False,,,False,0,,150000072238.28223,156982010040.14062,690.9551264900366,100000,False,True,max_steps,coast_arc,"{""burn_a"": 18, ""coast_arc"": 99982}","{""intercept_possible_poor_alignment"": 100000}",0.01960784313725499,0.6120028652346886,-0.005392923511594131,-0.42242841375953827,0.6119482547325864,0.422388795352401,0.9677447593910704,False,0,18,0,99982,0,1,0,0,0,0,0,False,0.0,,0,,0.0,,,,,delayed_synchronization_burn,{},"{""angular_momentum_error_ratio"": -0.42242841375953827, ""energy_error_ratio"": -0.6120028652346886, ""r_error_ratio"": 0.02093093467201875, ""vr_ratio"": 0.16414235461975824, ""vt_error_ratio"": -0.4342696781677884}",11.70170779288859,False,phase27_delayed_sync_burn,delayed_synchronization_burn,-0.02489502305058251,-0.4342696781677884,0.02489502305058251,0.43397368747765497,0.02489502305058251,D_1x_recoverable,4,unknown,11.70170779288859,11.785753648356453,,-0.4342696781677884,,,,8.261492065281601,8.261492065281601,outside_3x,0,unknown,,,,,,,0,0,{},False
phase27_delayed_sync_burn,1.05,170.0,10000.0,1.0,False,False,False,False,,,,,,False,,,False,0,,375000071148.1328,381678095048.9453,657.8331856588024,100000,False,True,max_steps,coast_arc,"{""burn_a"": 24, ""coast_arc"": 99976}","{""intercept_possible_poor_alignment"": 100000}",0.047619047619047436,0.8614744017992496,0.009127655905139585,-0.8619205445269049,0.8613892022927113,0.8618118459216247,0.9418158667040529,False,0,24,0,99976,0,1,0,0,0,0,0,False,0.0,,0,,0.0,,,,,delayed_synchronization_burn,{},"{""angular_momentum_error_ratio"": -0.8619205445269049, ""energy_error_ratio"": -0.8614744017992496, ""r_error_ratio"": 0.050890412673192706, ""vr_ratio"": 0.15623551827277804, ""vt_error_ratio"": -0.8686071793900403}",21.702524960613893,False,phase27_delayed_sync_burn,delayed_synchronization_burn,-0.03892604199510515,-0.8686071793900403,0.03892604199510515,0.8684480792003694,0.03892604199510515,D_1x_recoverable,4,unknown,21.702524960613893,21.960446269043867,,-0.8686071793900403,,,,20.0,20.0,outside_3x,0,unknown,,,,,,,0,0,{},False
phase27_delayed_sync_burn,0.98,175.0,10000.0,1.0,False,False,False,False,,,,,,False,,,False,0,,149441804208.95215,149441804208.95215,55.39598794458497,100000,False,True,max_steps,phase76_handoff,"{""burn_a"": 18, ""burn_b_timing_wait"": 128, ""coast_arc"": 1, ""phase76_handoff"": 99839, ""sync_burn_early"": 14}","{""insertion_window"": 99526, ""intercept_possible_poor_alignment"": 13, ""no_intercept_possible"": 461}",0.020408163265306287,1.0136432914086402,-0.013817563036137981,-1.160967418417785,1.0132979934856456,0.998899750596957,1.4177865926601643,False,0,18,14,1,0,1,1,1,1,1,0,True,0.0,1396654,0,,0.0,128,-171.89329560853793,0.36,14,delayed_synchronization_burn,"{""angular_momentum_error_ratio"": 0.38687809406636253, ""energy_error_ratio"": 0.9693026785416283, ""r_error_ratio"": -0.019999907426742056, ""vr_ratio"": 0.08590614404718938, ""vt_error_ratio"": 0.41518159495754253}","{""angular_momentum_error_ratio"": -0.01999927899827967, ""energy_error_ratio"": -0.0408103239294641, ""r_error_ratio"": -0.019999278879364715, ""vr_ratio"": 0.0021215880825746656, ""vt_error_ratio"": -1.2134174503706378e-10}",8.000414800314392,False,phase27_delayed_sync_burn,delayed_synchronization_burn,0.006308609146798016,-1.1642399945659452,1.2134174503706378e-10,0.9989386465348417,1.2134174503706378e-10,D_1x_recoverable,4,unknown,8.000414800314392,8.985224157913361,0.41518159495754253,-1.2134174503706378e-10,0.41518159483620076,-0.022715149226364972,,7.970229705428437,7.970229705428437,outside_3x,0,unknown,4150281,,,0.3517626972863978,,15.116283773905241,14,0,"{""burn_b_timing_wait"": 128, ""sync_burn_early"": 14}",False
phase27_delayed_sync_burn,1.0,175.0,10000.0,1.0,True,True,True,True,-75.56244302967407,-3051.944929061562,-0.017960415068522723,-0.7254159010011462,-4019.8388671875,False,0.6018852194191227,0.016617452634956786,False,1,44,1625.736328125,2204.3291015625,8.84814968539807,260,True,False,success,phase76_handoff,"{""phase76_handoff"": 44}","{""handoff_ready"": 212, ""insertion_window"": 27, ""intercept_possible_poor_alignment"": 21}",2.104654818683916e-16,5.878098861721584e-10,-0.0038053019082545138,-2.9390490934242894e-10,0.172384283833011,0.1599501633935743,1.0000000000000058,False,0,0,0,0,0,1,0,0,0,0,44,True,0.16923076923076924,0,0,,0.0,,,,,delayed_synchronization_burn,{},"{""angular_momentum_error_ratio"": -2.9390490934242894e-10, ""energy_error_ratio"": -5.878098861721584e-10, ""r_error_ratio"": -2.93910546875e-10, ""vr_ratio"": 1.6328221597544475e-10, ""vt_error_ratio"": 5.620615797735385e-15}",2.904398433002142,True,phase27_delayed_sync_burn,delayed_synchronization_burn,-0.003805301908254529,5.620615797735385e-15,0.003805301908254529,0.15995016322518452,0.003805301908254529,D_1x_recoverable,4,A_3x,2.904398433002142,3.7817957781456966,,5.620615797735385e-15,,,2.9016636040045847,2.4927317884270344,2.4927317884270344,C_3x,1,C_3x,,44,,,-0.7254159010011462,,0,0,{},False
phase27_delayed_sync_burn,1.02,175.0,10000.0,1.0,False,False,False,False,,,,,,False,,,False,0,,150000036257.10254,153467813905.25684,339.6743835014483,100000,False,True,max_steps,coast_arc,"{""burn_a"": 18, ""coast_arc"": 99982}","{""intercept_possible_poor_alignment"": 100000}",0.019607843137254777,0.6201809395377146,0.006107327294770394,-0.4109440743069493,0.6201255517614975,0.41090457655646745,0.9675103243982137,False,0,18,0,99982,0,1,0,0,0,0,0,False,0.0,,0,,0.0,,,,,delayed_synchronization_burn,{},"{""angular_momentum_error_ratio"": -0.4109440743069493, ""energy_error_ratio"": -0.6201809395377146, ""r_error_ratio"": 0.020462375187367578, ""vr_ratio"": 0.08064824304715694, ""vt_error_ratio"": -0.422755860464827}",9.086941654372925,False,phase27_delayed_sync_burn,delayed_synchronization_burn,-0.013620267358068197,-0.422755860464827,0.013620267358068197,0.4225871420101784,0.013620267358068197,D_1x_recoverable,4,unknown,9.086941654372925,9.238320276463098,,-0.422755860464827,,,,8.0,8.0,outside_3x,0,unknown,,,,,,,0,0,{},False
phase27_delayed_sync_burn,1.05,175.0,10000.0,1.0,False,False,False,False,,,,,,False,,,False,0,,375000035709.94434,378299802772.33594,320.0328212813924,100000,False,True,max_steps,coast_arc,"{""burn_a"": 24, ""coast_arc"": 99976}","{""intercept_possible_poor_alignment"": 100000}",0.04761904761904765,0.8778826423135261,0.020795802465610375,-0.8502839455188016,0.8777953898093113,0.8501754764207773,0.9414538917187043,False,0,24,0,99976,0,1,0,0,0,0,0,False,0.0,,0,,0.0,,,,,delayed_synchronization_burn,{},"{""angular_momentum_error_ratio"": -0.8502839455188016, ""energy_error_ratio"": -0.8778826423135261, ""r_error_ratio"": 0.050439973702978126, ""vr_ratio"": 0.0759441490257062, ""vt_error_ratio"": -0.8574730034754635}",20.446843289290705,False,phase27_delayed_sync_burn,delayed_synchronization_burn,-0.02781352146132346,-0.8574730034754635,0.02781352146132346,0.8573397623292858,0.02781352146132346,D_1x_recoverable,4,unknown,20.446843289290705,20.753606029845802,,-0.8574730034754635,,,,20.0,20.0,outside_3x,0,unknown,,,,,,,0,0,{},False
phase27_delayed_sync_burn,0.98,150.0,12000.0,1.0,False,False,False,False,,,,,,False,,,False,0,,149305436406.9043,149305436406.9043,66.47935598391956,100000,False,True,max_steps,phase76_handoff,"{""burn_a"": 18, ""burn_b_timing_wait"": 128, ""coast_arc"": 1, ""phase76_handoff"": 99839, ""sync_burn_early"": 14}","{""insertion_window"": 99905, ""no_intercept_possible"": 95}",0.020408163265306076,0.9987003202131683,-0.1426785900258876,-0.799735280045919,1.0015126072397327,0.9988322881116816,1.4506621815840994,False,0,18,14,1,0,1,1,1,1,1,0,True,0.0,705902,0,,0.0,128,-140.30351643605192,0.36,14,delayed_synchronization_burn,"{""angular_momentum_error_ratio"": 0.3379465809556838, ""energy_error_ratio"": 1.0636054842326585, ""r_error_ratio"": -0.01999947035152435, ""vr_ratio"": 0.49041895876721375, ""vt_error_ratio"": 0.36525087535983536}","{""angular_momentum_error_ratio"": -0.01999589210113832, ""energy_error_ratio"": -0.04080328507477116, ""r_error_ratio"": -0.0199958911053931, ""vr_ratio"": 0.002118228506709535, ""vt_error_ratio"": -1.0160622811074699e-09}",7.999057584062258,False,phase27_delayed_sync_burn,delayed_synchronization_burn,-0.12518223472029347,-0.7956675540438422,1.0160622811074699e-09,0.9988678937265044,1.0160622811074699e-09,D_1x_recoverable,4,unknown,7.999057584062258,9.019202450335518,0.36525087535983536,-1.0160622811074699e-09,0.36525087434377307,-0.027246464870086085,,7.9629569021479165,7.9629569021479165,outside_3x,0,unknown,727001,,,0.3370168973769277,,26.201220583911567,14,0,"{""burn_b_timing_wait"": 128, ""sync_burn_early"": 14}",False
phase27_delayed_sync_burn,1.0,150.0,12000.0,1.0,True,True,True,True,-80.49851164523518,-3051.369756909111,-0.019133667779626447,-0.7252791884998071,-3681.29296875,False,0.6031837526262365,0.014364654403677601,False,3,114,148.345703125,755.0380859375,26.347138132160573,326,True,False,success,phase76_handoff,"{""phase76_handoff"": 114}","{""handoff_ready"": 209, ""insertion_window"": 68, ""intercept_possible_poor_alignment"": 49}",0.0,2.0133359507560395e-10,-0.13397459621556124,-1.0066672571051816e-10,0.34060435774997916,0.3252353379979766,1.0000000000000049,False,0,0,0,0,0,1,0,0,0,0,114,True,0.3496932515337423,0,0,,0.0,,,,,delayed_synchronization_burn,{},"{""angular_momentum_error_ratio"": -1.0066672571051816e-10, ""energy_error_ratio"": -2.0133359507560395e-10, ""r_error_ratio"": -1.0067174479166667e-10, ""vr_ratio"": 5.592751671841635e-11, ""vt_error_ratio"": 4.972083205688995e-15}",2.7872261916056575,True,phase27_delayed_sync_burn,delayed_synchronization_burn,-0.1339745962155612,4.972083205688995e-15,0.1339745962155612,0.32523533842449015,0.1339745962155612,D_1x_recoverable,4,A_3x,2.7872261916056575,4.179003662073797,,4.972083205688995e-15,,,2.9011167539992284,2.4255486302029565,2.4255486302029565,C_3x,1,C_3x,,114,,,-0.7252791884998071,,0,0,{},False
phase27_delayed_sync_burn,1.02,150.0,12000.0,1.0,False,False,False,False,,,,,,False,,,False,0,,150000207945.22168,170126484326.28125,2003.3783570709747,100000,False,True,max_steps,coast_arc,"{""burn_a"": 18, ""coast_arc"": 99982}","{""intercept_possible_poor_alignment"": 100000}",0.01960784313725499,0.5949826592357413,-0.12535721577320472,-0.6256125947607882,0.5949318710010427,0.6255650702431684,0.966233028349279,False,0,18,0,99982,0,1,0,0,0,0,0,False,0.0,,0,,0.0,,,,,delayed_synchronization_burn,{},"{""angular_momentum_error_ratio"": -0.6256125947607882, ""energy_error_ratio"": -0.5949826592357413, ""r_error_ratio"": 0.022683531243504168, ""vr_ratio"": 0.47606672265565325, ""vt_error_ratio"": -0.633916657693719}",25.457956413695403,False,phase27_delayed_sync_burn,delayed_synchronization_burn,-0.14250707428745554,-0.633916657693719,0.14250707428745554,0.6333896948988794,0.14250707428745554,D_1x_recoverable,4,unknown,25.457956413695403,25.525302544442162,,-0.633916657693719,,,,23.803338446967135,23.803338446967135,outside_3x,0,unknown,,,,,,,0,0,{},False
phase27_delayed_sync_burn,1.05,150.0,12000.0,1.0,False,False,False,False,,,,,,False,,,False,0,,375000204777.94336,394233377317.86523,1913.4274862819768,100000,False,True,max_steps,coast_arc,"{""burn_a"": 24, ""coast_arc"": 99976}","{""intercept_possible_poor_alignment"": 100000}",0.04761904761904765,0.671004746308642,-0.11258803253505753,-1.1574769648215892,0.6709554765172211,1.1573463525313261,0.9395914607338702,False,0,24,0,99976,0,1,0,0,0,0,0,False,0.0,,0,,0.0,,,,,delayed_synchronization_burn,{},"{""angular_momentum_error_ratio"": -1.1574769648215892, ""energy_error_ratio"": -0.671004746308642, ""r_error_ratio"": 0.052564450309048695, ""vr_ratio"": 0.45467843721044, ""vt_error_ratio"": -1.1496126577097976}",30.81113287234357,False,phase27_delayed_sync_burn,delayed_synchronization_burn,-0.1548457452714833,-1.1496126577097976,0.1548457452714833,1.1496704889694922,0.1548457452714833,D_1x_recoverable,4,unknown,30.81113287234357,31.05675197696593,,-1.1496126577097976,,,,22.733924332509712,24.39750182371332,outside_3x,0,unknown,,,,,,,0,0,{},False
phase27_delayed_sync_burn,0.98,165.0,12000.0,1.0,False,False,False,False,,,,,,False,,,False,0,,149320307693.4795,149320307693.4795,66.4793560238119,100000,False,True,max_steps,phase76_handoff,"{""burn_a"": 18, ""burn_b_timing_wait"": 128, ""coast_arc"": 1, ""phase76_handoff"": 99839, ""sync_burn_early"": 14}","{""insertion_window"": 99905, ""no_intercept_possible"": 95}",0.020408163265306076,0.9987044402217314,-0.04378221735089306,-0.7997356681456015,1.0016708029267802,0.9989724603382245,1.4881393694525158,False,0,18,14,1,0,1,1,1,1,1,0,True,0.0,1363699,0,,0.0,128,-156.83111911821058,0.36,14,delayed_synchronization_burn,"{""angular_momentum_error_ratio"": 0.437000946805927, ""energy_error_ratio"": 1.1737429976678926, ""r_error_ratio"": -0.019999725835098438, ""vr_ratio"": 0.25385749662898655, ""vt_error_ratio"": 0.46632708652092403}","{""angular_momentum_error_ratio"": -0.019997875513505497, ""energy_error_ratio"": -0.040807416892665, ""r_error_ratio"": -0.01999787394357617, ""vr_ratio"": 0.002117879135667727, ""vt_error_ratio"": -1.6019652160298178e-09}",7.999850418574635,False,phase27_delayed_sync_burn,delayed_synchronization_burn,-0.02426756872540107,-0.7956675366388202,1.6019652160298178e-09,0.9990124225492336,1.6019652160298178e-09,D_1x_recoverable,4,unknown,7.999850418574635,9.0038131330865,0.46632708652092403,-1.6019652160298178e-09,0.4663270849189588,-0.02725526732863437,,7.963750037432969,7.963750037432969,outside_3x,0,unknown,1404468,,,0.4320222111120418,,17.03863598166129,14,0,"{""burn_b_timing_wait"": 128, ""sync_burn_early"": 14}",False
phase27_delayed_sync_burn,1.0,165.0,12000.0,1.0,True,True,True,True,-29.385295636110204,-3791.606204635221,-0.0069845823583089784,-0.9012257740911267,-579.7763671875,False,0.7293621181801756,0.02031839432766244,False,2,105,135.919921875,502.3330078125,21.192783332264064,318,True,False,success,phase76_handoff,"{""phase76_handoff"": 105}","{""handoff_ready"": 209, ""insertion_window"": 63, ""intercept_possible_poor_alignment"": 46}",2.104654818683916e-16,1.3396506758790487e-10,-0.034074173710931875,6.698273464708606e-11,0.3259054175294539,0.3132262829276735,1.0000000000000049,False,0,0,0,0,0,1,0,0,0,0,105,True,0.330188679245283,0,0,,0.0,,,,,delayed_synchronization_burn,{},"{""angular_momentum_error_ratio"": 6.698273464708606e-11, ""energy_error_ratio"": 1.3396506758790487e-10, ""r_error_ratio"": 6.6977734375e-11, ""vr_ratio"": -3.7211082884886824e-11, ""vt_error_ratio"": 4.972083205688995e-15}",2.776776976070846,True,phase27_delayed_sync_burn,delayed_synchronization_burn,-0.034074173710931834,4.972083205688995e-15,0.034074173710931834,0.3132262831941476,0.034074173710931834,D_1x_recoverable,4,outside_3x,2.776776976070846,4.005637607192157,,4.972083205688995e-15,,,3.604903096364507,2.4970818568517643,2.4970818568517643,C_3x,1,outside_3x,,105,,,-0.9012257740911267,,0,0,{},False
phase27_delayed_sync_burn,1.02,165.0,12000.0,1.0,False,False,False,False,,,,,,False,,,False,0,,150000107640.30566,160380456647.33496,1029.6655733346424,100000,False,True,max_steps,coast_arc,"{""burn_a"": 18, ""coast_arc"": 99982}","{""intercept_possible_poor_alignment"": 100000}",0.019607843137254777,0.681889445443471,-0.024462734730208335,-0.5248741722115695,0.6818303967699995,0.5248266330392679,0.9637353295947576,False,0,18,0,99982,0,1,0,0,0,0,0,False,0.0,,0,,0.0,,,,,delayed_synchronization_burn,{},"{""angular_momentum_error_ratio"": -0.5248741722115695, ""energy_error_ratio"": -0.681889445443471, ""r_error_ratio"": 0.02138406088631133, ""vr_ratio"": 0.2446362099797887, ""vt_error_ratio"": -0.5348215759543598}",14.945134983837804,False,phase27_delayed_sync_burn,delayed_synchronization_burn,-0.04359091640216505,-0.5348215759543598,0.04359091640216505,0.5344603977271037,0.04359091640216505,D_1x_recoverable,4,unknown,14.945134983837804,15.010320702522362,,-0.5348215759543598,,,,12.23181259333088,12.23181259333088,outside_3x,0,unknown,,,,,,,0,0,{},False
phase27_delayed_sync_burn,1.05,165.0,12000.0,1.0,False,False,False,False,,,,,,False,,,False,0,,375000106000.7754,384903140850.61426,980.1854391913504,100000,False,True,max_steps,coast_arc,"{""burn_a"": 24, ""coast_arc"": 99976}","{""intercept_possible_poor_alignment"": 100000}",0.04761904761904765,0.8453702873813108,-0.010220561444707415,-1.055417207463039,0.8452991988716839,1.0552865575263188,0.9357297215169665,False,0,24,0,99976,0,1,0,0,0,0,0,False,0.0,,0,,0.0,,,,,delayed_synchronization_burn,{},"{""angular_momentum_error_ratio"": -1.055417207463039, ""energy_error_ratio"": -0.8453702873813108, ""r_error_ratio"": 0.0513204187800819, ""vr_ratio"": 0.2328535007118405, ""vt_error_ratio"": -1.0527120052774617}",23.561988596416803,False,phase27_delayed_sync_burn,delayed_synchronization_burn,-0.05735291566162611,-1.0527120052774617,0.05735291566162611,1.052620587859163,0.05735291566162611,D_1x_recoverable,4,unknown,23.561988596416803,23.810486012197636,,-1.0527120052774617,,,,20.0,20.0,outside_3x,0,unknown,,,,,,,0,0,{},False
phase27_delayed_sync_burn,0.98,170.0,12000.0,1.0,False,False,False,False,,,,,,False,,,False,0,,149325553908.96094,149325553908.96094,66.47935603356116,100000,False,True,max_steps,phase76_handoff,"{""burn_a"": 18, ""burn_b_timing_wait"": 128, ""coast_arc"": 1, ""phase76_handoff"": 99839, ""sync_burn_early"": 14}","{""insertion_window"": 99905, ""no_intercept_possible"": 95}",0.020408163265306496,0.9987058945613712,-0.025090063551973553,-0.7997358068832569,1.0017015310465407,0.9989997028306705,1.4951659464547258,False,0,18,14,1,0,1,1,1,1,1,0,True,0.0,2032565,0,,0.0,128,-164.0425008803536,0.36,14,delayed_synchronization_burn,"{""angular_momentum_error_ratio"": 0.45572505453876455, ""energy_error_ratio"": 1.1947052440680126, ""r_error_ratio"": -0.019999816056021746, ""vr_ratio"": 0.17031926563540006, ""vt_error_ratio"": 0.4854334503083941}","{""angular_momentum_error_ratio"": -0.019998575065974772, ""energy_error_ratio"": -0.04080887404103543, ""r_error_ratio"": -0.0199985734389569, ""vr_ratio"": 0.0021177936600646685, ""vt_error_ratio"": -1.6602198722879155e-09}",8.000130135646963,False,phase27_delayed_sync_burn,delayed_synchronization_burn,-0.005193942399973061,-0.7956675323617002,1.6602198722879155e-09,0.99904057236989,1.6602198722879155e-09,D_1x_recoverable,4,unknown,8.000130135646963,8.999148600499897,0.4854334503083941,-1.6602198722879155e-09,0.4854334486481742,-0.02725706318889143,,7.9640298355921875,7.9640298355921875,outside_3x,0,unknown,2093332,,,0.4440458674746783,,15.27996353101631,14,0,"{""burn_b_timing_wait"": 128, ""sync_burn_early"": 14}",False
phase27_delayed_sync_burn,1.0,170.0,12000.0,1.0,True,True,True,True,-30.099257367256808,-2552.5823086070577,-0.007154283714171683,-0.6067225452351612,-1052.3896484375,False,0.49396317678545365,0.010598707260321274,False,6,1010,10.53125,67.607421875,14.814055285645287,1222,True,False,success,phase76_handoff,"{""phase76_handoff"": 1010}","{""handoff_ready"": 209, ""insertion_window"": 560, ""intercept_possible_poor_alignment"": 453}",2.104654818683916e-16,1.8038365054494238e-11,-0.015192246987791962,9.019278608507897e-12,0.7941505641062065,0.769303524146656,1.0000000000000049,False,0,0,0,0,0,1,0,0,0,0,1010,True,0.8265139116202946,0,0,,0.0,,,,,delayed_synchronization_burn,{},"{""angular_momentum_error_ratio"": 9.019278608507897e-12, ""energy_error_ratio"": 1.8038365054494238e-11, ""r_error_ratio"": 9.014322916666667e-12, ""vr_ratio"": -5.009178944711364e-12, ""vt_error_ratio"": 4.972083205688995e-15}",2.448169600872736,True,phase27_delayed_sync_burn,delayed_synchronization_burn,-0.015192246987791968,4.972083205688995e-15,0.015192246987791968,0.7693035258300145,0.015192246987791968,D_1x_recoverable,4,A_3x,2.448169600872736,3.7446400113331864,,4.972083205688995e-15,,,2.426890180940645,2.4212164371649516,2.4212164371649516,C_3x,1,C_3x,,1010,,,-0.6067225452351612,,0,0,{},False
phase27_delayed_sync_burn,1.02,170.0,12000.0,1.0,False,False,False,False,,,,,,False,,,False,0,,150000072218.56543,156937486231.89258,685.5597949833151,100000,False,True,max_steps,coast_arc,"{""burn_a"": 18, ""coast_arc"": 99982}","{""intercept_possible_poor_alignment"": 100000}",0.01960784313725499,0.6981974715878331,-0.005392923511594131,-0.5058356298554714,0.6981368727963326,0.5057880877520339,0.963265962265492,False,0,18,0,99982,0,1,0,0,0,0,0,False,0.0,,0,,0.0,,,,,delayed_synchronization_burn,{},"{""angular_momentum_error_ratio"": -0.5058356298554714, ""energy_error_ratio"": -0.6981974715878331, ""r_error_ratio"": 0.020924998164252345, ""vr_ratio"": 0.16284815999858207, ""vt_error_ratio"": -0.5159640805807512}",11.701670996723127,False,phase27_delayed_sync_burn,delayed_synchronization_burn,-0.02489502305058251,-0.5159640805807512,0.02489502305058251,0.5156989677340675,0.02489502305058251,D_1x_recoverable,4,unknown,11.701670996723127,11.80057242059,,-0.5159640805807512,,,,8.223889351433073,8.223889351433073,outside_3x,0,unknown,,,,,,,0,0,{},False
phase27_delayed_sync_burn,1.05,170.0,12000.0,1.0,False,False,False,False,,,,,,False,,,False,0,,375000071118.5596,381608948690.8535,650.7459705683316,100000,False,True,max_steps,coast_arc,"{""burn_a"": 24, ""coast_arc"": 99976}","{""intercept_possible_poor_alignment"": 100000}",0.047619047619047436,0.8780972997267489,0.009127655905139585,-1.0361306609375238,0.8780221157248826,1.0360001860219383,0.9350032816756486,False,0,24,0,99976,0,1,0,0,0,0,0,False,0.0,,0,,0.0,,,,,delayed_synchronization_burn,{},"{""angular_momentum_error_ratio"": -1.0361306609375238, ""energy_error_ratio"": -0.8780972997267489, ""r_error_ratio"": 0.050881193158780466, ""vr_ratio"": 0.15454881222905803, ""vt_error_ratio"": -1.03438129940162}",21.702513343785302,False,phase27_delayed_sync_burn,delayed_synchronization_burn,-0.03892604199510515,-1.03438129940162,0.03892604199510515,1.0342712089509773,0.03892604199510515,D_1x_recoverable,4,unknown,21.702513343785302,22.04401535012979,,-1.03438129940162,,,,20.0,20.0,outside_3x,0,unknown,,,,,,,0,0,{},False
phase27_delayed_sync_burn,0.98,175.0,12000.0,1.0,False,False,False,False,,,,,,False,,,False,0,,149330878418.66797,149330878418.66797,66.4793560424737,100000,False,True,max_steps,phase76_handoff,"{""burn_a"": 18, ""burn_b_timing_wait"": 128, ""coast_arc"": 1, ""phase76_handoff"": 99839, ""sync_burn_early"": 14}","{""insertion_window"": 99905, ""no_intercept_possible"": 95}",0.020408163265306287,0.9987073708121547,-0.013817563036137981,-0.7997359481062023,1.001720671842363,0.9990163256575927,1.4993951176966982,False,0,18,14,1,0,1,1,1,1,1,0,True,0.0,4049661,0,,0.0,128,-171.93348719020946,0.36,14,delayed_synchronization_burn,"{""angular_momentum_error_ratio"": 0.46701725610973716, ""energy_error_ratio"": 1.2073695747161735, ""r_error_ratio"": -0.019999907676642448, ""vr_ratio"": 0.08548518143904044, ""vt_error_ratio"": 0.4969562427609291}","{""angular_momentum_error_ratio"": -0.019999285030116953, ""energy_error_ratio"": -0.04081035284352496, ""r_error_ratio"": -0.019999283373579296, ""vr_ratio"": 0.0021177155069056226, ""vt_error_ratio"": -1.6903433464783476e-09}",8.000414032903647,False,phase27_delayed_sync_burn,delayed_synchronization_burn,0.006308609146798016,-0.7956675284439457,1.6903433464783476e-09,0.99905766249831,1.6903433464783476e-09,D_1x_recoverable,4,unknown,8.000414032903647,8.99556221801562,0.4969562427609291,-1.6903433464783476e-09,0.4969562410705857,-0.027258184572627686,,7.964313809443593,7.964313809443593,outside_3x,0,unknown,4170718,,,0.4207953716152151,,17.726767953071633,14,0,"{""burn_b_timing_wait"": 128, ""sync_burn_early"": 14}",False
phase27_delayed_sync_burn,1.0,175.0,12000.0,1.0,True,True,True,True,-67.92548656141525,-2582.702318568411,-0.016145189110617915,-0.6138817616273774,-5157.419921875,False,0.5104796369222995,0.010969941268989187,False,1,43,1216.3447265625,2626.7353515625,7.257112147984378,255,True,False,success,phase76_handoff,"{""phase76_handoff"": 43}","{""handoff_ready"": 209, ""insertion_window"": 26, ""intercept_possible_poor_alignment"": 20}",2.104654818683916e-16,7.004529062574584e-10,-0.0038053019082545138,-3.5022646825758274e-10,0.16585029829326867,0.15445766656619989,1.0000000000000049,False,0,0,0,0,0,1,0,0,0,0,43,True,0.16862745098039217,0,0,,0.0,,,,,delayed_synchronization_burn,{},"{""angular_momentum_error_ratio"": -3.5022646825758274e-10, ""energy_error_ratio"": -7.004529062574584e-10, ""r_error_ratio"": -3.5023138020833333e-10, ""vr_ratio"": 1.9457174060883696e-10, ""vt_error_ratio"": 4.972083205688995e-15}",2.5842628567746577,True,phase27_delayed_sync_burn,delayed_synchronization_burn,-0.003805301908254529,4.972083205688995e-15,0.003805301908254529,0.1544576663384708,0.003805301908254529,D_1x_recoverable,4,A_3x,2.5842628567746577,3.7120208840039144,,4.972083205688995e-15,,,2.4555270465095096,2.119723362888738,2.119723362888738,C_3x,1,C_3x,,43,,,-0.6138817616273774,,0,0,{},False
phase27_delayed_sync_burn,1.02,175.0,12000.0,1.0,False,False,False,False,,,,,,False,,,False,0,,150000036247.20605,153440302747.25977,335.9593860876791,100000,False,True,max_steps,coast_arc,"{""burn_a"": 18, ""coast_arc"": 99982}","{""intercept_possible_poor_alignment"": 100000}",0.019607843137254777,0.7080140146639551,0.006107327294770394,-0.4943543840493252,0.7079524827799724,0.49430696231574167,0.9629833240498897,False,0,18,0,99982,0,1,0,0,0,0,0,False,0.0,,0,,0.0,,,,,delayed_synchronization_burn,{},"{""angular_momentum_error_ratio"": -0.4943543840493252, ""energy_error_ratio"": -0.7080140146639551, ""r_error_ratio"": 0.020458707032967968, ""vr_ratio"": 0.07975317778584266, ""vt_error_ratio"": -0.50449184032065}",9.08684706703187,False,phase27_delayed_sync_burn,delayed_synchronization_burn,-0.013620267358068197,-0.50449184032065,0.013620267358068197,0.5043347435151139,0.013620267358068197,D_1x_recoverable,4,unknown,9.08684706703187,9.288759002485973,,-0.50449184032065,,,,8.0,8.0,outside_3x,0,unknown,,,,,,,0,0,{},False
phase27_delayed_sync_burn,1.05,175.0,12000.0,1.0,False,False,False,False,,,,,,False,,,False,0,,375000035695.10156,378263780650.0596,316.2190925781402,100000,False,True,max_steps,coast_arc,"{""burn_a"": 24, ""coast_arc"": 99976}","{""intercept_possible_poor_alignment"": 100000}",0.04761904761904765,0.8977985573807181,0.020795802465610375,-1.0245000139379012,0.89772090788909,1.0243697678174712,0.9345657275839377,False,0,24,0,99976,0,1,0,0,0,0,0,False,0.0,,0,,0.0,,,,,delayed_synchronization_burn,{},"{""angular_momentum_error_ratio"": -1.0245000139379012, ""energy_error_ratio"": -0.8977985573807181, ""r_error_ratio"": 0.05043517075334127, ""vr_ratio"": 0.0750350249097049, ""vt_error_ratio"": -1.0233236801470864}",20.446833376035027,False,phase27_delayed_sync_burn,delayed_synchronization_burn,-0.02781352146132346,-1.0233236801470864,0.02781352146132346,1.0232040199121624,0.02781352146132346,D_1x_recoverable,4,unknown,20.446833376035027,20.864603983081555,,-1.0233236801470864,,,,20.0,20.0,outside_3x,0,unknown,,,,,,,0,0,{},False
phase27_split_phase_sync_burn,0.98,150.0,8000.0,1.0,False,False,False,False,,,,,,False,,,False,0,,149526429119.33105,149526429119.33105,44.31861254234332,100000,False,True,max_steps,phase76_handoff,"{""burn_a"": 18, ""burn_b_timing_wait"": 128, ""coast_arc"": 1, ""phase76_handoff"": 99819, ""sync_burn_early"": 8, ""sync_burn_late"": 12, ""sync_hold"": 14}","{""insertion_window"": 99637, ""no_intercept_possible"": 363}",0.020408163265306076,1.0244711175009906,-0.1426785900258876,-1.1245875824569838,1.0224230573694528,0.9984102721783344,1.2998219393460562,False,0,18,20,1,0,1,1,1,1,1,0,True,0.0,705902,0,,0.0,128,-124.32521856546148,0.34,34,split_phase_sync_burn,"{""angular_momentum_error_ratio"": 0.17773686532523883, ""energy_error_ratio"": 0.6487217985732481, ""r_error_ratio"": -0.01999946748038763, ""vr_ratio"": 0.49525942384523597, ""vt_error_ratio"": 0.20177165852883766}","{""angular_momentum_error_ratio"": -0.019995865002196248, ""energy_error_ratio"": -0.04080771389892872, ""r_error_ratio"": -0.01999582747101237, ""vr_ratio"": 1.0693843404070674e-05, ""vt_error_ratio"": -3.829696330697744e-08}",7.998330993069347,False,phase27_split_phase_sync_burn,split_phase_sync_burn,-0.12518223472029347,-1.1271219955308844,1.2536837797408977e-08,0.9984402420247058,1.2536837797408977e-08,D_1x_recoverable,4,unknown,7.998330993069347,8.989120483463179,0.20177165852883766,-3.829696330697744e-08,0.20177162023187437,-0.018164144537293675,,7.974743050827553,7.974743050827553,outside_3x,0,unknown,719895,,,0.177336733708044,,25.589085632810303,20,14,"{""burn_b_timing_wait"": 128, ""sync_burn_early"": 8, ""sync_burn_late"": 12, ""sync_hold"": 14}",False
phase27_split_phase_sync_burn,1.0,150.0,8000.0,1.0,True,True,True,True,-25.192574395203952,-3281.9890635371144,-0.005988015668111895,-0.7800950243010297,-1460.0703125,False,0.6312616384372342,0.022897899677950195,False,1,631,473.6396484375,1334.857421875,19.644712995676638,852,True,False,success,phase76_handoff,"{""phase76_handoff"": 631}","{""handoff_ready"": 216, ""insertion_window"": 382, ""intercept_possible_poor_alignment"": 254}",0.0,3.55947010158653e-10,-0.13397459621556124,-1.7797318008717732e-10,0.730935153977333,0.7067683357255949,1.0000000000000073,False,0,0,0,0,0,1,0,0,0,0,631,True,0.7406103286384976,0,0,,0.0,,,,,split_phase_sync_burn,{},"{""angular_momentum_error_ratio"": -1.7797318008717732e-10, ""energy_error_ratio"": -3.55947010158653e-10, ""r_error_ratio"": -1.7798098958333334e-10, ""vr_ratio"": 9.887642214050619e-11, ""vt_error_ratio"": 7.782391104556687e-15}",2.977871114143954,True,phase27_split_phase_sync_burn,split_phase_sync_burn,-0.1339745962155612,7.782391104556687e-15,0.1339745962155612,0.7067683366816189,0.1339745962155612,D_1x_recoverable,4,outside_3x,2.977871114143954,3.923702403810297,,7.782391104556687e-15,,,3.120380097204119,2.947441621382349,2.947441621382349,C_3x,1,outside_3x,,631,,,-0.7800950243010297,,0,0,{},False
phase27_split_phase_sync_burn,1.02,150.0,8000.0,1.0,False,False,False,False,,,,,,False,,,False,0,,150000208058.7246,170343025558.44434,2026.6388578588494,100000,False,True,max_steps,coast_arc,"{""burn_a"": 18, ""coast_arc"": 99982}","{""intercept_possible_poor_alignment"": 100000}",0.01960784313725499,0.44365947118547316,-0.12535721577320472,-0.4588594855455239,0.44361905538495505,0.4588278026998162,0.9741850063012878,False,0,18,0,99982,0,1,0,0,0,0,0,False,0.0,,0,,0.0,,,,,split_phase_sync_burn,{},"{""angular_momentum_error_ratio"": -0.4588594855455239, ""energy_error_ratio"": -0.44365947118547316, ""r_error_ratio"": 0.022712403407792577, ""vr_ratio"": 0.4816155237530073, ""vt_error_ratio"": -0.47087713745199994}",25.625866564702612,False,phase27_split_phase_sync_burn,split_phase_sync_burn,-0.14250707428745554,-0.47087713745199994,0.14250707428745554,0.47014409611061375,0.14250707428745554,D_1x_recoverable,4,unknown,25.625866564702612,25.712477866227964,,-0.47087713745199994,,,,24.08077810141662,24.08077810141662,outside_3x,0,unknown,,,,,,,0,0,{},False
phase27_split_phase_sync_burn,1.05,150.0,8000.0,1.0,False,False,False,False,,,,,,False,,,False,0,,375000204948.18164,394624067795.2461,1952.6134973316935,100000,False,True,max_steps,coast_arc,"{""burn_a"": 24, ""coast_arc"": 99976}","{""intercept_possible_poor_alignment"": 100000}",0.04761904761904765,0.6518721252678656,-0.11258803253505753,-0.8091753282905207,0.6518032612188849,0.809088254310838,0.9516473510587419,False,0,24,0,99976,0,1,0,0,0,0,0,False,0.0,,0,,0.0,,,,,split_phase_sync_burn,{},"{""angular_momentum_error_ratio"": -0.8091753282905207, ""energy_error_ratio"": -0.6518721252678656, ""r_error_ratio"": 0.05261654237269948, ""vr_ratio"": 0.46399395715910136, ""vt_error_ratio"": -0.8187139722511465}",30.989889093950367,False,phase27_split_phase_sync_burn,split_phase_sync_burn,-0.1548457452714833,-0.8187139722511465,0.1548457452714833,0.8184057488767749,0.1548457452714833,D_1x_recoverable,4,unknown,30.989889093950367,31.240380516038975,,-0.8187139722511465,,,,23.199700301768594,24.39750182371332,outside_3x,0,unknown,,,,,,,0,0,{},False
phase27_split_phase_sync_burn,0.98,165.0,8000.0,1.0,False,False,False,False,,,,,,False,,,False,0,,149541612501.33398,149541612501.33398,44.318612539732946,100000,False,True,max_steps,phase76_handoff,"{""burn_a"": 18, ""burn_b_timing_wait"": 128, ""coast_arc"": 1, ""phase76_handoff"": 99819, ""sync_burn_early"": 8, ""sync_burn_late"": 12, ""sync_hold"": 14}","{""insertion_window"": 99637, ""no_intercept_possible"": 363}",0.020408163265306076,1.0244753323656601,-0.04378221735089306,-1.1245873269770814,1.022528292332669,0.9985464510002635,1.3277791329177384,False,0,18,20,1,0,1,1,1,1,1,0,True,0.0,1363699,0,,0.0,128,-154.01239011651245,0.34,34,split_phase_sync_burn,"{""angular_momentum_error_ratio"": 0.2767395354455463, ""energy_error_ratio"": 0.7221816433682448, ""r_error_ratio"": -0.01999972434845573, ""vr_ratio"": 0.25636376674700956, ""vt_error_ratio"": 0.302795077885787}","{""angular_momentum_error_ratio"": -0.019997881731733474, ""energy_error_ratio"": -0.040811914058206104, ""r_error_ratio"": -0.019997851921348567, ""vr_ratio"": 4.42889784555243e-06, ""vt_error_ratio"": -3.041869336019014e-08}",7.9991407692783865,False,phase27_split_phase_sync_burn,split_phase_sync_burn,-0.02426756872540107,-1.1271219974413165,9.958063816292951e-09,0.9985808672951934,9.958063816292951e-09,D_1x_recoverable,4,unknown,7.9991407692783865,8.973437576284491,0.302795077885787,-3.041869336019014e-08,0.3027950474670937,-0.01817012841329607,,7.975552831200937,7.975552831200937,outside_3x,0,unknown,1390738,,,0.27414578591340294,,15.38433282104017,20,14,"{""burn_b_timing_wait"": 128, ""sync_burn_early"": 8, ""sync_burn_late"": 12, ""sync_hold"": 14}",False
phase27_split_phase_sync_burn,1.0,165.0,8000.0,1.0,True,True,True,True,-88.06929902399378,-3143.494158607936,-0.020933166025926386,-0.7471762106990555,-2645.9189453125,False,0.6228607681431453,0.021398883100412866,False,1,182,2175.0126953125,2201.5400390625,24.039640678408468,403,True,False,success,phase76_handoff,"{""phase76_handoff"": 182}","{""handoff_ready"": 216, ""insertion_window"": 109, ""intercept_possible_poor_alignment"": 78}",2.104654818683916e-16,5.870625232460438e-10,-0.034074173710931875,-2.935310709686659e-10,0.4505343981162966,0.4324346135808888,1.0000000000000073,False,0,0,0,0,0,1,0,0,0,0,182,True,0.45161290322580644,1,0,,0.0,,,,,split_phase_sync_burn,{},"{""angular_momentum_error_ratio"": -2.935310709686659e-10, ""energy_error_ratio"": -5.870625232460438e-10, ""r_error_ratio"": -2.93538671875e-10, ""vr_ratio"": 1.6307517218458297e-10, ""vt_error_ratio"": 7.566213573874556e-15}",3.1567937662689762,True,phase27_split_phase_sync_burn,split_phase_sync_burn,-0.034074173710931834,7.566213573874556e-15,0.034074173710931834,0.43243461389999965,0.034074173710931834,D_1x_recoverable,4,A_3x,3.1567937662689762,4.001961768532698,,7.566213573874556e-15,,,2.988704842796222,2.9819871996756193,2.9819871996756193,C_3x,1,C_3x,,182,,,-0.7471762106990555,,0,0,{},False
phase27_split_phase_sync_burn,1.02,165.0,8000.0,1.0,False,False,False,False,,,,,,False,,,False,0,,150000107699.07715,160504502316.9912,1044.0342145911768,100000,False,True,max_steps,coast_arc,"{""burn_a"": 18, ""coast_arc"": 99982}","{""intercept_possible_poor_alignment"": 100000}",0.019607843137254777,0.5015665861185644,-0.024462734730208335,-0.3580700078271545,0.5015206672753344,0.3580383150899955,0.9725342061045669,False,0,18,0,99982,0,1,0,0,0,0,0,False,0.0,,0,,0.0,,,,,split_phase_sync_burn,{},"{""angular_momentum_error_ratio"": -0.3580700078271545, ""energy_error_ratio"": -0.5015665861185644, ""r_error_ratio"": 0.02140060030893216, ""vr_ratio"": 0.24807601008717187, ""vt_error_ratio"": -0.3715198601031878}",14.968683117592679,False,phase27_split_phase_sync_burn,split_phase_sync_burn,-0.04359091640216505,-0.3715198601031878,0.04359091640216505,0.37105841247513477,0.04359091640216505,D_1x_recoverable,4,unknown,14.968683117592679,15.054932241378934,,-0.3715198601031878,,,,12.403802108195135,12.403802108195135,outside_3x,0,unknown,,,,,,,0,0,{},False
phase27_split_phase_sync_burn,1.05,165.0,8000.0,1.0,False,False,False,False,,,,,,False,,,False,0,,375000106088.9248,385113246594.83887,1001.998143845107,100000,False,True,max_steps,coast_arc,"{""burn_a"": 24, ""coast_arc"": 99976}","{""intercept_possible_poor_alignment"": 100000}",0.04761904761904765,0.7679929840763221,-0.010220561444707415,-0.7070169013260886,0.7679095772321304,0.7069298016036287,0.9491073110340807,False,0,24,0,99976,0,1,0,0,0,0,0,False,0.0,,0,,0.0,,,,,split_phase_sync_burn,{},"{""angular_momentum_error_ratio"": -0.7070169013260886, ""energy_error_ratio"": -0.7679929840763221, ""r_error_ratio"": 0.05134843287931185, ""vr_ratio"": 0.23804814966292265, ""vt_error_ratio"": -0.7213263562190099}",23.56209253144189,False,phase27_split_phase_sync_burn,split_phase_sync_burn,-0.05735291566162611,-0.7213263562190099,0.05735291566162611,0.7210651192603043,0.05735291566162611,D_1x_recoverable,4,unknown,23.56209253144189,23.74220717368254,,-0.7213263562190099,,,,20.0,20.0,outside_3x,0,unknown,,,,,,,0,0,{},False
phase27_split_phase_sync_burn,0.98,170.0,8000.0,1.0,False,False,False,False,,,,,,False,,,False,0,,149546919635.98926,149546919635.98926,44.31861253913904,100000,False,True,max_steps,phase76_handoff,"{""burn_a"": 18, ""burn_b_timing_wait"": 128, ""coast_arc"": 1, ""phase76_handoff"": 99819, ""sync_burn_early"": 8, ""sync_burn_late"": 12, ""sync_hold"": 14}","{""insertion_window"": 99637, ""no_intercept_possible"": 363}",0.020408163265306496,1.024476805683321,-0.025090063551973553,-1.1245872373961867,1.022548638684789,0.9985731841257529,1.3330339359186443,False,0,18,20,1,0,1,1,1,1,1,0,True,0.0,2032565,0,,0.0,128,-162.21367650674085,0.34,34,split_phase_sync_burn,"{""angular_momentum_error_ratio"": 0.29545318743911425, ""energy_error_ratio"": 0.7361635128216514, ""r_error_ratio"": -0.019999815058560286, ""vr_ratio"": 0.17200080752843205, ""vt_error_ratio"": 0.32189075812932055}","{""angular_momentum_error_ratio"": -0.019998586649992017, ""energy_error_ratio"": -0.040813382139977344, ""r_error_ratio"": -0.019998559539222527, ""vr_ratio"": 3.6041095339149172e-06, ""vt_error_ratio"": -2.766400988556474e-08}",7.999423816162788,False,phase27_split_phase_sync_burn,split_phase_sync_burn,-0.005193942399973061,-1.1271219978218165,9.056298270675145e-09,0.9986083358185069,9.056298270675145e-09,D_1x_recoverable,4,unknown,7.999423816162788,8.96868586494661,0.32189075812932055,-2.766400988556474e-08,0.3218907304653107,-0.0181713506546044,,7.975835878382552,7.975835878382552,outside_3x,0,unknown,2072866,,,0.2891996078888292,,12.695789523478695,20,14,"{""burn_b_timing_wait"": 128, ""sync_burn_early"": 8, ""sync_burn_late"": 12, ""sync_hold"": 14}",False
phase27_split_phase_sync_burn,1.0,170.0,8000.0,1.0,True,True,True,True,-26.609700880474676,-3835.407376660934,-0.006324852049514541,-0.911636861908399,-2190.5517578125,False,0.7368993122782103,0.029925929496057102,False,1,2307,470.41796875,2058.1533203125,20.503655353634183,2529,True,False,success,phase76_handoff,"{""phase76_handoff"": 2307}","{""handoff_ready"": 216, ""insertion_window"": 1096, ""intercept_possible_poor_alignment"": 1217}",2.104654818683916e-16,5.488264172930856e-10,-0.015192246987791962,-2.744130855547726e-10,0.8975993091151757,0.8706165037730679,1.0000000000000073,False,0,0,0,0,0,1,0,0,0,0,2307,True,0.9122182680901542,0,0,,0.0,,,,,split_phase_sync_burn,{},"{""angular_momentum_error_ratio"": -2.744130855547726e-10, ""energy_error_ratio"": -5.488264172930856e-10, ""r_error_ratio"": -2.744204427083333e-10, ""vr_ratio"": 1.5245390746754248e-10, ""vt_error_ratio"": 7.350036043192427e-15}",2.971756020030534,True,phase27_split_phase_sync_burn,split_phase_sync_burn,-0.015192246987791968,7.350036043192427e-15,0.015192246987791968,0.8706165074150813,0.015192246987791968,D_1x_recoverable,4,outside_3x,2.971756020030534,3.8351097996974852,,7.350036043192427e-15,,,3.646547447633596,2.7583422206813726,2.7583422206813726,C_3x,1,outside_3x,,2307,,,-0.911636861908399,,0,0,{},False
phase27_split_phase_sync_burn,1.02,170.0,8000.0,1.0,False,False,False,False,,,,,,False,,,False,0,,150000072257.99902,157028239961.47754,696.6677659893638,100000,False,True,max_steps,coast_arc,"{""burn_a"": 18, ""coast_arc"": 99982}","{""intercept_possible_poor_alignment"": 100000}",0.01960784313725499,0.5124324209772779,-0.005392923511594131,-0.3390212365297166,0.5123854695101537,0.33898954181399565,0.9722241532219635,False,0,18,0,99982,0,1,0,0,0,0,0,False,0.0,,0,,0.0,,,,,split_phase_sync_burn,{},"{""angular_momentum_error_ratio"": -0.3390212365297166, ""energy_error_ratio"": -0.5124324209772779, ""r_error_ratio"": 0.02093709866153034, ""vr_ratio"": 0.16551380303161406, ""vt_error_ratio"": -0.3525764081481217}",11.701750713617072,False,phase27_split_phase_sync_burn,split_phase_sync_burn,-0.02489502305058251,-0.3525764081481217,0.02489502305058251,0.3522489356405594,0.02489502305058251,D_1x_recoverable,4,unknown,11.701750713617072,11.781684589292153,,-0.3525764081481217,,,,8.304710951405522,8.304710951405522,outside_3x,0,unknown,,,,,,,0,0,{},False
phase27_split_phase_sync_burn,1.05,170.0,8000.0,1.0,False,False,False,False,,,,,,False,,,False,0,,375000071177.7051,381754068109.56836,666.18989069654,100000,False,True,max_steps,coast_arc,"{""burn_a"": 24, ""coast_arc"": 99976}","{""intercept_possible_poor_alignment"": 100000}",0.047619047619047436,0.7897863012180721,0.009127655905139585,-0.6877105828689392,0.7897001681552682,0.6876236605485023,0.9486299106362504,False,0,24,0,99976,0,1,0,0,0,0,0,False,0.0,,0,,0.0,,,,,split_phase_sync_burn,{},"{""angular_momentum_error_ratio"": -0.6877105828689392, ""energy_error_ratio"": -0.7897863012180721, ""r_error_ratio"": 0.05090054241460912, ""vr_ratio"": 0.15823130226096258, ""vt_error_ratio"": -0.7028363726851573}",21.702444158808806,False,phase27_split_phase_sync_burn,split_phase_sync_burn,-0.03892604199510515,-0.7028363726851573,0.03892604199510515,0.7026266289288824,0.03892604199510515,D_1x_recoverable,4,unknown,21.702444158808806,21.90004233258935,,-0.7028363726851573,,,,20.0,20.0,outside_3x,0,unknown,,,,,,,0,0,{},False
phase27_split_phase_sync_burn,0.98,175.0,8000.0,1.0,False,False,False,False,,,,,,False,,,False,0,,149552290699.7461,149552290699.7461,44.31861253860815,100000,False,True,max_steps,phase76_handoff,"{""burn_a"": 18, ""burn_b_timing_wait"": 128, ""coast_arc"": 1, ""phase76_handoff"": 99819, ""sync_burn_early"": 8, ""sync_burn_late"": 12, ""sync_hold"": 14}","{""insertion_window"": 99637, ""no_intercept_possible"": 363}",0.020408163265306287,1.0244782967654715,-0.013817563036137981,-1.1245871466741895,1.0225614552240003,0.9985894356183538,1.3361986501889813,False,0,18,20,1,0,1,1,1,1,1,0,True,0.0,2810817,0,,0.0,128,-171.02007691377963,0.34,34,split_phase_sync_burn,"{""angular_momentum_error_ratio"": 0.3067389421076711, ""energy_error_ratio"": 0.7446106894542571, ""r_error_ratio"": -0.01999990717603047, ""vr_ratio"": 0.08632907049245486, ""vt_error_ratio"": 0.3334069574852493}","{""angular_momentum_error_ratio"": -0.019999301645843546, ""energy_error_ratio"": -0.04081487114240053, ""r_error_ratio"": -0.01999927568105091, ""vr_ratio"": 3.0555057125181565e-06, ""vt_error_ratio"": -2.6494666710149574e-08}",7.999710272750181,False,phase27_split_phase_sync_burn,split_phase_sync_burn,0.006308609146798016,-1.1271219981436167,8.673517256824441e-09,0.9986250937045597,8.673517256824441e-09,D_1x_recoverable,4,unknown,7.999710272750181,8.965013550230323,0.3334069574852493,-2.6494666710149574e-08,0.3334069309905826,-0.018172115017088708,,7.976122335116302,7.976122335116302,outside_3x,0,unknown,4129949,,,0.2812964487341561,,12.644136044004709,20,14,"{""burn_b_timing_wait"": 128, ""sync_burn_early"": 8, ""sync_burn_late"": 12, ""sync_hold"": 14}",False
phase27_split_phase_sync_burn,1.0,175.0,8000.0,1.0,True,True,True,True,-35.33209647045934,-3439.731965189568,-0.00839807571601849,-0.8175888886362344,-454.1748046875,False,0.6641488018287663,0.02482508985438676,False,1,86,265.2685546875,277.490234375,8.86631054729974,307,True,False,success,phase76_handoff,"{""phase76_handoff"": 86}","{""handoff_ready"": 215, ""insertion_window"": 52, ""intercept_possible_poor_alignment"": 40}",2.104654818683916e-16,7.398261572089514e-11,-0.0038053019082545138,-3.6991364129378737e-11,0.2861142806458803,0.2677516417374583,1.0000000000000073,False,0,0,0,0,0,1,0,0,0,0,86,True,0.28013029315960913,1,0,,0.0,,,,,split_phase_sync_burn,{},"{""angular_momentum_error_ratio"": -3.6991364129378737e-11, ""energy_error_ratio"": -7.398261572089514e-11, ""r_error_ratio"": -3.6998697916666665e-11, ""vr_ratio"": 2.055292407109975e-11, ""vt_error_ratio"": 7.350036043192427e-15}",2.9569801506190814,True,phase27_split_phase_sync_burn,split_phase_sync_burn,-0.003805301908254529,7.350036043192427e-15,0.003805301908254529,0.2677516418490506,0.003805301908254529,D_1x_recoverable,4,outside_3x,2.9569801506190814,3.773876976166162,,7.350036043192427e-15,,,3.2703555545449374,2.1196812417826454,2.1196812417826454,C_3x,1,outside_3x,,86,,,-0.8175888886362344,,0,0,{},False
phase27_split_phase_sync_burn,1.02,175.0,8000.0,1.0,False,False,False,False,,,,,,False,,,False,0,,150000036266.99902,153496951935.50977,343.6989150753124,100000,False,True,max_steps,coast_arc,"{""burn_a"": 18, ""coast_arc"": 99982}","{""intercept_possible_poor_alignment"": 100000}",0.019607843137254777,0.5189729724889153,0.006107327294770394,-0.32753377425067104,0.5189253994462651,0.327502200482083,0.9720374749698517,False,0,18,0,99982,0,1,0,0,0,0,0,False,0.0,,0,,0.0,,,,,split_phase_sync_burn,{},"{""angular_momentum_error_ratio"": -0.32753377425067104, ""energy_error_ratio"": -0.5189729724889153, ""r_error_ratio"": 0.02046626025806797, ""vr_ratio"": 0.08161871712335189, ""vt_error_ratio"": -0.34102061779164794}",9.086850509347325,False,phase27_split_phase_sync_burn,split_phase_sync_burn,-0.013620267358068197,-0.34102061779164794,0.013620267358068197,0.3408398556022708,0.013620267358068197,D_1x_recoverable,4,unknown,9.086850509347325,9.200248967409705,,-0.34102061779164794,,,,8.0,8.0,outside_3x,0,unknown,,,,,,,0,0,{},False
phase27_split_phase_sync_burn,1.05,175.0,8000.0,1.0,False,False,False,False,,,,,,False,,,False,0,,375000035724.7881,378342332637.4072,325.08467696479426,100000,False,True,max_steps,coast_arc,"{""burn_a"": 24, ""coast_arc"": 99976}","{""intercept_possible_poor_alignment"": 100000}",0.04761904761904765,0.8029052688622864,0.020795802465610375,-0.6760679156965376,0.8028174946721713,0.6759812236145738,0.9483424233034455,False,0,24,0,99976,0,1,0,0,0,0,0,False,0.0,,0,,0.0,,,,,split_phase_sync_burn,{},"{""angular_momentum_error_ratio"": -0.6760679156965376, ""energy_error_ratio"": -0.8029052688622864, ""r_error_ratio"": 0.050445644351654294, ""vr_ratio"": 0.07715490634276088, ""vt_error_ratio"": -0.6916241349133331}",20.446890754374035,False,phase27_split_phase_sync_burn,split_phase_sync_burn,-0.02781352146132346,-0.6916241349133331,0.02781352146132346,0.691476371368052,0.02781352146132346,D_1x_recoverable,4,unknown,20.446890754374035,20.665000669607032,,-0.6916241349133331,,,,20.0,20.0,outside_3x,0,unknown,,,,,,,0,0,{},False
phase27_split_phase_sync_burn,0.98,150.0,10000.0,1.0,False,False,False,False,,,,,,False,,,False,0,,149416326543.43555,149416326543.43555,55.40708008032503,100000,False,True,max_steps,phase76_handoff,"{""burn_a"": 18, ""burn_b_timing_wait"": 128, ""coast_arc"": 1, ""phase76_handoff"": 99819, ""sync_burn_early"": 8, ""sync_burn_late"": 12, ""sync_hold"": 14}","{""insertion_window"": 99527, ""intercept_possible_poor_alignment"": 13, ""no_intercept_possible"": 460}",0.020408163265306076,1.0136165251695912,-0.1426785900258876,-1.1599964970161156,1.012931989665419,0.9985218425230193,1.374876627303795,False,0,18,20,1,0,1,1,1,1,1,0,True,0.0,705902,0,,0.0,128,-134.86220439539545,0.34,34,split_phase_sync_burn,"{""angular_momentum_error_ratio"": 0.2578415599813004, ""energy_error_ratio"": 0.8494704621631978, ""r_error_ratio"": -0.01999946891827474, ""vr_ratio"": 0.4928335804732481, ""vt_error_ratio"": 0.28351110033878657}","{""angular_momentum_error_ratio"": -0.020030364737058853, ""energy_error_ratio"": -0.04087812175338617, ""r_error_ratio"": -0.019995867193229946, ""vr_ratio"": 2.4465547565062117e-07, ""vt_error_ratio"": -3.5201426885958674e-05}",7.9983468778289275,False,phase27_split_phase_sync_burn,split_phase_sync_burn,-0.12518223472029347,-1.1632487678433003,2.3205450084925746e-05,0.9985530368127199,2.3205450084925746e-05,D_1x_recoverable,4,unknown,7.9983468778289275,9.008870405792667,0.28351110033878657,-3.5201426885958674e-05,0.2834758989119006,-0.022705286554869974,,7.9688711907312495,7.9688711907312495,outside_3x,0,unknown,723439,,,0.25719987993548726,,25.87946274152828,20,14,"{""burn_b_timing_wait"": 128, ""sync_burn_early"": 8, ""sync_burn_late"": 12, ""sync_hold"": 14}",False
phase27_split_phase_sync_burn,1.0,150.0,10000.0,1.0,True,True,True,True,-6.276680836972505,-4026.540150778171,-0.0014919024394221608,-0.9570671553015822,-547.65234375,False,0.7674440072415927,0.02644763969103196,False,1,413,80.015625,399.2158203125,22.040497429913927,630,True,False,success,phase76_handoff,"{""phase76_handoff"": 413}","{""handoff_ready"": 211, ""insertion_window"": 251, ""intercept_possible_poor_alignment"": 168}",0.0,1.0644565350620334e-10,-0.13397459621556124,-5.3222465417905946e-11,0.6430051106494269,0.6187930017814905,1.000000000000006,False,0,0,0,0,0,1,0,0,0,0,413,True,0.6555555555555556,0,0,,0.0,,,,,split_phase_sync_burn,{},"{""angular_momentum_error_ratio"": -5.3222465417905946e-11, ""energy_error_ratio"": -1.0644565350620334e-10, ""r_error_ratio"": -5.322877604166667e-11, ""vr_ratio"": 2.957004284280792e-11, ""vt_error_ratio"": 6.269148389781775e-15}",2.758531474618212,True,phase27_split_phase_sync_burn,split_phase_sync_burn,-0.1339745962155612,6.269148389781775e-15,0.1339745962155612,0.6187930028131363,0.1339745962155612,D_1x_recoverable,4,outside_3x,2.758531474618212,3.9131082488733675,,6.269148389781775e-15,,,3.8282686212063286,2.6852791219384198,2.6852791219384198,C_3x,1,outside_3x,,413,,,-0.9570671553015822,,0,0,{},False
phase27_split_phase_sync_burn,1.02,150.0,10000.0,1.0,False,False,False,False,,,,,,False,,,False,0,,150000208001.97266,170233753030.82324,2014.8353784766816,100000,False,True,max_steps,coast_arc,"{""burn_a"": 18, ""coast_arc"": 99982}","{""intercept_possible_poor_alignment"": 100000}",0.01960784313725499,0.5260135675057651,-0.12535721577320472,-0.5422358781238094,0.5259671295358843,0.5421962744625494,0.970206527515042,False,0,18,0,99982,0,1,0,0,0,0,0,False,0.0,,0,,0.0,,,,,split_phase_sync_burn,{},"{""angular_momentum_error_ratio"": -0.5422358781238094, ""energy_error_ratio"": -0.5260135675057651, ""r_error_ratio"": 0.0226978337374431, ""vr_ratio"": 0.4787990375207128, ""vt_error_ratio"": -0.5523955299648045}",25.53942098359567,False,phase27_split_phase_sync_burn,split_phase_sync_burn,-0.14250707428745554,-0.5523955299648045,0.14250707428745554,0.5517661537920886,0.14250707428745554,D_1x_recoverable,4,unknown,25.53942098359567,25.615534383720796,,-0.5523955299648045,,,,23.939954008230842,23.939954008230842,outside_3x,0,unknown,,,,,,,0,0,{},False
phase27_split_phase_sync_burn,1.05,150.0,10000.0,1.0,False,False,False,False,,,,,,False,,,False,0,,375000204863.0635,394424709804.75195,1932.326912783091,100000,False,True,max_steps,coast_arc,"{""burn_a"": 24, ""coast_arc"": 99976}","{""intercept_possible_poor_alignment"": 100000}",0.04761904761904765,0.688989201875164,-0.11258803253505753,-0.9833255016508394,0.6889255822599637,0.9832166586220563,0.945613346805704,False,0,24,0,99976,0,1,0,0,0,0,0,False,0.0,,0,,0.0,,,,,split_phase_sync_burn,{},"{""angular_momentum_error_ratio"": -0.9833255016508394, ""energy_error_ratio"": -0.688989201875164, ""r_error_ratio"": 0.05258996130730026, ""vr_ratio"": 0.45916769375605515, ""vt_error_ratio"": -0.984158600250708}",30.891819060499373,False,phase27_split_phase_sync_burn,split_phase_sync_burn,-0.1548457452714833,-0.984158600250708,0.1548457452714833,0.9840354545583666,0.1548457452714833,D_1x_recoverable,4,unknown,30.891819060499373,31.137209960475968,,-0.984158600250708,,,,22.958387218645754,24.39750182371332,outside_3x,0,unknown,,,,,,,0,0,{},False
phase27_split_phase_sync_burn,0.98,165.0,10000.0,1.0,False,False,False,False,,,,,,False,,,False,0,,149431325997.49805,149431325997.49805,55.40708029195003,100000,False,True,max_steps,phase76_handoff,"{""burn_a"": 18, ""burn_b_timing_wait"": 128, ""coast_arc"": 1, ""phase76_handoff"": 99819, ""sync_burn_early"": 8, ""sync_burn_late"": 12, ""sync_hold"": 14}","{""insertion_window"": 99527, ""intercept_possible_poor_alignment"": 13, ""no_intercept_possible"": 460}",0.020408163265306076,1.0136196510711006,-0.04378221735089306,-1.1599992327477093,1.013062623558282,0.9986597187369609,1.407866913416998,False,0,18,20,1,0,1,1,1,1,1,0,True,0.0,1363699,0,,0.0,128,-154.41934005729067,0.34,34,split_phase_sync_burn,"{""angular_momentum_error_ratio"": 0.35687019721921753, ""energy_error_ratio"": 0.9412734620470542, ""r_error_ratio"": -0.019999725092979037, ""vr_ratio"": 0.2551077222901433, ""vt_error_ratio"": 0.38456103734047686}","{""angular_momentum_error_ratio"": -0.020022797458705926, ""energy_error_ratio"": -0.04086276237516024, ""r_error_ratio"": -0.019997867116271877, ""vr_ratio"": 1.7311170873398284e-07, ""vt_error_ratio"": -2.5439069566827937e-05}",7.99914684678896,False,phase27_split_phase_sync_burn,split_phase_sync_burn,-0.02426756872540107,-1.1632518923130342,1.6769918475477584e-05,0.9986951178208678,1.6769918475477584e-05,D_1x_recoverable,4,unknown,7.99914684678896,8.993352695410982,0.38456103734047686,-2.5439069566827937e-05,0.38453559827091005,-0.022712692974003024,,7.969671161624948,7.969671161624948,outside_3x,0,unknown,1397585,,,0.35317733984134475,,16.18188438921884,20,14,"{""burn_b_timing_wait"": 128, ""sync_burn_early"": 8, ""sync_burn_late"": 12, ""sync_hold"": 14}",False
phase27_split_phase_sync_burn,1.0,165.0,10000.0,1.0,True,True,True,True,-8.88966729674766,-3994.6531548940916,-0.0021129824297496515,-0.9494879445402064,-488.6103515625,False,0.7621259346130128,0.026098185272395925,False,1,243,206.97265625,277.3115234375,17.30631244279581,460,True,False,success,phase76_handoff,"{""phase76_handoff"": 243}","{""handoff_ready"": 211, ""insertion_window"": 148, ""intercept_possible_poor_alignment"": 101}",2.104654818683916e-16,7.393778657325719e-11,-0.034074173710931875,-3.6968672685193056e-11,0.5219687416576904,0.504706529929417,1.0000000000000058,False,0,0,0,0,0,1,0,0,0,0,243,True,0.5282608695652173,0,0,,0.0,,,,,split_phase_sync_burn,{},"{""angular_momentum_error_ratio"": -3.6968672685193056e-11, ""energy_error_ratio"": -7.393778657325719e-11, ""r_error_ratio"": -3.697486979166667e-11, ""vr_ratio"": 2.0540116825669266e-11, ""vt_error_ratio"": 6.269148389781775e-15}",2.8017542840775818,True,phase27_split_phase_sync_burn,split_phase_sync_burn,-0.034074173710931834,6.269148389781775e-15,0.034074173710931834,0.5047065303409712,0.034074173710931834,D_1x_recoverable,4,outside_3x,2.8017542840775818,3.899255423179114,,6.269148389781775e-15,,,3.7979517781608254,2.7372981307243807,2.7372981307243807,C_3x,1,outside_3x,,243,,,-0.9494879445402064,,0,0,{},False
phase27_split_phase_sync_burn,1.02,165.0,10000.0,1.0,False,False,False,False,,,,,,False,,,False,0,,150000107669.6914,160441587470.6494,1036.6874215977077,100000,False,True,max_steps,coast_arc,"{""burn_a"": 18, ""coast_arc"": 99982}","{""intercept_possible_poor_alignment"": 100000}",0.019607843137254777,0.5984167021628569,-0.024462734730208335,-0.44147204670352974,0.5983633829346504,0.44143243075425637,0.9681341043581951,False,0,18,0,99982,0,1,0,0,0,0,0,False,0.0,,0,,0.0,,,,,split_phase_sync_burn,{},"{""angular_momentum_error_ratio"": -0.44147204670352974, ""energy_error_ratio"": -0.5984167021628569, ""r_error_ratio"": 0.021392211662753256, ""vr_ratio"": 0.24631657695691084, ""vt_error_ratio"": -0.4531699508583222}",14.953091824434882,False,phase27_split_phase_sync_burn,split_phase_sync_burn,-0.04359091640216505,-0.4531699508583222,0.04359091640216505,0.4527590275667719,0.04359091640216505,D_1x_recoverable,4,unknown,14.953091824434882,15.028026929355047,,-0.4531699508583222,,,,12.315830715238205,12.315830715238205,outside_3x,0,unknown,,,,,,,0,0,{},False
phase27_split_phase_sync_burn,1.05,165.0,10000.0,1.0,False,False,False,False,,,,,,False,,,False,0,,375000106044.8506,385004623547.50195,990.4416383030277,100000,False,True,max_steps,coast_arc,"{""burn_a"": 24, ""coast_arc"": 99976}","{""intercept_possible_poor_alignment"": 100000}",0.04761904761904765,0.8342172773759577,-0.010220561444707415,-0.8812168819651444,0.834135488220382,0.8811080071639357,0.9424168952861584,False,0,24,0,99976,0,1,0,0,0,0,0,False,0.0,,0,,0.0,,,,,split_phase_sync_burn,{},"{""angular_momentum_error_ratio"": -0.8812168819651444, ""energy_error_ratio"": -0.8342172773759577, ""r_error_ratio"": 0.051333949806333594, ""vr_ratio"": 0.23529262884747273, ""vt_error_ratio"": -0.8870167580370282}",23.56207068556549,False,phase27_split_phase_sync_burn,split_phase_sync_burn,-0.05735291566162611,-0.8870167580370282,0.05735291566162611,0.8868415814505126,0.05735291566162611,D_1x_recoverable,4,unknown,23.56207068556549,23.764622050615234,,-0.8870167580370282,,,,20.0,20.0,outside_3x,0,unknown,,,,,,,0,0,{},False
phase27_split_phase_sync_burn,0.98,170.0,10000.0,1.0,False,False,False,False,,,,,,False,,,False,0,,149436590868.27832,149436590868.27832,55.407080360864974,100000,False,True,max_steps,phase76_handoff,"{""burn_a"": 18, ""burn_b_timing_wait"": 128, ""coast_arc"": 1, ""phase76_handoff"": 99819, ""sync_burn_early"": 8, ""sync_burn_late"": 12, ""sync_hold"": 14}","{""insertion_window"": 99527, ""intercept_possible_poor_alignment"": 13, ""no_intercept_possible"": 460}",0.020408163265306496,1.0136207723962591,-0.025090063551973553,-1.1600001219104228,1.013087674480828,0.9986865355873623,1.4140588231546323,False,0,18,20,1,0,1,1,1,1,1,0,True,0.0,1396313,0,,0.0,128,-162.2968954686599,0.34,34,split_phase_sync_burn,"{""angular_momentum_error_ratio"": 0.3755891011590561, ""energy_error_ratio"": 0.9587463929105391, ""r_error_ratio"": -0.019999815558097916, ""vr_ratio"": 0.17115808320313208, ""vt_error_ratio"": 0.40366208394382785}","{""angular_momentum_error_ratio"": -0.020020332159133916, ""energy_error_ratio"": -0.040857760583142506, ""r_error_ratio"": -0.019998569097647134, ""vr_ratio"": 1.635062265189247e-07, ""vt_error_ratio"": -2.2207173173944673e-05}",7.999427639272258,False,phase27_split_phase_sync_burn,split_phase_sync_burn,-0.005193942399973061,-1.1632529164822099,1.4639390906521657e-05,0.9987226905061886,1.4639390906521657e-05,D_1x_recoverable,4,unknown,7.999427639272258,8.988651872924507,0.40366208394382785,-2.2207173173944673e-05,0.4036398767706539,-0.022714204704057217,,7.969951954736562,7.969951954736562,outside_3x,0,unknown,2083073,,,0.3668281358120563,,13.945382795232552,20,14,"{""burn_b_timing_wait"": 128, ""sync_burn_early"": 8, ""sync_burn_late"": 12, ""sync_hold"": 14}",False
phase27_split_phase_sync_burn,1.0,170.0,10000.0,1.0,True,True,True,True,-627.8014830847948,-3075.3016548794985,-0.1492219516037754,-0.7309675543558039,-43366.4140625,False,0.7638403911913622,0.018126425876468198,False,1,3843,15013.0810546875,48971.787109375,233.64182222797018,4059,True,False,success,phase76_handoff,"{""phase76_handoff"": 3843}","{""handoff_ready"": 212, ""insertion_window"": 1791, ""intercept_possible_poor_alignment"": 2056}",2.104654818683916e-16,1.3059133116941239e-08,-0.015192246987791962,-6.529566633759087e-09,0.9258990373606751,0.919683014238784,1.000000000000005,False,0,0,0,0,0,1,0,0,0,0,3843,True,0.9467849223946785,0,0,,0.0,,,,,split_phase_sync_burn,{},"{""angular_momentum_error_ratio"": -6.529566633759087e-09, ""energy_error_ratio"": -1.3059133116941239e-08, ""r_error_ratio"": -6.5295716145833335e-09, ""vr_ratio"": 3.6275379392718474e-09, ""vt_error_ratio"": 4.972083205688995e-15}",2.7329392774020005,True,phase27_split_phase_sync_burn,split_phase_sync_burn,-0.015192246987791968,4.972083205688995e-15,0.015192246987791968,0.9196830167914988,0.015192246987791968,D_1x_recoverable,4,A_3x,2.7329392774020005,5.534468659676986,,4.972083205688995e-15,,,7.4610975801887705,2.684550866708462,2.684550866708462,C_3x,1,outside_3x,,3843,,,-0.7309675543558039,,0,0,{},False
phase27_split_phase_sync_burn,1.02,170.0,10000.0,1.0,False,False,False,False,,,,,,False,,,False,0,,150000072238.28223,156982010040.14062,690.9551264900366,100000,False,True,max_steps,coast_arc,"{""burn_a"": 18, ""coast_arc"": 99982}","{""intercept_possible_poor_alignment"": 100000}",0.01960784313725499,0.6120028652346886,-0.005392923511594131,-0.42242841375953827,0.6119482547325864,0.422388795352401,0.9677447593910704,False,0,18,0,99982,0,1,0,0,0,0,0,False,0.0,,0,,0.0,,,,,split_phase_sync_burn,{},"{""angular_momentum_error_ratio"": -0.42242841375953827, ""energy_error_ratio"": -0.6120028652346886, ""r_error_ratio"": 0.02093093467201875, ""vr_ratio"": 0.16414235461975824, ""vt_error_ratio"": -0.4342696781677884}",11.70170779288859,False,phase27_split_phase_sync_burn,split_phase_sync_burn,-0.02489502305058251,-0.4342696781677884,0.02489502305058251,0.43397368747765497,0.02489502305058251,D_1x_recoverable,4,unknown,11.70170779288859,11.785753648356453,,-0.4342696781677884,,,,8.261492065281601,8.261492065281601,outside_3x,0,unknown,,,,,,,0,0,{},False
phase27_split_phase_sync_burn,1.05,170.0,10000.0,1.0,False,False,False,False,,,,,,False,,,False,0,,375000071148.1328,381678095048.9453,657.8331856588024,100000,False,True,max_steps,coast_arc,"{""burn_a"": 24, ""coast_arc"": 99976}","{""intercept_possible_poor_alignment"": 100000}",0.047619047619047436,0.8614744017992496,0.009127655905139585,-0.8619205445269049,0.8613892022927113,0.8618118459216247,0.9418158667040529,False,0,24,0,99976,0,1,0,0,0,0,0,False,0.0,,0,,0.0,,,,,split_phase_sync_burn,{},"{""angular_momentum_error_ratio"": -0.8619205445269049, ""energy_error_ratio"": -0.8614744017992496, ""r_error_ratio"": 0.050890412673192706, ""vr_ratio"": 0.15623551827277804, ""vt_error_ratio"": -0.8686071793900403}",21.702524960613893,False,phase27_split_phase_sync_burn,split_phase_sync_burn,-0.03892604199510515,-0.8686071793900403,0.03892604199510515,0.8684480792003694,0.03892604199510515,D_1x_recoverable,4,unknown,21.702524960613893,21.960446269043867,,-0.8686071793900403,,,,20.0,20.0,outside_3x,0,unknown,,,,,,,0,0,{},False
phase27_split_phase_sync_burn,0.98,175.0,10000.0,1.0,False,False,False,False,,,,,,False,,,False,0,,149441924788.84668,149441924788.84668,55.40708039100359,100000,False,True,max_steps,phase76_handoff,"{""burn_a"": 18, ""burn_b_timing_wait"": 128, ""coast_arc"": 1, ""phase76_handoff"": 99819, ""sync_burn_early"": 8, ""sync_burn_late"": 12, ""sync_hold"": 14}","{""insertion_window"": 99527, ""intercept_possible_poor_alignment"": 13, ""no_intercept_possible"": 460}",0.020408163265306287,1.013622103586807,-0.013817563036137981,-1.160000447104695,1.0131034202599039,0.9987028787409471,1.4177865926601643,False,0,18,20,1,0,1,1,1,1,1,0,True,0.0,1396346,0,,0.0,128,-171.06500137116697,0.34,34,split_phase_sync_burn,"{""angular_momentum_error_ratio"": 0.38687809406636253, ""energy_error_ratio"": 0.9693026785416283, ""r_error_ratio"": -0.019999907426742056, ""vr_ratio"": 0.08590614404718938, ""vt_error_ratio"": 0.41518159495754253}","{""angular_momentum_error_ratio"": -0.020019642080689806, ""energy_error_ratio"": -0.0408563819728578, ""r_error_ratio"": -0.01999928028645612, ""vr_ratio"": 1.5761240969006877e-07, ""vt_error_ratio"": -2.0777325795896847e-05}",7.999712114769088,False,phase27_split_phase_sync_burn,split_phase_sync_burn,0.006308609146798016,-1.1632533667521208,1.3696808321003599e-05,0.9987394807022629,1.3696808321003599e-05,D_1x_recoverable,4,unknown,7.999712114769088,8.985027116257209,0.41518159495754253,-2.0777325795896847e-05,0.4151608176317466,-0.022715149226364972,,7.970236430501666,7.970236430501666,outside_3x,0,unknown,4150281,,,0.3517626972863978,,15.116283773905241,20,14,"{""burn_b_timing_wait"": 128, ""sync_burn_early"": 8, ""sync_burn_late"": 12, ""sync_hold"": 14}",False
phase27_split_phase_sync_burn,1.0,175.0,10000.0,1.0,True,True,True,True,-75.56244302967407,-3051.944929061562,-0.017960415068522723,-0.7254159010011462,-4019.8388671875,False,0.6018852194191227,0.016617452634956786,False,1,44,1625.736328125,2204.3291015625,8.84814968539807,260,True,False,success,phase76_handoff,"{""phase76_handoff"": 44}","{""handoff_ready"": 212, ""insertion_window"": 27, ""intercept_possible_poor_alignment"": 21}",2.104654818683916e-16,5.878098861721584e-10,-0.0038053019082545138,-2.9390490934242894e-10,0.172384283833011,0.1599501633935743,1.0000000000000058,False,0,0,0,0,0,1,0,0,0,0,44,True,0.16923076923076924,0,0,,0.0,,,,,split_phase_sync_burn,{},"{""angular_momentum_error_ratio"": -2.9390490934242894e-10, ""energy_error_ratio"": -5.878098861721584e-10, ""r_error_ratio"": -2.93910546875e-10, ""vr_ratio"": 1.6328221597544475e-10, ""vt_error_ratio"": 5.620615797735385e-15}",2.904398433002142,True,phase27_split_phase_sync_burn,split_phase_sync_burn,-0.003805301908254529,5.620615797735385e-15,0.003805301908254529,0.15995016322518452,0.003805301908254529,D_1x_recoverable,4,A_3x,2.904398433002142,3.7817957781456966,,5.620615797735385e-15,,,2.9016636040045847,2.4927317884270344,2.4927317884270344,C_3x,1,C_3x,,44,,,-0.7254159010011462,,0,0,{},False
phase27_split_phase_sync_burn,1.02,175.0,10000.0,1.0,False,False,False,False,,,,,,False,,,False,0,,150000036257.10254,153467813905.25684,339.6743835014483,100000,False,True,max_steps,coast_arc,"{""burn_a"": 18, ""coast_arc"": 99982}","{""intercept_possible_poor_alignment"": 100000}",0.019607843137254777,0.6201809395377146,0.006107327294770394,-0.4109440743069493,0.6201255517614975,0.41090457655646745,0.9675103243982137,False,0,18,0,99982,0,1,0,0,0,0,0,False,0.0,,0,,0.0,,,,,split_phase_sync_burn,{},"{""angular_momentum_error_ratio"": -0.4109440743069493, ""energy_error_ratio"": -0.6201809395377146, ""r_error_ratio"": 0.020462375187367578, ""vr_ratio"": 0.08064824304715694, ""vt_error_ratio"": -0.422755860464827}",9.086941654372925,False,phase27_split_phase_sync_burn,split_phase_sync_burn,-0.013620267358068197,-0.422755860464827,0.013620267358068197,0.4225871420101784,0.013620267358068197,D_1x_recoverable,4,unknown,9.086941654372925,9.238320276463098,,-0.422755860464827,,,,8.0,8.0,outside_3x,0,unknown,,,,,,,0,0,{},False
phase27_split_phase_sync_burn,1.05,175.0,10000.0,1.0,False,False,False,False,,,,,,False,,,False,0,,375000035709.94434,378299802772.33594,320.0328212813924,100000,False,True,max_steps,coast_arc,"{""burn_a"": 24, ""coast_arc"": 99976}","{""intercept_possible_poor_alignment"": 100000}",0.04761904761904765,0.8778826423135261,0.020795802465610375,-0.8502839455188016,0.8777953898093113,0.8501754764207773,0.9414538917187043,False,0,24,0,99976,0,1,0,0,0,0,0,False,0.0,,0,,0.0,,,,,split_phase_sync_burn,{},"{""angular_momentum_error_ratio"": -0.8502839455188016, ""energy_error_ratio"": -0.8778826423135261, ""r_error_ratio"": 0.050439973702978126, ""vr_ratio"": 0.0759441490257062, ""vt_error_ratio"": -0.8574730034754635}",20.446843289290705,False,phase27_split_phase_sync_burn,split_phase_sync_burn,-0.02781352146132346,-0.8574730034754635,0.02781352146132346,0.8573397623292858,0.02781352146132346,D_1x_recoverable,4,unknown,20.446843289290705,20.753606029845802,,-0.8574730034754635,,,,20.0,20.0,outside_3x,0,unknown,,,,,,,0,0,{},False
phase27_split_phase_sync_burn,0.98,150.0,12000.0,1.0,False,False,False,False,,,,,,False,,,False,0,,149305612254.57422,149305612254.57422,66.48294836671852,100000,False,True,max_steps,phase76_handoff,"{""burn_a"": 18, ""burn_b_timing_wait"": 128, ""coast_arc"": 1, ""phase76_handoff"": 99819, ""sync_burn_early"": 8, ""sync_burn_late"": 12, ""sync_hold"": 14}","{""insertion_window"": 99904, ""no_intercept_possible"": 96}",0.020408163265306076,1.0046060737051605,-0.1426785900258876,-0.8147178506328815,1.0013235291625469,0.9986378814794331,1.4506621815840994,False,0,18,20,1,0,1,1,1,1,1,0,True,0.0,705902,0,,0.0,128,-137.20660084726978,0.34,34,split_phase_sync_burn,"{""angular_momentum_error_ratio"": 0.3379465809556838, ""energy_error_ratio"": 1.0636054842326585, ""r_error_ratio"": -0.01999947035152435, ""vr_ratio"": 0.49041895876721375, ""vt_error_ratio"": 0.36525087535983536}","{""angular_momentum_error_ratio"": -0.020844116027536854, ""energy_error_ratio"": -0.042538085053745595, ""r_error_ratio"": -0.01999589670586172, ""vr_ratio"": 1.9115549180352782e-09, ""vt_error_ratio"": -0.0008655262960879488}",7.998359418301609,False,phase27_split_phase_sync_burn,split_phase_sync_burn,-0.12518223472029347,-0.8109544422673778,0.0008577909340268813,0.998670912871172,0.0008577909340268813,D_1x_recoverable,4,unknown,7.998359418301609,9.018966866459595,0.36525087535983536,-0.0008655262960879488,0.3643853490637474,-0.027246464870086085,,7.962966361865885,7.962966361865885,outside_3x,0,unknown,727001,,,0.3370168973769277,,26.201220583911567,20,14,"{""burn_b_timing_wait"": 128, ""sync_burn_early"": 8, ""sync_burn_late"": 12, ""sync_hold"": 14}",False
phase27_split_phase_sync_burn,1.0,150.0,12000.0,1.0,True,True,True,True,-80.49851164523518,-3051.369756909111,-0.019133667779626447,-0.7252791884998071,-3681.29296875,False,0.6031837526262365,0.014364654403677601,False,3,114,148.345703125,755.0380859375,26.347138132160573,326,True,False,success,phase76_handoff,"{""phase76_handoff"": 114}","{""handoff_ready"": 209, ""insertion_window"": 68, ""intercept_possible_poor_alignment"": 49}",0.0,2.0133359507560395e-10,-0.13397459621556124,-1.0066672571051816e-10,0.34060435774997916,0.3252353379979766,1.0000000000000049,False,0,0,0,0,0,1,0,0,0,0,114,True,0.3496932515337423,0,0,,0.0,,,,,split_phase_sync_burn,{},"{""angular_momentum_error_ratio"": -1.0066672571051816e-10, ""energy_error_ratio"": -2.0133359507560395e-10, ""r_error_ratio"": -1.0067174479166667e-10, ""vr_ratio"": 5.592751671841635e-11, ""vt_error_ratio"": 4.972083205688995e-15}",2.7872261916056575,True,phase27_split_phase_sync_burn,split_phase_sync_burn,-0.1339745962155612,4.972083205688995e-15,0.1339745962155612,0.32523533842449015,0.1339745962155612,D_1x_recoverable,4,A_3x,2.7872261916056575,4.179003662073797,,4.972083205688995e-15,,,2.9011167539992284,2.4255486302029565,2.4255486302029565,C_3x,1,C_3x,,114,,,-0.7252791884998071,,0,0,{},False
phase27_split_phase_sync_burn,1.02,150.0,12000.0,1.0,False,False,False,False,,,,,,False,,,False,0,,150000207945.22168,170126484326.28125,2003.3783570709747,100000,False,True,max_steps,coast_arc,"{""burn_a"": 18, ""coast_arc"": 99982}","{""intercept_possible_poor_alignment"": 100000}",0.01960784313725499,0.5949826592357413,-0.12535721577320472,-0.6256125947607882,0.5949318710010427,0.6255650702431684,0.966233028349279,False,0,18,0,99982,0,1,0,0,0,0,0,False,0.0,,0,,0.0,,,,,split_phase_sync_burn,{},"{""angular_momentum_error_ratio"": -0.6256125947607882, ""energy_error_ratio"": -0.5949826592357413, ""r_error_ratio"": 0.022683531243504168, ""vr_ratio"": 0.47606672265565325, ""vt_error_ratio"": -0.633916657693719}",25.457956413695403,False,phase27_split_phase_sync_burn,split_phase_sync_burn,-0.14250707428745554,-0.633916657693719,0.14250707428745554,0.6333896948988794,0.14250707428745554,D_1x_recoverable,4,unknown,25.457956413695403,25.525302544442162,,-0.633916657693719,,,,23.803338446967135,23.803338446967135,outside_3x,0,unknown,,,,,,,0,0,{},False
phase27_split_phase_sync_burn,1.05,150.0,12000.0,1.0,False,False,False,False,,,,,,False,,,False,0,,375000204777.94336,394233377317.86523,1913.4274862819768,100000,False,True,max_steps,coast_arc,"{""burn_a"": 24, ""coast_arc"": 99976}","{""intercept_possible_poor_alignment"": 100000}",0.04761904761904765,0.671004746308642,-0.11258803253505753,-1.1574769648215892,0.6709554765172211,1.1573463525313261,0.9395914607338702,False,0,24,0,99976,0,1,0,0,0,0,0,False,0.0,,0,,0.0,,,,,split_phase_sync_burn,{},"{""angular_momentum_error_ratio"": -1.1574769648215892, ""energy_error_ratio"": -0.671004746308642, ""r_error_ratio"": 0.052564450309048695, ""vr_ratio"": 0.45467843721044, ""vt_error_ratio"": -1.1496126577097976}",30.81113287234357,False,phase27_split_phase_sync_burn,split_phase_sync_burn,-0.1548457452714833,-1.1496126577097976,0.1548457452714833,1.1496704889694922,0.1548457452714833,D_1x_recoverable,4,unknown,30.81113287234357,31.05675197696593,,-1.1496126577097976,,,,22.733924332509712,24.39750182371332,outside_3x,0,unknown,,,,,,,0,0,{},False
phase27_split_phase_sync_burn,0.98,165.0,12000.0,1.0,False,False,False,False,,,,,,False,,,False,0,,149320481863.38672,149320481863.38672,66.48403850772965,100000,False,True,max_steps,phase76_handoff,"{""burn_a"": 18, ""burn_b_timing_wait"": 128, ""coast_arc"": 1, ""phase76_handoff"": 99819, ""sync_burn_early"": 8, ""sync_burn_late"": 12, ""sync_hold"": 14}","{""insertion_window"": 99904, ""no_intercept_possible"": 96}",0.020408163265306076,1.0044649940917856,-0.04378221735089306,-0.8144568887246273,1.0014799819880846,0.9987772869378329,1.4881393694525158,False,0,18,20,1,0,1,1,1,1,1,0,True,0.0,1363699,0,,0.0,128,-154.53017030590087,0.34,34,split_phase_sync_burn,"{""angular_momentum_error_ratio"": 0.437000946805927, ""energy_error_ratio"": 1.1737429976678926, ""r_error_ratio"": -0.019999725835098438, ""vr_ratio"": 0.25385749662898655, ""vt_error_ratio"": 0.46632708652092403}","{""angular_momentum_error_ratio"": -0.02063890279475153, ""energy_error_ratio"": -0.04211969078903122, ""r_error_ratio"": -0.019997879372088672, ""vr_ratio"": 1.7790129857446313e-09, ""vt_error_ratio"": -0.0006541041179095467}",7.999152169119488,False,phase27_split_phase_sync_burn,split_phase_sync_burn,-0.02426756872540107,-0.8106877968041167,0.000648258273363679,0.9988143879603477,0.000648258273363679,D_1x_recoverable,4,unknown,7.999152169119488,9.003590916080768,0.46632708652092403,-0.0006541041179095467,0.46567298240301447,-0.02725526732863437,,7.963759436329427,7.963759436329427,outside_3x,0,unknown,1404468,,,0.4320222111120418,,17.03863598166129,20,14,"{""burn_b_timing_wait"": 128, ""sync_burn_early"": 8, ""sync_burn_late"": 12, ""sync_hold"": 14}",False
phase27_split_phase_sync_burn,1.0,165.0,12000.0,1.0,True,True,True,True,-29.385295636110204,-3791.606204635221,-0.0069845823583089784,-0.9012257740911267,-579.7763671875,False,0.7293621181801756,0.02031839432766244,False,2,105,135.919921875,502.3330078125,21.192783332264064,318,True,False,success,phase76_handoff,"{""phase76_handoff"": 105}","{""handoff_ready"": 209, ""insertion_window"": 63, ""intercept_possible_poor_alignment"": 46}",2.104654818683916e-16,1.3396506758790487e-10,-0.034074173710931875,6.698273464708606e-11,0.3259054175294539,0.3132262829276735,1.0000000000000049,False,0,0,0,0,0,1,0,0,0,0,105,True,0.330188679245283,0,0,,0.0,,,,,split_phase_sync_burn,{},"{""angular_momentum_error_ratio"": 6.698273464708606e-11, ""energy_error_ratio"": 1.3396506758790487e-10, ""r_error_ratio"": 6.6977734375e-11, ""vr_ratio"": -3.7211082884886824e-11, ""vt_error_ratio"": 4.972083205688995e-15}",2.776776976070846,True,phase27_split_phase_sync_burn,split_phase_sync_burn,-0.034074173710931834,4.972083205688995e-15,0.034074173710931834,0.3132262831941476,0.034074173710931834,D_1x_recoverable,4,outside_3x,2.776776976070846,4.005637607192157,,4.972083205688995e-15,,,3.604903096364507,2.4970818568517643,2.4970818568517643,C_3x,1,outside_3x,,105,,,-0.9012257740911267,,0,0,{},False
phase27_split_phase_sync_burn,1.02,165.0,12000.0,1.0,False,False,False,False,,,,,,False,,,False,0,,150000107640.30566,160380456647.33496,1029.6655733346424,100000,False,True,max_steps,coast_arc,"{""burn_a"": 18, ""coast_arc"": 99982}","{""intercept_possible_poor_alignment"": 100000}",0.019607843137254777,0.681889445443471,-0.024462734730208335,-0.5248741722115695,0.6818303967699995,0.5248266330392679,0.9637353295947576,False,0,18,0,99982,0,1,0,0,0,0,0,False,0.0,,0,,0.0,,,,,split_phase_sync_burn,{},"{""angular_momentum_error_ratio"": -0.5248741722115695, ""energy_error_ratio"": -0.681889445443471, ""r_error_ratio"": 0.02138406088631133, ""vr_ratio"": 0.2446362099797887, ""vt_error_ratio"": -0.5348215759543598}",14.945134983837804,False,phase27_split_phase_sync_burn,split_phase_sync_burn,-0.04359091640216505,-0.5348215759543598,0.04359091640216505,0.5344603977271037,0.04359091640216505,D_1x_recoverable,4,unknown,14.945134983837804,15.010320702522362,,-0.5348215759543598,,,,12.23181259333088,12.23181259333088,outside_3x,0,unknown,,,,,,,0,0,{},False
phase27_split_phase_sync_burn,1.05,165.0,12000.0,1.0,False,False,False,False,,,,,,False,,,False,0,,375000106000.7754,384903140850.61426,980.1854391913504,100000,False,True,max_steps,coast_arc,"{""burn_a"": 24, ""coast_arc"": 99976}","{""intercept_possible_poor_alignment"": 100000}",0.04761904761904765,0.8453702873813108,-0.010220561444707415,-1.055417207463039,0.8452991988716839,1.0552865575263188,0.9357297215169665,False,0,24,0,99976,0,1,0,0,0,0,0,False,0.0,,0,,0.0,,,,,split_phase_sync_burn,{},"{""angular_momentum_error_ratio"": -1.055417207463039, ""energy_error_ratio"": -0.8453702873813108, ""r_error_ratio"": 0.0513204187800819, ""vr_ratio"": 0.2328535007118405, ""vt_error_ratio"": -1.0527120052774617}",23.561988596416803,False,phase27_split_phase_sync_burn,split_phase_sync_burn,-0.05735291566162611,-1.0527120052774617,0.05735291566162611,1.052620587859163,0.05735291566162611,D_1x_recoverable,4,unknown,23.561988596416803,23.810486012197636,,-1.0527120052774617,,,,20.0,20.0,outside_3x,0,unknown,,,,,,,0,0,{},False
phase27_split_phase_sync_burn,0.98,170.0,12000.0,1.0,False,False,False,False,,,,,,False,,,False,0,,149325712349.0039,149325712349.0039,66.48398289421651,100000,False,True,max_steps,phase76_handoff,"{""burn_a"": 18, ""burn_b_timing_wait"": 128, ""coast_arc"": 1, ""phase76_handoff"": 99819, ""sync_burn_early"": 8, ""sync_burn_late"": 12, ""sync_hold"": 14}","{""insertion_window"": 99905, ""no_intercept_possible"": 95}",0.020408163265306496,1.004476109322276,-0.025090063551973553,-0.8144759478684692,1.001510093778882,0.9988042215860155,1.4951659464547258,False,0,18,20,1,0,1,1,1,1,1,0,True,0.0,2032565,0,,0.0,128,-162.37980533838595,0.34,34,split_phase_sync_burn,"{""angular_momentum_error_ratio"": 0.45572505453876455, ""energy_error_ratio"": 1.1947052440680126, ""r_error_ratio"": -0.019999816056021746, ""vr_ratio"": 0.17031926563540006, ""vt_error_ratio"": 0.4854334503083941}","{""angular_momentum_error_ratio"": -0.020580323449686622, ""energy_error_ratio"": -0.042000246722474946, ""r_error_ratio"": -0.01999857677185065, ""vr_ratio"": 1.7628226829469427e-09, ""vt_error_ratio"": -0.0005936181969202661}",7.99943105487766,False,phase27_split_phase_sync_burn,split_phase_sync_burn,-0.005193942399973061,-0.8107071084180589,0.0005883129257811582,0.9988421498742163,0.0005883129257811582,D_1x_recoverable,4,unknown,7.99943105487766,8.998939644291202,0.4854334503083941,-0.0005936181969202661,0.4848398321114738,-0.02725706318889143,,7.964038394092969,7.964038394092969,outside_3x,0,unknown,2093332,,,0.4440458674746783,,15.27996353101631,20,14,"{""burn_b_timing_wait"": 128, ""sync_burn_early"": 8, ""sync_burn_late"": 12, ""sync_hold"": 14}",False
phase27_split_phase_sync_burn,1.0,170.0,12000.0,1.0,True,True,True,True,-30.099257367256808,-2552.5823086070577,-0.007154283714171683,-0.6067225452351612,-1052.3896484375,False,0.49396317678545365,0.010598707260321274,False,6,1010,10.53125,67.607421875,14.814055285645287,1222,True,False,success,phase76_handoff,"{""phase76_handoff"": 1010}","{""handoff_ready"": 209, ""insertion_window"": 560, ""intercept_possible_poor_alignment"": 453}",2.104654818683916e-16,1.8038365054494238e-11,-0.015192246987791962,9.019278608507897e-12,0.7941505641062065,0.769303524146656,1.0000000000000049,False,0,0,0,0,0,1,0,0,0,0,1010,True,0.8265139116202946,0,0,,0.0,,,,,split_phase_sync_burn,{},"{""angular_momentum_error_ratio"": 9.019278608507897e-12, ""energy_error_ratio"": 1.8038365054494238e-11, ""r_error_ratio"": 9.014322916666667e-12, ""vr_ratio"": -5.009178944711364e-12, ""vt_error_ratio"": 4.972083205688995e-15}",2.448169600872736,True,phase27_split_phase_sync_burn,split_phase_sync_burn,-0.015192246987791968,4.972083205688995e-15,0.015192246987791968,0.7693035258300145,0.015192246987791968,D_1x_recoverable,4,A_3x,2.448169600872736,3.7446400113331864,,4.972083205688995e-15,,,2.426890180940645,2.4212164371649516,2.4212164371649516,C_3x,1,C_3x,,1010,,,-0.6067225452351612,,0,0,{},False
phase27_split_phase_sync_burn,1.02,170.0,12000.0,1.0,False,False,False,False,,,,,,False,,,False,0,,150000072218.56543,156937486231.89258,685.5597949833151,100000,False,True,max_steps,coast_arc,"{""burn_a"": 18, ""coast_arc"": 99982}","{""intercept_possible_poor_alignment"": 100000}",0.01960784313725499,0.6981974715878331,-0.005392923511594131,-0.5058356298554714,0.6981368727963326,0.5057880877520339,0.963265962265492,False,0,18,0,99982,0,1,0,0,0,0,0,False,0.0,,0,,0.0,,,,,split_phase_sync_burn,{},"{""angular_momentum_error_ratio"": -0.5058356298554714, ""energy_error_ratio"": -0.6981974715878331, ""r_error_ratio"": 0.020924998164252345, ""vr_ratio"": 0.16284815999858207, ""vt_error_ratio"": -0.5159640805807512}",11.701670996723127,False,phase27_split_phase_sync_burn,split_phase_sync_burn,-0.02489502305058251,-0.5159640805807512,0.02489502305058251,0.5156989677340675,0.02489502305058251,D_1x_recoverable,4,unknown,11.701670996723127,11.80057242059,,-0.5159640805807512,,,,8.223889351433073,8.223889351433073,outside_3x,0,unknown,,,,,,,0,0,{},False
phase27_split_phase_sync_burn,1.05,170.0,12000.0,1.0,False,False,False,False,,,,,,False,,,False,0,,375000071118.5596,381608948690.8535,650.7459705683316,100000,False,True,max_steps,coast_arc,"{""burn_a"": 24, ""coast_arc"": 99976}","{""intercept_possible_poor_alignment"": 100000}",0.047619047619047436,0.8780972997267489,0.009127655905139585,-1.0361306609375238,0.8780221157248826,1.0360001860219383,0.9350032816756486,False,0,24,0,99976,0,1,0,0,0,0,0,False,0.0,,0,,0.0,,,,,split_phase_sync_burn,{},"{""angular_momentum_error_ratio"": -1.0361306609375238, ""energy_error_ratio"": -0.8780972997267489, ""r_error_ratio"": 0.050881193158780466, ""vr_ratio"": 0.15454881222905803, ""vt_error_ratio"": -1.03438129940162}",21.702513343785302,False,phase27_split_phase_sync_burn,split_phase_sync_burn,-0.03892604199510515,-1.03438129940162,0.03892604199510515,1.0342712089509773,0.03892604199510515,D_1x_recoverable,4,unknown,21.702513343785302,22.04401535012979,,-1.03438129940162,,,,20.0,20.0,outside_3x,0,unknown,,,,,,,0,0,{},False
phase27_split_phase_sync_burn,0.98,175.0,12000.0,1.0,False,False,False,False,,,,,,False,,,False,0,,149331016856.36816,149331016856.36816,66.48394701700413,100000,False,True,max_steps,phase76_handoff,"{""burn_a"": 18, ""burn_b_timing_wait"": 128, ""coast_arc"": 1, ""phase76_handoff"": 99819, ""sync_burn_early"": 8, ""sync_burn_late"": 12, ""sync_hold"": 14}","{""insertion_window"": 99905, ""no_intercept_possible"": 95}",0.020408163265306287,1.004483685000053,-0.013817563036137981,-0.814487964885986,1.0015288200995875,0.9988206394490565,1.4993951176966982,False,0,18,20,1,0,1,1,1,1,1,0,True,0.0,4049661,0,,0.0,128,-171.10972822598902,0.34,34,split_phase_sync_burn,"{""angular_momentum_error_ratio"": 0.46701725610973716, ""energy_error_ratio"": 1.2073695747161735, ""r_error_ratio"": -0.019999907676642448, ""vr_ratio"": 0.08548518143904044, ""vt_error_ratio"": 0.4969562427609291}","{""angular_momentum_error_ratio"": -0.02053850749772577, ""energy_error_ratio"": -0.041914988051427175, ""r_error_ratio"": -0.019999284040912762, ""vr_ratio"": 1.7515087694546878e-09, ""vt_error_ratio"": -0.0005502276151761064}",7.999713913739562,False,phase27_split_phase_sync_burn,split_phase_sync_burn,0.006308609146798016,-0.8107192329642794,0.0005453101333638959,0.9988589783453704,0.0005453101333638959,D_1x_recoverable,4,unknown,7.999713913739562,8.995363518221033,0.4969562427609291,-0.0005502276151761064,0.496406015145753,-0.027258184572627686,,7.964321300204166,7.964321300204166,outside_3x,0,unknown,4170718,,,0.4207953716152151,,17.726767953071633,20,14,"{""burn_b_timing_wait"": 128, ""sync_burn_early"": 8, ""sync_burn_late"": 12, ""sync_hold"": 14}",False
phase27_split_phase_sync_burn,1.0,175.0,12000.0,1.0,True,True,True,True,-67.92548656141525,-2582.702318568411,-0.016145189110617915,-0.6138817616273774,-5157.419921875,False,0.5104796369222995,0.010969941268989187,False,1,43,1216.3447265625,2626.7353515625,7.257112147984378,255,True,False,success,phase76_handoff,"{""phase76_handoff"": 43}","{""handoff_ready"": 209, ""insertion_window"": 26, ""intercept_possible_poor_alignment"": 20}",2.104654818683916e-16,7.004529062574584e-10,-0.0038053019082545138,-3.5022646825758274e-10,0.16585029829326867,0.15445766656619989,1.0000000000000049,False,0,0,0,0,0,1,0,0,0,0,43,True,0.16862745098039217,0,0,,0.0,,,,,split_phase_sync_burn,{},"{""angular_momentum_error_ratio"": -3.5022646825758274e-10, ""energy_error_ratio"": -7.004529062574584e-10, ""r_error_ratio"": -3.5023138020833333e-10, ""vr_ratio"": 1.9457174060883696e-10, ""vt_error_ratio"": 4.972083205688995e-15}",2.5842628567746577,True,phase27_split_phase_sync_burn,split_phase_sync_burn,-0.003805301908254529,4.972083205688995e-15,0.003805301908254529,0.1544576663384708,0.003805301908254529,D_1x_recoverable,4,A_3x,2.5842628567746577,3.7120208840039144,,4.972083205688995e-15,,,2.4555270465095096,2.119723362888738,2.119723362888738,C_3x,1,C_3x,,43,,,-0.6138817616273774,,0,0,{},False
phase27_split_phase_sync_burn,1.02,175.0,12000.0,1.0,False,False,False,False,,,,,,False,,,False,0,,150000036247.20605,153440302747.25977,335.9593860876791,100000,False,True,max_steps,coast_arc,"{""burn_a"": 18, ""coast_arc"": 99982}","{""intercept_possible_poor_alignment"": 100000}",0.019607843137254777,0.7080140146639551,0.006107327294770394,-0.4943543840493252,0.7079524827799724,0.49430696231574167,0.9629833240498897,False,0,18,0,99982,0,1,0,0,0,0,0,False,0.0,,0,,0.0,,,,,split_phase_sync_burn,{},"{""angular_momentum_error_ratio"": -0.4943543840493252, ""energy_error_ratio"": -0.7080140146639551, ""r_error_ratio"": 0.020458707032967968, ""vr_ratio"": 0.07975317778584266, ""vt_error_ratio"": -0.50449184032065}",9.08684706703187,False,phase27_split_phase_sync_burn,split_phase_sync_burn,-0.013620267358068197,-0.50449184032065,0.013620267358068197,0.5043347435151139,0.013620267358068197,D_1x_recoverable,4,unknown,9.08684706703187,9.288759002485973,,-0.50449184032065,,,,8.0,8.0,outside_3x,0,unknown,,,,,,,0,0,{},False
phase27_split_phase_sync_burn,1.05,175.0,12000.0,1.0,False,False,False,False,,,,,,False,,,False,0,,375000035695.10156,378263780650.0596,316.2190925781402,100000,False,True,max_steps,coast_arc,"{""burn_a"": 24, ""coast_arc"": 99976}","{""intercept_possible_poor_alignment"": 100000}",0.04761904761904765,0.8977985573807181,0.020795802465610375,-1.0245000139379012,0.89772090788909,1.0243697678174712,0.9345657275839377,False,0,24,0,99976,0,1,0,0,0,0,0,False,0.0,,0,,0.0,,,,,split_phase_sync_burn,{},"{""angular_momentum_error_ratio"": -1.0245000139379012, ""energy_error_ratio"": -0.8977985573807181, ""r_error_ratio"": 0.05043517075334127, ""vr_ratio"": 0.0750350249097049, ""vt_error_ratio"": -1.0233236801470864}",20.446833376035027,False,phase27_split_phase_sync_burn,split_phase_sync_burn,-0.02781352146132346,-1.0233236801470864,0.02781352146132346,1.0232040199121624,0.02781352146132346,D_1x_recoverable,4,unknown,20.446833376035027,20.864603983081555,,-1.0233236801470864,,,,20.0,20.0,outside_3x,0,unknown,,,,,,,0,0,{},False
phase27_adaptive_sync_corridor,0.98,150.0,8000.0,1.0,False,False,False,False,,,,,,False,,,False,0,,149526433517.20117,149526433517.20117,44.31763337673183,100000,False,True,max_steps,phase76_handoff,"{""burn_a"": 18, ""burn_b_timing_wait"": 128, ""coast_arc"": 1, ""phase76_handoff"": 99817, ""sync_burn_early"": 6, ""sync_burn_late"": 30}","{""insertion_window"": 99637, ""no_intercept_possible"": 363}",0.020408163265306076,1.0241811727221464,-0.1426785900258876,-1.1257579019140005,1.0224078264431429,0.9983925260189555,1.2998219393460562,False,0,18,36,1,0,1,1,1,1,1,0,True,0.0,705902,0,,0.0,128,-124.66824813042622,0.3,36,adaptive_sync_corridor,"{""angular_momentum_error_ratio"": 0.17773686532523883, ""energy_error_ratio"": 0.6487217985732481, ""r_error_ratio"": -0.01999946748038763, ""vr_ratio"": 0.49525942384523597, ""vt_error_ratio"": 0.20177165852883766}","{""angular_momentum_error_ratio"": -0.01999582711874474, ""energy_error_ratio"": -0.040806331109407575, ""r_error_ratio"": -0.019995827029600653, ""vr_ratio"": 0.0011426165863834472, ""vt_error_ratio"": -9.096296518289606e-11}",7.998534795845656,False,phase27_adaptive_sync_corridor,adaptive_sync_corridor,-0.12518223472029347,-1.1283161221959628,3.97567773126892e-11,0.9984196083747068,3.97567773126892e-11,D_1x_recoverable,4,unknown,7.998534795845656,8.989155680371121,0.20177165852883766,-9.096296518289606e-11,0.2017716584378747,-0.018164144537293675,,7.974743260402292,7.974743260402292,outside_3x,0,unknown,719895,,,0.177336733708044,,25.589085632810303,36,0,"{""burn_b_timing_wait"": 128, ""sync_burn_early"": 6, ""sync_burn_late"": 30}",False
phase27_adaptive_sync_corridor,1.0,150.0,8000.0,1.0,True,True,True,True,-25.192574395203952,-3281.9890635371144,-0.005988015668111895,-0.7800950243010297,-1460.0703125,False,0.6312616384372342,0.022897899677950195,False,1,631,473.6396484375,1334.857421875,19.644712995676638,852,True,False,success,phase76_handoff,"{""phase76_handoff"": 631}","{""handoff_ready"": 216, ""insertion_window"": 382, ""intercept_possible_poor_alignment"": 254}",0.0,3.55947010158653e-10,-0.13397459621556124,-1.7797318008717732e-10,0.730935153977333,0.7067683357255949,1.0000000000000073,False,0,0,0,0,0,1,0,0,0,0,631,True,0.7406103286384976,0,0,,0.0,,,,,adaptive_sync_corridor,{},"{""angular_momentum_error_ratio"": -1.7797318008717732e-10, ""energy_error_ratio"": -3.55947010158653e-10, ""r_error_ratio"": -1.7798098958333334e-10, ""vr_ratio"": 9.887642214050619e-11, ""vt_error_ratio"": 7.782391104556687e-15}",2.977871114143954,True,phase27_adaptive_sync_corridor,adaptive_sync_corridor,-0.1339745962155612,7.782391104556687e-15,0.1339745962155612,0.7067683366816189,0.1339745962155612,D_1x_recoverable,4,outside_3x,2.977871114143954,3.923702403810297,,7.782391104556687e-15,,,3.120380097204119,2.947441621382349,2.947441621382349,C_3x,1,outside_3x,,631,,,-0.7800950243010297,,0,0,{},False
phase27_adaptive_sync_corridor,1.02,150.0,8000.0,1.0,False,False,False,False,,,,,,False,,,False,0,,150000208058.7246,170343025558.44434,2026.6388578588494,100000,False,True,max_steps,coast_arc,"{""burn_a"": 18, ""coast_arc"": 99982}","{""intercept_possible_poor_alignment"": 100000}",0.01960784313725499,0.44365947118547316,-0.12535721577320472,-0.4588594855455239,0.44361905538495505,0.4588278026998162,0.9741850063012878,False,0,18,0,99982,0,1,0,0,0,0,0,False,0.0,,0,,0.0,,,,,adaptive_sync_corridor,{},"{""angular_momentum_error_ratio"": -0.4588594855455239, ""energy_error_ratio"": -0.44365947118547316, ""r_error_ratio"": 0.022712403407792577, ""vr_ratio"": 0.4816155237530073, ""vt_error_ratio"": -0.47087713745199994}",25.625866564702612,False,phase27_adaptive_sync_corridor,adaptive_sync_corridor,-0.14250707428745554,-0.47087713745199994,0.14250707428745554,0.47014409611061375,0.14250707428745554,D_1x_recoverable,4,unknown,25.625866564702612,25.712477866227964,,-0.47087713745199994,,,,24.08077810141662,24.08077810141662,outside_3x,0,unknown,,,,,,,0,0,{},False
phase27_adaptive_sync_corridor,1.05,150.0,8000.0,1.0,False,False,False,False,,,,,,False,,,False,0,,375000204948.18164,394624067795.2461,1952.6134973316935,100000,False,True,max_steps,coast_arc,"{""burn_a"": 24, ""coast_arc"": 99976}","{""intercept_possible_poor_alignment"": 100000}",0.04761904761904765,0.6518721252678656,-0.11258803253505753,-0.8091753282905207,0.6518032612188849,0.809088254310838,0.9516473510587419,False,0,24,0,99976,0,1,0,0,0,0,0,False,0.0,,0,,0.0,,,,,adaptive_sync_corridor,{},"{""angular_momentum_error_ratio"": -0.8091753282905207, ""energy_error_ratio"": -0.6518721252678656, ""r_error_ratio"": 0.05261654237269948, ""vr_ratio"": 0.46399395715910136, ""vt_error_ratio"": -0.8187139722511465}",30.989889093950367,False,phase27_adaptive_sync_corridor,adaptive_sync_corridor,-0.1548457452714833,-0.8187139722511465,0.1548457452714833,0.8184057488767749,0.1548457452714833,D_1x_recoverable,4,unknown,30.989889093950367,31.240380516038975,,-0.8187139722511465,,,,23.199700301768594,24.39750182371332,outside_3x,0,unknown,,,,,,,0,0,{},False
phase27_adaptive_sync_corridor,0.98,165.0,8000.0,1.0,False,False,False,False,,,,,,False,,,False,0,,149541625071.87598,149541625071.87598,44.31763337799474,100000,False,True,max_steps,phase76_handoff,"{""burn_a"": 18, ""burn_b_timing_wait"": 128, ""coast_arc"": 1, ""phase76_handoff"": 99817, ""sync_burn_early"": 6, ""sync_burn_late"": 30}","{""insertion_window"": 99637, ""no_intercept_possible"": 363}",0.020408163265306076,1.024185391027748,-0.04378221735089306,-1.1257576391539776,1.0225121972873878,0.9985285068721503,1.3277791329177384,False,0,18,36,1,0,1,1,1,1,1,0,True,0.0,1363699,0,,0.0,128,-151.91722565586934,0.3,36,adaptive_sync_corridor,"{""angular_momentum_error_ratio"": 0.2767395354455463, ""energy_error_ratio"": 0.7221816433682448, ""r_error_ratio"": -0.01999972434845573, ""vr_ratio"": 0.25636376674700956, ""vt_error_ratio"": 0.302795077885787}","{""angular_momentum_error_ratio"": -0.019997852659382927, ""energy_error_ratio"": -0.040810548936473554, ""r_error_ratio"": -0.019997852570229686, ""vr_ratio"": 0.001142732327961208, ""vt_error_ratio"": -9.097247699424607e-11}",7.999345032759918,False,phase27_adaptive_sync_corridor,adaptive_sync_corridor,-0.02426756872540107,-1.128316119287466,1.8944501723797798e-11,0.9985605087493714,1.8944501723797798e-11,D_1x_recoverable,4,unknown,7.999345032759918,8.973431877646139,0.302795077885787,-9.097247699424607e-11,0.30279507779481457,-0.01817012841329607,,7.975553476651615,7.975553476651615,outside_3x,0,unknown,1390738,,,0.27414578591340294,,15.38433282104017,36,0,"{""burn_b_timing_wait"": 128, ""sync_burn_early"": 6, ""sync_burn_late"": 30}",False
phase27_adaptive_sync_corridor,1.0,165.0,8000.0,1.0,True,True,True,True,-88.06929902399378,-3143.494158607936,-0.020933166025926386,-0.7471762106990555,-2645.9189453125,False,0.6228607681431453,0.021398883100412866,False,1,182,2175.0126953125,2201.5400390625,24.039640678408468,403,True,False,success,phase76_handoff,"{""phase76_handoff"": 182}","{""handoff_ready"": 216, ""insertion_window"": 109, ""intercept_possible_poor_alignment"": 78}",2.104654818683916e-16,5.870625232460438e-10,-0.034074173710931875,-2.935310709686659e-10,0.4505343981162966,0.4324346135808888,1.0000000000000073,False,0,0,0,0,0,1,0,0,0,0,182,True,0.45161290322580644,1,0,,0.0,,,,,adaptive_sync_corridor,{},"{""angular_momentum_error_ratio"": -2.935310709686659e-10, ""energy_error_ratio"": -5.870625232460438e-10, ""r_error_ratio"": -2.93538671875e-10, ""vr_ratio"": 1.6307517218458297e-10, ""vt_error_ratio"": 7.566213573874556e-15}",3.1567937662689762,True,phase27_adaptive_sync_corridor,adaptive_sync_corridor,-0.034074173710931834,7.566213573874556e-15,0.034074173710931834,0.43243461389999965,0.034074173710931834,D_1x_recoverable,4,A_3x,3.1567937662689762,4.001961768532698,,7.566213573874556e-15,,,2.988704842796222,2.9819871996756193,2.9819871996756193,C_3x,1,C_3x,,182,,,-0.7471762106990555,,0,0,{},False
phase27_adaptive_sync_corridor,1.02,165.0,8000.0,1.0,False,False,False,False,,,,,,False,,,False,0,,150000107699.07715,160504502316.9912,1044.0342145911768,100000,False,True,max_steps,coast_arc,"{""burn_a"": 18, ""coast_arc"": 99982}","{""intercept_possible_poor_alignment"": 100000}",0.019607843137254777,0.5015665861185644,-0.024462734730208335,-0.3580700078271545,0.5015206672753344,0.3580383150899955,0.9725342061045669,False,0,18,0,99982,0,1,0,0,0,0,0,False,0.0,,0,,0.0,,,,,adaptive_sync_corridor,{},"{""angular_momentum_error_ratio"": -0.3580700078271545, ""energy_error_ratio"": -0.5015665861185644, ""r_error_ratio"": 0.02140060030893216, ""vr_ratio"": 0.24807601008717187, ""vt_error_ratio"": -0.3715198601031878}",14.968683117592679,False,phase27_adaptive_sync_corridor,adaptive_sync_corridor,-0.04359091640216505,-0.3715198601031878,0.04359091640216505,0.37105841247513477,0.04359091640216505,D_1x_recoverable,4,unknown,14.968683117592679,15.054932241378934,,-0.3715198601031878,,,,12.403802108195135,12.403802108195135,outside_3x,0,unknown,,,,,,,0,0,{},False
phase27_adaptive_sync_corridor,1.05,165.0,8000.0,1.0,False,False,False,False,,,,,,False,,,False,0,,375000106088.9248,385113246594.83887,1001.998143845107,100000,False,True,max_steps,coast_arc,"{""burn_a"": 24, ""coast_arc"": 99976}","{""intercept_possible_poor_alignment"": 100000}",0.04761904761904765,0.7679929840763221,-0.010220561444707415,-0.7070169013260886,0.7679095772321304,0.7069298016036287,0.9491073110340807,False,0,24,0,99976,0,1,0,0,0,0,0,False,0.0,,0,,0.0,,,,,adaptive_sync_corridor,{},"{""angular_momentum_error_ratio"": -0.7070169013260886, ""energy_error_ratio"": -0.7679929840763221, ""r_error_ratio"": 0.05134843287931185, ""vr_ratio"": 0.23804814966292265, ""vt_error_ratio"": -0.7213263562190099}",23.56209253144189,False,phase27_adaptive_sync_corridor,adaptive_sync_corridor,-0.05735291566162611,-0.7213263562190099,0.05735291566162611,0.7210651192603043,0.05735291566162611,D_1x_recoverable,4,unknown,23.56209253144189,23.74220717368254,,-0.7213263562190099,,,,20.0,20.0,outside_3x,0,unknown,,,,,,,0,0,{},False
phase27_adaptive_sync_corridor,0.98,170.0,8000.0,1.0,False,False,False,False,,,,,,False,,,False,0,,149546933714.7207,149546933714.7207,44.317633378436106,100000,False,True,max_steps,phase76_handoff,"{""burn_a"": 18, ""burn_b_timing_wait"": 128, ""coast_arc"": 1, ""phase76_handoff"": 99817, ""sync_burn_early"": 6, ""sync_burn_late"": 30}","{""insertion_window"": 99637, ""no_intercept_possible"": 363}",0.020408163265306496,1.0241868651060178,-0.025090063551973553,-1.1257575473331982,1.0225322491341,0.998555133222309,1.3330339359186443,False,0,18,36,1,0,1,1,1,1,1,0,True,0.0,2032565,0,,0.0,128,-160.3838441596255,0.3,36,adaptive_sync_corridor,"{""angular_momentum_error_ratio"": 0.29545318743911425, ""energy_error_ratio"": 0.7361635128216514, ""r_error_ratio"": -0.019999815058560286, ""vr_ratio"": 0.17200080752843205, ""vt_error_ratio"": 0.32189075812932055}","{""angular_momentum_error_ratio"": -0.0199985604784731, ""energy_error_ratio"": -0.040812022847571856, ""r_error_ratio"": -0.019998560389316796, ""vr_ratio"": 0.0011427727744199772, ""vt_error_ratio"": -9.09757196572063e-11}",7.9996281676154055,False,phase27_adaptive_sync_corridor,adaptive_sync_corridor,-0.005193942399973061,-1.1283161182710117,7.92074472419325e-12,0.998588048796117,7.92074472419325e-12,D_1x_recoverable,4,unknown,7.9996281676154055,8.968673693988375,0.32189075812932055,-9.09757196572063e-11,0.3218907580383448,-0.0181713506546044,,7.975836604270104,7.975836604270104,outside_3x,0,unknown,2072866,,,0.2891996078888292,,12.695789523478695,36,0,"{""burn_b_timing_wait"": 128, ""sync_burn_early"": 6, ""sync_burn_late"": 30}",False
phase27_adaptive_sync_corridor,1.0,170.0,8000.0,1.0,True,True,True,True,-26.609700880474676,-3835.407376660934,-0.006324852049514541,-0.911636861908399,-2190.5517578125,False,0.7368993122782103,0.029925929496057102,False,1,2307,470.41796875,2058.1533203125,20.503655353634183,2529,True,False,success,phase76_handoff,"{""phase76_handoff"": 2307}","{""handoff_ready"": 216, ""insertion_window"": 1096, ""intercept_possible_poor_alignment"": 1217}",2.104654818683916e-16,5.488264172930856e-10,-0.015192246987791962,-2.744130855547726e-10,0.8975993091151757,0.8706165037730679,1.0000000000000073,False,0,0,0,0,0,1,0,0,0,0,2307,True,0.9122182680901542,0,0,,0.0,,,,,adaptive_sync_corridor,{},"{""angular_momentum_error_ratio"": -2.744130855547726e-10, ""energy_error_ratio"": -5.488264172930856e-10, ""r_error_ratio"": -2.744204427083333e-10, ""vr_ratio"": 1.5245390746754248e-10, ""vt_error_ratio"": 7.350036043192427e-15}",2.971756020030534,True,phase27_adaptive_sync_corridor,adaptive_sync_corridor,-0.015192246987791968,7.350036043192427e-15,0.015192246987791968,0.8706165074150813,0.015192246987791968,D_1x_recoverable,4,outside_3x,2.971756020030534,3.8351097996974852,,7.350036043192427e-15,,,3.646547447633596,2.7583422206813726,2.7583422206813726,C_3x,1,outside_3x,,2307,,,-0.911636861908399,,0,0,{},False
phase27_adaptive_sync_corridor,1.02,170.0,8000.0,1.0,False,False,False,False,,,,,,False,,,False,0,,150000072257.99902,157028239961.47754,696.6677659893638,100000,False,True,max_steps,coast_arc,"{""burn_a"": 18, ""coast_arc"": 99982}","{""intercept_possible_poor_alignment"": 100000}",0.01960784313725499,0.5124324209772779,-0.005392923511594131,-0.3390212365297166,0.5123854695101537,0.33898954181399565,0.9722241532219635,False,0,18,0,99982,0,1,0,0,0,0,0,False,0.0,,0,,0.0,,,,,adaptive_sync_corridor,{},"{""angular_momentum_error_ratio"": -0.3390212365297166, ""energy_error_ratio"": -0.5124324209772779, ""r_error_ratio"": 0.02093709866153034, ""vr_ratio"": 0.16551380303161406, ""vt_error_ratio"": -0.3525764081481217}",11.701750713617072,False,phase27_adaptive_sync_corridor,adaptive_sync_corridor,-0.02489502305058251,-0.3525764081481217,0.02489502305058251,0.3522489356405594,0.02489502305058251,D_1x_recoverable,4,unknown,11.701750713617072,11.781684589292153,,-0.3525764081481217,,,,8.304710951405522,8.304710951405522,outside_3x,0,unknown,,,,,,,0,0,{},False
phase27_adaptive_sync_corridor,1.05,170.0,8000.0,1.0,False,False,False,False,,,,,,False,,,False,0,,375000071177.7051,381754068109.56836,666.18989069654,100000,False,True,max_steps,coast_arc,"{""burn_a"": 24, ""coast_arc"": 99976}","{""intercept_possible_poor_alignment"": 100000}",0.047619047619047436,0.7897863012180721,0.009127655905139585,-0.6877105828689392,0.7897001681552682,0.6876236605485023,0.9486299106362504,False,0,24,0,99976,0,1,0,0,0,0,0,False,0.0,,0,,0.0,,,,,adaptive_sync_corridor,{},"{""angular_momentum_error_ratio"": -0.6877105828689392, ""energy_error_ratio"": -0.7897863012180721, ""r_error_ratio"": 0.05090054241460912, ""vr_ratio"": 0.15823130226096258, ""vt_error_ratio"": -0.7028363726851573}",21.702444158808806,False,phase27_adaptive_sync_corridor,adaptive_sync_corridor,-0.03892604199510515,-0.7028363726851573,0.03892604199510515,0.7026266289288824,0.03892604199510515,D_1x_recoverable,4,unknown,21.702444158808806,21.90004233258935,,-0.7028363726851573,,,,20.0,20.0,outside_3x,0,unknown,,,,,,,0,0,{},False
phase27_adaptive_sync_corridor,0.98,175.0,8000.0,1.0,False,False,False,False,,,,,,False,,,False,0,,149552307990.84082,149552307990.84082,44.317633378882924,100000,False,True,max_steps,phase76_handoff,"{""burn_a"": 18, ""burn_b_timing_wait"": 128, ""coast_arc"": 1, ""phase76_handoff"": 99817, ""sync_burn_early"": 6, ""sync_burn_late"": 30}","{""insertion_window"": 99637, ""no_intercept_possible"": 363}",0.020408163265306287,1.0241883574111792,-0.013817563036137981,-1.1257574543772246,1.0225447048102907,0.9985712328494951,1.3361986501889813,False,0,18,36,1,0,1,1,1,1,1,0,True,0.0,2809401,0,,0.0,128,-169.99088210838147,0.3,36,adaptive_sync_corridor,"{""angular_momentum_error_ratio"": 0.3067389421076711, ""energy_error_ratio"": 0.7446106894542571, ""r_error_ratio"": -0.01999990717603047, ""vr_ratio"": 0.08632907049245486, ""vt_error_ratio"": 0.3334069574852493}","{""angular_momentum_error_ratio"": -0.019999277048616457, ""energy_error_ratio"": -0.04081351498339377, ""r_error_ratio"": -0.01999927695945703, ""vr_ratio"": 0.0011428137210209288, ""vt_error_ratio"": -9.097896232016654e-11}",7.999914802981397,False,phase27_adaptive_sync_corridor,adaptive_sync_corridor,0.006308609146798016,-1.12831611724202,2.8721346726427817e-12,0.9986046964650528,2.8721346726427817e-12,D_1x_recoverable,4,unknown,7.999914802981397,8.964997674985169,0.3334069574852493,-9.097896232016654e-11,0.33340695739427034,-0.018172115017088708,,7.976123232329739,7.976123232329739,outside_3x,0,unknown,4129949,,,0.2812964487341561,,12.644136044004709,36,0,"{""burn_b_timing_wait"": 128, ""sync_burn_early"": 6, ""sync_burn_late"": 30}",False
phase27_adaptive_sync_corridor,1.0,175.0,8000.0,1.0,True,True,True,True,-35.33209647045934,-3439.731965189568,-0.00839807571601849,-0.8175888886362344,-454.1748046875,False,0.6641488018287663,0.02482508985438676,False,1,86,265.2685546875,277.490234375,8.86631054729974,307,True,False,success,phase76_handoff,"{""phase76_handoff"": 86}","{""handoff_ready"": 215, ""insertion_window"": 52, ""intercept_possible_poor_alignment"": 40}",2.104654818683916e-16,7.398261572089514e-11,-0.0038053019082545138,-3.6991364129378737e-11,0.2861142806458803,0.2677516417374583,1.0000000000000073,False,0,0,0,0,0,1,0,0,0,0,86,True,0.28013029315960913,1,0,,0.0,,,,,adaptive_sync_corridor,{},"{""angular_momentum_error_ratio"": -3.6991364129378737e-11, ""energy_error_ratio"": -7.398261572089514e-11, ""r_error_ratio"": -3.6998697916666665e-11, ""vr_ratio"": 2.055292407109975e-11, ""vt_error_ratio"": 7.350036043192427e-15}",2.9569801506190814,True,phase27_adaptive_sync_corridor,adaptive_sync_corridor,-0.003805301908254529,7.350036043192427e-15,0.003805301908254529,0.2677516418490506,0.003805301908254529,D_1x_recoverable,4,outside_3x,2.9569801506190814,3.773876976166162,,7.350036043192427e-15,,,3.2703555545449374,2.1196812417826454,2.1196812417826454,C_3x,1,outside_3x,,86,,,-0.8175888886362344,,0,0,{},False
phase27_adaptive_sync_corridor,1.02,175.0,8000.0,1.0,False,False,False,False,,,,,,False,,,False,0,,150000036266.99902,153496951935.50977,343.6989150753124,100000,False,True,max_steps,coast_arc,"{""burn_a"": 18, ""coast_arc"": 99982}","{""intercept_possible_poor_alignment"": 100000}",0.019607843137254777,0.5189729724889153,0.006107327294770394,-0.32753377425067104,0.5189253994462651,0.327502200482083,0.9720374749698517,False,0,18,0,99982,0,1,0,0,0,0,0,False,0.0,,0,,0.0,,,,,adaptive_sync_corridor,{},"{""angular_momentum_error_ratio"": -0.32753377425067104, ""energy_error_ratio"": -0.5189729724889153, ""r_error_ratio"": 0.02046626025806797, ""vr_ratio"": 0.08161871712335189, ""vt_error_ratio"": -0.34102061779164794}",9.086850509347325,False,phase27_adaptive_sync_corridor,adaptive_sync_corridor,-0.013620267358068197,-0.34102061779164794,0.013620267358068197,0.3408398556022708,0.013620267358068197,D_1x_recoverable,4,unknown,9.086850509347325,9.200248967409705,,-0.34102061779164794,,,,8.0,8.0,outside_3x,0,unknown,,,,,,,0,0,{},False
phase27_adaptive_sync_corridor,1.05,175.0,8000.0,1.0,False,False,False,False,,,,,,False,,,False,0,,375000035724.7881,378342332637.4072,325.08467696479426,100000,False,True,max_steps,coast_arc,"{""burn_a"": 24, ""coast_arc"": 99976}","{""intercept_possible_poor_alignment"": 100000}",0.04761904761904765,0.8029052688622864,0.020795802465610375,-0.6760679156965376,0.8028174946721713,0.6759812236145738,0.9483424233034455,False,0,24,0,99976,0,1,0,0,0,0,0,False,0.0,,0,,0.0,,,,,adaptive_sync_corridor,{},"{""angular_momentum_error_ratio"": -0.6760679156965376, ""energy_error_ratio"": -0.8029052688622864, ""r_error_ratio"": 0.050445644351654294, ""vr_ratio"": 0.07715490634276088, ""vt_error_ratio"": -0.6916241349133331}",20.446890754374035,False,phase27_adaptive_sync_corridor,adaptive_sync_corridor,-0.02781352146132346,-0.6916241349133331,0.02781352146132346,0.691476371368052,0.02781352146132346,D_1x_recoverable,4,unknown,20.446890754374035,20.665000669607032,,-0.6916241349133331,,,,20.0,20.0,outside_3x,0,unknown,,,,,,,0,0,{},False
phase27_adaptive_sync_corridor,0.98,150.0,10000.0,1.0,False,False,False,False,,,,,,False,,,False,0,,149416296110.9756,149416296110.9756,55.406664105352384,100000,False,True,max_steps,phase76_handoff,"{""burn_a"": 18, ""burn_b_timing_wait"": 128, ""coast_arc"": 1, ""phase76_handoff"": 99817, ""sync_burn_early"": 6, ""sync_burn_late"": 30}","{""insertion_window"": 99527, ""intercept_possible_poor_alignment"": 13, ""no_intercept_possible"": 460}",0.020408163265306076,1.014288993091719,-0.1426785900258876,-1.158038216394134,1.0129157492647343,0.9985035225768331,1.374876627303795,False,0,18,36,1,0,1,1,1,1,1,0,True,0.0,705902,0,,0.0,128,-135.0,0.3,36,adaptive_sync_corridor,"{""angular_momentum_error_ratio"": 0.2578415599813004, ""energy_error_ratio"": 0.8494704621631978, ""r_error_ratio"": -0.01999946891827474, ""vr_ratio"": 0.4928335804732481, ""vt_error_ratio"": 0.28351110033878657}","{""angular_momentum_error_ratio"": -0.019995861913730588, ""energy_error_ratio"": -0.04080640356339861, ""r_error_ratio"": -0.019995861842415103, ""vr_ratio"": 0.0011426189926550029, ""vt_error_ratio"": -7.277054508834139e-11}",7.9985487214762205,False,phase27_adaptive_sync_corridor,adaptive_sync_corridor,-0.12518223472029347,-1.16125068031385,4.945298809637478e-11,0.9985332474632527,4.945298809637478e-11,D_1x_recoverable,4,unknown,7.9985487214762205,9.008901579724998,0.28351110033878657,-7.277054508834139e-11,0.283511100266016,-0.022705286554869974,,7.968869553713698,7.968869553713698,outside_3x,0,unknown,723439,,,0.25719987993548726,,25.87946274152828,36,0,"{""burn_b_timing_wait"": 128, ""sync_burn_early"": 6, ""sync_burn_late"": 30}",False
phase27_adaptive_sync_corridor,1.0,150.0,10000.0,1.0,True,True,True,True,-6.276680836972505,-4026.540150778171,-0.0014919024394221608,-0.9570671553015822,-547.65234375,False,0.7674440072415927,0.02644763969103196,False,1,413,80.015625,399.2158203125,22.040497429913927,630,True,False,success,phase76_handoff,"{""phase76_handoff"": 413}","{""handoff_ready"": 211, ""insertion_window"": 251, ""intercept_possible_poor_alignment"": 168}",0.0,1.0644565350620334e-10,-0.13397459621556124,-5.3222465417905946e-11,0.6430051106494269,0.6187930017814905,1.000000000000006,False,0,0,0,0,0,1,0,0,0,0,413,True,0.6555555555555556,0,0,,0.0,,,,,adaptive_sync_corridor,{},"{""angular_momentum_error_ratio"": -5.3222465417905946e-11, ""energy_error_ratio"": -1.0644565350620334e-10, ""r_error_ratio"": -5.322877604166667e-11, ""vr_ratio"": 2.957004284280792e-11, ""vt_error_ratio"": 6.269148389781775e-15}",2.758531474618212,True,phase27_adaptive_sync_corridor,adaptive_sync_corridor,-0.1339745962155612,6.269148389781775e-15,0.1339745962155612,0.6187930028131363,0.1339745962155612,D_1x_recoverable,4,outside_3x,2.758531474618212,3.9131082488733675,,6.269148389781775e-15,,,3.8282686212063286,2.6852791219384198,2.6852791219384198,C_3x,1,outside_3x,,413,,,-0.9570671553015822,,0,0,{},False
phase27_adaptive_sync_corridor,1.02,150.0,10000.0,1.0,False,False,False,False,,,,,,False,,,False,0,,150000208001.97266,170233753030.82324,2014.8353784766816,100000,False,True,max_steps,coast_arc,"{""burn_a"": 18, ""coast_arc"": 99982}","{""intercept_possible_poor_alignment"": 100000}",0.01960784313725499,0.5260135675057651,-0.12535721577320472,-0.5422358781238094,0.5259671295358843,0.5421962744625494,0.970206527515042,False,0,18,0,99982,0,1,0,0,0,0,0,False,0.0,,0,,0.0,,,,,adaptive_sync_corridor,{},"{""angular_momentum_error_ratio"": -0.5422358781238094, ""energy_error_ratio"": -0.5260135675057651, ""r_error_ratio"": 0.0226978337374431, ""vr_ratio"": 0.4787990375207128, ""vt_error_ratio"": -0.5523955299648045}",25.53942098359567,False,phase27_adaptive_sync_corridor,adaptive_sync_corridor,-0.14250707428745554,-0.5523955299648045,0.14250707428745554,0.5517661537920886,0.14250707428745554,D_1x_recoverable,4,unknown,25.53942098359567,25.615534383720796,,-0.5523955299648045,,,,23.939954008230842,23.939954008230842,outside_3x,0,unknown,,,,,,,0,0,{},False
phase27_adaptive_sync_corridor,1.05,150.0,10000.0,1.0,False,False,False,False,,,,,,False,,,False,0,,375000204863.0635,394424709804.75195,1932.326912783091,100000,False,True,max_steps,coast_arc,"{""burn_a"": 24, ""coast_arc"": 99976}","{""intercept_possible_poor_alignment"": 100000}",0.04761904761904765,0.688989201875164,-0.11258803253505753,-0.9833255016508394,0.6889255822599637,0.9832166586220563,0.945613346805704,False,0,24,0,99976,0,1,0,0,0,0,0,False,0.0,,0,,0.0,,,,,adaptive_sync_corridor,{},"{""angular_momentum_error_ratio"": -0.9833255016508394, ""energy_error_ratio"": -0.688989201875164, ""r_error_ratio"": 0.05258996130730026, ""vr_ratio"": 0.45916769375605515, ""vt_error_ratio"": -0.984158600250708}",30.891819060499373,False,phase27_adaptive_sync_corridor,adaptive_sync_corridor,-0.1548457452714833,-0.984158600250708,0.1548457452714833,0.9840354545583666,0.1548457452714833,D_1x_recoverable,4,unknown,30.891819060499373,31.137209960475968,,-0.984158600250708,,,,22.958387218645754,24.39750182371332,outside_3x,0,unknown,,,,,,,0,0,{},False
phase27_adaptive_sync_corridor,0.98,165.0,10000.0,1.0,False,False,False,False,,,,,,False,,,False,0,,149431329219.4541,149431329219.4541,55.406664104038974,100000,False,True,max_steps,phase76_handoff,"{""burn_a"": 18, ""burn_b_timing_wait"": 128, ""coast_arc"": 1, ""phase76_handoff"": 99817, ""sync_burn_early"": 6, ""sync_burn_late"": 30}","{""insertion_window"": 99527, ""intercept_possible_poor_alignment"": 13, ""no_intercept_possible"": 460}",0.020408163265306076,1.014293167342636,-0.04378221735089306,-1.1580378909374796,1.0130459377574141,0.9986413488952544,1.407866913416998,False,0,18,36,1,0,1,1,1,1,1,0,True,0.0,1363699,0,,0.0,128,-152.03499272535788,0.3,36,adaptive_sync_corridor,"{""angular_momentum_error_ratio"": 0.35687019721921753, ""energy_error_ratio"": 0.9412734620470542, ""r_error_ratio"": -0.019999725092979037, ""vr_ratio"": 0.2551077222901433, ""vt_error_ratio"": 0.38456103734047686}","{""angular_momentum_error_ratio"": -0.01999786632823644, ""energy_error_ratio"": -0.04081057739926106, ""r_error_ratio"": -0.01999786625691393, ""vr_ratio"": 0.0011427335304506141, ""vt_error_ratio"": -7.277789512438458e-11}",7.999350507723437,False,phase27_adaptive_sync_corridor,adaptive_sync_corridor,-0.02426756872540107,-1.1612506780247838,5.109982852511125e-11,0.998675501975407,5.109982852511125e-11,D_1x_recoverable,4,unknown,7.999350507723437,8.993347849989819,0.38456103734047686,-7.277789512438458e-11,0.38456103726769897,-0.022712692974003024,,7.9696713194992705,7.9696713194992705,outside_3x,0,unknown,1397585,,,0.35317733984134475,,16.18188438921884,36,0,"{""burn_b_timing_wait"": 128, ""sync_burn_early"": 6, ""sync_burn_late"": 30}",False
phase27_adaptive_sync_corridor,1.0,165.0,10000.0,1.0,True,True,True,True,-8.88966729674766,-3994.6531548940916,-0.0021129824297496515,-0.9494879445402064,-488.6103515625,False,0.7621259346130128,0.026098185272395925,False,1,243,206.97265625,277.3115234375,17.30631244279581,460,True,False,success,phase76_handoff,"{""phase76_handoff"": 243}","{""handoff_ready"": 211, ""insertion_window"": 148, ""intercept_possible_poor_alignment"": 101}",2.104654818683916e-16,7.393778657325719e-11,-0.034074173710931875,-3.6968672685193056e-11,0.5219687416576904,0.504706529929417,1.0000000000000058,False,0,0,0,0,0,1,0,0,0,0,243,True,0.5282608695652173,0,0,,0.0,,,,,adaptive_sync_corridor,{},"{""angular_momentum_error_ratio"": -3.6968672685193056e-11, ""energy_error_ratio"": -7.393778657325719e-11, ""r_error_ratio"": -3.697486979166667e-11, ""vr_ratio"": 2.0540116825669266e-11, ""vt_error_ratio"": 6.269148389781775e-15}",2.8017542840775818,True,phase27_adaptive_sync_corridor,adaptive_sync_corridor,-0.034074173710931834,6.269148389781775e-15,0.034074173710931834,0.5047065303409712,0.034074173710931834,D_1x_recoverable,4,outside_3x,2.8017542840775818,3.899255423179114,,6.269148389781775e-15,,,3.7979517781608254,2.7372981307243807,2.7372981307243807,C_3x,1,outside_3x,,243,,,-0.9494879445402064,,0,0,{},False
phase27_adaptive_sync_corridor,1.02,165.0,10000.0,1.0,False,False,False,False,,,,,,False,,,False,0,,150000107669.6914,160441587470.6494,1036.6874215977077,100000,False,True,max_steps,coast_arc,"{""burn_a"": 18, ""coast_arc"": 99982}","{""intercept_possible_poor_alignment"": 100000}",0.019607843137254777,0.5984167021628569,-0.024462734730208335,-0.44147204670352974,0.5983633829346504,0.44143243075425637,0.9681341043581951,False,0,18,0,99982,0,1,0,0,0,0,0,False,0.0,,0,,0.0,,,,,adaptive_sync_corridor,{},"{""angular_momentum_error_ratio"": -0.44147204670352974, ""energy_error_ratio"": -0.5984167021628569, ""r_error_ratio"": 0.021392211662753256, ""vr_ratio"": 0.24631657695691084, ""vt_error_ratio"": -0.4531699508583222}",14.953091824434882,False,phase27_adaptive_sync_corridor,adaptive_sync_corridor,-0.04359091640216505,-0.4531699508583222,0.04359091640216505,0.4527590275667719,0.04359091640216505,D_1x_recoverable,4,unknown,14.953091824434882,15.028026929355047,,-0.4531699508583222,,,,12.315830715238205,12.315830715238205,outside_3x,0,unknown,,,,,,,0,0,{},False
phase27_adaptive_sync_corridor,1.05,165.0,10000.0,1.0,False,False,False,False,,,,,,False,,,False,0,,375000106044.8506,385004623547.50195,990.4416383030277,100000,False,True,max_steps,coast_arc,"{""burn_a"": 24, ""coast_arc"": 99976}","{""intercept_possible_poor_alignment"": 100000}",0.04761904761904765,0.8342172773759577,-0.010220561444707415,-0.8812168819651444,0.834135488220382,0.8811080071639357,0.9424168952861584,False,0,24,0,99976,0,1,0,0,0,0,0,False,0.0,,0,,0.0,,,,,adaptive_sync_corridor,{},"{""angular_momentum_error_ratio"": -0.8812168819651444, ""energy_error_ratio"": -0.8342172773759577, ""r_error_ratio"": 0.051333949806333594, ""vr_ratio"": 0.23529262884747273, ""vt_error_ratio"": -0.8870167580370282}",23.56207068556549,False,phase27_adaptive_sync_corridor,adaptive_sync_corridor,-0.05735291566162611,-0.8870167580370282,0.05735291566162611,0.8868415814505126,0.05735291566162611,D_1x_recoverable,4,unknown,23.56207068556549,23.764622050615234,,-0.8870167580370282,,,,20.0,20.0,outside_3x,0,unknown,,,,,,,0,0,{},False
phase27_adaptive_sync_corridor,0.98,170.0,10000.0,1.0,False,False,False,False,,,,,,False,,,False,0,,149436598447.09277,149436598447.09277,55.40666410357863,100000,False,True,max_steps,phase76_handoff,"{""burn_a"": 18, ""burn_b_timing_wait"": 128, ""coast_arc"": 1, ""phase76_handoff"": 99817, ""sync_burn_early"": 6, ""sync_burn_late"": 30}","{""insertion_window"": 99527, ""intercept_possible_poor_alignment"": 13, ""no_intercept_possible"": 460}",0.020408163265306496,1.0142946304558131,-0.025090063551973553,-1.1580377768622463,1.0130710015633422,0.9986681898365141,1.4140588231546323,False,0,18,36,1,0,1,1,1,1,1,0,True,0.0,1396121,0,,0.0,128,-160.47386390429938,0.3,36,adaptive_sync_corridor,"{""angular_momentum_error_ratio"": 0.3755891011590561, ""energy_error_ratio"": 0.9587463929105391, ""r_error_ratio"": -0.019999815558097916, ""vr_ratio"": 0.17115808320313208, ""vt_error_ratio"": 0.40366208394382785}","{""angular_momentum_error_ratio"": -0.019998568891945165, ""energy_error_ratio"": -0.040812040366967124, ""r_error_ratio"": -0.019998568820619792, ""vr_ratio"": 0.0011427736768865032, ""vt_error_ratio"": -7.278092160981413e-11}",7.999631540372952,False,phase27_adaptive_sync_corridor,adaptive_sync_corridor,-0.005193942399973061,-1.1612506772224342,3.9957173883631534e-11,0.9987032191544186,3.9957173883631534e-11,D_1x_recoverable,4,unknown,7.999631540372952,8.988640895550208,0.40366208394382785,-7.278092160981413e-11,0.4036620838710469,-0.022714204704057217,,7.969952344973281,7.969952344973281,outside_3x,0,unknown,2083073,,,0.3668281358120563,,13.945382795232552,36,0,"{""burn_b_timing_wait"": 128, ""sync_burn_early"": 6, ""sync_burn_late"": 30}",False
phase27_adaptive_sync_corridor,1.0,170.0,10000.0,1.0,True,True,True,True,-627.8014830847948,-3075.3016548794985,-0.1492219516037754,-0.7309675543558039,-43366.4140625,False,0.7638403911913622,0.018126425876468198,False,1,3843,15013.0810546875,48971.787109375,233.64182222797018,4059,True,False,success,phase76_handoff,"{""phase76_handoff"": 3843}","{""handoff_ready"": 212, ""insertion_window"": 1791, ""intercept_possible_poor_alignment"": 2056}",2.104654818683916e-16,1.3059133116941239e-08,-0.015192246987791962,-6.529566633759087e-09,0.9258990373606751,0.919683014238784,1.000000000000005,False,0,0,0,0,0,1,0,0,0,0,3843,True,0.9467849223946785,0,0,,0.0,,,,,adaptive_sync_corridor,{},"{""angular_momentum_error_ratio"": -6.529566633759087e-09, ""energy_error_ratio"": -1.3059133116941239e-08, ""r_error_ratio"": -6.5295716145833335e-09, ""vr_ratio"": 3.6275379392718474e-09, ""vt_error_ratio"": 4.972083205688995e-15}",2.7329392774020005,True,phase27_adaptive_sync_corridor,adaptive_sync_corridor,-0.015192246987791968,4.972083205688995e-15,0.015192246987791968,0.9196830167914988,0.015192246987791968,D_1x_recoverable,4,A_3x,2.7329392774020005,5.534468659676986,,4.972083205688995e-15,,,7.4610975801887705,2.684550866708462,2.684550866708462,C_3x,1,outside_3x,,3843,,,-0.7309675543558039,,0,0,{},False
phase27_adaptive_sync_corridor,1.02,170.0,10000.0,1.0,False,False,False,False,,,,,,False,,,False,0,,150000072238.28223,156982010040.14062,690.9551264900366,100000,False,True,max_steps,coast_arc,"{""burn_a"": 18, ""coast_arc"": 99982}","{""intercept_possible_poor_alignment"": 100000}",0.01960784313725499,0.6120028652346886,-0.005392923511594131,-0.42242841375953827,0.6119482547325864,0.422388795352401,0.9677447593910704,False,0,18,0,99982,0,1,0,0,0,0,0,False,0.0,,0,,0.0,,,,,adaptive_sync_corridor,{},"{""angular_momentum_error_ratio"": -0.42242841375953827, ""energy_error_ratio"": -0.6120028652346886, ""r_error_ratio"": 0.02093093467201875, ""vr_ratio"": 0.16414235461975824, ""vt_error_ratio"": -0.4342696781677884}",11.70170779288859,False,phase27_adaptive_sync_corridor,adaptive_sync_corridor,-0.02489502305058251,-0.4342696781677884,0.02489502305058251,0.43397368747765497,0.02489502305058251,D_1x_recoverable,4,unknown,11.70170779288859,11.785753648356453,,-0.4342696781677884,,,,8.261492065281601,8.261492065281601,outside_3x,0,unknown,,,,,,,0,0,{},False
phase27_adaptive_sync_corridor,1.05,170.0,10000.0,1.0,False,False,False,False,,,,,,False,,,False,0,,375000071148.1328,381678095048.9453,657.8331856588024,100000,False,True,max_steps,coast_arc,"{""burn_a"": 24, ""coast_arc"": 99976}","{""intercept_possible_poor_alignment"": 100000}",0.047619047619047436,0.8614744017992496,0.009127655905139585,-0.8619205445269049,0.8613892022927113,0.8618118459216247,0.9418158667040529,False,0,24,0,99976,0,1,0,0,0,0,0,False,0.0,,0,,0.0,,,,,adaptive_sync_corridor,{},"{""angular_momentum_error_ratio"": -0.8619205445269049, ""energy_error_ratio"": -0.8614744017992496, ""r_error_ratio"": 0.050890412673192706, ""vr_ratio"": 0.15623551827277804, ""vt_error_ratio"": -0.8686071793900403}",21.702524960613893,False,phase27_adaptive_sync_corridor,adaptive_sync_corridor,-0.03892604199510515,-0.8686071793900403,0.03892604199510515,0.8684480792003694,0.03892604199510515,D_1x_recoverable,4,unknown,21.702524960613893,21.960446269043867,,-0.8686071793900403,,,,20.0,20.0,outside_3x,0,unknown,,,,,,,0,0,{},False
phase27_adaptive_sync_corridor,0.98,175.0,10000.0,1.0,False,False,False,False,,,,,,False,,,False,0,,149441938667.66797,149441938667.66797,55.40666410311204,100000,False,True,max_steps,phase76_handoff,"{""burn_a"": 18, ""burn_b_timing_wait"": 128, ""coast_arc"": 1, ""phase76_handoff"": 99817, ""sync_burn_early"": 6, ""sync_burn_late"": 30}","{""insertion_window"": 99527, ""intercept_possible_poor_alignment"": 13, ""no_intercept_possible"": 460}",0.020408163265306287,1.0142961132838408,-0.013817563036137981,-1.1580376612500334,1.0130866149667324,0.9986844803072058,1.4177865926601643,False,0,18,36,1,0,1,1,1,1,1,0,True,0.0,1396171,0,,0.0,128,-170.04023939188045,0.3,36,adaptive_sync_corridor,"{""angular_momentum_error_ratio"": 0.38687809406636253, ""energy_error_ratio"": 0.9693026785416283, ""r_error_ratio"": -0.019999907426742056, ""vr_ratio"": 0.08590614404718938, ""vt_error_ratio"": 0.41518159495754253}","{""angular_momentum_error_ratio"": -0.019999280921370054, ""energy_error_ratio"": -0.040813523047530664, ""r_error_ratio"": -0.01999928085004258, ""vr_ratio"": 0.0011428143642196608, ""vt_error_ratio"": -7.278308338512096e-11}",7.999916359405719,False,phase27_adaptive_sync_corridor,adaptive_sync_corridor,0.006308609146798016,-1.1612506764092423,3.21401943741657e-11,0.9987200108056626,3.21401943741657e-11,D_1x_recoverable,4,unknown,7.999916359405719,8.985012278453633,0.41518159495754253,-7.278308338512096e-11,0.4151815948847595,-0.022715149226364972,,7.970237156737239,7.970237156737239,outside_3x,0,unknown,4150281,,,0.3517626972863978,,15.116283773905241,36,0,"{""burn_b_timing_wait"": 128, ""sync_burn_early"": 6, ""sync_burn_late"": 30}",False
phase27_adaptive_sync_corridor,1.0,175.0,10000.0,1.0,True,True,True,True,-75.56244302967407,-3051.944929061562,-0.017960415068522723,-0.7254159010011462,-4019.8388671875,False,0.6018852194191227,0.016617452634956786,False,1,44,1625.736328125,2204.3291015625,8.84814968539807,260,True,False,success,phase76_handoff,"{""phase76_handoff"": 44}","{""handoff_ready"": 212, ""insertion_window"": 27, ""intercept_possible_poor_alignment"": 21}",2.104654818683916e-16,5.878098861721584e-10,-0.0038053019082545138,-2.9390490934242894e-10,0.172384283833011,0.1599501633935743,1.0000000000000058,False,0,0,0,0,0,1,0,0,0,0,44,True,0.16923076923076924,0,0,,0.0,,,,,adaptive_sync_corridor,{},"{""angular_momentum_error_ratio"": -2.9390490934242894e-10, ""energy_error_ratio"": -5.878098861721584e-10, ""r_error_ratio"": -2.93910546875e-10, ""vr_ratio"": 1.6328221597544475e-10, ""vt_error_ratio"": 5.620615797735385e-15}",2.904398433002142,True,phase27_adaptive_sync_corridor,adaptive_sync_corridor,-0.003805301908254529,5.620615797735385e-15,0.003805301908254529,0.15995016322518452,0.003805301908254529,D_1x_recoverable,4,A_3x,2.904398433002142,3.7817957781456966,,5.620615797735385e-15,,,2.9016636040045847,2.4927317884270344,2.4927317884270344,C_3x,1,C_3x,,44,,,-0.7254159010011462,,0,0,{},False
phase27_adaptive_sync_corridor,1.02,175.0,10000.0,1.0,False,False,False,False,,,,,,False,,,False,0,,150000036257.10254,153467813905.25684,339.6743835014483,100000,False,True,max_steps,coast_arc,"{""burn_a"": 18, ""coast_arc"": 99982}","{""intercept_possible_poor_alignment"": 100000}",0.019607843137254777,0.6201809395377146,0.006107327294770394,-0.4109440743069493,0.6201255517614975,0.41090457655646745,0.9675103243982137,False,0,18,0,99982,0,1,0,0,0,0,0,False,0.0,,0,,0.0,,,,,adaptive_sync_corridor,{},"{""angular_momentum_error_ratio"": -0.4109440743069493, ""energy_error_ratio"": -0.6201809395377146, ""r_error_ratio"": 0.020462375187367578, ""vr_ratio"": 0.08064824304715694, ""vt_error_ratio"": -0.422755860464827}",9.086941654372925,False,phase27_adaptive_sync_corridor,adaptive_sync_corridor,-0.013620267358068197,-0.422755860464827,0.013620267358068197,0.4225871420101784,0.013620267358068197,D_1x_recoverable,4,unknown,9.086941654372925,9.238320276463098,,-0.422755860464827,,,,8.0,8.0,outside_3x,0,unknown,,,,,,,0,0,{},False
phase27_adaptive_sync_corridor,1.05,175.0,10000.0,1.0,False,False,False,False,,,,,,False,,,False,0,,375000035709.94434,378299802772.33594,320.0328212813924,100000,False,True,max_steps,coast_arc,"{""burn_a"": 24, ""coast_arc"": 99976}","{""intercept_possible_poor_alignment"": 100000}",0.04761904761904765,0.8778826423135261,0.020795802465610375,-0.8502839455188016,0.8777953898093113,0.8501754764207773,0.9414538917187043,False,0,24,0,99976,0,1,0,0,0,0,0,False,0.0,,0,,0.0,,,,,adaptive_sync_corridor,{},"{""angular_momentum_error_ratio"": -0.8502839455188016, ""energy_error_ratio"": -0.8778826423135261, ""r_error_ratio"": 0.050439973702978126, ""vr_ratio"": 0.0759441490257062, ""vt_error_ratio"": -0.8574730034754635}",20.446843289290705,False,phase27_adaptive_sync_corridor,adaptive_sync_corridor,-0.02781352146132346,-0.8574730034754635,0.02781352146132346,0.8573397623292858,0.02781352146132346,D_1x_recoverable,4,unknown,20.446843289290705,20.753606029845802,,-0.8574730034754635,,,,20.0,20.0,outside_3x,0,unknown,,,,,,,0,0,{},False
phase27_adaptive_sync_corridor,0.98,150.0,12000.0,1.0,False,False,False,False,,,,,,False,,,False,0,,149305576587.3379,149305576587.3379,66.48190143499222,100000,False,True,max_steps,phase76_handoff,"{""burn_a"": 18, ""burn_b_timing_wait"": 128, ""coast_arc"": 1, ""phase76_handoff"": 99817, ""sync_burn_early"": 6, ""sync_burn_late"": 30}","{""insertion_window"": 99909, ""no_intercept_possible"": 91}",0.020408163265306076,1.0046635228067555,-0.1426785900258876,-0.8147652809854077,1.0013073597443525,0.9986193223316528,1.4506621815840994,False,0,18,36,1,0,1,1,1,1,1,0,True,0.0,705902,0,,0.0,128,-135.0,0.3,36,adaptive_sync_corridor,"{""angular_momentum_error_ratio"": 0.3379465809556838, ""energy_error_ratio"": 1.0636054842326585, ""r_error_ratio"": -0.01999947035152435, ""vr_ratio"": 0.49041895876721375, ""vt_error_ratio"": 0.36525087535983536}","{""angular_momentum_error_ratio"": -0.019995890434482678, ""energy_error_ratio"": -0.040806462952513556, ""r_error_ratio"": -0.019995890375053386, ""vr_ratio"": 0.0011426209037651053, ""vt_error_ratio"": -6.064190472942048e-11}",7.998560134922917,False,phase27_adaptive_sync_corridor,adaptive_sync_corridor,-0.12518223472029347,-0.811002836931363,4.7497446153824235e-11,0.9986515466762579,4.7497446153824235e-11,D_1x_recoverable,4,unknown,7.998560134922917,9.01898437917725,0.36525087535983536,-6.064190472942048e-11,0.3652508752991935,-0.027246464870086085,,7.962964432326666,7.962964432326666,outside_3x,0,unknown,727001,,,0.3370168973769277,,26.201220583911567,36,0,"{""burn_b_timing_wait"": 128, ""sync_burn_early"": 6, ""sync_burn_late"": 30}",False
phase27_adaptive_sync_corridor,1.0,150.0,12000.0,1.0,True,True,True,True,-80.49851164523518,-3051.369756909111,-0.019133667779626447,-0.7252791884998071,-3681.29296875,False,0.6031837526262365,0.014364654403677601,False,3,114,148.345703125,755.0380859375,26.347138132160573,326,True,False,success,phase76_handoff,"{""phase76_handoff"": 114}","{""handoff_ready"": 209, ""insertion_window"": 68, ""intercept_possible_poor_alignment"": 49}",0.0,2.0133359507560395e-10,-0.13397459621556124,-1.0066672571051816e-10,0.34060435774997916,0.3252353379979766,1.0000000000000049,False,0,0,0,0,0,1,0,0,0,0,114,True,0.3496932515337423,0,0,,0.0,,,,,adaptive_sync_corridor,{},"{""angular_momentum_error_ratio"": -1.0066672571051816e-10, ""energy_error_ratio"": -2.0133359507560395e-10, ""r_error_ratio"": -1.0067174479166667e-10, ""vr_ratio"": 5.592751671841635e-11, ""vt_error_ratio"": 4.972083205688995e-15}",2.7872261916056575,True,phase27_adaptive_sync_corridor,adaptive_sync_corridor,-0.1339745962155612,4.972083205688995e-15,0.1339745962155612,0.32523533842449015,0.1339745962155612,D_1x_recoverable,4,A_3x,2.7872261916056575,4.179003662073797,,4.972083205688995e-15,,,2.9011167539992284,2.4255486302029565,2.4255486302029565,C_3x,1,C_3x,,114,,,-0.7252791884998071,,0,0,{},False
phase27_adaptive_sync_corridor,1.02,150.0,12000.0,1.0,False,False,False,False,,,,,,False,,,False,0,,150000207945.22168,170126484326.28125,2003.3783570709747,100000,False,True,max_steps,coast_arc,"{""burn_a"": 18, ""coast_arc"": 99982}","{""intercept_possible_poor_alignment"": 100000}",0.01960784313725499,0.5949826592357413,-0.12535721577320472,-0.6256125947607882,0.5949318710010427,0.6255650702431684,0.966233028349279,False,0,18,0,99982,0,1,0,0,0,0,0,False,0.0,,0,,0.0,,,,,adaptive_sync_corridor,{},"{""angular_momentum_error_ratio"": -0.6256125947607882, ""energy_error_ratio"": -0.5949826592357413, ""r_error_ratio"": 0.022683531243504168, ""vr_ratio"": 0.47606672265565325, ""vt_error_ratio"": -0.633916657693719}",25.457956413695403,False,phase27_adaptive_sync_corridor,adaptive_sync_corridor,-0.14250707428745554,-0.633916657693719,0.14250707428745554,0.6333896948988794,0.14250707428745554,D_1x_recoverable,4,unknown,25.457956413695403,25.525302544442162,,-0.633916657693719,,,,23.803338446967135,23.803338446967135,outside_3x,0,unknown,,,,,,,0,0,{},False
phase27_adaptive_sync_corridor,1.05,150.0,12000.0,1.0,False,False,False,False,,,,,,False,,,False,0,,375000204777.94336,394233377317.86523,1913.4274862819768,100000,False,True,max_steps,coast_arc,"{""burn_a"": 24, ""coast_arc"": 99976}","{""intercept_possible_poor_alignment"": 100000}",0.04761904761904765,0.671004746308642,-0.11258803253505753,-1.1574769648215892,0.6709554765172211,1.1573463525313261,0.9395914607338702,False,0,24,0,99976,0,1,0,0,0,0,0,False,0.0,,0,,0.0,,,,,adaptive_sync_corridor,{},"{""angular_momentum_error_ratio"": -1.1574769648215892, ""energy_error_ratio"": -0.671004746308642, ""r_error_ratio"": 0.052564450309048695, ""vr_ratio"": 0.45467843721044, ""vt_error_ratio"": -1.1496126577097976}",30.81113287234357,False,phase27_adaptive_sync_corridor,adaptive_sync_corridor,-0.1548457452714833,-1.1496126577097976,0.1548457452714833,1.1496704889694922,0.1548457452714833,D_1x_recoverable,4,unknown,30.81113287234357,31.05675197696593,,-1.1496126577097976,,,,22.733924332509712,24.39750182371332,outside_3x,0,unknown,,,,,,,0,0,{},False
phase27_adaptive_sync_corridor,0.98,165.0,12000.0,1.0,False,False,False,False,,,,,,False,,,False,0,,149320484565.81055,149320484565.81055,66.48190141885107,100000,False,True,max_steps,phase76_handoff,"{""burn_a"": 18, ""burn_b_timing_wait"": 128, ""coast_arc"": 1, ""phase76_handoff"": 99817, ""sync_burn_early"": 6, ""sync_burn_late"": 30}","{""insertion_window"": 99909, ""no_intercept_possible"": 91}",0.020408163265306076,1.0046676616984676,-0.04378221735089306,-0.8147656559428044,1.0014634623952534,0.998758607569638,1.4881393694525158,False,0,18,36,1,0,1,1,1,1,1,0,True,0.0,1363699,0,,0.0,128,-152.15247003109147,0.3,36,adaptive_sync_corridor,"{""angular_momentum_error_ratio"": 0.437000946805927, ""energy_error_ratio"": 1.1737429976678926, ""r_error_ratio"": -0.019999725835098438, ""vr_ratio"": 0.25385749662898655, ""vt_error_ratio"": 0.46632708652092403}","{""angular_momentum_error_ratio"": -0.019997878164974385, ""energy_error_ratio"": -0.040810602047060114, ""r_error_ratio"": -0.019997878105538804, ""vr_ratio"": 0.001142734488219061, ""vt_error_ratio"": -6.064839005534094e-11}",7.999355247394485,False,phase27_adaptive_sync_corridor,adaptive_sync_corridor,-0.02426756872540107,-0.8110028361987555,5.302769974373449e-11,0.9987950068427599,5.302769974373449e-11,D_1x_recoverable,4,unknown,7.999355247394485,9.003579048744639,0.46632708652092403,-6.064839005534094e-11,0.46632708646027565,-0.02725526732863437,,7.963759524511563,7.963759524511563,outside_3x,0,unknown,1404468,,,0.4320222111120418,,17.03863598166129,36,0,"{""burn_b_timing_wait"": 128, ""sync_burn_early"": 6, ""sync_burn_late"": 30}",False
phase27_adaptive_sync_corridor,1.0,165.0,12000.0,1.0,True,True,True,True,-29.385295636110204,-3791.606204635221,-0.0069845823583089784,-0.9012257740911267,-579.7763671875,False,0.7293621181801756,0.02031839432766244,False,2,105,135.919921875,502.3330078125,21.192783332264064,318,True,False,success,phase76_handoff,"{""phase76_handoff"": 105}","{""handoff_ready"": 209, ""insertion_window"": 63, ""intercept_possible_poor_alignment"": 46}",2.104654818683916e-16,1.3396506758790487e-10,-0.034074173710931875,6.698273464708606e-11,0.3259054175294539,0.3132262829276735,1.0000000000000049,False,0,0,0,0,0,1,0,0,0,0,105,True,0.330188679245283,0,0,,0.0,,,,,adaptive_sync_corridor,{},"{""angular_momentum_error_ratio"": 6.698273464708606e-11, ""energy_error_ratio"": 1.3396506758790487e-10, ""r_error_ratio"": 6.6977734375e-11, ""vr_ratio"": -3.7211082884886824e-11, ""vt_error_ratio"": 4.972083205688995e-15}",2.776776976070846,True,phase27_adaptive_sync_corridor,adaptive_sync_corridor,-0.034074173710931834,4.972083205688995e-15,0.034074173710931834,0.3132262831941476,0.034074173710931834,D_1x_recoverable,4,outside_3x,2.776776976070846,4.005637607192157,,4.972083205688995e-15,,,3.604903096364507,2.4970818568517643,2.4970818568517643,C_3x,1,outside_3x,,105,,,-0.9012257740911267,,0,0,{},False
phase27_adaptive_sync_corridor,1.02,165.0,12000.0,1.0,False,False,False,False,,,,,,False,,,False,0,,150000107640.30566,160380456647.33496,1029.6655733346424,100000,False,True,max_steps,coast_arc,"{""burn_a"": 18, ""coast_arc"": 99982}","{""intercept_possible_poor_alignment"": 100000}",0.019607843137254777,0.681889445443471,-0.024462734730208335,-0.5248741722115695,0.6818303967699995,0.5248266330392679,0.9637353295947576,False,0,18,0,99982,0,1,0,0,0,0,0,False,0.0,,0,,0.0,,,,,adaptive_sync_corridor,{},"{""angular_momentum_error_ratio"": -0.5248741722115695, ""energy_error_ratio"": -0.681889445443471, ""r_error_ratio"": 0.02138406088631133, ""vr_ratio"": 0.2446362099797887, ""vt_error_ratio"": -0.5348215759543598}",14.945134983837804,False,phase27_adaptive_sync_corridor,adaptive_sync_corridor,-0.04359091640216505,-0.5348215759543598,0.04359091640216505,0.5344603977271037,0.04359091640216505,D_1x_recoverable,4,unknown,14.945134983837804,15.010320702522362,,-0.5348215759543598,,,,12.23181259333088,12.23181259333088,outside_3x,0,unknown,,,,,,,0,0,{},False
phase27_adaptive_sync_corridor,1.05,165.0,12000.0,1.0,False,False,False,False,,,,,,False,,,False,0,,375000106000.7754,384903140850.61426,980.1854391913504,100000,False,True,max_steps,coast_arc,"{""burn_a"": 24, ""coast_arc"": 99976}","{""intercept_possible_poor_alignment"": 100000}",0.04761904761904765,0.8453702873813108,-0.010220561444707415,-1.055417207463039,0.8452991988716839,1.0552865575263188,0.9357297215169665,False,0,24,0,99976,0,1,0,0,0,0,0,False,0.0,,0,,0.0,,,,,adaptive_sync_corridor,{},"{""angular_momentum_error_ratio"": -1.055417207463039, ""energy_error_ratio"": -0.8453702873813108, ""r_error_ratio"": 0.0513204187800819, ""vr_ratio"": 0.2328535007118405, ""vt_error_ratio"": -1.0527120052774617}",23.561988596416803,False,phase27_adaptive_sync_corridor,adaptive_sync_corridor,-0.05735291566162611,-1.0527120052774617,0.05735291566162611,1.052620587859163,0.05735291566162611,D_1x_recoverable,4,unknown,23.561988596416803,23.810486012197636,,-1.0527120052774617,,,,20.0,20.0,outside_3x,0,unknown,,,,,,,0,0,{},False
phase27_adaptive_sync_corridor,0.98,170.0,12000.0,1.0,False,False,False,False,,,,,,False,,,False,0,,149325722076.9414,149325722076.9414,66.48190141318045,100000,False,True,max_steps,phase76_handoff,"{""burn_a"": 18, ""burn_b_timing_wait"": 128, ""coast_arc"": 1, ""phase76_handoff"": 99817, ""sync_burn_early"": 6, ""sync_burn_late"": 30}","{""insertion_window"": 99909, ""no_intercept_possible"": 91}",0.020408163265306496,1.0046691157890304,-0.025090063551973553,-0.814765787673859,1.0014935532554583,0.9987855545055346,1.4951659464547258,False,0,18,36,1,0,1,1,1,1,1,0,True,0.0,2032565,0,,0.0,128,-160.56356605828645,0.3,36,adaptive_sync_corridor,"{""angular_momentum_error_ratio"": 0.45572505453876455, ""energy_error_ratio"": 1.1947052440680126, ""r_error_ratio"": -0.019999816056021746, ""vr_ratio"": 0.17031926563540006, ""vt_error_ratio"": 0.4854334503083941}","{""angular_momentum_error_ratio"": -0.01999857649979972, ""energy_error_ratio"": -0.040812056208875055, ""r_error_ratio"": -0.01999857644036224, ""vr_ratio"": 0.0011427743930150865, ""vt_error_ratio"": -6.065033565311708e-11}",7.999634588447778,False,phase27_adaptive_sync_corridor,adaptive_sync_corridor,-0.005193942399973061,-0.811002835941386,5.4250399857272614e-11,0.9988227803864107,5.4250399857272614e-11,D_1x_recoverable,4,unknown,7.999634588447778,8.998922668701473,0.4854334503083941,-6.065033565311708e-11,0.48543345024774376,-0.02725706318889143,,7.964038858438334,7.964038858438334,outside_3x,0,unknown,2093332,,,0.4440458674746783,,15.27996353101631,36,0,"{""burn_b_timing_wait"": 128, ""sync_burn_early"": 6, ""sync_burn_late"": 30}",False
phase27_adaptive_sync_corridor,1.0,170.0,12000.0,1.0,True,True,True,True,-30.099257367256808,-2552.5823086070577,-0.007154283714171683,-0.6067225452351612,-1052.3896484375,False,0.49396317678545365,0.010598707260321274,False,6,1010,10.53125,67.607421875,14.814055285645287,1222,True,False,success,phase76_handoff,"{""phase76_handoff"": 1010}","{""handoff_ready"": 209, ""insertion_window"": 560, ""intercept_possible_poor_alignment"": 453}",2.104654818683916e-16,1.8038365054494238e-11,-0.015192246987791962,9.019278608507897e-12,0.7941505641062065,0.769303524146656,1.0000000000000049,False,0,0,0,0,0,1,0,0,0,0,1010,True,0.8265139116202946,0,0,,0.0,,,,,adaptive_sync_corridor,{},"{""angular_momentum_error_ratio"": 9.019278608507897e-12, ""energy_error_ratio"": 1.8038365054494238e-11, ""r_error_ratio"": 9.014322916666667e-12, ""vr_ratio"": -5.009178944711364e-12, ""vt_error_ratio"": 4.972083205688995e-15}",2.448169600872736,True,phase27_adaptive_sync_corridor,adaptive_sync_corridor,-0.015192246987791968,4.972083205688995e-15,0.015192246987791968,0.7693035258300145,0.015192246987791968,D_1x_recoverable,4,A_3x,2.448169600872736,3.7446400113331864,,4.972083205688995e-15,,,2.426890180940645,2.4212164371649516,2.4212164371649516,C_3x,1,C_3x,,1010,,,-0.6067225452351612,,0,0,{},False
phase27_adaptive_sync_corridor,1.02,170.0,12000.0,1.0,False,False,False,False,,,,,,False,,,False,0,,150000072218.56543,156937486231.89258,685.5597949833151,100000,False,True,max_steps,coast_arc,"{""burn_a"": 18, ""coast_arc"": 99982}","{""intercept_possible_poor_alignment"": 100000}",0.01960784313725499,0.6981974715878331,-0.005392923511594131,-0.5058356298554714,0.6981368727963326,0.5057880877520339,0.963265962265492,False,0,18,0,99982,0,1,0,0,0,0,0,False,0.0,,0,,0.0,,,,,adaptive_sync_corridor,{},"{""angular_momentum_error_ratio"": -0.5058356298554714, ""energy_error_ratio"": -0.6981974715878331, ""r_error_ratio"": 0.020924998164252345, ""vr_ratio"": 0.16284815999858207, ""vt_error_ratio"": -0.5159640805807512}",11.701670996723127,False,phase27_adaptive_sync_corridor,adaptive_sync_corridor,-0.02489502305058251,-0.5159640805807512,0.02489502305058251,0.5156989677340675,0.02489502305058251,D_1x_recoverable,4,unknown,11.701670996723127,11.80057242059,,-0.5159640805807512,,,,8.223889351433073,8.223889351433073,outside_3x,0,unknown,,,,,,,0,0,{},False
phase27_adaptive_sync_corridor,1.05,170.0,12000.0,1.0,False,False,False,False,,,,,,False,,,False,0,,375000071118.5596,381608948690.8535,650.7459705683316,100000,False,True,max_steps,coast_arc,"{""burn_a"": 24, ""coast_arc"": 99976}","{""intercept_possible_poor_alignment"": 100000}",0.047619047619047436,0.8780972997267489,0.009127655905139585,-1.0361306609375238,0.8780221157248826,1.0360001860219383,0.9350032816756486,False,0,24,0,99976,0,1,0,0,0,0,0,False,0.0,,0,,0.0,,,,,adaptive_sync_corridor,{},"{""angular_momentum_error_ratio"": -1.0361306609375238, ""energy_error_ratio"": -0.8780972997267489, ""r_error_ratio"": 0.050881193158780466, ""vr_ratio"": 0.15454881222905803, ""vt_error_ratio"": -1.03438129940162}",21.702513343785302,False,phase27_adaptive_sync_corridor,adaptive_sync_corridor,-0.03892604199510515,-1.03438129940162,0.03892604199510515,1.0342712089509773,0.03892604199510515,D_1x_recoverable,4,unknown,21.702513343785302,22.04401535012979,,-1.03438129940162,,,,20.0,20.0,outside_3x,0,unknown,,,,,,,0,0,{},False
phase27_adaptive_sync_corridor,0.98,175.0,12000.0,1.0,False,False,False,False,,,,,,False,,,False,0,,149331032990.09766,149331032990.09766,66.4819014074302,100000,False,True,max_steps,phase76_handoff,"{""burn_a"": 18, ""burn_b_timing_wait"": 128, ""coast_arc"": 1, ""phase76_handoff"": 99817, ""sync_burn_early"": 6, ""sync_burn_late"": 30}","{""insertion_window"": 99909, ""no_intercept_possible"": 91}",0.020408163265306287,1.0046705902603172,-0.013817563036137981,-0.8147659212510657,1.001512312955382,0.9988020007930933,1.4993951176966982,False,0,18,36,1,0,1,1,1,1,1,0,True,0.0,4049661,0,,0.0,128,-170.08938232093624,0.3,36,adaptive_sync_corridor,"{""angular_momentum_error_ratio"": 0.46701725610973716, ""energy_error_ratio"": 1.2073695747161735, ""r_error_ratio"": -0.019999907676642448, ""vr_ratio"": 0.08548518143904044, ""vt_error_ratio"": 0.4969562427609291}","{""angular_momentum_error_ratio"": -0.01999928462153126, ""energy_error_ratio"": -0.04081353075234679, ""r_error_ratio"": -0.019999284562091536, ""vr_ratio"": 0.001142814857062182, ""vt_error_ratio"": -6.065271360595458e-11}",7.999917844363383,False,phase27_adaptive_sync_corridor,adaptive_sync_corridor,0.006308609146798016,-0.8110028356803927,5.452105412568664e-11,0.9988396731292609,5.452105412568664e-11,D_1x_recoverable,4,unknown,7.999917844363383,8.995343288684927,0.4969562427609291,-6.065271360595458e-11,0.4969562427002764,-0.027258184572627686,,7.964322107139895,7.964322107139895,outside_3x,0,unknown,4170718,,,0.4207953716152151,,17.726767953071633,36,0,"{""burn_b_timing_wait"": 128, ""sync_burn_early"": 6, ""sync_burn_late"": 30}",False
phase27_adaptive_sync_corridor,1.0,175.0,12000.0,1.0,True,True,True,True,-67.92548656141525,-2582.702318568411,-0.016145189110617915,-0.6138817616273774,-5157.419921875,False,0.5104796369222995,0.010969941268989187,False,1,43,1216.3447265625,2626.7353515625,7.257112147984378,255,True,False,success,phase76_handoff,"{""phase76_handoff"": 43}","{""handoff_ready"": 209, ""insertion_window"": 26, ""intercept_possible_poor_alignment"": 20}",2.104654818683916e-16,7.004529062574584e-10,-0.0038053019082545138,-3.5022646825758274e-10,0.16585029829326867,0.15445766656619989,1.0000000000000049,False,0,0,0,0,0,1,0,0,0,0,43,True,0.16862745098039217,0,0,,0.0,,,,,adaptive_sync_corridor,{},"{""angular_momentum_error_ratio"": -3.5022646825758274e-10, ""energy_error_ratio"": -7.004529062574584e-10, ""r_error_ratio"": -3.5023138020833333e-10, ""vr_ratio"": 1.9457174060883696e-10, ""vt_error_ratio"": 4.972083205688995e-15}",2.5842628567746577,True,phase27_adaptive_sync_corridor,adaptive_sync_corridor,-0.003805301908254529,4.972083205688995e-15,0.003805301908254529,0.1544576663384708,0.003805301908254529,D_1x_recoverable,4,A_3x,2.5842628567746577,3.7120208840039144,,4.972083205688995e-15,,,2.4555270465095096,2.119723362888738,2.119723362888738,C_3x,1,C_3x,,43,,,-0.6138817616273774,,0,0,{},False
phase27_adaptive_sync_corridor,1.02,175.0,12000.0,1.0,False,False,False,False,,,,,,False,,,False,0,,150000036247.20605,153440302747.25977,335.9593860876791,100000,False,True,max_steps,coast_arc,"{""burn_a"": 18, ""coast_arc"": 99982}","{""intercept_possible_poor_alignment"": 100000}",0.019607843137254777,0.7080140146639551,0.006107327294770394,-0.4943543840493252,0.7079524827799724,0.49430696231574167,0.9629833240498897,False,0,18,0,99982,0,1,0,0,0,0,0,False,0.0,,0,,0.0,,,,,adaptive_sync_corridor,{},"{""angular_momentum_error_ratio"": -0.4943543840493252, ""energy_error_ratio"": -0.7080140146639551, ""r_error_ratio"": 0.020458707032967968, ""vr_ratio"": 0.07975317778584266, ""vt_error_ratio"": -0.50449184032065}",9.08684706703187,False,phase27_adaptive_sync_corridor,adaptive_sync_corridor,-0.013620267358068197,-0.50449184032065,0.013620267358068197,0.5043347435151139,0.013620267358068197,D_1x_recoverable,4,unknown,9.08684706703187,9.288759002485973,,-0.50449184032065,,,,8.0,8.0,outside_3x,0,unknown,,,,,,,0,0,{},False
phase27_adaptive_sync_corridor,1.05,175.0,12000.0,1.0,False,False,False,False,,,,,,False,,,False,0,,375000035695.10156,378263780650.0596,316.2190925781402,100000,False,True,max_steps,coast_arc,"{""burn_a"": 24, ""coast_arc"": 99976}","{""intercept_possible_poor_alignment"": 100000}",0.04761904761904765,0.8977985573807181,0.020795802465610375,-1.0245000139379012,0.89772090788909,1.0243697678174712,0.9345657275839377,False,0,24,0,99976,0,1,0,0,0,0,0,False,0.0,,0,,0.0,,,,,adaptive_sync_corridor,{},"{""angular_momentum_error_ratio"": -1.0245000139379012, ""energy_error_ratio"": -0.8977985573807181, ""r_error_ratio"": 0.05043517075334127, ""vr_ratio"": 0.0750350249097049, ""vt_error_ratio"": -1.0233236801470864}",20.446833376035027,False,phase27_adaptive_sync_corridor,adaptive_sync_corridor,-0.02781352146132346,-1.0233236801470864,0.02781352146132346,1.0232040199121624,0.02781352146132346,D_1x_recoverable,4,unknown,20.446833376035027,20.864603983081555,,-1.0233236801470864,,,,20.0,20.0,outside_3x,0,unknown,,,,,,,0,0,{},False
