controller_name,r0_over_target,initial_velocity_angle_deg,thrust_scale,target_radius_scale,success,capture_entered,lock_entered,crossing_occurs,crossing_vr,crossing_vt_error,crossing_vr_ratio,crossing_vt_error_ratio,crossing_radius_error,crossing_radius_error_ratio,sync_error_at_crossing,min_distance_to_recoverable,recoverable_crossing,near_recoverable_crossing,family_label,window_quality_label,family_quality_score,crossing_score,recoverability_score,near_miss,radius_crossings_total,first_crossing_step,minimum_abs_radius_error,final_radius_error,tail_mean_abs_vr,steps,terminated,truncated,termination_reason,dominant_transfer_stage,transfer_stage_counts_json,intercept_classification_counts_json,initial_energy_error_ratio,final_energy_error_ratio,initial_angular_momentum_error_ratio,final_angular_momentum_error_ratio,mean_energy_error_ratio,mean_angular_momentum_error_ratio,max_speed_ratio,overspeed,instability,turning_point_count,burn_a_steps,burn_b_steps,coast_arc_steps,safe_coast_steps,burn_a_count,burn_b_count,insertion_attempts,insertion_windows,successful_insertion_windows,good_windows,dead_windows,handoff_ready_count,handoff_entered,handoff_rate,predicted_crossing_step,burn_a_strategy,burn_a_end_step,burn_a_end_radius_ratio,burn_a_end_r_error_ratio,burn_a_end_vr_ratio,burn_a_end_vt_error_ratio,burn_a_end_energy_error_ratio,burn_a_end_angular_momentum_error_ratio,burn_a_end_eccentricity_proxy,burn_a_end_periapsis_ratio,burn_a_end_apoapsis_ratio,burn_a_end_orbit_crosses_target,burn_a_end_predicted_crossing_step,phase28_reference_family_label,phase28_reference_window_quality,endpoint_candidate_id,endpoint_duration,endpoint_norm,endpoint_radial_bias,endpoint_tangential_bias,endpoint_score,endpoint_preview_crossing,endpoint_preview_sync,endpoint_preview_distance,endpoint_preview_min_radius_error_ratio
phase30_phase22_baseline,0.98,150.0,8000.0,1.0,False,False,False,False,,,,,,,,,False,False,window_no_crossing,dead_window_no_crossing,0.0,,,False,0,,149552684346.02148,149552684346.02148,44.324188967479536,100000,False,True,max_steps,phase76_handoff,"{""burn_a"": 18, ""burn_b"": 46, ""coast_arc"": 1, ""phase76_handoff"": 99935}","{""insertion_window"": 99637, ""no_intercept_possible"": 363}",0.020408163265306076,1.0222626531660615,-0.1426785900258876,-0.8676919986097228,1.0227987570251573,0.9993550945117833,1.2998219393460562,False,False,0,18,46,1,0,1,1,1,1,1,0,1,0,True,0.0,705902,baseline_phase22_burn_a,18,0.9800004769559255,-0.01999952304407448,0.49579972402077377,0.18360751399154399,0.6059287802295499,0.15993592824033054,0.6854169113465116,0.7982899356028477,4.276934794498014,True,719093,dead_geometry,no_window,,,,,,,,,,
phase30_phase22_baseline,1.0,150.0,8000.0,1.0,True,True,True,True,-25.192574395203952,-3281.9890635371144,-0.005988015668111895,-0.7800950243010297,-1460.0703125,1.9467604166666666e-10,3.120380097204119,3.134710956393185,False,False,crossing_bad_sync,no_window,8.93980995139794,0.6312616384372342,0.022897899677950195,False,1,631,473.6396484375,1334.857421875,19.644712995676638,852,True,False,success,phase76_handoff,"{""phase76_handoff"": 631}","{""handoff_ready"": 216, ""insertion_window"": 382, ""intercept_possible_poor_alignment"": 254}",0.0,3.55947010158653e-10,-0.13397459621556124,-1.7797318008717732e-10,0.730935153977333,0.7067683357255949,1.0000000000000073,False,False,0,0,0,0,0,1,0,0,0,0,0,0,631,True,0.7406103286384976,0,baseline_phase22_burn_a,,,,,,,,,,,,,crossing_bad_sync,no_window,,,,,,,,,,
phase30_phase22_baseline,1.02,150.0,8000.0,1.0,False,False,False,False,,,,,,,,,False,False,dead_geometry,no_window,0.0,,,False,0,,150000208058.7246,170343025558.44434,2026.6388578588494,100000,False,True,max_steps,coast_arc,"{""burn_a"": 18, ""coast_arc"": 99982}","{""intercept_possible_poor_alignment"": 100000}",0.01960784313725499,0.44365947118547316,-0.12535721577320472,-0.4588594855455239,0.44361905538495505,0.4588278026998162,0.9741850063012878,False,False,0,18,0,99982,0,1,0,0,0,0,0,0,0,False,0.0,,baseline_phase22_burn_a,18,1.0200004675100474,0.020000467510047266,0.48598018772498364,-0.4513055010587962,-0.4235410189842285,-0.4403313545597811,0.7443827513935656,0.17956437166020744,1.2253828503222721,True,,dead_geometry,no_window,,,,,,,,,,
phase30_phase22_baseline,1.05,150.0,8000.0,1.0,False,False,False,False,,,,,,,,,False,False,dead_geometry,no_window,0.0,,,False,0,,375000204948.18164,394624067795.2461,1952.6134973316935,100000,False,True,max_steps,coast_arc,"{""burn_a"": 24, ""coast_arc"": 99976}","{""intercept_possible_poor_alignment"": 100000}",0.04761904761904765,0.6518721252678656,-0.11258803253505753,-0.8091753282905207,0.6518032612188849,0.809088254310838,0.9516473510587419,False,False,0,24,0,99976,0,1,0,0,0,0,0,0,0,False,0.0,,baseline_phase22_burn_a,24,1.0500006171729654,0.05000061717296536,0.46967137828890315,-0.7906194526914015,-0.6403293679993707,-0.7801502961019586,0.9595397318422709,0.02466594145484109,1.194601383155278,True,,dead_geometry,no_window,,,,,,,,,,
phase30_phase22_baseline,0.98,165.0,8000.0,1.0,False,False,False,False,,,,,,,,,False,False,window_no_crossing,dead_window_no_crossing,0.0,,,False,0,,149554963635.83203,149554963635.83203,44.324188966992175,100000,False,True,max_steps,phase76_handoff,"{""burn_a"": 18, ""burn_b"": 46, ""coast_arc"": 1, ""phase76_handoff"": 99935}","{""insertion_window"": 99637, ""no_intercept_possible"": 363}",0.020408163265306076,1.0222632858503917,-0.04378221735089306,-0.8676920391849806,1.0228091285678254,0.9993657265564457,1.3277791329177384,False,False,0,18,46,1,0,1,1,1,1,1,0,1,0,True,0.0,1363699,baseline_phase22_burn_a,18,0.9800002468898223,-0.019999753110177605,0.2566434845518192,0.28462494947249095,0.6753113265789297,0.2589327676438668,0.6967044698229179,0.9341118277438504,5.225634919585132,True,1389204,dead_geometry,no_window,,,,,,,,,,
phase30_phase22_baseline,1.0,165.0,8000.0,1.0,True,True,True,True,-88.06929902399378,-3143.494158607936,-0.020933166025926386,-0.7471762106990555,-2645.9189453125,3.5278919270833335e-10,2.988704842796222,3.1666781075799455,False,True,near_recoverable_crossing,no_window,11.00564757860189,0.6228607681431453,0.021398883100412866,False,1,182,2175.0126953125,2201.5400390625,24.039640678408468,403,True,False,success,phase76_handoff,"{""phase76_handoff"": 182}","{""handoff_ready"": 216, ""insertion_window"": 109, ""intercept_possible_poor_alignment"": 78}",2.104654818683916e-16,5.870625232460438e-10,-0.034074173710931875,-2.935310709686659e-10,0.4505343981162966,0.4324346135808888,1.0000000000000073,False,False,0,0,0,0,0,1,0,0,0,0,0,0,182,True,0.45161290322580644,1,baseline_phase22_burn_a,,,,,,,,,,,,,near_recoverable_crossing,no_window,,,,,,,,,,
phase30_phase22_baseline,1.02,165.0,8000.0,1.0,False,False,False,False,,,,,,,,,False,False,dead_geometry,no_window,0.0,,,False,0,,150000107699.07715,160504502316.9912,1044.0342145911768,100000,False,True,max_steps,coast_arc,"{""burn_a"": 18, ""coast_arc"": 99982}","{""intercept_possible_poor_alignment"": 100000}",0.019607843137254777,0.5015665861185644,-0.024462734730208335,-0.3580700078271545,0.5015206672753344,0.3580383150899955,0.9725342061045669,False,False,0,18,0,99982,0,1,0,0,0,0,0,0,0,False,0.0,,baseline_phase22_burn_a,18,1.0200002420002223,0.020000242000222396,0.2515603009451782,-0.35248661412242427,-0.478227678617212,-0.3395361897064895,0.5959686992420059,0.273321428493302,1.0796501258418683,True,,dead_geometry,no_window,,,,,,,,,,
phase30_phase22_baseline,1.05,165.0,8000.0,1.0,False,False,False,False,,,,,,,,,False,False,dead_geometry,no_window,0.0,,,False,0,,375000106088.9248,385113246594.83887,1001.998143845107,100000,False,True,max_steps,coast_arc,"{""burn_a"": 24, ""coast_arc"": 99976}","{""intercept_possible_poor_alignment"": 100000}",0.04761904761904765,0.7679929840763221,-0.010220561444707415,-0.7070169013260886,0.7679095772321304,0.7069298016036287,0.9491073110340807,False,False,0,24,0,99976,0,1,0,0,0,0,0,0,0,False,0.0,,baseline_phase22_burn_a,24,1.0500003194701832,0.050000319470183206,0.24311675008035075,-0.6933177526941889,-0.7516015702421596,-0.6779835423530648,0.9046371524395213,0.05444323023031711,1.087368945539484,True,,dead_geometry,no_window,,,,,,,,,,
phase30_phase22_baseline,0.98,170.0,8000.0,1.0,False,False,False,False,,,,,,,,,False,False,window_no_crossing,dead_window_no_crossing,0.0,,,False,0,,149555718428.92773,149555718428.92773,44.32418896683088,100000,False,True,max_steps,phase76_handoff,"{""burn_a"": 18, ""burn_b"": 46, ""coast_arc"": 1, ""phase76_handoff"": 99935}","{""insertion_window"": 99637, ""no_intercept_possible"": 363}",0.020408163265306496,1.0222634953656649,-0.025090063551973553,-0.8676920526217073,1.022811322831694,0.9993689067635908,1.3330339359186443,False,False,0,18,46,1,0,1,1,1,1,1,0,1,0,True,0.0,2032565,baseline_phase22_burn_a,18,0.9800001656444901,-0.019999834355509897,0.1721884583827116,0.30371940747471615,0.6885171770447284,0.27764523527915846,0.7011009169556716,0.9596005333727498,5.461299280698849,True,2070589,dead_geometry,no_window,,,,,,,,,,
phase30_phase22_baseline,1.0,170.0,8000.0,1.0,True,True,True,True,-26.609700880474676,-3835.407376660934,-0.006324852049514541,-0.911636861908399,-2190.5517578125,2.920735677083333e-10,3.646547447633596,3.6602346470497937,False,False,crossing_bad_sync,no_window,8.676726276183203,0.7368993122782103,0.029925929496057102,False,1,2307,470.41796875,2058.1533203125,20.503655353634183,2529,True,False,success,phase76_handoff,"{""phase76_handoff"": 2307}","{""handoff_ready"": 216, ""insertion_window"": 1096, ""intercept_possible_poor_alignment"": 1217}",2.104654818683916e-16,5.488264172930856e-10,-0.015192246987791962,-2.744130855547726e-10,0.8975993091151757,0.8706165037730679,1.0000000000000073,False,False,0,0,0,0,0,1,0,0,0,0,0,0,2307,True,0.9122182680901542,0,baseline_phase22_burn_a,,,,,,,,,,,,,crossing_bad_sync,no_window,,,,,,,,,,
phase30_phase22_baseline,1.02,170.0,8000.0,1.0,False,False,False,False,,,,,,,,,False,False,dead_geometry,no_window,0.0,,,False,0,,150000072257.99902,157028239961.47754,696.6677659893638,100000,False,True,max_steps,coast_arc,"{""burn_a"": 18, ""coast_arc"": 99982}","{""intercept_possible_poor_alignment"": 100000}",0.01960784313725499,0.5124324209772779,-0.005392923511594131,-0.3390212365297166,0.5123854695101537,0.33898954181399565,0.9722241532219635,False,False,0,18,0,99982,0,1,0,0,0,0,0,0,0,False,0.0,,baseline_phase22_burn_a,18,1.0200001623638741,0.020000162363874217,0.1687778291827092,-0.333810189216919,-0.48848918199254104,-0.32048628483609887,0.5592018049645204,0.29613799036511135,1.0475063062785053,True,,dead_geometry,no_window,,,,,,,,,,
phase30_phase22_baseline,1.05,170.0,8000.0,1.0,False,False,False,False,,,,,,,,,False,False,dead_geometry,no_window,0.0,,,False,0,,375000071177.7051,381754068109.56836,666.18989069654,100000,False,True,max_steps,coast_arc,"{""burn_a"": 24, ""coast_arc"": 99976}","{""intercept_possible_poor_alignment"": 100000}",0.047619047619047436,0.7897863012180721,0.009127655905139585,-0.6877105828689392,0.7897001681552682,0.6876236605485023,0.9486299106362504,False,False,0,24,0,99976,0,1,0,0,0,0,0,0,0,False,0.0,,baseline_phase22_burn_a,24,1.0500002143401874,0.0500002143401875,0.16311254864183605,-0.6749291744019263,-0.7724847707567988,-0.6586755634462812,0.8907869114807685,0.061615812062859564,1.066743671187346,True,,dead_geometry,no_window,,,,,,,,,,
phase30_phase22_baseline,0.98,175.0,8000.0,1.0,False,False,False,False,,,,,,,,,False,False,window_no_crossing,dead_window_no_crossing,0.0,,,False,0,,149556449828.98145,149556449828.98145,44.324188966674576,100000,False,True,max_steps,phase76_handoff,"{""burn_a"": 18, ""burn_b"": 46, ""coast_arc"": 1, ""phase76_handoff"": 99935}","{""insertion_window"": 99637, ""no_intercept_possible"": 363}",0.020408163265306287,1.0222636983875386,-0.013817563036137981,-0.8676920656419702,1.0228119930731487,0.9993706476913755,1.3361986501889813,False,False,0,18,46,1,0,1,1,1,1,1,0,1,0,True,0.0,2807960,baseline_phase22_burn_a,18,0.9800000831386255,-0.019999916861374478,0.08642321338853395,0.3152348424681606,0.6964955092573515,0.2889302549656146,0.7041132611213288,0.9749006947299615,5.6147876328008035,True,4125432,dead_geometry,no_window,,,,,,,,,,
phase30_phase22_baseline,1.0,175.0,8000.0,1.0,True,True,True,True,-35.33209647045934,-3439.731965189568,-0.00839807571601849,-0.8175888886362344,-454.1748046875,6.0556640625e-11,3.2703555545449374,3.2972025479901705,False,False,crossing_bad_sync,no_window,8.86482222272753,0.6641488018287663,0.02482508985438676,False,1,86,265.2685546875,277.490234375,8.86631054729974,307,True,False,success,phase76_handoff,"{""phase76_handoff"": 86}","{""handoff_ready"": 215, ""insertion_window"": 52, ""intercept_possible_poor_alignment"": 40}",2.104654818683916e-16,7.398261572089514e-11,-0.0038053019082545138,-3.6991364129378737e-11,0.2861142806458803,0.2677516417374583,1.0000000000000073,False,False,0,0,0,0,0,1,0,0,0,0,0,0,86,True,0.28013029315960913,1,baseline_phase22_burn_a,,,,,,,,,,,,,crossing_bad_sync,no_window,,,,,,,,,,
phase30_phase22_baseline,1.02,175.0,8000.0,1.0,False,False,False,False,,,,,,,,,False,False,dead_geometry,no_window,0.0,,,False,0,,150000036266.99902,153496951935.50977,343.6989150753124,100000,False,True,max_steps,coast_arc,"{""burn_a"": 18, ""coast_arc"": 99982}","{""intercept_possible_poor_alignment"": 100000}",0.019607843137254777,0.5189729724889153,0.006107327294770394,-0.32753377425067104,0.5189253994462651,0.327502200482083,0.9720374749698517,False,False,0,18,0,99982,0,1,0,0,0,0,0,0,0,False,0.0,,baseline_phase22_burn_a,18,1.0200000814919532,0.020000081491953123,0.08471107791621893,-0.32254724938436546,-0.49466596103204363,-0.3089981391651051,0.5350902339437289,0.31104593145030085,1.0270456904523155,True,,dead_geometry,no_window,,,,,,,,,,
phase30_phase22_baseline,1.05,175.0,8000.0,1.0,False,False,False,False,,,,,,,,,False,False,dead_geometry,no_window,0.0,,,False,0,,375000035724.7881,378342332637.4072,325.08467696479426,100000,False,True,max_steps,coast_arc,"{""burn_a"": 24, ""coast_arc"": 99976}","{""intercept_possible_poor_alignment"": 100000}",0.04761904761904765,0.8029052688622864,0.020795802465610375,-0.6760679156965376,0.8028174946721713,0.6759812236145738,0.9483424233034455,False,False,0,24,0,99976,0,1,0,0,0,0,0,0,0,False,0.0,,baseline_phase22_burn_a,24,1.0500001075792307,0.050000107579230596,0.08186739242209277,-0.6638399339499458,-0.7850558496580884,-0.6470318944836019,0.8818198051863361,0.0662053205989607,1.0542078028240864,True,,dead_geometry,no_window,,,,,,,,,,
phase30_phase22_baseline,0.98,150.0,10000.0,1.0,False,False,False,False,,,,,,,,,False,False,window_no_crossing,dead_window_no_crossing,0.0,,,False,0,,149442263957.71777,149442263957.71777,55.396047662963205,100000,False,True,max_steps,phase76_handoff,"{""burn_a"": 18, ""burn_b"": 46, ""coast_arc"": 1, ""phase76_handoff"": 99935}","{""insertion_window"": 99526, ""intercept_possible_poor_alignment"": 13, ""no_intercept_possible"": 461}",0.020408163265306076,1.013284738945768,-0.1426785900258876,-0.837969704275357,1.0130375221748993,0.9993636561500027,1.374876627303795,False,False,0,18,46,1,0,1,1,1,1,1,0,1,0,True,0.0,705902,baseline_phase22_burn_a,18,0.9800004757901977,-0.019999524209802343,0.49350582230563467,0.2608058137839166,0.7923639610065297,0.2355902973872855,0.8264414737640089,0.8358786224073995,8.796360605884257,True,722435,dead_geometry,no_window,,,,,,,,,,
phase30_phase22_baseline,1.0,150.0,10000.0,1.0,True,True,True,True,-6.276680836972505,-4026.540150778171,-0.0014919024394221608,-0.9570671553015822,-547.65234375,7.30203125e-11,3.8282686212063286,3.828995307954149,False,False,crossing_bad_sync,no_window,8.585865689396837,0.7674440072415927,0.02644763969103196,False,1,413,80.015625,399.2158203125,22.040497429913927,630,True,False,success,phase76_handoff,"{""phase76_handoff"": 413}","{""handoff_ready"": 211, ""insertion_window"": 251, ""intercept_possible_poor_alignment"": 168}",0.0,1.0644565350620334e-10,-0.13397459621556124,-5.3222465417905946e-11,0.6430051106494269,0.6187930017814905,1.000000000000006,False,False,0,0,0,0,0,1,0,0,0,0,0,0,413,True,0.6555555555555556,0,baseline_phase22_burn_a,,,,,,,,,,,,,crossing_bad_sync,no_window,,,,,,,,,,
phase30_phase22_baseline,1.02,150.0,10000.0,1.0,False,False,False,False,,,,,,,,,False,False,dead_geometry,no_window,0.0,,,False,0,,150000208001.97266,170233753030.82324,2014.8353784766816,100000,False,True,max_steps,coast_arc,"{""burn_a"": 18, ""coast_arc"": 99982}","{""intercept_possible_poor_alignment"": 100000}",0.01960784313725499,0.5260135675057651,-0.12535721577320472,-0.5422358781238094,0.5259671295358843,0.5421962744625494,0.970206527515042,False,False,0,18,0,99982,0,1,0,0,0,0,0,0,0,False,0.0,,baseline_phase22_burn_a,18,1.0200004663673365,0.020000466367336458,0.4837315268356118,-0.5285057293534758,-0.5044803799032418,-0.5190756240510184,0.807484586649092,0.12796139844860546,1.2014012351329815,True,,dead_geometry,no_window,,,,,,,,,,
phase30_phase22_baseline,1.05,150.0,10000.0,1.0,False,False,False,False,,,,,,,,,False,False,dead_geometry,no_window,0.0,,,False,0,,375000204863.0635,394424709804.75195,1932.326912783091,100000,False,True,max_steps,coast_arc,"{""burn_a"": 24, ""coast_arc"": 99976}","{""intercept_possible_poor_alignment"": 100000}",0.04761904761904765,0.688989201875164,-0.11258803253505753,-0.9833255016508394,0.6889255822599637,0.9832166586220563,0.945613346805704,False,False,0,24,0,99976,0,1,0,0,0,0,0,0,0,False,0.0,,baseline_phase22_burn_a,24,1.0500006141249643,0.05000061412496419,0.46520514803724156,-0.9495656869450031,-0.6858013410099834,-0.9470439403192827,0.9976334159855768,0.0014038332731454437,1.184975576534286,True,,dead_geometry,no_window,,,,,,,,,,
phase30_phase22_baseline,0.98,165.0,10000.0,1.0,False,False,False,False,,,,,,,,,False,False,window_no_crossing,dead_window_no_crossing,0.0,,,False,0,,149444479412.73145,149444479412.73145,55.39604766297371,100000,False,True,max_steps,phase76_handoff,"{""burn_a"": 18, ""burn_b"": 46, ""coast_arc"": 1, ""phase76_handoff"": 99935}","{""insertion_window"": 99526, ""intercept_possible_poor_alignment"": 13, ""no_intercept_possible"": 461}",0.020408163265306076,1.013285353779102,-0.04378221735089306,-0.8379697524596642,1.0130508264100728,0.9993764070267007,1.407866913416998,False,False,0,18,46,1,0,1,1,1,1,1,0,1,0,True,0.0,1363699,baseline_phase22_burn_a,18,0.9800002462862174,-0.019999753713782552,0.25545574554140393,0.36184834436647384,0.8790727373356647,0.3346117128836218,0.8857797466504785,0.9445368300990087,15.594330882068713,True,1395663,dead_geometry,no_window,,,,,,,,,,
phase30_phase22_baseline,1.0,165.0,10000.0,1.0,True,True,True,True,-8.88966729674766,-3994.6531548940916,-0.0021129824297496515,-0.9494879445402064,-488.6103515625,6.5148046875e-11,3.7979517781608254,3.79942093563033,False,False,crossing_bad_sync,no_window,8.601024110919587,0.7621259346130128,0.026098185272395925,False,1,243,206.97265625,277.3115234375,17.30631244279581,460,True,False,success,phase76_handoff,"{""phase76_handoff"": 243}","{""handoff_ready"": 211, ""insertion_window"": 148, ""intercept_possible_poor_alignment"": 101}",2.104654818683916e-16,7.393778657325719e-11,-0.034074173710931875,-3.6968672685193056e-11,0.5219687416576904,0.504706529929417,1.0000000000000058,False,False,0,0,0,0,0,1,0,0,0,0,0,0,243,True,0.5282608695652173,0,baseline_phase22_burn_a,,,,,,,,,,,,,near_recoverable_crossing,no_window,,,,,,,,,,
phase30_phase22_baseline,1.02,165.0,10000.0,1.0,False,False,False,False,,,,,,,,,False,False,dead_geometry,no_window,0.0,,,False,0,,150000107669.6914,160441587470.6494,1036.6874215977075,100000,False,True,max_steps,coast_arc,"{""burn_a"": 18, ""coast_arc"": 99982}","{""intercept_possible_poor_alignment"": 100000}",0.019607843137254777,0.5984167021628569,-0.024462734730208335,-0.44147204670352974,0.5983633829346506,0.44143243075425637,0.9681341043581951,False,False,0,18,0,99982,0,1,0,0,0,0,0,0,0,False,0.0,,baseline_phase22_burn_a,18,1.0200002414085185,0.02000024140851849,0.25039592636652636,-0.4297106741274047,-0.5728558145117674,-0.41830474993725164,0.683954514909853,0.20093735368124074,1.0706350190354683,True,,dead_geometry,no_window,,,,,,,,,,
phase30_phase22_baseline,1.05,165.0,10000.0,1.0,False,False,False,False,,,,,,,,,False,False,dead_geometry,no_window,0.0,,,False,0,,375000106044.8506,385004623547.50195,990.4416383030277,100000,False,True,max_steps,coast_arc,"{""burn_a"": 24, ""coast_arc"": 99976}","{""intercept_possible_poor_alignment"": 100000}",0.04761904761904765,0.8342172773759577,-0.010220561444707415,-0.8812168819651444,0.834135488220382,0.8811080071639357,0.9424168952861584,False,False,0,24,0,99976,0,1,0,0,0,0,0,0,0,False,0.0,,baseline_phase22_burn_a,24,1.050000317891939,0.050000317891938935,0.2408041701539587,-0.8523096741116817,-0.824962247362826,-0.844925110867702,0.9778102597753187,0.012159013292875935,1.0837540681366788,True,,dead_geometry,no_window,,,,,,,,,,
phase30_phase22_baseline,0.98,170.0,10000.0,1.0,False,False,False,False,,,,,,,,,False,False,window_no_crossing,dead_window_no_crossing,0.0,,,False,0,,149445217226.0918,149445217226.0918,55.39604766297721,100000,False,True,max_steps,phase76_handoff,"{""burn_a"": 18, ""burn_b"": 46, ""coast_arc"": 1, ""phase76_handoff"": 99935}","{""insertion_window"": 99526, ""intercept_possible_poor_alignment"": 13, ""no_intercept_possible"": 461}",0.020408163265306496,1.013285558537213,-0.025090063551973553,-0.8379697685064305,1.013053077316785,0.9993795642760231,1.4140588231546323,False,False,0,18,46,1,0,1,1,1,1,1,0,1,0,True,0.0,1396797,baseline_phase22_burn_a,18,0.9800001652395002,-0.01999983476049987,0.1713915561188427,0.38094787923977064,0.8955761282605698,0.3533291498421126,0.8993040092575407,0.9643004905403889,18.188408240568684,True,2080217,dead_geometry,no_window,,,,,,,,,,
phase30_phase22_baseline,1.0,170.0,10000.0,1.0,True,True,True,True,-627.8014830847948,-3075.3016548794985,-0.1492219516037754,-0.7309675543558039,-43366.4140625,5.782188541666666e-09,7.4610975801887705,8.013550658069029,False,False,crossing_bad_sync,no_window,6.769451209905615,0.7638403911913622,0.018126425876468198,False,1,3843,15013.0810546875,48971.787109375,233.64182222797018,4059,True,False,success,phase76_handoff,"{""phase76_handoff"": 3843}","{""handoff_ready"": 212, ""insertion_window"": 1791, ""intercept_possible_poor_alignment"": 2056}",2.104654818683916e-16,1.3059133116941239e-08,-0.015192246987791962,-6.529566633759087e-09,0.9258990373606751,0.919683014238784,1.000000000000005,False,False,0,0,0,0,0,1,0,0,0,0,0,0,3843,True,0.9467849223946785,0,baseline_phase22_burn_a,,,,,,,,,,,,,crossing_bad_sync,no_window,,,,,,,,,,
phase30_phase22_baseline,1.02,170.0,10000.0,1.0,False,False,False,False,,,,,,,,,False,False,dead_geometry,no_window,0.0,,,False,0,,150000072238.28223,156982010040.14062,690.9551264900366,100000,False,True,max_steps,coast_arc,"{""burn_a"": 18, ""coast_arc"": 99982}","{""intercept_possible_poor_alignment"": 100000}",0.01960784313725499,0.6120028652346886,-0.005392923511594131,-0.42242841375953827,0.6119482547325864,0.422388795352401,0.9677447593910704,False,False,0,18,0,99982,0,1,0,0,0,0,0,0,0,False,0.0,,baseline_phase22_burn_a,18,1.020000161966854,0.020000161966853905,0.1679965545507877,-0.4110390281686279,-0.5856861336890828,-0.3992597133398449,0.6540210150499594,0.21818881908560564,1.043094834412089,True,,dead_geometry,no_window,,,,,,,,,,
phase30_phase22_baseline,1.05,170.0,10000.0,1.0,False,False,False,False,,,,,,,,,False,False,dead_geometry,no_window,0.0,,,False,0,,375000071148.1328,381678095048.9453,657.8331856588024,100000,False,True,max_steps,coast_arc,"{""burn_a"": 24, ""coast_arc"": 99976}","{""intercept_possible_poor_alignment"": 100000}",0.047619047619047436,0.8614744017992496,0.009127655905139585,-0.8619205445269049,0.8613892022927113,0.8618118459216247,0.9418158667040529,False,False,0,24,0,99976,0,1,0,0,0,0,0,0,0,False,0.0,,baseline_phase22_burn_a,24,1.050000213281225,0.05000021328122487,0.16156086228970176,-0.8339302602238261,-0.8510804471641491,-0.8256267378154603,0.9714504536728349,0.015423179673743008,1.0650268910209129,True,,dead_geometry,no_window,,,,,,,,,,
phase30_phase22_baseline,0.98,175.0,10000.0,1.0,False,False,False,False,,,,,,,,,False,False,window_no_crossing,dead_window_no_crossing,0.0,,,False,0,,149445934569.71094,149445934569.71094,55.39604766298058,100000,False,True,max_steps,phase76_handoff,"{""burn_a"": 18, ""burn_b"": 46, ""coast_arc"": 1, ""phase76_handoff"": 99935}","{""insertion_window"": 99526, ""intercept_possible_poor_alignment"": 13, ""no_intercept_possible"": 461}",0.020408163265306287,1.0132857576147019,-0.013817563036137981,-0.8379697841083087,1.0130540828126604,0.9993814379160177,1.4177865926601643,False,False,0,18,46,1,0,1,1,1,1,1,0,1,0,True,0.0,1396804,baseline_phase22_burn_a,18,0.9800000829353641,-0.019999917064635938,0.08602327355084481,0.39246644573117756,0.9055466522590407,0.36461723230126575,0.9078055116004169,0.976084920276503,20.19838954605001,True,4144612,dead_geometry,no_window,,,,,,,,,,
phase30_phase22_baseline,1.0,175.0,10000.0,1.0,True,True,True,True,-75.56244302967407,-3051.944929061562,-0.017960415068522723,-0.7254159010011462,-4019.8388671875,5.35978515625e-10,2.9016636040045847,3.037448426622083,False,True,near_recoverable_crossing,no_window,11.049168197997707,0.6018852194191227,0.016617452634956786,False,1,44,1625.736328125,2204.3291015625,8.84814968539807,260,True,False,success,phase76_handoff,"{""phase76_handoff"": 44}","{""handoff_ready"": 212, ""insertion_window"": 27, ""intercept_possible_poor_alignment"": 21}",2.104654818683916e-16,5.878098861721584e-10,-0.0038053019082545138,-2.9390490934242894e-10,0.172384283833011,0.1599501633935743,1.0000000000000058,False,False,0,0,0,0,0,1,0,0,0,0,0,0,44,True,0.16923076923076924,0,baseline_phase22_burn_a,,,,,,,,,,,,,near_recoverable_crossing,no_window,,,,,,,,,,
phase30_phase22_baseline,1.02,175.0,10000.0,1.0,False,False,False,False,,,,,,,,,False,False,dead_geometry,no_window,0.0,,,False,0,,150000036257.10254,153467813905.25684,339.6743835014483,100000,False,True,max_steps,coast_arc,"{""burn_a"": 18, ""coast_arc"": 99982}","{""intercept_possible_poor_alignment"": 100000}",0.019607843137254777,0.6201809395377146,0.006107327294770394,-0.4109440743069493,0.6201255517614975,0.41090457655646745,0.9675103243982137,False,False,0,18,0,99982,0,1,0,0,0,0,0,0,0,False,0.0,,baseline_phase22_burn_a,18,1.0200000812926666,0.020000081292666668,0.08431890547719831,-0.39977899663123384,-0.593409226747675,-0.38777452777029264,0.634632419330701,0.22929927512410278,1.0258710643135707,True,,dead_geometry,no_window,,,,,,,,,,
phase30_phase22_baseline,1.05,175.0,10000.0,1.0,False,False,False,False,,,,,,,,,False,False,dead_geometry,no_window,0.0,,,False,0,,375000035709.94434,378299802772.33594,320.0328212813924,100000,False,True,max_steps,coast_arc,"{""burn_a"": 24, ""coast_arc"": 99976}","{""intercept_possible_poor_alignment"": 100000}",0.04761904761904765,0.8778826423135261,0.020795802465610375,-0.8502839455188016,0.8777953898093113,0.8501754764207773,0.9414538917187043,False,False,0,24,0,99976,0,1,0,0,0,0,0,0,0,False,0.0,,baseline_phase22_burn_a,24,1.0500001070476808,0.05000010704768073,0.08108851107850956,-0.822846599917642,-0.8668030367814509,-0.8139889109496635,0.9671651260828504,0.017588826067992665,1.0537614774156536,True,,dead_geometry,no_window,,,,,,,,,,
phase30_phase22_baseline,0.98,150.0,12000.0,1.0,False,False,False,False,,,,,,,,,False,False,window_no_crossing,dead_window_no_crossing,0.0,,,False,0,,149331287989.1621,149331287989.1621,66.48041404848163,100000,False,True,max_steps,phase76_handoff,"{""burn_a"": 18, ""burn_b"": 46, ""coast_arc"": 1, ""phase76_handoff"": 99935}","{""insertion_window"": 99904, ""intercept_possible_poor_alignment"": 1, ""no_intercept_possible"": 95}",0.020408163265306076,0.9985335735282848,-0.1426785900258876,-1.200595424388594,1.0011406437244936,0.9993735237467325,1.4506621815840994,False,False,0,18,46,1,0,1,1,1,1,1,0,1,0,True,0.0,705902,baseline_phase22_burn_a,18,0.9800004746278483,-0.019999525372151692,0.49122190808937666,0.3380044104897493,0.9907394273420841,0.3112449573341087,0.9920069107026686,0.8631312114914491,215.10623417007633,True,725794,dead_geometry,no_window,,,,,,,,,,
phase30_phase22_baseline,1.0,150.0,12000.0,1.0,True,True,True,True,-80.49851164523518,-3051.369756909111,-0.019133667779626447,-0.7252791884998071,-3681.29296875,4.908390625e-10,2.9011167539992284,3.0547866581952734,False,True,near_recoverable_crossing,no_window,11.049441623000385,0.6031837526262365,0.014364654403677601,False,3,114,148.345703125,755.0380859375,26.347138132160573,326,True,False,success,phase76_handoff,"{""phase76_handoff"": 114}","{""handoff_ready"": 209, ""insertion_window"": 68, ""intercept_possible_poor_alignment"": 49}",0.0,2.0133359507560395e-10,-0.13397459621556124,-1.0066672571051816e-10,0.34060435774997916,0.3252353379979766,1.0000000000000049,False,False,0,0,0,0,0,1,0,0,0,0,0,0,114,True,0.3496932515337423,0,baseline_phase22_burn_a,,,,,,,,,,,,,near_recoverable_crossing,no_window,,,,,,,,,,
phase30_phase22_baseline,1.02,150.0,12000.0,1.0,False,False,False,False,,,,,,,,,False,False,dead_geometry,no_window,0.0,,,False,0,,150000207945.22168,170126484326.28125,2003.3783570709747,100000,False,True,max_steps,coast_arc,"{""burn_a"": 18, ""coast_arc"": 99982}","{""intercept_possible_poor_alignment"": 100000}",0.01960784313725499,0.5949826592357413,-0.12535721577320472,-0.6256125947607882,0.5949318710010427,0.6255650702431684,0.966233028349279,False,False,0,18,0,99982,0,1,0,0,0,0,0,0,0,False,0.0,,baseline_phase22_burn_a,18,1.0200004652279373,0.02000046522793737,0.48149265683080356,-0.6057062410538858,-0.5734806724749166,-0.5978201824384914,0.8634186094843946,0.086802077016159,1.184265331046893,True,,dead_geometry,no_window,,,,,,,,,,
phase30_phase22_baseline,1.05,150.0,12000.0,1.0,False,False,False,False,,,,,,,,,False,False,dead_geometry,no_window,0.0,,,False,0,,375000204777.94336,394233377317.86523,1913.4274862819768,100000,False,True,max_steps,coast_arc,"{""burn_a"": 24, ""coast_arc"": 99976}","{""intercept_possible_poor_alignment"": 100000}",0.04761904761904765,0.671004746308642,-0.11258803253505753,-1.1574769648215892,0.6709554765172211,1.1573463525313261,0.9395914607338702,False,False,0,24,0,99976,0,1,0,0,0,0,0,0,0,False,0.0,,baseline_phase22_burn_a,24,1.0500006110953937,0.05000061109539362,0.460779548306913,-1.1085130529863896,-0.6806679213931279,-1.113938771947536,0.9890305837082886,0.006526819576956559,1.183476258688602,True,,dead_geometry,no_window,,,,,,,,,,
phase30_phase22_baseline,0.98,165.0,12000.0,1.0,False,False,False,False,,,,,,,,,False,False,window_no_crossing,dead_window_no_crossing,0.0,,,False,0,,149333444925.51855,149333444925.51855,66.480414044586,100000,False,True,max_steps,phase76_handoff,"{""burn_a"": 18, ""burn_b"": 46, ""coast_arc"": 1, ""phase76_handoff"": 99935}","{""insertion_window"": 99904, ""intercept_possible_poor_alignment"": 1, ""no_intercept_possible"": 95}",0.020408163265306076,0.998534172786581,-0.04378221735089306,-1.2005953647286334,1.0011567135413484,0.9993878019806745,1.4881393694525158,False,False,0,18,46,1,0,1,1,1,1,1,0,1,0,True,0.0,1363699,baseline_phase22_burn_a,18,0.9800002456843638,-0.0199997543156362,0.254273184967324,0.43907181919228966,1.094766738485338,0.41029073636588825,,,,False,1402154,dead_geometry,no_window,,,,,,,,,,
phase30_phase22_baseline,1.0,165.0,12000.0,1.0,True,True,True,True,-29.385295636110204,-3791.606204635221,-0.0069845823583089784,-0.9012257740911267,-579.7763671875,7.7303515625e-11,3.604903096364507,3.621779577911722,False,False,crossing_bad_sync,no_window,8.697548451817747,0.7293621181801756,0.02031839432766244,False,2,105,135.919921875,502.3330078125,21.192783332264064,318,True,False,success,phase76_handoff,"{""phase76_handoff"": 105}","{""handoff_ready"": 209, ""insertion_window"": 63, ""intercept_possible_poor_alignment"": 46}",2.104654818683916e-16,1.3396506758790487e-10,-0.034074173710931875,6.698273464708606e-11,0.3259054175294539,0.3132262829276735,1.0000000000000049,False,False,0,0,0,0,0,1,0,0,0,0,0,0,105,True,0.330188679245283,0,baseline_phase22_burn_a,,,,,,,,,,,,,crossing_bad_sync,no_window,,,,,,,,,,
phase30_phase22_baseline,1.02,165.0,12000.0,1.0,False,False,False,False,,,,,,,,,False,False,dead_geometry,no_window,0.0,,,False,0,,150000107640.30566,160380456647.33496,1029.6655733346424,100000,False,True,max_steps,coast_arc,"{""burn_a"": 18, ""coast_arc"": 99982}","{""intercept_possible_poor_alignment"": 100000}",0.019607843137254777,0.681889445443471,-0.024462734730208335,-0.5248741722115695,0.6818303967699995,0.5248266330392679,0.9637353295947576,False,False,0,18,0,99982,0,1,0,0,0,0,0,0,0,False,0.0,,baseline_phase22_burn_a,18,1.0200002408185314,0.02000024081853125,0.24923662816547834,-0.5069348099548513,-0.6555516723375356,-0.4970733874147136,0.7623993334561142,0.14351751776397798,1.064539007089834,True,,dead_geometry,no_window,,,,,,,,,,
phase30_phase22_baseline,1.05,165.0,12000.0,1.0,False,False,False,False,,,,,,,,,False,False,dead_geometry,no_window,0.0,,,False,0,,375000106000.7754,384903140850.61426,980.1854391913504,100000,False,True,max_steps,coast_arc,"{""burn_a"": 24, ""coast_arc"": 99976}","{""intercept_possible_poor_alignment"": 100000}",0.04761904761904765,0.8453702873813108,-0.010220561444707415,-1.055417207463039,0.8452991988716839,1.0552865575263188,0.9357297215169665,False,False,0,24,0,99976,0,1,0,0,0,0,0,0,0,False,0.0,,baseline_phase22_burn_a,24,1.05000031632325,0.05000031632325,0.23851265674960964,-1.011301898413173,-0.8477453105955539,-1.011866996908885,0.9998698865998006,7.041738894068149e-05,1.0823298401202355,True,,dead_geometry,no_window,,,,,,,,,,
phase30_phase22_baseline,0.98,170.0,12000.0,1.0,False,False,False,False,,,,,,,,,False,False,window_no_crossing,dead_window_no_crossing,0.0,,,False,0,,149334166048.54395,149334166048.54395,66.48041404328342,100000,False,True,max_steps,phase76_handoff,"{""burn_a"": 18, ""burn_b"": 46, ""coast_arc"": 1, ""phase76_handoff"": 99935}","{""insertion_window"": 99904, ""intercept_possible_poor_alignment"": 1, ""no_intercept_possible"": 95}",0.020408163265306496,0.998534373135179,-0.025090063551973553,-1.2005953447826276,1.0011591848019867,0.9993908926068539,1.4951659464547258,False,False,0,18,46,1,0,1,1,1,1,1,0,1,0,True,0.0,2032565,baseline_phase22_burn_a,18,0.9800001648356859,-0.01999983516431419,0.17059813038699786,0.45817638711950265,1.1145661147784065,0.42901309973661744,,,,False,2089892,dead_geometry,no_window,,,,,,,,,,
phase30_phase22_baseline,1.0,170.0,12000.0,1.0,True,True,True,True,-30.099257367256808,-2552.5823086070577,-0.007154283714171683,-0.6067225452351612,-1052.3896484375,1.4031861979166667e-10,2.426890180940645,2.4531113690583384,False,True,near_recoverable_crossing,no_window,11.286554909529677,0.49396317678545365,0.010598707260321274,False,6,1010,10.53125,67.607421875,14.814055285645287,1222,True,False,success,phase76_handoff,"{""phase76_handoff"": 1010}","{""handoff_ready"": 209, ""insertion_window"": 560, ""intercept_possible_poor_alignment"": 453}",2.104654818683916e-16,1.8038365054494238e-11,-0.015192246987791962,9.019278608507897e-12,0.7941505641062065,0.769303524146656,1.0000000000000049,False,False,0,0,0,0,0,1,0,0,0,0,0,0,1010,True,0.8265139116202946,0,baseline_phase22_burn_a,,,,,,,,,,,,,near_recoverable_crossing,no_window,,,,,,,,,,
phase30_phase22_baseline,1.02,170.0,12000.0,1.0,False,False,False,False,,,,,,,,,False,False,dead_geometry,no_window,0.0,,,False,0,,150000072218.56543,156937486231.89258,685.5597949833151,100000,False,True,max_steps,coast_arc,"{""burn_a"": 18, ""coast_arc"": 99982}","{""intercept_possible_poor_alignment"": 100000}",0.01960784313725499,0.6981974715878331,-0.005392923511594131,-0.5058356298554714,0.6981368727963326,0.5057880877520339,0.963265962265492,False,False,0,18,0,99982,0,1,0,0,0,0,0,0,0,False,0.0,,baseline_phase22_burn_a,18,1.0200001615709862,0.020000161570986066,0.16721868800975698,-0.48826790116392177,-0.670952172532682,-0.4780331765061405,0.7380719083768554,0.15675379339322265,1.0401685559571938,True,,dead_geometry,no_window,,,,,,,,,,
phase30_phase22_baseline,1.05,170.0,12000.0,1.0,False,False,False,False,,,,,,,,,False,False,dead_geometry,no_window,0.0,,,False,0,,375000071118.5596,381608948690.8535,650.7459705683316,100000,False,True,max_steps,coast_arc,"{""burn_a"": 24, ""coast_arc"": 99976}","{""intercept_possible_poor_alignment"": 100000}",0.047619047619047436,0.8780972997267489,0.009127655905139585,-1.0361306609375238,0.8780221157248826,1.0360001860219383,0.9350032816756486,False,False,0,24,0,99976,0,1,0,0,0,0,0,0,0,False,0.0,,baseline_phase22_burn_a,24,1.0500002122286762,0.0500002122286763,0.1600233206126968,-0.9929314820885049,-0.8791040926812727,-0.9925780546927881,0.9999482431804503,2.7543348849694395e-05,1.0643094498968104,True,,dead_geometry,no_window,,,,,,,,,,
phase30_phase22_baseline,0.98,175.0,12000.0,1.0,False,False,False,False,,,,,,,,,False,False,window_no_crossing,dead_window_no_crossing,0.0,,,False,0,,149334875216.38672,149334875216.38672,66.48041404200266,100000,False,True,max_steps,phase76_handoff,"{""burn_a"": 18, ""burn_b"": 46, ""coast_arc"": 1, ""phase76_handoff"": 99935}","{""insertion_window"": 99904, ""intercept_possible_poor_alignment"": 1, ""no_intercept_possible"": 95}",0.020408163265306287,0.9985345701622997,-0.013817563036137981,-1.2005953251673396,1.0011601052029655,0.9993926896503248,1.4993951176966982,False,False,0,18,46,1,0,1,1,1,1,1,0,1,0,True,0.0,4049661,baseline_phase22_burn_a,18,0.9800000827326932,-0.01999991726730677,0.08562508084953349,0.4696980581883014,1.1265278824703169,0.440304218616614,,,,False,4163886,dead_geometry,no_window,,,,,,,,,,
phase30_phase22_baseline,1.0,175.0,12000.0,1.0,True,True,True,True,-67.92548656141525,-2582.702318568411,-0.016145189110617915,-0.6138817616273774,-5157.419921875,6.876559895833333e-10,2.4555270465095096,2.584817383236934,False,True,near_recoverable_crossing,no_window,11.272236476745245,0.5104796369222995,0.010969941268989187,False,1,43,1216.3447265625,2626.7353515625,7.257112147984378,255,True,False,success,phase76_handoff,"{""phase76_handoff"": 43}","{""handoff_ready"": 209, ""insertion_window"": 26, ""intercept_possible_poor_alignment"": 20}",2.104654818683916e-16,7.004529062574584e-10,-0.0038053019082545138,-3.5022646825758274e-10,0.16585029829326867,0.15445766656619989,1.0000000000000049,False,False,0,0,0,0,0,1,0,0,0,0,0,0,43,True,0.16862745098039217,0,baseline_phase22_burn_a,,,,,,,,,,,,,near_recoverable_crossing,no_window,,,,,,,,,,
phase30_phase22_baseline,1.02,175.0,12000.0,1.0,False,False,False,False,,,,,,,,,False,False,dead_geometry,no_window,0.0,,,False,0,,150000036247.20605,153440302747.25977,335.9593860876791,100000,False,True,max_steps,coast_arc,"{""burn_a"": 18, ""coast_arc"": 99982}","{""intercept_possible_poor_alignment"": 100000}",0.019607843137254777,0.7080140146639551,0.006107327294770394,-0.4943543840493252,0.7079524827799724,0.49430696231574167,0.9629833240498897,False,False,0,18,0,99982,0,1,0,0,0,0,0,0,0,False,0.0,,baseline_phase22_burn_a,18,1.0200000810939593,0.020000081093959374,0.08392844594425176,-0.47701075238282,-0.6802224206737376,-0.4665509250192077,0.7224005869378006,0.1652158724027068,1.0251027279157185,True,,dead_geometry,no_window,,,,,,,,,,
phase30_phase22_baseline,1.05,175.0,12000.0,1.0,False,False,False,False,,,,,,,,,False,False,dead_geometry,no_window,0.0,,,False,0,,375000035695.10156,378263780650.0596,316.2190925781402,100000,False,True,max_steps,coast_arc,"{""burn_a"": 24, ""coast_arc"": 99976}","{""intercept_possible_poor_alignment"": 100000}",0.04761904761904765,0.8977985573807181,0.020795802465610375,-1.0245000139379012,0.89772090788909,1.0243697678174712,0.9345657275839377,False,False,0,24,0,99976,0,1,0,0,0,0,0,0,0,False,0.0,,baseline_phase22_burn_a,24,1.0500001065193554,0.05000010651935534,0.08031674129105737,-0.9818532999116788,-0.8979816298738238,-0.9809459629742882,0.9996554035070224,0.00018155944586275394,1.0535694192361376,True,,dead_geometry,no_window,,,,,,,,,,
phase30_phase29_best_baseline,0.98,150.0,8000.0,1.0,False,False,False,False,,,,,,,,,False,False,window_no_crossing,dead_window_no_crossing,0.0,,,False,0,,149552915377.13965,149552915377.13965,44.32418896743016,100000,False,True,max_steps,phase76_handoff,"{""burn_a"": 18, ""burn_b"": 46, ""coast_arc"": 1, ""phase76_handoff"": 99935}","{""insertion_window"": 99637, ""no_intercept_possible"": 363}",0.020408163265306076,1.022262717295574,-0.1426785900258876,-0.8676920027225018,1.0227621145193606,0.9993445958137992,1.1301663059303284,False,False,0,18,46,1,0,1,1,1,1,1,0,1,0,True,0.0,705902,angular_momentum_targeted_burn_a,18,0.9800004659448461,-0.019999534055153905,0.45718107362029475,0.02040767802823298,0.20943100723863337,-7.863320663837619e-11,0.4576363265333767,0.6860421777639031,1.8437813016698525,True,779836,dead_geometry,no_window,,,,,,,,,,
phase30_phase29_best_baseline,1.0,150.0,8000.0,1.0,True,True,True,True,-25.192574395203952,-3281.9890635371144,-0.005988015668111895,-0.7800950243010297,-1460.0703125,1.9467604166666666e-10,3.120380097204119,3.134710956393185,False,False,crossing_bad_sync,no_window,8.93980995139794,0.6312616384372342,0.022897899677950195,False,1,631,473.6396484375,1334.857421875,19.644712995676638,852,True,False,success,phase76_handoff,"{""phase76_handoff"": 631}","{""handoff_ready"": 216, ""insertion_window"": 382, ""intercept_possible_poor_alignment"": 254}",0.0,3.55947010158653e-10,-0.13397459621556124,-1.7797318008717732e-10,0.730935153977333,0.7067683357255949,1.0000000000000073,False,False,0,0,0,0,0,1,0,0,0,0,0,0,631,True,0.7406103286384976,0,angular_momentum_targeted_burn_a,,,,,,,,,,,,,crossing_bad_sync,no_window,,,,,,,,,,
phase30_phase29_best_baseline,1.02,150.0,8000.0,1.0,False,False,False,False,,,,,,,,,False,False,dead_geometry,no_window,0.0,,,False,0,,150000208032.16602,168364932024.06055,1836.2389557684753,100000,False,True,max_steps,coast_arc,"{""burn_a"": 18, ""coast_arc"": 99982}","{""intercept_possible_poor_alignment"": 100000}",0.01960784313725499,0.19097254655898716,-0.12535721577320472,-3.4227318045442348e-15,0.19096757444903087,6.255070311622032e-06,1.0910738487790386,False,False,0,18,0,99982,0,1,0,0,0,0,0,0,0,False,0.0,,angular_momentum_targeted_burn_a,18,1.020000452778343,0.02000045277834297,0.44121197303312853,-0.01960827833347053,0.19505248972698708,-7.606070676764966e-16,0.4416474722298185,0.6936508538063629,1.7909832055270996,True,,dead_geometry,no_window,,,,,,,,,,
phase30_phase29_best_baseline,1.05,150.0,8000.0,1.0,False,False,False,False,,,,,,,,,False,False,dead_geometry,no_window,0.0,,,False,0,,375000204880.94336,391450582112.6572,1644.5110738995388,100000,False,True,max_steps,coast_arc,"{""burn_a"": 24, ""coast_arc"": 99976}","{""intercept_possible_poor_alignment"": 100000}",0.04761904761904765,0.1552454867241412,-0.11258803253505753,-1.140910601514745e-15,0.1552504656633209,3.593134124506381e-06,1.0634606796871793,False,False,0,24,0,99976,0,1,0,0,0,0,0,0,0,False,0.0,,angular_momentum_targeted_burn_a,24,1.0500005729909416,0.05000057299094154,0.39528809789933456,-0.047619567338438654,0.1585203035343741,2.535356892254989e-16,0.3981460831583976,0.715232844439982,1.6615327607200459,True,,dead_geometry,no_window,,,,,,,,,,
phase30_phase29_best_baseline,0.98,165.0,8000.0,1.0,False,False,False,False,,,,,,,,,False,False,window_no_crossing,dead_window_no_crossing,0.0,,,False,0,,149555180901.35547,149555180901.35547,44.32418896694586,100000,False,True,max_steps,phase76_handoff,"{""burn_a"": 18, ""burn_b"": 46, ""coast_arc"": 1, ""phase76_handoff"": 99935}","{""insertion_window"": 99637, ""no_intercept_possible"": 363}",0.020408163265306076,1.0222633461589266,-0.04378221735089306,-0.8676920430528401,1.0227407270556506,0.9993372339776317,1.051342847008779,False,False,0,18,46,1,0,1,1,1,1,1,0,1,0,True,0.0,1363699,angular_momentum_targeted_burn_a,18,0.980000230104543,-0.019999769895457032,0.2215201998029794,0.02040792367296027,0.04948768226939316,0.0,0.22245827084959838,0.8180238326703849,1.2861046070063304,True,1609472,dead_geometry,no_window,,,,,,,,,,
phase30_phase29_best_baseline,1.0,165.0,8000.0,1.0,True,True,True,True,-88.06929902399378,-3143.494158607936,-0.020933166025926386,-0.7471762106990555,-2645.9189453125,3.5278919270833335e-10,2.988704842796222,3.1666781075799455,False,True,near_recoverable_crossing,no_window,11.00564757860189,0.6228607681431453,0.021398883100412866,False,1,182,2175.0126953125,2201.5400390625,24.039640678408468,403,True,False,success,phase76_handoff,"{""phase76_handoff"": 182}","{""handoff_ready"": 216, ""insertion_window"": 109, ""intercept_possible_poor_alignment"": 78}",2.104654818683916e-16,5.870625232460438e-10,-0.034074173710931875,-2.935310709686659e-10,0.4505343981162966,0.4324346135808888,1.0000000000000073,False,False,0,0,0,0,0,1,0,0,0,0,0,0,182,True,0.45161290322580644,1,angular_momentum_targeted_burn_a,,,,,,,,,,,,,near_recoverable_crossing,no_window,,,,,,,,,,
phase30_phase29_best_baseline,1.02,165.0,8000.0,1.0,False,False,False,False,,,,,,,,,False,False,dead_geometry,no_window,0.0,,,False,0,,150000107147.89355,158947272342.5498,894.4929434014972,100000,False,True,max_steps,coast_arc,"{""burn_a"": 18, ""coast_arc"": 99982}","{""intercept_possible_poor_alignment"": 100000}",0.019607843137254777,0.04563327124886319,-0.024462734730208335,5.324249473735476e-15,0.04563446835952912,3.5355236877413835e-07,1.011931143179955,False,False,0,18,0,99982,0,1,0,0,0,0,0,0,0,False,0.0,,angular_momentum_targeted_burn_a,18,1.020000223439582,0.0200002234395819,0.2149824227763223,-0.01960805790035826,0.04660191803740114,2.535356892254989e-16,0.215874773971858,0.8224531188630005,1.2753065031019812,True,,dead_geometry,no_window,,,,,,,,,,
phase30_phase29_best_baseline,1.05,165.0,8000.0,1.0,False,False,False,False,,,,,,,,,False,False,dead_geometry,no_window,0.0,,,False,0,,375000105145.7471,383236601009.0654,823.1438839150447,100000,False,True,max_steps,coast_arc,"{""burn_a"": 24, ""coast_arc"": 99976}","{""intercept_possible_poor_alignment"": 100000}",0.04761904761904765,0.04064094899071877,-0.010220561444707415,-5.5777851629609755e-15,0.040643684791133866,1.0266438260114292e-07,0.9845846508186482,False,False,0,24,0,99976,0,1,0,0,0,0,0,0,0,False,0.0,,angular_momentum_targeted_burn_a,24,1.0500002876970964,0.05000028769709648,0.19797680092015518,-0.047619308568723685,0.04146241225114166,-2.535356892254989e-16,0.2036232114743855,0.8308247884111867,1.2556870245444574,True,,dead_geometry,no_window,,,,,,,,,,
phase30_phase29_best_baseline,0.98,170.0,8000.0,1.0,False,False,False,False,,,,,,,,,False,False,window_no_crossing,dead_window_no_crossing,0.0,,,False,0,,149555861414.12988,149555861414.12988,44.32418896680039,100000,False,True,max_steps,phase76_handoff,"{""burn_a"": 18, ""burn_b"": 46, ""coast_arc"": 1, ""phase76_handoff"": 99935}","{""insertion_window"": 99637, ""no_intercept_possible"": 363}",0.020408163265306496,1.0222635350554803,-0.025090063551973553,-0.867692055167173,1.022735771012519,0.9993366606738636,1.0345273477061143,False,False,0,18,46,1,0,1,1,1,1,1,0,1,0,True,0.0,2032565,angular_momentum_targeted_burn_a,18,0.9800001529604256,-0.01999984703957435,0.14717091933770285,0.020408003997915855,0.022075766125883505,1.2676784461274944e-16,0.14857915777754038,0.8706409072710013,1.1745073063864695,True,2422570,dead_geometry,no_window,,,,,,,,,,
phase30_phase29_best_baseline,1.0,170.0,8000.0,1.0,True,True,True,True,-26.609700880474676,-3835.407376660934,-0.006324852049514541,-0.911636861908399,-2190.5517578125,2.920735677083333e-10,3.646547447633596,3.6602346470497937,False,False,crossing_bad_sync,no_window,8.676726276183203,0.7368993122782103,0.029925929496057102,False,1,2307,470.41796875,2058.1533203125,20.503655353634183,2529,True,False,success,phase76_handoff,"{""phase76_handoff"": 2307}","{""handoff_ready"": 216, ""insertion_window"": 1096, ""intercept_possible_poor_alignment"": 1217}",2.104654818683916e-16,5.488264172930856e-10,-0.015192246987791962,-2.744130855547726e-10,0.8975993091151757,0.8706165037730679,1.0000000000000073,False,False,0,0,0,0,0,1,0,0,0,0,0,0,2307,True,0.9122182680901542,0,angular_momentum_targeted_burn_a,,,,,,,,,,,,,crossing_bad_sync,no_window,,,,,,,,,,
phase30_phase29_best_baseline,1.02,170.0,8000.0,1.0,False,False,False,False,,,,,,,,,False,False,dead_geometry,no_window,0.0,,,False,0,,150000071574.81836,155976041675.33203,597.3775519874539,100000,False,True,max_steps,coast_arc,"{""burn_a"": 18, ""coast_arc"": 99982}","{""intercept_possible_poor_alignment"": 100000}",0.01960784313725499,0.020575586634497923,-0.005392923511594131,7.479302832152217e-15,0.02057631670129502,5.576458091283712e-08,0.99487207600198,False,False,0,18,0,99982,0,1,0,0,0,0,0,0,0,False,0.0,,angular_momentum_targeted_burn_a,18,1.020000149257691,0.020000149257690884,0.14360831196747523,-0.019607986599067,0.02100782040461649,-2.535356892254989e-16,0.14494074790967865,0.8734076429943664,1.1695095954524188,True,,dead_geometry,no_window,,,,,,,,,,
phase30_phase29_best_baseline,1.05,170.0,8000.0,1.0,False,False,False,False,,,,,,,,,False,False,dead_geometry,no_window,0.0,,,False,0,,375000070544.91113,380524464374.6006,551.9407917863285,100000,False,True,max_steps,coast_arc,"{""burn_a"": 24, ""coast_arc"": 99976}","{""intercept_possible_poor_alignment"": 100000}",0.047619047619047436,0.019540981679901172,0.009127655905139585,4.56364240605898e-15,0.01954246366469961,9.16862692055688e-08,0.9670674086258495,False,False,0,24,0,99976,0,1,0,0,0,0,0,0,0,False,0.0,,angular_momentum_targeted_burn_a,24,1.0500001930231635,0.05000019302316354,0.13282757632145278,-0.047619222696714814,0.019910755401670834,0.0,0.1411054761576283,0.8763431785177616,1.1642873161262866,True,,dead_geometry,no_window,,,,,,,,,,
phase30_phase29_best_baseline,0.98,175.0,8000.0,1.0,False,False,False,False,,,,,,,,,False,False,window_no_crossing,dead_window_no_crossing,0.0,,,False,0,,149556514658.8164,149556514658.8164,44.32418896666064,100000,False,True,max_steps,phase76_handoff,"{""burn_a"": 18, ""burn_b"": 46, ""coast_arc"": 1, ""phase76_handoff"": 99935}","{""insertion_window"": 99637, ""no_intercept_possible"": 363}",0.020408163265306287,1.0222637163829724,-0.013817563036137981,-0.8676920667959788,1.0227326056902168,0.9993364330589527,1.0239717097380125,False,False,0,18,46,1,0,1,1,1,1,1,0,1,0,True,0.0,2807961,angular_momentum_targeted_burn_a,18,0.9800000764274793,-0.019999923572520704,0.07353474034410167,0.020408083686512455,0.005823847917229886,-1.2676784461274944e-16,0.07631413969396572,0.9290967786452524,1.082619148969847,True,4848500,dead_geometry,no_window,,,,,,,,,,
phase30_phase29_best_baseline,1.0,175.0,8000.0,1.0,True,True,True,True,-35.33209647045934,-3439.731965189568,-0.00839807571601849,-0.8175888886362344,-454.1748046875,6.0556640625e-11,3.2703555545449374,3.2972025479901705,False,False,crossing_bad_sync,no_window,8.86482222272753,0.6641488018287663,0.02482508985438676,False,1,86,265.2685546875,277.490234375,8.86631054729974,307,True,False,success,phase76_handoff,"{""phase76_handoff"": 86}","{""handoff_ready"": 215, ""insertion_window"": 52, ""intercept_possible_poor_alignment"": 40}",2.104654818683916e-16,7.398261572089514e-11,-0.0038053019082545138,-3.6991364129378737e-11,0.2861142806458803,0.2677516417374583,1.0000000000000073,False,False,0,0,0,0,0,1,0,0,0,0,0,0,86,True,0.28013029315960913,1,angular_momentum_targeted_burn_a,,,,,,,,,,,,,crossing_bad_sync,no_window,,,,,,,,,,
phase30_phase29_best_baseline,1.02,175.0,8000.0,1.0,False,False,False,False,,,,,,,,,False,False,window_no_crossing,dead_window_no_crossing,0.0,,,False,0,,149560506652.77637,149560506652.77637,44.31850488991713,100000,False,True,max_steps,phase76_handoff,"{""burn_a"": 18, ""burn_b"": 46, ""coast_arc"": 80, ""phase76_handoff"": 99856}","{""insertion_window"": 99536, ""intercept_possible_good_alignment"": 2, ""intercept_possible_poor_alignment"": 460, ""no_intercept_possible"": 2}",0.019607843137254777,0.9446040212581632,0.006107327294770394,-1.1299962329725695,0.9421291296849429,0.9985444932756528,1.0000027225934487,False,False,0,18,46,80,0,1,1,1,1,1,0,1,0,True,0.0,2808033,angular_momentum_targeted_burn_a,18,1.0200000749138989,0.020000074913898828,0.07207842798555653,-0.019607915142150188,0.005579770117090822,2.535356892254989e-16,0.07469785885211386,0.9304940842332204,1.0807280730588689,True,,dead_geometry,no_window,,,,,,,,,,
phase30_phase29_best_baseline,1.05,175.0,8000.0,1.0,False,False,False,False,,,,,,,,,False,False,window_no_crossing,dead_window_no_crossing,0.0,,,False,0,,374560446555.2363,374560446555.2363,44.31703730561255,100000,False,True,max_steps,phase76_handoff,"{""burn_a"": 24, ""burn_b"": 46, ""coast_arc"": 80, ""phase76_handoff"": 99850}","{""intercept_possible_good_alignment"": 3, ""intercept_possible_poor_alignment"": 99951, ""no_intercept_possible"": 46}",0.04761904761904765,0.887352324473998,0.020795802465610375,-1.1388442873001772,0.8861586500259174,0.998497735885336,1.0000170146444394,False,False,0,24,46,80,0,1,1,1,1,0,0,1,0,True,0.0,7008022,angular_momentum_targeted_burn_a,24,1.0500000968802075,0.050000096880207553,0.06666745328243559,-0.047619135492243635,0.006712131392194134,0.0,0.081927598476913,0.9242762652581865,1.089238711828168,True,,dead_geometry,no_window,,,,,,,,,,
phase30_phase29_best_baseline,0.98,150.0,10000.0,1.0,False,False,False,False,,,,,,,,,False,False,window_no_crossing,dead_window_no_crossing,0.0,,,False,0,,149442593421.47363,149442593421.47363,55.39604766296477,100000,False,True,max_steps,phase76_handoff,"{""burn_a"": 18, ""burn_b"": 46, ""coast_arc"": 1, ""phase76_handoff"": 99935}","{""insertion_window"": 99526, ""intercept_possible_poor_alignment"": 13, ""no_intercept_possible"": 461}",0.020408163265306076,1.013284830378576,-0.1426785900258876,-0.8379697114409538,1.0129809046953748,0.9993445485101267,1.1316961965152832,False,False,0,18,46,1,0,1,1,1,1,1,0,1,0,True,0.0,705902,angular_momentum_targeted_burn_a,18,0.9800004574678037,-0.019999542532196223,0.43745475565346686,0.02040768759617634,0.19178313827913518,6.479166654401484e-10,0.43793051644275804,0.6954438965310338,1.7791394668271328,True,815002,dead_geometry,no_window,,,,,,,,,,
phase30_phase29_best_baseline,1.0,150.0,10000.0,1.0,True,True,True,True,-6.276680836972505,-4026.540150778171,-0.0014919024394221608,-0.9570671553015822,-547.65234375,7.30203125e-11,3.8282686212063286,3.828995307954149,False,False,crossing_bad_sync,no_window,8.585865689396837,0.7674440072415927,0.02644763969103196,False,1,413,80.015625,399.2158203125,22.040497429913927,630,True,False,success,phase76_handoff,"{""phase76_handoff"": 413}","{""handoff_ready"": 211, ""insertion_window"": 251, ""intercept_possible_poor_alignment"": 168}",0.0,1.0644565350620334e-10,-0.13397459621556124,-5.3222465417905946e-11,0.6430051106494269,0.6187930017814905,1.000000000000006,False,False,0,0,0,0,0,1,0,0,0,0,0,0,413,True,0.6555555555555556,0,angular_momentum_targeted_burn_a,,,,,,,,,,,,,crossing_bad_sync,no_window,,,,,,,,,,
phase30_phase29_best_baseline,1.02,150.0,10000.0,1.0,False,False,False,False,,,,,,,,,False,False,dead_geometry,no_window,0.0,,,False,0,,150000207968.7754,167547731545.42676,1754.5120680394411,100000,False,True,max_steps,coast_arc,"{""burn_a"": 18, ""coast_arc"": 99982}","{""intercept_possible_poor_alignment"": 100000}",0.01960784313725499,0.17438862150903678,-0.12535721577320472,1.1935572873824198e-10,0.17438732719005162,5.148245870094993e-06,1.0906192786268316,False,False,0,18,0,99982,0,1,0,0,0,0,0,0,0,False,0.0,,angular_momentum_targeted_burn_a,18,1.0200004443022126,0.0200004443022125,0.4227043736158014,-0.019608270746714253,0.17906347063514558,-5.714340752856274e-10,0.42315891999740224,0.7026622148838846,1.733579721563222,True,,dead_geometry,no_window,,,,,,,,,,
phase30_phase29_best_baseline,1.05,150.0,10000.0,1.0,False,False,False,False,,,,,,,,,False,False,dead_geometry,no_window,0.0,,,False,0,,375000204779.0176,390451732539.2119,1544.6160611269624,100000,False,True,max_steps,coast_arc,"{""burn_a"": 24, ""coast_arc"": 99976}","{""intercept_possible_poor_alignment"": 100000}",0.04761904761904765,0.13723536990230548,-0.11258803253505753,-4.43687456144623e-15,0.13724331113922622,3.017008271779128e-06,1.064724909189125,False,False,0,24,0,99976,0,1,0,0,0,0,0,0,0,False,0.0,,angular_momentum_targeted_burn_a,24,1.0500005567124753,0.05000055671247526,0.3722819288360792,-0.047619552573389116,0.14086145632523475,1.762073040117217e-14,0.3753151426803943,0.7271060784302164,1.6008071722609531,True,,dead_geometry,no_window,,,,,,,,,,
phase30_phase29_best_baseline,0.98,165.0,10000.0,1.0,False,False,False,False,,,,,,,,,False,False,window_no_crossing,dead_window_no_crossing,0.0,,,False,0,,149444729570.6582,149444729570.6582,55.39604766297488,100000,False,True,max_steps,phase76_handoff,"{""burn_a"": 18, ""burn_b"": 46, ""coast_arc"": 1, ""phase76_handoff"": 99935}","{""insertion_window"": 99526, ""intercept_possible_poor_alignment"": 13, ""no_intercept_possible"": 461}",0.020408163265306076,1.0132854232030182,-0.04378221735089306,-0.8379697579004981,1.0129586390635903,0.9993385672477788,1.053441288255989,False,False,0,18,46,1,0,1,1,1,1,1,0,1,0,True,0.0,1363699,angular_momentum_targeted_burn_a,18,0.9800002250302942,-0.01999977496970586,0.2118691997733101,0.02040792895644613,0.04530504137690188,1.356415937356419e-14,0.21284980943584594,0.824504396356524,1.2704055871260385,True,1682786,dead_geometry,no_window,,,,,,,,,,
phase30_phase29_best_baseline,1.0,165.0,10000.0,1.0,True,True,True,True,-8.88966729674766,-3994.6531548940916,-0.0021129824297496515,-0.9494879445402064,-488.6103515625,6.5148046875e-11,3.7979517781608254,3.79942093563033,False,False,crossing_bad_sync,no_window,8.601024110919587,0.7621259346130128,0.026098185272395925,False,1,243,206.97265625,277.3115234375,17.30631244279581,460,True,False,success,phase76_handoff,"{""phase76_handoff"": 243}","{""handoff_ready"": 211, ""insertion_window"": 148, ""intercept_possible_poor_alignment"": 101}",2.104654818683916e-16,7.393778657325719e-11,-0.034074173710931875,-3.6968672685193056e-11,0.5219687416576904,0.504706529929417,1.0000000000000058,False,False,0,0,0,0,0,1,0,0,0,0,0,0,243,True,0.5282608695652173,0,angular_momentum_targeted_burn_a,,,,,,,,,,,,,near_recoverable_crossing,no_window,,,,,,,,,,
phase30_phase29_best_baseline,1.02,165.0,10000.0,1.0,False,False,False,False,,,,,,,,,False,False,dead_geometry,no_window,0.0,,,False,0,,150000106980.71094,158537518397.33105,853.5146001598716,100000,False,True,max_steps,coast_arc,"{""burn_a"": 18, ""coast_arc"": 99982}","{""intercept_possible_poor_alignment"": 100000}",0.019607843137254777,0.041584293814270486,-0.024462734730208335,1.0141427569019956e-14,0.041585925025020606,3.3376225541035175e-07,1.0133951939332155,False,False,0,18,0,99982,0,1,0,0,0,0,0,0,0,False,0.0,,angular_momentum_targeted_burn_a,18,1.0200002185510302,0.020000218551030208,0.20568593893683917,-0.019608053201727954,0.042691181226509306,-9.254052656730708e-14,0.20661844357822118,0.8287624023335162,1.2604275860783851,True,,dead_geometry,no_window,,,,,,,,,,
phase30_phase29_best_baseline,1.05,165.0,10000.0,1.0,False,False,False,False,,,,,,,,,False,False,dead_geometry,no_window,0.0,,,False,0,,375000104865.8799,382725984781.8086,772.077381237384,100000,False,True,max_steps,coast_arc,"{""burn_a"": 24, ""coast_arc"": 99976}","{""intercept_possible_poor_alignment"": 100000}",0.04761904761904765,0.03603278261131157,-0.010220561444707415,6.0848565414119725e-15,0.0360360097083059,1.352667368252306e-07,0.9867598461521643,False,False,0,24,0,99976,0,1,0,0,0,0,0,0,0,False,0.0,,angular_momentum_targeted_burn_a,24,1.0500002790305905,0.050000279030590365,0.18620507782813434,-0.047619300707951256,0.03693992880889586,-1.2676784461274944e-16,0.19219762956107495,0.8387871064365097,1.2379265481192423,True,,dead_geometry,no_window,,,,,,,,,,
phase30_phase29_best_baseline,0.98,170.0,10000.0,1.0,False,False,False,False,,,,,,,,,False,False,window_no_crossing,dead_window_no_crossing,0.0,,,False,0,,149445384029.8252,149445384029.8252,55.39604766297801,100000,False,True,max_steps,phase76_handoff,"{""burn_a"": 18, ""burn_b"": 46, ""coast_arc"": 1, ""phase76_handoff"": 99935}","{""insertion_window"": 99526, ""intercept_possible_poor_alignment"": 13, ""no_intercept_possible"": 461}",0.020408163265306496,1.013285604828599,-0.025090063551973553,-0.8379697721341856,1.012953696074497,0.999338087529145,1.0361159266077478,False,False,0,18,46,1,0,1,1,1,1,1,0,1,0,True,0.0,1396799,angular_momentum_targeted_burn_a,18,0.980000149618888,-0.01999985038111198,0.14081153963347207,0.020408007477231385,0.020244376463135993,-1.9015176691912415e-15,0.1422827342411574,0.8754400027453074,1.1658853563070957,True,2531979,dead_geometry,no_window,,,,,,,,,,
phase30_phase29_best_baseline,1.0,170.0,10000.0,1.0,True,True,True,True,-627.8014830847948,-3075.3016548794985,-0.1492219516037754,-0.7309675543558039,-43366.4140625,5.782188541666666e-09,7.4610975801887705,8.013550658069029,False,False,crossing_bad_sync,no_window,6.769451209905615,0.7638403911913622,0.018126425876468198,False,1,3843,15013.0810546875,48971.787109375,233.64182222797018,4059,True,False,success,phase76_handoff,"{""phase76_handoff"": 3843}","{""handoff_ready"": 212, ""insertion_window"": 1791, ""intercept_possible_poor_alignment"": 2056}",2.104654818683916e-16,1.3059133116941239e-08,-0.015192246987791962,-6.529566633759087e-09,0.9258990373606751,0.919683014238784,1.000000000000005,False,False,0,0,0,0,0,1,0,0,0,0,0,0,3843,True,0.9467849223946785,0,angular_momentum_targeted_burn_a,,,,,,,,,,,,,crossing_bad_sync,no_window,,,,,,,,,,
phase30_phase29_best_baseline,1.02,170.0,10000.0,1.0,False,False,False,False,,,,,,,,,False,False,dead_geometry,no_window,0.0,,,False,0,,150000071384.30664,155696032947.8545,569.3747291062701,100000,False,True,max_steps,coast_arc,"{""burn_a"": 18, ""coast_arc"": 99982}","{""intercept_possible_poor_alignment"": 100000}",0.01960784313725499,0.018728295180834808,-0.005392923511594131,-1.2803552305887692e-14,0.018729195737243163,6.816645526025107e-08,0.9960543260000787,False,False,0,18,0,99982,0,1,0,0,0,0,0,0,0,False,0.0,,angular_momentum_targeted_burn_a,18,1.0200001458310854,0.020000145831085416,0.13724668715160887,-0.019607983305506987,0.019221126143429322,1.4831837819691684e-14,0.13864027605064957,0.8782404952936577,1.1609551412678212,True,,dead_geometry,no_window,,,,,,,,,,
phase30_phase29_best_baseline,1.05,170.0,10000.0,1.0,False,False,False,False,,,,,,,,,False,False,dead_geometry,no_window,0.0,,,False,0,,375000070357.1406,380181879175.1211,517.6789981448129,100000,False,True,max_steps,coast_arc,"{""burn_a"": 24, ""coast_arc"": 99976}","{""intercept_possible_poor_alignment"": 100000}",0.047619047619047436,0.01746665995425022,0.009127655905139585,8.87374912289246e-16,0.017468313080753164,1.2080238711261065e-07,0.9670851125186797,False,False,0,24,0,99976,0,1,0,0,0,0,0,0,0,False,0.0,,angular_momentum_targeted_burn_a,24,1.0500001872085873,0.05000018720858737,0.12492963277711433,-0.04761921742272488,0.017875003013777133,-2.535356892254989e-16,0.13369743084209865,0.8820695652959272,1.154331102783246,True,,dead_geometry,no_window,,,,,,,,,,
phase30_phase29_best_baseline,0.98,175.0,10000.0,1.0,False,False,False,False,,,,,,,,,False,False,window_no_crossing,dead_window_no_crossing,0.0,,,False,0,,149446012053.83398,149446012053.83398,55.39604766298096,100000,False,True,max_steps,phase76_handoff,"{""burn_a"": 18, ""burn_b"": 46, ""coast_arc"": 1, ""phase76_handoff"": 99935}","{""insertion_window"": 99526, ""intercept_possible_poor_alignment"": 13, ""no_intercept_possible"": 461}",0.020408163265306287,1.0132857791181058,-0.013817563036137981,-0.837969785793482,1.0129506170273186,0.9993379024715963,1.026368401791337,False,False,0,18,46,1,0,1,1,1,1,1,0,1,0,True,0.0,1396805,angular_momentum_targeted_burn_a,18,0.9800000746728841,-0.019999925327115885,0.07027726662810976,0.020408085513454924,0.00535538415904367,5.070713784509978e-16,0.07318049028971245,0.9318097086633061,1.078958728774051,True,5073237,dead_geometry,no_window,,,,,,,,,,
phase30_phase29_best_baseline,1.0,175.0,10000.0,1.0,True,True,True,True,-75.56244302967407,-3051.944929061562,-0.017960415068522723,-0.7254159010011462,-4019.8388671875,5.35978515625e-10,2.9016636040045847,3.037448426622083,False,True,near_recoverable_crossing,no_window,11.049168197997707,0.6018852194191227,0.016617452634956786,False,1,44,1625.736328125,2204.3291015625,8.84814968539807,260,True,False,success,phase76_handoff,"{""phase76_handoff"": 44}","{""handoff_ready"": 212, ""insertion_window"": 27, ""intercept_possible_poor_alignment"": 21}",2.104654818683916e-16,5.878098861721584e-10,-0.0038053019082545138,-2.9390490934242894e-10,0.172384283833011,0.1599501633935743,1.0000000000000058,False,False,0,0,0,0,0,1,0,0,0,0,0,0,44,True,0.16923076923076924,0,angular_momentum_targeted_burn_a,,,,,,,,,,,,,near_recoverable_crossing,no_window,,,,,,,,,,
phase30_phase29_best_baseline,1.02,175.0,10000.0,1.0,False,False,False,False,,,,,,,,,False,False,window_no_crossing,dead_window_no_crossing,0.0,,,False,0,,149449929256.94434,149449929256.94434,55.40720305762873,100000,False,True,max_steps,phase76_handoff,"{""burn_a"": 18, ""burn_b"": 46, ""coast_arc"": 80, ""phase76_handoff"": 99856}","{""insertion_window"": 99427, ""intercept_possible_good_alignment"": 2, ""intercept_possible_poor_alignment"": 571}",0.019607843137254777,0.9341670459737357,0.006107327294770394,-1.1656483333361367,0.9323838346550776,0.9985456837976151,1.0000027225354753,False,False,0,18,46,80,0,1,1,1,1,1,0,1,0,True,0.0,1396841,angular_momentum_targeted_burn_a,18,1.0200000731940515,0.02000007319405143,0.06888546540190382,-0.019607913489103734,0.00512967761499999,-1.6986891178108425e-14,0.07162176774580338,0.9331650682157228,1.0771471855515877,True,,dead_geometry,no_window,,,,,,,,,,
phase30_phase29_best_baseline,1.05,175.0,10000.0,1.0,False,False,False,False,,,,,,,,,False,False,window_no_crossing,dead_window_no_crossing,0.0,,,False,0,,374449840974.22656,374449840974.22656,55.403941671108434,100000,False,True,max_steps,phase76_handoff,"{""burn_a"": 24, ""burn_b"": 46, ""coast_arc"": 80, ""phase76_handoff"": 99850}","{""intercept_possible_good_alignment"": 3, ""intercept_possible_poor_alignment"": 99951, ""no_intercept_possible"": 46}",0.04761904761904765,0.8797195935173727,0.020795802465610375,-1.165798408851657,0.876413310590825,0.9984993611605292,1.000017014503885,False,False,0,24,46,80,0,1,1,1,1,0,0,1,0,True,0.0,3496793,angular_momentum_targeted_burn_a,24,1.050000093961814,0.05000009396181393,0.06270339752689605,-0.04761913284517528,0.0061992978743416844,-2.535356892254989e-16,0.07873562011149876,0.9270111984404843,1.085464739362904,True,,dead_geometry,no_window,,,,,,,,,,
phase30_phase29_best_baseline,0.98,150.0,12000.0,1.0,False,False,False,False,,,,,,,,,False,False,window_no_crossing,dead_window_no_crossing,0.0,,,False,0,,149331690883.30762,149331690883.30762,66.48041404775374,100000,False,True,max_steps,phase76_handoff,"{""burn_a"": 18, ""burn_b"": 46, ""coast_arc"": 1, ""phase76_handoff"": 99935}","{""insertion_window"": 99904, ""no_intercept_possible"": 96}",0.020408163265306076,0.9985336854637406,-0.1426785900258876,-1.200595413244669,1.0010619043590345,0.9993454478059142,1.130450960948425,False,False,0,18,46,1,0,1,1,1,1,1,0,1,0,True,0.0,705902,angular_momentum_targeted_burn_a,18,0.9800004488518206,-0.019999551148179428,0.41886245047889414,0.020407494774235844,0.17586181600006953,-1.971094871308847e-07,0.41935920270210714,0.7045430105904931,1.7222344871988442,True,851178,dead_geometry,no_window,,,,,,,,,,
phase30_phase29_best_baseline,1.0,150.0,12000.0,1.0,True,True,True,True,-80.49851164523518,-3051.369756909111,-0.019133667779626447,-0.7252791884998071,-3681.29296875,4.908390625e-10,2.9011167539992284,3.0547866581952734,False,True,near_recoverable_crossing,no_window,11.049441623000385,0.6031837526262365,0.014364654403677601,False,3,114,148.345703125,755.0380859375,26.347138132160573,326,True,False,success,phase76_handoff,"{""phase76_handoff"": 114}","{""handoff_ready"": 209, ""insertion_window"": 68, ""intercept_possible_poor_alignment"": 49}",0.0,2.0133359507560395e-10,-0.13397459621556124,-1.0066672571051816e-10,0.34060435774997916,0.3252353379979766,1.0000000000000049,False,False,0,0,0,0,0,1,0,0,0,0,0,0,114,True,0.3496932515337423,0,angular_momentum_targeted_burn_a,,,,,,,,,,,,,near_recoverable_crossing,no_window,,,,,,,,,,
phase30_phase29_best_baseline,1.02,150.0,12000.0,1.0,False,False,False,False,,,,,,,,,False,False,dead_geometry,no_window,0.0,,,False,0,,150000207905.38477,166748151516.2373,1674.5477811351725,100000,False,True,max_steps,coast_arc,"{""burn_a"": 18, ""coast_arc"": 99982}","{""intercept_possible_poor_alignment"": 100000}",0.01960784313725499,0.1588928242814449,-0.12535721577320472,-1.4107099460112676e-08,0.15889431925426847,4.3910081181448765e-06,1.0922888153156627,False,False,0,18,0,99982,0,1,0,0,0,0,0,0,0,False,0.0,,angular_momentum_targeted_burn_a,18,1.020000435464427,0.020000435464427084,0.4045234070763274,-0.01960823100056963,0.1640237309782498,3.130515899256288e-08,0.4049983686849974,0.7117446431957533,1.6806677662382812,True,,dead_geometry,no_window,,,,,,,,,,
phase30_phase29_best_baseline,1.05,150.0,12000.0,1.0,False,False,False,False,,,,,,,,,False,False,dead_geometry,no_window,0.0,,,False,0,,375000204677.08984,389484724469.31055,1447.9061556192942,100000,False,True,max_steps,coast_arc,"{""burn_a"": 24, ""coast_arc"": 99976}","{""intercept_possible_poor_alignment"": 100000}",0.04761904761904765,0.12087373475369853,-0.11258803253505753,6.351992899150284e-09,0.12088396817876855,2.7824895258592396e-06,1.071081001006248,False,False,0,24,0,99976,0,1,0,0,0,0,0,0,0,False,0.0,,angular_momentum_targeted_burn_a,24,1.0500005401053434,0.05000054010534336,0.3499218630723955,-0.047619549773678674,0.12471290724987313,-1.2876592515221755e-08,0.3531471786540329,0.7390178910482664,1.5459466840788012,True,,dead_geometry,no_window,,,,,,,,,,
phase30_phase29_best_baseline,0.98,165.0,12000.0,1.0,False,False,False,False,,,,,,,,,False,False,window_no_crossing,dead_window_no_crossing,0.0,,,False,0,,149333723881.96484,149333723881.96484,66.48041404408217,100000,False,True,max_steps,phase76_handoff,"{""burn_a"": 18, ""burn_b"": 46, ""coast_arc"": 1, ""phase76_handoff"": 99935}","{""insertion_window"": 99904, ""no_intercept_possible"": 96}",0.020408163265306076,0.9985342502886493,-0.04378221735089306,-1.2005953570128054,1.0010392721622576,0.9993403927890171,1.0528140663400167,False,False,0,18,46,1,0,1,1,1,1,1,0,1,0,True,0.0,1363699,angular_momentum_targeted_burn_a,18,0.9800002202937977,-0.019999779706202214,0.20283528937705622,0.02040793696532535,0.04155864466205455,3.015558558361868e-09,0.2038593605444265,0.8306618188181739,1.2560594905881821,True,1757735,dead_geometry,no_window,,,,,,,,,,
phase30_phase29_best_baseline,1.0,165.0,12000.0,1.0,True,True,True,True,-29.385295636110204,-3791.606204635221,-0.0069845823583089784,-0.9012257740911267,-579.7763671875,7.7303515625e-11,3.604903096364507,3.621779577911722,False,False,crossing_bad_sync,no_window,8.697548451817747,0.7293621181801756,0.02031839432766244,False,2,105,135.919921875,502.3330078125,21.192783332264064,318,True,False,success,phase76_handoff,"{""phase76_handoff"": 105}","{""handoff_ready"": 209, ""insertion_window"": 63, ""intercept_possible_poor_alignment"": 46}",2.104654818683916e-16,1.3396506758790487e-10,-0.034074173710931875,6.698273464708606e-11,0.3259054175294539,0.3132262829276735,1.0000000000000049,False,False,0,0,0,0,0,1,0,0,0,0,0,0,105,True,0.330188679245283,0,angular_momentum_targeted_burn_a,,,,,,,,,,,,,crossing_bad_sync,no_window,,,,,,,,,,
phase30_phase29_best_baseline,1.02,165.0,12000.0,1.0,False,False,False,False,,,,,,,,,False,False,dead_geometry,no_window,0.0,,,False,0,,150000106813.5293,158145519895.82227,814.3119897125266,100000,False,True,max_steps,coast_arc,"{""burn_a"": 18, ""coast_arc"": 99982}","{""intercept_possible_poor_alignment"": 100000}",0.019607843137254777,0.03788837140084048,-0.024462734730208335,4.651509889570327e-09,0.03789036220941205,3.142550714360495e-07,1.0132620238495988,False,False,0,18,0,99982,0,1,0,0,0,0,0,0,0,False,0.0,,angular_momentum_targeted_burn_a,18,1.0200002137936643,0.020000213793664453,0.1967685566579022,-0.019608058748786322,0.03910232061757225,-1.0322176331064928e-08,0.1977431173383359,0.8349035489161316,1.2464835154021079,True,,dead_geometry,no_window,,,,,,,,,,
phase30_phase29_best_baseline,1.05,165.0,12000.0,1.0,False,False,False,False,,,,,,,,,False,False,dead_geometry,no_window,0.0,,,False,0,,375000104586.01074,382245767304.3457,724.0511885414967,100000,False,True,max_steps,coast_arc,"{""burn_a"": 24, ""coast_arc"": 99976}","{""intercept_possible_poor_alignment"": 100000}",0.04761904761904765,0.03196784334634535,-0.010220561444707415,-4.406407177672002e-10,0.03197146712839093,2.021477224325837e-07,0.9889366391605047,False,False,0,24,0,99976,0,1,0,0,0,0,0,0,0,False,0.0,,angular_momentum_targeted_burn_a,24,1.0500002706875675,0.05000027068756745,0.17510461444781472,-0.04761929228986775,0.032929224700545365,8.932559261365207e-10,0.1814641093243015,0.8464074311647335,1.2216935300919003,True,,dead_geometry,no_window,,,,,,,,,,
phase30_phase29_best_baseline,0.98,170.0,12000.0,1.0,False,False,False,False,,,,,,,,,False,False,window_no_crossing,dead_window_no_crossing,0.0,,,False,0,,149334358550.09863,149334358550.09863,66.48041404293573,100000,False,True,max_steps,phase76_handoff,"{""burn_a"": 18, ""burn_b"": 46, ""coast_arc"": 1, ""phase76_handoff"": 99935}","{""insertion_window"": 99904, ""no_intercept_possible"": 96}",0.020408163265306496,0.9985344266176184,-0.025090063551973553,-1.2005953394581113,1.0010344038980896,0.999339992560873,1.0366062846099975,False,False,0,18,46,1,0,1,1,1,1,1,0,1,0,True,0.0,2032565,angular_momentum_targeted_burn_a,18,0.9800001463669534,-0.019999853633046613,0.13471128603796623,0.020408009180365307,0.01856361405893253,-1.6492305164673336e-09,0.13624836621465303,0.8800892713562108,1.1577402086281336,True,2646638,dead_geometry,no_window,,,,,,,,,,
phase30_phase29_best_baseline,1.0,170.0,12000.0,1.0,True,True,True,True,-30.099257367256808,-2552.5823086070577,-0.007154283714171683,-0.6067225452351612,-1052.3896484375,1.4031861979166667e-10,2.426890180940645,2.4531113690583384,False,True,near_recoverable_crossing,no_window,11.286554909529677,0.49396317678545365,0.010598707260321274,False,6,1010,10.53125,67.607421875,14.814055285645287,1222,True,False,success,phase76_handoff,"{""phase76_handoff"": 1010}","{""handoff_ready"": 209, ""insertion_window"": 560, ""intercept_possible_poor_alignment"": 453}",2.104654818683916e-16,1.8038365054494238e-11,-0.015192246987791962,9.019278608507897e-12,0.7941505641062065,0.769303524146656,1.0000000000000049,False,False,0,0,0,0,0,1,0,0,0,0,0,0,1010,True,0.8265139116202946,0,angular_momentum_targeted_burn_a,,,,,,,,,,,,,near_recoverable_crossing,no_window,,,,,,,,,,
phase30_phase29_best_baseline,1.02,170.0,12000.0,1.0,False,False,False,False,,,,,,,,,False,False,dead_geometry,no_window,0.0,,,False,0,,150000071193.79297,155428443799.4629,542.6139939737651,100000,False,True,max_steps,coast_arc,"{""burn_a"": 18, ""coast_arc"": 99982}","{""intercept_possible_poor_alignment"": 100000}",0.01960784313725499,0.017045734141340408,-0.005392923511594131,-3.166738974186607e-09,0.017046778625938553,1.0133198229108201e-07,0.9972370185887566,False,False,0,18,0,99982,0,1,0,0,0,0,0,0,0,False,0.0,,angular_momentum_targeted_burn_a,18,1.0200001424986311,0.02000014249863112,0.1311509909826595,-0.01960797321290768,0.017585068828379322,7.027355943859694e-09,0.13260865364228921,0.8829175115684229,1.1528821658803055,True,,dead_geometry,no_window,,,,,,,,,,
phase30_phase29_best_baseline,1.05,170.0,12000.0,1.0,False,False,False,False,,,,,,,,,False,False,dead_geometry,no_window,0.0,,,False,0,,375000070169.3701,379859689261.5244,485.45702490399555,100000,False,True,max_steps,coast_arc,"{""burn_a"": 24, ""coast_arc"": 99976}","{""intercept_possible_poor_alignment"": 100000}",0.047619047619047436,0.01563686777795611,0.009127655905139585,3.935155321394783e-10,0.015638666198667828,1.8053164782445053e-07,0.9685083234095384,False,False,0,24,0,99976,0,1,0,0,0,0,0,0,0,False,0.0,,angular_momentum_targeted_burn_a,24,1.0500001816110445,0.0500001816110444,0.11748205426470429,-0.04761921310533846,0.016069621011529495,-7.977359749172802e-10,0.12676601508828395,0.8874957045329205,1.1451684378793707,True,,dead_geometry,no_window,,,,,,,,,,
phase30_phase29_best_baseline,0.98,175.0,12000.0,1.0,False,False,False,False,,,,,,,,,False,False,window_no_crossing,dead_window_no_crossing,0.0,,,False,0,,149334964940.35645,149334964940.35645,66.48041404184066,100000,False,True,max_steps,phase76_handoff,"{""burn_a"": 18, ""burn_b"": 46, ""coast_arc"": 1, ""phase76_handoff"": 99935}","{""insertion_window"": 99904, ""no_intercept_possible"": 96}",0.020408163265306287,0.9985345950901833,-0.013817563036137981,-1.2005953226856214,1.0010314354211056,0.9993398881060995,1.0296123391004426,False,False,0,18,46,1,0,1,1,1,1,1,0,1,0,True,0.0,4049661,angular_momentum_targeted_burn_a,18,0.9800000729664988,-0.01999992703350117,0.06715596173709162,0.02040808914305988,0.004926417005027412,1.8158043516633986e-09,0.07018841351184409,0.9344149039607794,1.0754867095263356,True,5309034,dead_geometry,no_window,,,,,,,,,,
phase30_phase29_best_baseline,1.0,175.0,12000.0,1.0,True,True,True,True,-67.92548656141525,-2582.702318568411,-0.016145189110617915,-0.6138817616273774,-5157.419921875,6.876559895833333e-10,2.4555270465095096,2.584817383236934,False,True,near_recoverable_crossing,no_window,11.272236476745245,0.5104796369222995,0.010969941268989187,False,1,43,1216.3447265625,2626.7353515625,7.257112147984378,255,True,False,success,phase76_handoff,"{""phase76_handoff"": 43}","{""handoff_ready"": 209, ""insertion_window"": 26, ""intercept_possible_poor_alignment"": 20}",2.104654818683916e-16,7.004529062574584e-10,-0.0038053019082545138,-3.5022646825758274e-10,0.16585029829326867,0.15445766656619989,1.0000000000000049,False,False,0,0,0,0,0,1,0,0,0,0,0,0,43,True,0.16862745098039217,0,angular_momentum_targeted_burn_a,,,,,,,,,,,,,near_recoverable_crossing,no_window,,,,,,,,,,
phase30_phase29_best_baseline,1.02,175.0,12000.0,1.0,False,False,False,False,,,,,,,,,False,False,window_no_crossing,dead_window_no_crossing,0.0,,,False,0,,149338825441.59863,149338825441.59863,66.48328357287387,100000,False,True,max_steps,phase76_handoff,"{""burn_a"": 18, ""burn_b"": 46, ""coast_arc"": 80, ""phase76_handoff"": 99856}","{""insertion_window"": 99806, ""intercept_possible_good_alignment"": 2, ""intercept_possible_poor_alignment"": 192}",0.019607843137254777,0.9249249269578722,0.006107327294770394,-0.8071719443414924,0.920503386840219,0.9985513765150811,1.0000027224955206,False,False,0,18,46,80,0,1,1,1,1,1,0,1,0,True,0.0,7494586,angular_momentum_targeted_burn_a,18,1.0200000715214594,0.020000071521459373,0.06582597510305051,-0.019607919683657687,0.0047175139081606305,-7.958258497114398e-09,0.06868427585402119,0.9357300436411398,1.073749705021343,True,,dead_geometry,no_window,,,,,,,,,,
phase30_phase29_best_baseline,1.05,175.0,12000.0,1.0,False,False,False,False,,,,,,,,,False,False,window_no_crossing,dead_window_no_crossing,0.0,,,False,0,,374338716336.7119,374338716336.7119,66.47610196247662,100000,False,True,max_steps,phase76_handoff,"{""burn_a"": 24, ""burn_b"": 46, ""coast_arc"": 80, ""phase76_handoff"": 99850}","{""intercept_possible_good_alignment"": 2, ""intercept_possible_poor_alignment"": 99952, ""no_intercept_possible"": 46}",0.04761904761904765,0.8673140589656004,0.020795802465610375,-0.7965944069233583,0.8645329906291218,0.9985045550458167,1.000017014406278,False,False,0,24,46,80,0,1,1,1,1,0,0,1,0,True,0.0,18523266,angular_momentum_targeted_burn_a,24,1.0500000911523515,0.050000091152351565,0.058965384527914166,-0.047619132027862186,0.005744494845707759,-1.817499618049405e-09,0.07579246967757311,0.9295473100538729,1.082008059397798,True,,dead_geometry,no_window,,,,,,,,,,
phase30_endpoint_grid_search,0.98,150.0,8000.0,1.0,False,False,False,False,,,,,,,,,False,False,window_no_crossing,dead_window_no_crossing,0.0,,,False,0,,149554852407.57617,149554852407.57617,44.317743994300166,100000,False,True,max_steps,phase76_handoff,"{""burn_a"": 8, ""burn_b"": 46, ""coast_arc"": 1, ""phase76_handoff"": 99945}","{""insertion_window"": 99637, ""no_intercept_possible"": 363}",0.020408163265306076,1.02249619104294,-0.1426785900258876,-0.8679499340964323,1.0228405907596436,0.9994450792263989,1.0872818500315968,False,False,0,8,46,1,0,1,1,1,1,1,0,1,0,True,0.0,705902,endpoint_grid_search,8,0.9800001929983582,-0.019999807001641796,0.4813251642467654,-0.036116006489489705,0.11993034206470311,-0.05539350033167166,0.4633898779726065,0.6097359648625056,1.662811420411673,True,740728,dead_geometry,no_window,4,8,0.05,-0.08,0.3,15.024188095895868,False,23.896561936510242,25.199441516714355,0.019993345831014975
phase30_endpoint_grid_search,1.0,150.0,8000.0,1.0,True,True,True,True,-25.192574395203952,-3281.9890635371144,-0.005988015668111895,-0.7800950243010297,-1460.0703125,1.9467604166666666e-10,3.120380097204119,3.134710956393185,False,False,crossing_bad_sync,no_window,8.93980995139794,0.6312616384372342,0.022897899677950195,False,1,631,473.6396484375,1334.857421875,19.644712995676638,852,True,False,success,phase76_handoff,"{""phase76_handoff"": 631}","{""handoff_ready"": 216, ""insertion_window"": 382, ""intercept_possible_poor_alignment"": 254}",0.0,3.55947010158653e-10,-0.13397459621556124,-1.7797318008717732e-10,0.730935153977333,0.7067683357255949,1.0000000000000073,False,False,0,0,0,0,0,1,0,0,0,0,0,0,631,True,0.7406103286384976,0,endpoint_grid_search,,,,,,,,,,,,,crossing_bad_sync,no_window,4,8,0.05,-0.08,0.3,14.683428449476768,False,23.64275162883922,23.64310240754046,2.17530171875e-07
phase30_endpoint_grid_search,1.02,150.0,8000.0,1.0,False,False,False,False,,,,,,,,,False,False,dead_geometry,no_window,0.0,,,False,0,,150000206858.2334,169679576551.82617,1967.2778837567157,100000,False,True,max_steps,coast_arc,"{""burn_a"": 8, ""coast_arc"": 99992}","{""intercept_possible_poor_alignment"": 100000}",0.01960784313725499,0.178397979662542,-0.12535721577320472,-0.021531219021869438,0.178390688518462,0.021535891191867457,1.0673246364713849,False,False,0,8,0,99992,0,1,0,0,0,0,0,0,0,False,0.0,,endpoint_grid_search,8,1.02000018907069,0.020000189070690105,0.47132266918968174,-0.05344083213407548,0.15733536649524976,-0.034509469810161855,0.46313243644597596,0.6371070319174582,1.7363164161294165,True,,dead_geometry,no_window,4,8,0.05,-0.08,0.3,15.061359789158494,False,23.39644327885984,24.72697880163566,0.020000215319457292
phase30_endpoint_grid_search,1.05,150.0,8000.0,1.0,False,False,False,False,,,,,,,,,False,False,dead_geometry,no_window,0.0,,,False,0,,375000203861.16016,394380579821.9033,1937.4463204510216,100000,False,True,max_steps,coast_arc,"{""burn_a"": 8, ""coast_arc"": 99992}","{""intercept_possible_poor_alignment"": 100000}",0.04761904761904765,0.20428400785884815,-0.11258803253505753,-0.005708330424300651,0.2042768123391591,0.0057131400110434155,1.0531123054775466,False,False,0,8,0,99992,0,1,0,0,0,0,0,0,0,False,0.0,,endpoint_grid_search,8,1.0500001862734234,0.05000018627342331,0.46419893802496187,-0.06577949370016989,0.1834870416036205,-0.01906829436472656,0.4629569920641365,0.6577274768432443,1.7917131345194623,True,,dead_geometry,no_window,4,8,0.05,-0.08,0.3,15.626186710381281,False,23.040260751081366,30.510721061526265,0.05000021212258086
phase30_endpoint_grid_search,0.98,165.0,8000.0,1.0,False,False,False,False,,,,,,,,,False,False,window_no_crossing,dead_window_no_crossing,0.0,,,False,0,,149555272388.73535,149555272388.73535,44.3241889669263,100000,False,True,max_steps,phase76_handoff,"{""burn_a"": 18, ""burn_b"": 46, ""coast_arc"": 1, ""phase76_handoff"": 99935}","{""insertion_window"": 99637, ""no_intercept_possible"": 363}",0.020408163265306076,1.0222633715539677,-0.04378221735089306,-0.8676920446814808,1.0227770999695442,0.9993539850241464,1.2213091843366388,False,False,0,18,46,1,0,1,1,1,1,1,0,1,0,True,0.0,1363699,endpoint_grid_search,18,0.9800002202010655,-0.019999779798934504,0.20376578054824215,0.19203632701991027,0.42165523028799023,0.16819586296718128,0.459068131335706,0.935310384035554,2.5228344886083396,True,1749708,dead_geometry,no_window,28,18,0.05,-0.08,0.3,14.329720839185743,False,10.018641189038643,12.846444632423905,0.019997070914404166
phase30_endpoint_grid_search,1.0,165.0,8000.0,1.0,True,True,True,True,-88.06929902399378,-3143.494158607936,-0.020933166025926386,-0.7471762106990555,-2645.9189453125,3.5278919270833335e-10,2.988704842796222,3.1666781075799455,False,True,near_recoverable_crossing,no_window,11.00564757860189,0.6228607681431453,0.021398883100412866,False,1,182,2175.0126953125,2201.5400390625,24.039640678408468,403,True,False,success,phase76_handoff,"{""phase76_handoff"": 182}","{""handoff_ready"": 216, ""insertion_window"": 109, ""intercept_possible_poor_alignment"": 78}",2.104654818683916e-16,5.870625232460438e-10,-0.034074173710931875,-2.935310709686659e-10,0.4505343981162966,0.4324346135808888,1.0000000000000073,False,False,0,0,0,0,0,1,0,0,0,0,0,0,182,True,0.45161290322580644,1,endpoint_grid_search,,,,,,,,,,,,,near_recoverable_crossing,no_window,39,18,0.1,-0.08,-0.3,12.603708643043788,False,6.833018602194903,7.110923419865981,1.9624078072916666e-07
phase30_endpoint_grid_search,1.02,165.0,8000.0,1.0,False,False,False,False,,,,,,,,,False,False,dead_geometry,no_window,0.0,,,False,0,,150000104961.6328,155558479193.90527,547.7652667272737,100000,False,True,max_steps,coast_arc,"{""burn_a"": 18, ""coast_arc"": 99982}","{""intercept_possible_poor_alignment"": 100000}",0.019607843137254777,0.6944398367235038,-0.024462734730208335,-0.4916797230877159,0.6943791154918738,0.4916353374724684,0.9638107385808136,False,False,0,18,0,99982,0,1,0,0,0,0,0,0,0,False,0.0,,endpoint_grid_search,18,1.020000186142444,0.02000018614244401,0.14090642632887446,-0.4761993324384173,-0.6665621955782091,-0.4657232215856493,0.7240697674897039,0.1655685177801378,1.0345067061187851,True,,dead_geometry,no_window,39,18,0.1,-0.08,-0.3,14.162370389499333,False,8.00008047582052,10.630067774383837,0.02000019366599883
phase30_endpoint_grid_search,1.05,165.0,8000.0,1.0,False,False,False,False,,,,,,,,,False,False,dead_geometry,no_window,0.0,,,False,0,,375000104837.7295,384500065294.4795,951.4695700375634,100000,False,True,max_steps,coast_arc,"{""burn_a"": 8, ""coast_arc"": 99992}","{""intercept_possible_poor_alignment"": 100000}",0.04761904761904765,0.23690934795202356,-0.010220561444707415,0.0966591359622192,0.23690068422207086,0.09665453078699597,1.0684900839555436,False,False,0,8,0,99992,0,1,0,0,0,0,0,0,0,False,0.0,,endpoint_grid_search,8,1.050000093851565,0.050000093851564974,0.22883049544013312,0.03171340606651578,0.21203421339110007,0.08329917319775938,0.27439554833630014,0.9208578138733928,1.6173234548936521,True,,dead_geometry,no_window,4,8,0.05,-0.08,0.3,15.747144114186263,False,20.000047657455884,22.958411781585415,0.05000010649760221
phase30_endpoint_grid_search,0.98,170.0,8000.0,1.0,False,False,False,False,,,,,,,,,False,False,window_no_crossing,dead_window_no_crossing,0.0,,,False,0,,149556485691.5254,149556485691.5254,44.3177439939983,100000,False,True,max_steps,phase76_handoff,"{""burn_a"": 8, ""burn_b"": 46, ""coast_arc"": 1, ""phase76_handoff"": 99945}","{""insertion_window"": 99637, ""no_intercept_possible"": 363}",0.020408163265306496,1.0224966445880241,-0.025090063551973553,-0.8679499637832369,1.0228427701570642,0.9994394475853671,1.1065741237995006,False,False,0,8,46,1,0,1,1,1,1,1,0,1,0,True,0.0,2032565,endpoint_grid_search,8,0.980000063549167,-0.019999936450832943,0.15166013527784902,0.08387240032837479,0.1569639826344245,0.06219502120099559,0.22099241468106778,0.924050182047112,1.448327698378271,True,2350871,dead_geometry,no_window,4,8,0.05,-0.08,0.3,12.31974472798666,False,7.999172802833333,10.91310075708455,0.019997932007083333
phase30_endpoint_grid_search,1.0,170.0,8000.0,1.0,True,True,True,True,-26.609700880474676,-3835.407376660934,-0.006324852049514541,-0.911636861908399,-2190.5517578125,2.920735677083333e-10,3.646547447633596,3.6602346470497937,False,False,crossing_bad_sync,no_window,8.676726276183203,0.7368993122782103,0.029925929496057102,False,1,2307,470.41796875,2058.1533203125,20.503655353634183,2529,True,False,success,phase76_handoff,"{""phase76_handoff"": 2307}","{""handoff_ready"": 216, ""insertion_window"": 1096, ""intercept_possible_poor_alignment"": 1217}",2.104654818683916e-16,5.488264172930856e-10,-0.015192246987791962,-2.744130855547726e-10,0.8975993091151757,0.8706165037730679,1.0000000000000073,False,False,0,0,0,0,0,1,0,0,0,0,0,0,2307,True,0.9122182680901542,0,endpoint_grid_search,,,,,,,,,,,,,crossing_bad_sync,no_window,39,18,0.1,-0.08,-0.3,9.84549365129406,False,2.574489778896213,3.195531938992462,1.10242087109375e-07
phase30_endpoint_grid_search,1.02,170.0,8000.0,1.0,False,False,False,False,,,,,,,,,False,False,dead_geometry,no_window,0.0,,,False,0,,150000070909.37402,156112427321.80664,613.2009143614525,100000,False,True,max_steps,coast_arc,"{""burn_a"": 8, ""coast_arc"": 99992}","{""intercept_possible_poor_alignment"": 100000}",0.01960784313725499,0.21988395610572511,-0.005392923511594131,0.09843306678188088,0.21987479799878643,0.09842850247073957,1.086585539493464,False,False,0,8,0,99992,0,1,0,0,0,0,0,0,0,False,0.0,,endpoint_grid_search,8,1.0200000621851024,0.020000062185102342,0.14818630174401576,0.06417132493378,0.19363559465114588,0.08545481760805834,0.2234539132912557,0.9630212861054929,1.5172469235691994,True,,dead_geometry,no_window,4,8,0.05,-0.08,0.3,12.363887117251824,False,8.000031371847031,10.793881045908032,0.020000070307359636
phase30_endpoint_grid_search,1.05,170.0,8000.0,1.0,False,False,False,False,,,,,,,,,False,False,dead_geometry,no_window,0.0,,,False,0,,375000072723.48926,383247492723.2178,822.4662353976008,100000,False,True,max_steps,coast_arc,"{""burn_a"": 8, ""coast_arc"": 99992}","{""intercept_possible_poor_alignment"": 100000}",0.047619047619047436,0.12773885668683121,0.009127655905139585,-0.09775204024752315,0.12773258726745795,0.09774741321426751,0.963974765170788,False,False,0,8,0,99992,0,1,0,0,0,0,0,0,0,False,0.0,,endpoint_grid_search,8,1.0500000718722324,0.050000071872232425,0.19321426593074567,-0.12799251470081344,-0.10703296740447898,-0.08439207776272943,0.26820205650885204,0.6610443997949786,1.1455865307085171,True,,dead_geometry,no_window,11,8,0.05,0.08,-0.3,15.692067595555967,False,20.00003757192474,22.29247285990513,0.05000008290102253
phase30_endpoint_grid_search,0.98,175.0,8000.0,1.0,False,False,False,False,,,,,,,,,False,False,window_no_crossing,dead_window_no_crossing,0.0,,,False,0,,149556837191.52344,149556837191.52344,44.31774399393339,100000,False,True,max_steps,phase76_handoff,"{""burn_a"": 8, ""burn_b"": 46, ""coast_arc"": 1, ""phase76_handoff"": 99945}","{""insertion_window"": 99637, ""no_intercept_possible"": 363}",0.020408163265306287,1.022496742195733,-0.013817563036137981,-0.8679499701720749,1.0228433513101198,0.9994401768007767,1.109770810257581,False,False,0,8,46,1,0,1,1,1,1,1,0,1,0,True,0.0,2807968,endpoint_grid_search,8,0.9800000292414783,-0.019999970758521616,0.06428959175165665,0.09537498813967071,0.16316325061333845,0.0734675204072614,0.18890686052156644,0.9692369988207423,1.4207154040414045,True,5545751,dead_geometry,no_window,4,8,0.05,-0.08,0.3,11.882161639799698,False,7.999658990820052,8.570493746411806,0.01999914747705013
phase30_endpoint_grid_search,1.0,175.0,8000.0,1.0,True,True,True,True,-35.33209647045934,-3439.731965189568,-0.00839807571601849,-0.8175888886362344,-454.1748046875,6.0556640625e-11,3.2703555545449374,3.2972025479901705,False,False,crossing_bad_sync,no_window,8.86482222272753,0.6641488018287663,0.02482508985438676,False,1,86,265.2685546875,277.490234375,8.86631054729974,307,True,False,success,phase76_handoff,"{""phase76_handoff"": 86}","{""handoff_ready"": 215, ""insertion_window"": 52, ""intercept_possible_poor_alignment"": 40}",2.104654818683916e-16,7.398261572089514e-11,-0.0038053019082545138,-3.6991364129378737e-11,0.2861142806458803,0.2677516417374583,1.0000000000000073,False,False,0,0,0,0,0,1,0,0,0,0,0,0,86,True,0.28013029315960913,1,endpoint_grid_search,,,,,,,,,,,,,crossing_bad_sync,no_window,39,18,0.1,-0.08,-0.3,3.7010471050591893,True,1.8474445459080167,2.544482604295068,6.4655078125e-10
phase30_endpoint_grid_search,1.02,175.0,8000.0,1.0,False,False,False,False,,,,,,,,,False,False,window_no_crossing,dead_window_no_crossing,0.0,,,False,0,,149559697151.2412,149559697151.2412,44.324792984618746,100000,False,True,max_steps,phase76_handoff,"{""burn_a"": 8, ""burn_b"": 46, ""coast_arc"": 80, ""phase76_handoff"": 99866}","{""insertion_window"": 99546, ""intercept_possible_good_alignment"": 4, ""intercept_possible_poor_alignment"": 450}",0.019607843137254777,0.9444015628604677,0.006107327294770394,-1.130181564740328,0.9423652431107074,0.9987263737198806,1.0000027225656327,False,False,0,8,46,80,0,1,1,1,1,1,0,1,0,True,0.0,2808019,endpoint_grid_search,8,1.02000002855683,0.020000028556830078,0.06254596147339021,-0.10268670408399029,-0.1517011105053417,-0.08474041254124685,0.18766952399888634,0.7053309826580618,1.0312306840424619,True,,dead_geometry,no_window,3,8,0.05,-0.08,-0.3,11.87767747440942,False,8.000014077304062,8.541721863385234,0.020000031875045444
phase30_endpoint_grid_search,1.05,175.0,8000.0,1.0,False,False,False,False,,,,,,,,,False,False,dead_geometry,no_window,0.0,,,False,0,,375000037211.65625,379698473436.80176,467.7702460571207,100000,False,True,max_steps,coast_arc,"{""burn_a"": 8, ""coast_arc"": 99992}","{""intercept_possible_poor_alignment"": 100000}",0.04761904761904765,0.13458349871319977,0.020795802465610375,-0.08608389200017091,0.1345768702091644,0.08607964704676072,0.9635308902984023,False,False,0,8,0,99992,0,1,0,0,0,0,0,0,0,False,0.0,,endpoint_grid_search,8,1.0500000387278563,0.05000003872785625,0.1088062999946734,-0.1168799658461328,-0.1130220288648347,-0.07272392993709374,0.20731166326795572,0.7121946521943533,1.084714975946421,True,,dead_geometry,no_window,11,8,0.05,0.08,-0.3,15.655785998400633,False,20.000020526245677,20.778384783488708,0.050000045021735544
phase30_endpoint_grid_search,0.98,150.0,10000.0,1.0,False,False,False,False,,,,,,,,,False,False,window_no_crossing,dead_window_no_crossing,0.0,,,False,0,,149444446751.94336,149444446751.94336,55.400811651493235,100000,False,True,max_steps,phase76_handoff,"{""burn_a"": 8, ""burn_b"": 46, ""coast_arc"": 1, ""phase76_handoff"": 99945}","{""insertion_window"": 99526, ""intercept_possible_poor_alignment"": 13, ""no_intercept_possible"": 461}",0.020408163265306076,1.0156813622613121,-0.1426785900258876,-0.8455467900906531,1.0130598524777452,0.9994455545017915,1.1072910599051013,False,False,0,8,46,1,0,1,1,1,1,1,0,1,0,True,0.0,705902,endpoint_grid_search,8,0.980000191666032,-0.01999980833396797,0.4753874131985905,-0.013849405063336241,0.15767026112881846,-0.033572227950498065,0.46182101286913946,0.638917234303139,1.7354498427517795,True,749980,dead_geometry,no_window,4,8,0.05,-0.08,0.3,15.027188579957794,False,23.557296537550563,24.877787344521526,0.019993438898790756
phase30_endpoint_grid_search,1.0,150.0,10000.0,1.0,True,True,True,True,-6.276680836972505,-4026.540150778171,-0.0014919024394221608,-0.9570671553015822,-547.65234375,7.30203125e-11,3.8282686212063286,3.828995307954149,False,False,crossing_bad_sync,no_window,8.585865689396837,0.7674440072415927,0.02644763969103196,False,1,413,80.015625,399.2158203125,22.040497429913927,630,True,False,success,phase76_handoff,"{""phase76_handoff"": 413}","{""handoff_ready"": 211, ""insertion_window"": 251, ""intercept_possible_poor_alignment"": 168}",0.0,1.0644565350620334e-10,-0.13397459621556124,-5.3222465417905946e-11,0.6430051106494269,0.6187930017814905,1.000000000000006,False,False,0,0,0,0,0,1,0,0,0,0,0,0,413,True,0.6555555555555556,0,endpoint_grid_search,,,,,,,,,,,,,crossing_bad_sync,no_window,4,8,0.05,-0.08,0.3,14.681093612481451,False,23.303485218772327,23.303500973793675,2.1581718111979166e-07
phase30_endpoint_grid_search,1.02,150.0,10000.0,1.0,False,False,False,False,,,,,,,,,False,False,dead_geometry,no_window,0.0,,,False,0,,150000206501.36035,169399797120.26367,1939.8401726513014,100000,False,True,max_steps,coast_arc,"{""burn_a"": 8, ""coast_arc"": 99992}","{""intercept_possible_poor_alignment"": 100000}",0.01960784313725499,0.2215636512687845,-0.12535721577320472,0.00442528010239272,0.22155433572569067,0.004430412270058847,1.0873580617716212,False,False,0,8,0,99992,0,1,0,0,0,0,0,0,0,False,0.0,,endpoint_grid_search,8,1.020000187738364,0.020000187738364063,0.4653849175933623,-0.03117423063484936,0.19442254008030904,-0.011797533361781406,0.4618636944840982,0.6680131114511935,1.8146780008341263,True,,dead_geometry,no_window,4,8,0.05,-0.08,0.3,15.071094275512397,False,23.057175906228906,24.40571548370788,0.020000213606466536
phase30_endpoint_grid_search,1.05,150.0,10000.0,1.0,False,False,False,False,,,,,,,,,False,False,dead_geometry,no_window,0.0,,,False,0,,375000203504.2871,394100567429.16406,1909.9632803506158,100000,False,True,max_steps,coast_arc,"{""burn_a"": 8, ""coast_arc"": 99992}","{""intercept_possible_poor_alignment"": 100000}",0.04761904761904765,0.24691838540209976,-0.11258803253505753,0.021011595039812467,0.2469091893925102,0.02101433140082064,1.0731635050552515,False,False,0,8,0,99992,0,1,0,0,0,0,0,0,0,False,0.0,,endpoint_grid_search,8,1.0500001849410967,0.050000184941096745,0.4582611860511743,-0.04351289215076108,0.2201093328549199,0.004311640135475634,0.4619194937391578,0.6899435125061514,1.8745185130766575,True,,dead_geometry,no_window,4,8,0.05,-0.08,0.3,15.683899667645672,False,22.700992018649764,30.254771628740663,0.050000210409589844
phase30_endpoint_grid_search,0.98,165.0,10000.0,1.0,False,False,False,False,,,,,,,,,False,False,window_no_crossing,dead_window_no_crossing,0.0,,,False,0,,149444841940.30176,149444841940.30176,55.396047662975406,100000,False,True,max_steps,phase76_handoff,"{""burn_a"": 18, ""burn_b"": 46, ""coast_arc"": 1, ""phase76_handoff"": 99935}","{""insertion_window"": 99526, ""intercept_possible_poor_alignment"": 13, ""no_intercept_possible"": 461}",0.020408163265306076,1.0132854543878864,-0.04378221735089306,-0.8379697603445019,1.013009237382551,0.9993614180447397,1.2755197747484777,False,False,0,18,46,1,0,1,1,1,1,1,0,1,0,True,0.0,1363699,endpoint_grid_search,18,0.9800002129208666,-0.019999787079133465,0.18934556823597293,0.24611236439370576,0.5478318857751545,0.22119038242915606,0.5706829249189515,0.9494633999503246,3.4736702467655918,True,1882963,dead_geometry,no_window,28,18,0.05,-0.08,0.3,14.239883164391753,False,9.255218805475193,12.277921809849115,0.019997284596191538
phase30_endpoint_grid_search,1.0,165.0,10000.0,1.0,True,True,True,True,-8.88966729674766,-3994.6531548940916,-0.0021129824297496515,-0.9494879445402064,-488.6103515625,6.5148046875e-11,3.7979517781608254,3.79942093563033,False,False,crossing_bad_sync,no_window,8.601024110919587,0.7621259346130128,0.026098185272395925,False,1,243,206.97265625,277.3115234375,17.30631244279581,460,True,False,success,phase76_handoff,"{""phase76_handoff"": 243}","{""handoff_ready"": 211, ""insertion_window"": 148, ""intercept_possible_poor_alignment"": 101}",2.104654818683916e-16,7.393778657325719e-11,-0.034074173710931875,-3.6968672685193056e-11,0.5219687416576904,0.504706529929417,1.0000000000000058,False,False,0,0,0,0,0,1,0,0,0,0,0,0,243,True,0.5282608695652173,0,endpoint_grid_search,,,,,,,,,,,,,near_recoverable_crossing,no_window,39,18,0.1,-0.08,-0.3,12.13278048686903,False,5.306092640711073,5.834629646633058,1.7996732083333334e-07
phase30_endpoint_grid_search,1.02,165.0,10000.0,1.0,False,False,False,False,,,,,,,,,False,False,dead_geometry,no_window,0.0,,,False,0,,150000106032.25293,157508637872.13086,745.0013941243112,100000,False,True,max_steps,coast_arc,"{""burn_a"": 18, ""coast_arc"": 99982}","{""intercept_possible_poor_alignment"": 100000}",0.019607843137254777,0.4793442989921078,-0.024462734730208335,-0.3164733546536583,0.4792999160983766,0.31644561364381796,0.973687034873335,False,False,0,18,0,99982,0,1,0,0,0,0,0,0,0,False,0.0,,endpoint_grid_search,18,1.0200002079831416,0.020000207983141668,0.18416736912497672,-0.3139712583822661,-0.4562308597357391,-0.3002505408674985,0.5356842080935801,0.31884765303674384,1.0545609563392027,True,,dead_geometry,no_window,27,18,0.05,-0.08,-0.3,14.112767921322334,False,8.995953466566082,12.110987258570866,0.020000218076192188
phase30_endpoint_grid_search,1.05,165.0,10000.0,1.0,False,False,False,False,,,,,,,,,False,False,dead_geometry,no_window,0.0,,,False,0,,375000108049.58984,387021654203.6426,1199.1002264098843,100000,False,True,max_steps,coast_arc,"{""burn_a"": 8, ""coast_arc"": 99992}","{""intercept_possible_poor_alignment"": 100000}",0.04761904761904765,0.15778059014349022,-0.010220561444707415,-0.14382018377551267,0.15777292802541193,0.14381417179240813,0.9616700746789608,False,False,0,8,0,99992,0,1,0,0,0,0,0,0,0,False,0.0,,endpoint_grid_search,8,1.0500001058425024,0.05000010584250234,0.2822702616651507,-0.16868601725482654,-0.13400227422922983,-0.12712023012921572,0.36875739471446445,0.5566502110541048,1.2070146822631336,True,,dead_geometry,no_window,11,8,0.05,0.08,-0.3,15.877906411861417,False,20.00005519461453,24.612384494197453,0.050000121914519795
phase30_endpoint_grid_search,0.98,170.0,10000.0,1.0,False,False,False,False,,,,,,,,,False,False,window_no_crossing,dead_window_no_crossing,0.0,,,False,0,,149445979154.82227,149445979154.82227,55.400811651061474,100000,False,True,max_steps,phase76_handoff,"{""burn_a"": 8, ""burn_b"": 46, ""coast_arc"": 1, ""phase76_handoff"": 99945}","{""insertion_window"": 99526, ""intercept_possible_poor_alignment"": 13, ""no_intercept_possible"": 461}",0.020408163265306496,1.0156817876726756,-0.025090063551973553,-0.8455468222117183,1.013062672536877,0.9994429528469703,1.130928380596106,False,False,0,8,46,1,0,1,1,1,1,1,0,1,0,True,0.0,1396805,endpoint_grid_search,8,0.9800000622168408,-0.019999937783159245,0.14572238545312288,0.10613900359835018,0.2039623119375118,0.08401629234685748,0.25413189629477057,0.9369758679650346,1.5754679898978883,True,2446662,dead_geometry,no_window,4,8,0.05,-0.08,0.3,12.426708050958522,False,7.99921002970927,10.68972727608215,0.019998025074273177
phase30_endpoint_grid_search,1.0,170.0,10000.0,1.0,True,True,True,True,-627.8014830847948,-3075.3016548794985,-0.1492219516037754,-0.7309675543558039,-43366.4140625,5.782188541666666e-09,7.4610975801887705,8.013550658069029,False,False,crossing_bad_sync,no_window,6.769451209905615,0.7638403911913622,0.018126425876468198,False,1,3843,15013.0810546875,48971.787109375,233.64182222797018,4059,True,False,success,phase76_handoff,"{""phase76_handoff"": 3843}","{""handoff_ready"": 212, ""insertion_window"": 1791, ""intercept_possible_poor_alignment"": 2056}",2.104654818683916e-16,1.3059133116941239e-08,-0.015192246987791962,-6.529566633759087e-09,0.9258990373606751,0.919683014238784,1.000000000000005,False,False,0,0,0,0,0,1,0,0,0,0,0,0,3843,True,0.9467849223946785,0,endpoint_grid_search,,,,,,,,,,,,,crossing_bad_sync,no_window,39,18,0.1,-0.08,-0.3,10.092652849927646,False,2.351048402142482,2.573871481103959,9.396862643229166e-08
phase30_endpoint_grid_search,1.02,170.0,10000.0,1.0,False,False,False,False,,,,,,,,,False,False,dead_geometry,no_window,0.0,,,False,0,,150000070552.49902,155775985010.72754,574.7184121200768,100000,False,True,max_steps,coast_arc,"{""burn_a"": 8, ""coast_arc"": 99992}","{""intercept_possible_poor_alignment"": 100000}",0.01960784313725499,0.22285943275013922,-0.005392923511594131,-0.13517541131486369,0.22284914143196558,0.1351695711028592,0.9737489873511775,False,False,0,8,0,99992,0,1,0,0,0,0,0,0,0,False,0.0,,endpoint_grid_search,8,1.0200000608527624,0.0200000608527625,0.14224845577347672,-0.13622809061929972,-0.19444766214082687,-0.11895259986877889,0.2698454118748114,0.6112905665674135,1.0631235274041628,True,,dead_geometry,no_window,3,8,0.05,-0.08,-0.3,12.471048789806762,False,8.000030534374114,10.582331778029648,0.02000006859434935
phase30_endpoint_grid_search,1.05,170.0,10000.0,1.0,False,False,False,False,,,,,,,,,False,False,dead_geometry,no_window,0.0,,,False,0,,375000073080.3623,383528144581.1758,850.0733118351482,100000,False,True,max_steps,coast_arc,"{""burn_a"": 8, ""coast_arc"": 99992}","{""intercept_possible_poor_alignment"": 100000}",0.047619047619047436,0.1681101951918686,0.009127655905139585,-0.12447196434927936,0.16810204243256133,0.12446613491940998,0.9609985123432809,False,False,0,8,0,99992,0,1,0,0,0,0,0,0,0,False,0.0,,endpoint_grid_search,8,1.050000073204559,0.050000073204558855,0.1991520181636003,-0.150259117549508,-0.14304067831815248,-0.10777201122207698,0.3000978359045381,0.6123160595870343,1.1374029468640403,True,,dead_geometry,no_window,11,8,0.05,0.08,-0.3,15.825246815294784,False,20.00003840938682,22.44694493371948,0.05000008461401328
phase30_endpoint_grid_search,0.98,175.0,10000.0,1.0,False,False,False,False,,,,,,,,,False,False,window_no_crossing,dead_window_no_crossing,0.0,,,False,0,,149446318702.3418,149446318702.3418,55.400811650965785,100000,False,True,max_steps,phase76_handoff,"{""burn_a"": 8, ""burn_b"": 46, ""coast_arc"": 1, ""phase76_handoff"": 99945}","{""insertion_window"": 99526, ""intercept_possible_poor_alignment"": 13, ""no_intercept_possible"": 461}",0.020408163265306287,1.0156818819347058,-0.013817563036137981,-0.8455468293290477,1.0130633526102513,0.9994437125260834,1.1348370726507084,False,False,0,8,46,1,0,1,1,1,1,1,0,1,0,True,0.0,1396808,endpoint_grid_search,8,0.9800000279091525,-0.019999972090847525,0.058351842044215584,0.11764159187071582,0.2117113969384978,0.09528879122573113,0.23307431572084705,0.9728996224233343,1.5642422216075638,True,6110074,dead_geometry,no_window,4,8,0.05,-0.08,0.3,12.0177473403808,False,7.999696217673438,8.46175900544609,0.019999240544183595
phase30_endpoint_grid_search,1.0,175.0,10000.0,1.0,True,True,True,True,-75.56244302967407,-3051.944929061562,-0.017960415068522723,-0.7254159010011462,-4019.8388671875,5.35978515625e-10,2.9016636040045847,3.037448426622083,False,True,near_recoverable_crossing,no_window,11.049168197997707,0.6018852194191227,0.016617452634956786,False,1,44,1625.736328125,2204.3291015625,8.84814968539807,260,True,False,success,phase76_handoff,"{""phase76_handoff"": 44}","{""handoff_ready"": 212, ""insertion_window"": 27, ""intercept_possible_poor_alignment"": 21}",2.104654818683916e-16,5.878098861721584e-10,-0.0038053019082545138,-2.9390490934242894e-10,0.172384283833011,0.1599501633935743,1.0000000000000058,False,False,0,0,0,0,0,1,0,0,0,0,0,0,44,True,0.16923076923076924,0,endpoint_grid_search,,,,,,,,,,,,,near_recoverable_crossing,no_window,39,18,0.1,-0.08,-0.3,5.105701292708966,True,3.2765060147166665,4.006347915143509,7.163802083333333e-10
phase30_endpoint_grid_search,1.02,175.0,10000.0,1.0,False,False,False,False,,,,,,,,,False,False,window_no_crossing,dead_window_no_crossing,0.0,,,False,0,,149448997840.68652,149448997840.68652,55.4026872046832,100000,False,True,max_steps,phase76_handoff,"{""burn_a"": 8, ""burn_b"": 46, ""coast_arc"": 80, ""phase76_handoff"": 99866}","{""insertion_window"": 99437, ""intercept_possible_good_alignment"": 2, ""intercept_possible_poor_alignment"": 561}",0.019607843137254777,0.9316373314882422,0.006107327294770394,-1.17391505386394,0.9326576762360532,0.9987502367369397,1.0000027225035673,False,False,0,8,46,80,0,1,1,1,1,1,0,1,0,True,0.0,1396833,endpoint_grid_search,8,1.0200000272245013,0.020000027224501303,0.05660819181352594,-0.12495330517703936,-0.1918730558898258,-0.10745234745787027,0.2247324741749519,0.650461491678114,1.0275695621465275,True,,dead_geometry,no_window,3,8,0.05,-0.08,-0.3,11.996948930181052,False,8.000013239840053,8.436432900462036,0.020000030162051173
phase30_endpoint_grid_search,1.05,175.0,10000.0,1.0,False,False,False,False,,,,,,,,,False,False,dead_geometry,no_window,0.0,,,False,0,,375000037568.5293,379979059521.5176,495.3642964597885,100000,False,True,max_steps,coast_arc,"{""burn_a"": 8, ""coast_arc"": 99992}","{""intercept_possible_poor_alignment"": 100000}",0.04761904761904765,0.17666599769221408,0.020795802465610375,-0.11280381568019814,0.1766574385420998,0.11279830153039919,0.9604419162136208,False,False,0,8,0,99992,0,1,0,0,0,0,0,0,0,False,0.0,,endpoint_grid_search,8,1.0500000400601828,0.05000004006018268,0.11474405212177384,-0.1391465691105677,-0.1505270051189436,-0.09610386308015045,0.24492235841788065,0.656288499289991,1.0820453173884241,True,,dead_geometry,no_window,11,8,0.05,0.08,-0.3,15.793103132863878,False,20.000021363707916,20.875326433628505,0.050000046734726696
phase30_endpoint_grid_search,0.98,150.0,12000.0,1.0,False,False,False,False,,,,,,,,,False,False,window_no_crossing,dead_window_no_crossing,0.0,,,False,0,,149333458625.43457,149333458625.43457,66.47544397638896,100000,False,True,max_steps,phase76_handoff,"{""burn_a"": 8, ""burn_b"": 46, ""coast_arc"": 1, ""phase76_handoff"": 99945}","{""insertion_window"": 99904, ""no_intercept_possible"": 96}",0.020408163265306076,1.0024850167241226,-0.1426785900258876,-1.1912559669571863,1.0011417115878847,0.9994463840257675,1.1275603825263498,False,False,0,8,46,1,0,1,1,1,1,1,0,1,0,True,0.0,705902,endpoint_grid_search,8,0.9800001903337053,-0.019999809666294662,0.469449662312586,0.008417196406062352,0.1964722972855762,-0.011750955586277388,0.46394587926936776,0.6671258737188149,1.821898453935021,True,759466,dead_geometry,no_window,4,8,0.05,-0.08,0.3,15.101284266850978,False,23.218007859515115,24.55702994687927,0.01999353196644401
phase30_endpoint_grid_search,1.0,150.0,12000.0,1.0,True,True,True,True,-80.49851164523518,-3051.369756909111,-0.019133667779626447,-0.7252791884998071,-3681.29296875,4.908390625e-10,2.9011167539992284,3.0547866581952734,False,True,near_recoverable_crossing,no_window,11.049441623000385,0.6031837526262365,0.014364654403677601,False,3,114,148.345703125,755.0380859375,26.347138132160573,326,True,False,success,phase76_handoff,"{""phase76_handoff"": 114}","{""handoff_ready"": 209, ""insertion_window"": 68, ""intercept_possible_poor_alignment"": 49}",0.0,2.0133359507560395e-10,-0.13397459621556124,-1.0066672571051816e-10,0.34060435774997916,0.3252353379979766,1.0000000000000049,False,False,0,0,0,0,0,1,0,0,0,0,0,0,114,True,0.3496932515337423,0,endpoint_grid_search,,,,,,,,,,,,,near_recoverable_crossing,no_window,4,8,0.05,-0.08,0.3,14.775798640451454,False,22.96419437481099,22.96431633181716,2.14104190234375e-07
phase30_endpoint_grid_search,1.02,150.0,12000.0,1.0,False,False,False,False,,,,,,,,,False,False,dead_geometry,no_window,0.0,,,False,0,,150000206144.48633,169120167555.0791,1912.4316907405293,100000,False,True,max_steps,coast_arc,"{""burn_a"": 8, ""coast_arc"": 99992}","{""intercept_possible_poor_alignment"": 100000}",0.01960784313725499,0.2661165778432679,-0.12535721577320472,0.03038177920121143,0.2661051572668526,0.03038414465959182,1.1076553996386436,False,False,0,8,0,99992,0,1,0,0,0,0,0,0,0,False,0.0,,endpoint_grid_search,8,1.0200001864060375,0.0200001864060375,0.45944716615285386,-0.008907629094073811,0.23257183076359017,0.010914403069646382,0.4644656830909057,0.6978298925904041,1.9082772066446916,True,,dead_geometry,no_window,4,8,0.05,-0.08,0.3,15.169300397129286,False,22.717883069514837,24.085377054706466,0.02000021189347565
phase30_endpoint_grid_search,1.05,150.0,12000.0,1.0,False,False,False,False,,,,,,,,,False,False,dead_geometry,no_window,0.0,,,False,0,,375000203147.41406,393820700620.2158,1882.508634191415,100000,False,True,max_steps,coast_arc,"{""burn_a"": 8, ""coast_arc"": 99992}","{""intercept_possible_poor_alignment"": 100000}",0.04761904761904765,0.29094001791934304,-0.11258803253505753,0.0477315204784848,0.29092874078552833,0.04773180467938775,1.0934813872171822,False,False,0,8,0,99992,0,1,0,0,0,0,0,0,0,False,0.0,,endpoint_grid_search,8,1.0500001836087702,0.050000183608770316,0.4523234342287461,-0.02124629056099019,0.25779374120827986,0.02769157461872529,0.4648858786373173,0.720977646070818,1.9736910882725356,True,,dead_geometry,no_window,4,8,0.05,-0.08,0.3,15.762312271110954,False,22.36169648429611,30.00082140395322,0.05000020869659883
phase30_endpoint_grid_search,0.98,165.0,12000.0,1.0,False,False,False,False,,,,,,,,,False,False,window_no_crossing,dead_window_no_crossing,0.0,,,False,0,,149333860592.28906,149333860592.28906,66.48041404383515,100000,False,True,max_steps,phase76_handoff,"{""burn_a"": 18, ""burn_b"": 46, ""coast_arc"": 1, ""phase76_handoff"": 99935}","{""insertion_window"": 99904, ""no_intercept_possible"": 96}",0.020408163265306076,0.998534288270699,-0.04378221735089306,-1.2005953532314226,1.0011071256377955,0.9993877951186751,1.000002721965681,False,False,0,18,46,1,0,1,1,1,1,1,0,1,0,True,0.0,1363699,endpoint_grid_search,18,0.9800002056404546,-0.01999979435954531,0.17492470562517204,-0.34872394925978156,-0.5860567513856927,-0.3617493363458828,0.594893033091615,0.2554176996216905,1.0055712266904717,True,2038196,dead_geometry,no_window,27,18,0.05,-0.08,-0.3,14.153588220797369,False,8.49133166822318,11.758029779591912,0.0199974984113987
phase30_endpoint_grid_search,1.0,165.0,12000.0,1.0,True,True,True,True,-29.385295636110204,-3791.606204635221,-0.0069845823583089784,-0.9012257740911267,-579.7763671875,7.7303515625e-11,3.604903096364507,3.621779577911722,False,False,crossing_bad_sync,no_window,8.697548451817747,0.7293621181801756,0.02031839432766244,False,2,105,135.919921875,502.3330078125,21.192783332264064,318,True,False,success,phase76_handoff,"{""phase76_handoff"": 105}","{""handoff_ready"": 209, ""insertion_window"": 63, ""intercept_possible_poor_alignment"": 46}",2.104654818683916e-16,1.3396506758790487e-10,-0.034074173710931875,6.698273464708606e-11,0.3259054175294539,0.3132262829276735,1.0000000000000049,False,False,0,0,0,0,0,1,0,0,0,0,0,0,105,True,0.330188679245283,0,endpoint_grid_search,,,,,,,,,,,,,crossing_bad_sync,no_window,39,18,0.1,-0.08,-0.3,11.65428191508356,False,3.7791848124682974,4.754297727003354,1.6369386315104166e-07
phase30_endpoint_grid_search,1.02,165.0,12000.0,1.0,False,False,False,False,,,,,,,,,False,False,dead_geometry,no_window,0.0,,,False,0,,150000105675.37988,156857828606.82617,679.1086876952235,100000,False,True,max_steps,coast_arc,"{""burn_a"": 18, ""coast_arc"": 99982}","{""intercept_possible_poor_alignment"": 100000}",0.019607843137254777,0.5580657905285059,-0.024462734730208335,-0.3748754777583404,0.558015084299231,0.3748421885466596,0.970394936092445,False,False,0,18,0,99982,0,1,0,0,0,0,0,0,0,False,0.0,,endpoint_grid_search,18,1.0200002007029085,0.020000200702908463,0.16974705287302064,-0.3680472825378912,-0.5326056288400067,-0.3554081013539007,0.6026643588174476,0.2592549796931691,1.0457121706061245,True,,dead_geometry,no_window,27,18,0.05,-0.08,-0.3,13.939697580192838,False,8.23247639581011,11.583590353912582,0.020000209939460546
phase30_endpoint_grid_search,1.05,165.0,12000.0,1.0,False,False,False,False,,,,,,,,,False,False,dead_geometry,no_window,0.0,,,False,0,,375000108406.4629,387302559211.4072,1226.756869022453,100000,False,True,max_steps,coast_arc,"{""burn_a"": 8, ""coast_arc"": 99992}","{""intercept_possible_poor_alignment"": 100000}",0.04761904761904765,0.1946987526494784,-0.010220561444707415,-0.17054010831794622,0.19468942036420833,0.17053289393821902,0.9588326450882817,False,False,0,8,0,99992,0,1,0,0,0,0,0,0,0,False,0.0,,endpoint_grid_search,8,1.050000107174829,0.050000107174829035,0.28820801422472647,-0.19095261964427476,-0.1671401872166447,-0.1505001639169739,0.39715653985886373,0.5165133261144718,1.1970768851604314,True,,dead_geometry,no_window,11,8,0.05,0.08,-0.3,16.00501429571328,False,20.00005603207677,24.81464568225348,0.05000012362751094
phase30_endpoint_grid_search,0.98,170.0,12000.0,1.0,False,False,False,False,,,,,,,,,False,False,window_no_crossing,dead_window_no_crossing,0.0,,,False,0,,149334929121.4707,149334929121.4707,66.47544397702505,100000,False,True,max_steps,phase76_handoff,"{""burn_a"": 8, ""burn_b"": 46, ""coast_arc"": 1, ""phase76_handoff"": 99945}","{""insertion_window"": 99905, ""no_intercept_possible"": 95}",0.020408163265306496,1.0024854261142,-0.025090063551973553,-1.191255925745552,1.0011454207263577,0.9994464128154622,1.1553696238132327,False,False,0,8,46,1,0,1,1,1,1,1,0,1,0,True,0.0,2032565,endpoint_grid_search,8,0.9800000608845147,-0.019999939115485286,0.13978463579056738,0.12840560691157082,0.2520227583718613,0.10583756347576723,0.2920891071593279,0.9464337327961299,1.7274444130770727,True,2550591,dead_geometry,no_window,4,8,0.05,-0.08,0.3,12.538592311663802,False,7.999247256535938,10.473571563675137,0.019998118141339845
phase30_endpoint_grid_search,1.0,170.0,12000.0,1.0,True,True,True,True,-30.099257367256808,-2552.5823086070577,-0.007154283714171683,-0.6067225452351612,-1052.3896484375,1.4031861979166667e-10,2.426890180940645,2.4531113690583384,False,True,near_recoverable_crossing,no_window,11.286554909529677,0.49396317678545365,0.010598707260321274,False,6,1010,10.53125,67.607421875,14.814055285645287,1222,True,False,success,phase76_handoff,"{""phase76_handoff"": 1010}","{""handoff_ready"": 209, ""insertion_window"": 560, ""intercept_possible_poor_alignment"": 453}",2.104654818683916e-16,1.8038365054494238e-11,-0.015192246987791962,9.019278608507897e-12,0.7941505641062065,0.769303524146656,1.0000000000000049,False,False,0,0,0,0,0,1,0,0,0,0,0,0,1010,True,0.8265139116202946,0,endpoint_grid_search,,,,,,,,,,,,,near_recoverable_crossing,no_window,39,18,0.1,-0.08,-0.3,5.140066108067672,True,2.809104082378578,2.849668310804896,2.1467643229166666e-10
phase30_endpoint_grid_search,1.02,170.0,12000.0,1.0,False,False,False,False,,,,,,,,,False,False,dead_geometry,no_window,0.0,,,False,0,,150000070195.62598,155485583083.01953,545.2107798496254,100000,False,True,max_steps,coast_arc,"{""burn_a"": 8, ""coast_arc"": 99992}","{""intercept_possible_poor_alignment"": 100000}",0.01960784313725499,0.26719112256218874,-0.005392923511594131,-0.16113190879924244,0.26717893645472846,0.16112490054483372,0.9704695298459945,False,False,0,8,0,99992,0,1,0,0,0,0,0,0,0,False,0.0,,endpoint_grid_search,8,1.020000059520434,0.020000059520433985,0.1363106863798773,-0.15849469134913724,-0.23407241159819384,-0.1416645350893589,0.30134660263016705,0.5661364688195543,1.0545139737342069,True,,dead_geometry,no_window,3,8,0.05,-0.08,-0.3,12.566227694440768,False,8.00002969691021,10.370752294107596,0.02000006688135534
phase30_endpoint_grid_search,1.05,170.0,12000.0,1.0,False,False,False,False,,,,,,,,,False,False,dead_geometry,no_window,0.0,,,False,0,,375000073437.23535,383808942162.40137,877.7088221490087,100000,False,True,max_steps,coast_arc,"{""burn_a"": 8, ""coast_arc"": 99992}","{""intercept_possible_poor_alignment"": 100000}",0.047619047619047436,0.20709427867062605,0.009127655905139585,-0.15119188847644036,0.20708435761303517,0.15118485664997106,0.9580243261143796,False,False,0,8,0,99992,0,1,0,0,0,0,0,0,0,False,0.0,,endpoint_grid_search,8,1.0500000745368856,0.05000007453688555,0.20508977054781416,-0.17252572035784017,-0.1779862720949435,-0.13115194469837657,0.3327788515851021,0.5664082546805106,1.1314044001674775,True,,dead_geometry,no_window,11,8,0.05,0.08,-0.3,15.956631724937958,False,20.000039246849063,22.605912925946512,0.050000086327004555
phase30_endpoint_grid_search,0.98,175.0,12000.0,1.0,False,False,False,False,,,,,,,,,False,False,window_no_crossing,dead_window_no_crossing,0.0,,,False,0,,149335262485.38965,149335262485.38965,66.47544397716922,100000,False,True,max_steps,phase76_handoff,"{""burn_a"": 8, ""burn_b"": 46, ""coast_arc"": 1, ""phase76_handoff"": 99945}","{""insertion_window"": 99904, ""intercept_possible_poor_alignment"": 1, ""no_intercept_possible"": 95}",0.020408163265306287,1.0024855189235828,-0.013817563036137981,-1.1912559164029524,1.00114605882227,0.999447168997502,1.1599596400991707,False,False,0,8,46,1,0,1,1,1,1,1,0,1,0,True,0.0,4049661,endpoint_grid_search,8,0.9800000265768262,-0.019999973423173827,0.05241409249894515,0.1399081956450064,0.26132166040585536,0.1171100620272482,0.27960244460489636,0.9752520370245524,1.7322864039954848,True,6802256,dead_geometry,no_window,4,8,0.05,-0.08,0.3,12.158753028571509,False,7.999733444477708,8.366617623457655,0.01999933361119427
phase30_endpoint_grid_search,1.0,175.0,12000.0,1.0,True,True,True,True,-67.92548656141525,-2582.702318568411,-0.016145189110617915,-0.6138817616273774,-5157.419921875,6.876559895833333e-10,2.4555270465095096,2.584817383236934,False,True,near_recoverable_crossing,no_window,11.272236476745245,0.5104796369222995,0.010969941268989187,False,1,43,1216.3447265625,2626.7353515625,7.257112147984378,255,True,False,success,phase76_handoff,"{""phase76_handoff"": 43}","{""handoff_ready"": 209, ""insertion_window"": 26, ""intercept_possible_poor_alignment"": 20}",2.104654818683916e-16,7.004529062574584e-10,-0.0038053019082545138,-3.5022646825758274e-10,0.16585029829326867,0.15445766656619989,1.0000000000000049,False,False,0,0,0,0,0,1,0,0,0,0,0,0,43,True,0.16862745098039217,0,endpoint_grid_search,,,,,,,,,,,,,near_recoverable_crossing,no_window,27,18,0.05,-0.08,-0.3,2.75213402519279,True,1.3893887192093508,1.407177322280673,8.187838541666667e-11
phase30_endpoint_grid_search,1.02,175.0,12000.0,1.0,False,False,False,False,,,,,,,,,False,False,window_no_crossing,dead_window_no_crossing,0.0,,,False,0,,149337762639.2256,149337762639.2256,66.48864435847996,100000,False,True,max_steps,phase76_handoff,"{""burn_a"": 8, ""burn_b"": 46, ""coast_arc"": 80, ""phase76_handoff"": 99866}","{""insertion_window"": 99816, ""intercept_possible_good_alignment"": 2, ""intercept_possible_poor_alignment"": 182}",0.019607843137254777,0.9211619116931252,0.006107327294770394,-0.7979823806301322,0.9208135038282126,0.9987779947352794,1.0000027224593246,False,False,0,8,46,80,0,1,1,1,1,1,0,1,0,True,0.0,7494537,endpoint_grid_search,8,1.020000025892172,0.020000025892172004,0.05067042230947268,-0.14721990631163787,-0.23098288406384518,-0.1301642823575418,0.2619559121107154,0.5995567423754739,1.0251612174692624,True,,dead_geometry,no_window,3,8,0.05,-0.08,-0.3,12.11694301669177,False,8.00001240237578,8.344864353185734,0.020000028449056118
phase30_endpoint_grid_search,1.05,175.0,12000.0,1.0,False,False,False,False,,,,,,,,,False,False,dead_geometry,no_window,0.0,,,False,0,,375000037925.4033,380259791399.79785,522.9868008037743,100000,False,True,max_steps,coast_arc,"{""burn_a"": 8, ""coast_arc"": 99992}","{""intercept_possible_poor_alignment"": 100000}",0.04761904761904765,0.21736124163015275,0.020795802465610375,-0.13952373938562773,0.21735083290184942,0.13951695603945025,0.9573542960377526,False,False,0,8,0,99992,0,1,0,0,0,0,0,0,0,False,0.0,,endpoint_grid_search,8,1.050000041392509,0.05000004139250912,0.12068180440023352,-0.16141317233464006,-0.1869698642263072,-0.11948379624015919,0.28236826421502653,0.604591369514458,1.0803713749303163,True,,dead_geometry,no_window,11,8,0.05,0.08,-0.3,15.928313088636404,False,20.000022201169948,20.977802668251798,0.050000048447717445
phase30_endpoint_energy_h_target,0.98,150.0,8000.0,1.0,False,False,False,False,,,,,,,,,False,False,window_no_crossing,dead_window_no_crossing,0.0,,,False,0,,149554845776.61133,149554845776.61133,44.317743994301345,100000,False,True,max_steps,phase76_handoff,"{""burn_a"": 8, ""burn_b"": 46, ""coast_arc"": 1, ""phase76_handoff"": 99945}","{""insertion_window"": 99637, ""no_intercept_possible"": 363}",0.020408163265306076,1.0224961892016158,-0.1426785900258876,-0.867949933975983,1.0228395343893308,0.9994457580140136,1.0785953892857603,False,False,0,8,46,1,0,1,1,1,1,1,0,1,0,True,0.0,705902,endpoint_energy_h_target,8,0.9800001933152211,-0.019999806684778906,0.4827373204520069,-0.04528564719761891,0.10369889204566694,-0.0643797496928504,0.4641026050800492,0.5978988424359452,1.633494137278971,True,738561,dead_geometry,no_window,1,8,0.045,-0.08,0.28612628573872806,15.031509761661855,False,23.977242562398693,25.276150882363215,0.019993323697784116
phase30_endpoint_energy_h_target,1.0,150.0,8000.0,1.0,True,True,True,True,-25.192574395203952,-3281.9890635371144,-0.005988015668111895,-0.7800950243010297,-1460.0703125,1.9467604166666666e-10,3.120380097204119,3.134710956393185,False,False,crossing_bad_sync,no_window,8.93980995139794,0.6312616384372342,0.022897899677950195,False,1,631,473.6396484375,1334.857421875,19.644712995676638,852,True,False,success,phase76_handoff,"{""phase76_handoff"": 631}","{""handoff_ready"": 216, ""insertion_window"": 382, ""intercept_possible_poor_alignment"": 254}",0.0,3.55947010158653e-10,-0.13397459621556124,-1.7797318008717732e-10,0.730935153977333,0.7067683357255949,1.0000000000000073,False,False,0,0,0,0,0,1,0,0,0,0,0,0,631,True,0.7406103286384976,0,endpoint_energy_h_target,,,,,,,,,,,,,crossing_bad_sync,no_window,1,8,0.045,-0.08,0.2736860279185587,14.6898332624359,False,23.669884870507467,23.67050925618376,2.1766722786458333e-07
phase30_endpoint_energy_h_target,1.02,150.0,8000.0,1.0,False,False,False,False,,,,,,,,,False,False,dead_geometry,no_window,0.0,,,False,0,,150000210780.9297,172780823066.43164,2273.9258841616124,100000,False,True,max_steps,coast_arc,"{""burn_a"": 8, ""coast_arc"": 99992}","{""intercept_possible_poor_alignment"": 100000}",0.01960784313725499,0.06520095794142296,-0.12535721577320472,-0.20908562803522407,0.06519781201668848,0.20908186025657208,0.9842803384639229,False,False,0,8,0,99992,0,1,0,0,0,0,0,0,0,False,0.0,,endpoint_energy_h_target,8,1.0200002037154163,0.020000203715416408,0.5365895340060982,-0.2143330740175239,-0.055583075528136495,-0.1986195754454095,0.5675327089230201,0.4096951733150941,1.4849922713460915,True,,dead_geometry,no_window,6,8,0.045,0.08,-0.13840647250120802,15.444284706089789,False,27.125767469961538,28.295398054682614,0.020000234148389452
phase30_endpoint_energy_h_target,1.05,150.0,8000.0,1.0,False,False,False,False,,,,,,,,,False,False,dead_geometry,no_window,0.0,,,False,0,,375000207564.6826,397307661113.1211,2226.7875188003454,100000,False,True,max_steps,coast_arc,"{""burn_a"": 8, ""coast_arc"": 99992}","{""intercept_possible_poor_alignment"": 100000}",0.04761904761904765,0.04374712956174854,-0.11258803253505753,-0.2011643240333513,0.04374547946205579,0.2011603381001014,0.9695240646711116,False,False,0,8,0,99992,0,1,0,0,0,0,0,0,0,False,0.0,,endpoint_energy_h_target,8,1.0500002000998991,0.050000200099899215,0.5258191224097584,-0.22865946750000773,-0.03330957519981936,-0.1900922865298453,0.5676266933556988,0.41843540118235095,1.5170929709545704,True,,dead_geometry,no_window,6,8,0.045,0.08,-0.15593372496286123,15.926718064448913,False,26.561209921371344,33.26304550644753,0.05000022989947708
phase30_endpoint_energy_h_target,0.98,165.0,8000.0,1.0,False,False,False,False,,,,,,,,,False,False,window_no_crossing,dead_window_no_crossing,0.0,,,False,0,,149555317739.542,149555317739.542,44.32418896691655,100000,False,True,max_steps,phase76_handoff,"{""burn_a"": 18, ""burn_b"": 46, ""coast_arc"": 1, ""phase76_handoff"": 99935}","{""insertion_window"": 99637, ""no_intercept_possible"": 363}",0.020408163265306076,1.0222633841424154,-0.04378221735089306,-0.8676920454887397,1.0227694486429175,0.9993510088176376,1.1929075651536931,False,False,0,18,46,1,0,1,1,1,1,1,0,1,0,True,0.0,1363699,endpoint_energy_h_target,18,0.9800002161288872,-0.019999783871112762,0.19569981229637637,0.16617941799278943,0.35745697503310786,0.14285608167799363,0.40095098101451593,0.9323095819402144,2.1803224478029337,True,1821824,dead_geometry,no_window,13,18,0.045,-0.08,0.23173328076748106,14.183098144242708,False,9.591619054490856,12.509571930457447,0.019997190451029035
phase30_endpoint_energy_h_target,1.0,165.0,8000.0,1.0,True,True,True,True,-88.06929902399378,-3143.494158607936,-0.020933166025926386,-0.7471762106990555,-2645.9189453125,3.5278919270833335e-10,2.988704842796222,3.1666781075799455,False,True,near_recoverable_crossing,no_window,11.00564757860189,0.6228607681431453,0.021398883100412866,False,1,182,2175.0126953125,2201.5400390625,24.039640678408468,403,True,False,success,phase76_handoff,"{""phase76_handoff"": 182}","{""handoff_ready"": 216, ""insertion_window"": 109, ""intercept_possible_poor_alignment"": 78}",2.104654818683916e-16,5.870625232460438e-10,-0.034074173710931875,-2.935310709686659e-10,0.4505343981162966,0.4324346135808888,1.0000000000000073,False,False,0,0,0,0,0,1,0,0,0,0,0,0,182,True,0.45161290322580644,1,endpoint_energy_h_target,,,,,,,,,,,,,near_recoverable_crossing,no_window,19,18,0.095,-0.08,0.2187407955410126,12.420712673499223,False,5.206529610317646,5.433935957250359,1.7889989388020835e-07
phase30_endpoint_energy_h_target,1.02,165.0,8000.0,1.0,False,False,False,False,,,,,,,,,False,False,dead_geometry,no_window,0.0,,,False,0,,150000105914.9043,157312141248.67188,726.7466045680437,100000,False,True,max_steps,coast_arc,"{""burn_a"": 18, ""coast_arc"": 99982}","{""intercept_possible_poor_alignment"": 100000}",0.019607843137254777,0.3537979553434591,-0.024462734730208335,-0.2256095383789521,0.3537642349357669,0.22559042943196225,0.9783964162894654,False,False,0,18,0,99982,0,1,0,0,0,0,0,0,0,False,0.0,,endpoint_energy_h_target,18,1.0200002055892476,0.020000205589247658,0.17942569161196106,-0.22983811100765203,-0.3354410044469447,-0.21443471489080188,0.4193831655934143,0.43477535321527766,1.062857259037986,True,,dead_geometry,no_window,14,18,0.045,-0.08,-0.193898437074856,13.847063216871739,False,8.745007664166344,11.891549558817408,0.020000215400664975
phase30_endpoint_energy_h_target,1.05,165.0,8000.0,1.0,False,False,False,False,,,,,,,,,False,False,dead_geometry,no_window,0.0,,,False,0,,375000108023.90625,387008322691.4541,1198.4514697372144,100000,False,True,max_steps,coast_arc,"{""burn_a"": 8, ""coast_arc"": 99992}","{""intercept_possible_poor_alignment"": 100000}",0.04761904761904765,0.09375951096307243,-0.010220561444707415,-0.10337555256136785,0.09375501029070755,0.10337136058669816,0.966294669645229,False,False,0,8,0,99992,0,1,0,0,0,0,0,0,0,False,0.0,,endpoint_energy_h_target,8,1.0500001057466182,0.05000010574661823,0.28184294050832936,-0.1349821614752733,-0.07707040885095232,-0.09173117807632587,0.33386874623047885,0.6184658387190934,1.2384229807719682,True,,dead_geometry,no_window,6,8,0.045,0.08,-0.2122358340625538,15.717299990498269,False,20.000055134344844,24.59403729693392,0.05000012179124049
phase30_endpoint_energy_h_target,0.98,170.0,8000.0,1.0,False,False,False,False,,,,,,,,,False,False,window_no_crossing,dead_window_no_crossing,0.0,,,False,0,,149556500121.5869,149556500121.5869,44.317743993995656,100000,False,True,max_steps,phase76_handoff,"{""burn_a"": 8, ""burn_b"": 46, ""coast_arc"": 1, ""phase76_handoff"": 99945}","{""insertion_window"": 99637, ""no_intercept_possible"": 363}",0.020408163265306496,1.0224966485950913,-0.025090063551973553,-0.8679499640455033,1.0228410694157626,0.9994387989312169,1.09339583364635,False,False,0,8,46,1,0,1,1,1,1,1,0,1,0,True,0.0,2032565,endpoint_energy_h_target,8,0.9800000625538406,-0.019999937446159376,0.1472242806676358,0.07283174666761938,0.13182674921160054,0.05137517884401304,0.20082373581112667,0.9205262468788701,1.38316140784186,True,2421703,dead_geometry,no_window,1,8,0.045,-0.08,0.2214525961780754,12.308868214093799,False,7.99920061612703,10.740830412403104,0.019998001540317577
phase30_endpoint_energy_h_target,1.0,170.0,8000.0,1.0,True,True,True,True,-26.609700880474676,-3835.407376660934,-0.006324852049514541,-0.911636861908399,-2190.5517578125,2.920735677083333e-10,3.646547447633596,3.6602346470497937,False,False,crossing_bad_sync,no_window,8.676726276183203,0.7368993122782103,0.029925929496057102,False,1,2307,470.41796875,2058.1533203125,20.503655353634183,2529,True,False,success,phase76_handoff,"{""phase76_handoff"": 2307}","{""handoff_ready"": 216, ""insertion_window"": 1096, ""intercept_possible_poor_alignment"": 1217}",2.104654818683916e-16,5.488264172930856e-10,-0.015192246987791962,-2.744130855547726e-10,0.8975993091151757,0.8706165037730679,1.0000000000000073,False,False,0,0,0,0,0,1,0,0,0,0,0,0,2307,True,0.9122182680901542,0,endpoint_energy_h_target,,,,,,,,,,,,,crossing_bad_sync,no_window,19,18,0.095,-0.08,0.20835573584328565,10.197863303369662,False,1.6209634648010367,1.732288518557892,8.930932942708333e-08
phase30_endpoint_energy_h_target,1.02,170.0,8000.0,1.0,False,False,False,False,,,,,,,,,False,False,dead_geometry,no_window,0.0,,,False,0,,150000070519.47266,155757374494.8496,573.5987158776092,100000,False,True,max_steps,coast_arc,"{""burn_a"": 8, ""coast_arc"": 99992}","{""intercept_possible_poor_alignment"": 100000}",0.01960784313725499,0.1554707383059215,-0.005392923511594131,-0.09544889490620001,0.15546336987849557,0.09544484238745622,0.978531603102599,False,False,0,8,0,99992,0,1,0,0,0,0,0,0,0,False,0.0,,endpoint_energy_h_target,8,1.020000060729466,0.020000060729466015,0.14169896703396231,-0.1021489732177911,-0.13456913343060486,-0.0841918981561335,0.22007222814231714,0.6874219903192762,1.0753617317731674,True,,dead_geometry,no_window,2,8,0.045,-0.08,-0.20438683324509394,12.380258248665783,False,8.000030456873802,10.554054424701437,0.02000006843582552
phase30_endpoint_energy_h_target,1.05,170.0,8000.0,1.0,False,False,False,False,,,,,,,,,False,False,dead_geometry,no_window,0.0,,,False,0,,375000072980.5039,383455536412.21484,843.5027752666829,100000,False,True,max_steps,coast_arc,"{""burn_a"": 8, ""coast_arc"": 99992}","{""intercept_possible_poor_alignment"": 100000}",0.047619047619047436,0.10406385444119313,0.009127655905139585,-0.08457220305567938,0.10405881280606692,0.08456816911509576,0.9656279585645501,False,False,0,8,0,99992,0,1,0,0,0,0,0,0,0,False,0.0,,endpoint_energy_h_target,8,1.0500000728317556,0.0500000728317556,0.19749055698025936,-0.11700931864796449,-0.08608670918991043,-0.07285972027060127,0.25770468559070925,0.6834586116636612,1.1580149862332862,True,,dead_geometry,no_window,6,8,0.045,0.08,-0.22287735360496957,15.678544572914946,False,20.000038175053646,22.400097490015632,0.050000084134695186
phase30_endpoint_energy_h_target,0.98,175.0,8000.0,1.0,False,False,False,False,,,,,,,,,False,False,window_no_crossing,dead_window_no_crossing,0.0,,,False,0,,149556851469.53418,149556851469.53418,44.31774399393075,100000,False,True,max_steps,phase76_handoff,"{""burn_a"": 8, ""burn_b"": 46, ""coast_arc"": 1, ""phase76_handoff"": 99945}","{""insertion_window"": 99637, ""no_intercept_possible"": 363}",0.020408163265306287,1.0224967461605883,-0.013817563036137981,-0.867949970431617,1.0228416431978378,0.999439449469059,1.0965623226623427,False,False,0,8,46,1,0,1,1,1,1,1,0,1,0,True,0.0,2807968,endpoint_energy_h_target,8,0.9800000280858209,-0.019999971914179168,0.05913919134132755,0.08407249285101384,0.1378943456658604,0.06239107344105943,0.16420438213703914,0.9694816565244551,1.350419610733478,True,6028727,dead_geometry,no_window,1,8,0.045,-0.08,0.2152527208943657,11.906177589477167,False,7.999691284264531,8.467942742721236,0.01999922821066133
phase30_endpoint_energy_h_target,1.0,175.0,8000.0,1.0,True,True,True,True,-35.33209647045934,-3439.731965189568,-0.00839807571601849,-0.8175888886362344,-454.1748046875,6.0556640625e-11,3.2703555545449374,3.2972025479901705,False,False,crossing_bad_sync,no_window,8.86482222272753,0.6641488018287663,0.02482508985438676,False,1,86,265.2685546875,277.490234375,8.86631054729974,307,True,False,success,phase76_handoff,"{""phase76_handoff"": 86}","{""handoff_ready"": 215, ""insertion_window"": 52, ""intercept_possible_poor_alignment"": 40}",2.104654818683916e-16,7.398261572089514e-11,-0.0038053019082545138,-3.6991364129378737e-11,0.2861142806458803,0.2677516417374583,1.0000000000000073,False,False,0,0,0,0,0,1,0,0,0,0,0,0,86,True,0.28013029315960913,1,endpoint_energy_h_target,,,,,,,,,,,,,crossing_bad_sync,no_window,7,8,0.095,-0.08,0.2020929160495401,7.6440155788145665,False,0.7292111384375178,0.9931066879044536,2.0515277734375e-08
phase30_endpoint_energy_h_target,1.02,175.0,8000.0,1.0,False,False,False,False,,,,,,,,,False,False,window_no_crossing,dead_window_no_crossing,0.0,,,False,0,,149559465023.4756,149559465023.4756,44.324792984558364,100000,False,True,max_steps,phase76_handoff,"{""burn_a"": 8, ""burn_b"": 46, ""coast_arc"": 80, ""phase76_handoff"": 99866}","{""insertion_window"": 99546, ""intercept_possible_good_alignment"": 4, ""intercept_possible_poor_alignment"": 450}",0.019607843137254777,0.9444016223891076,0.006107327294770394,-1.1301815607006334,0.9423459623676232,0.9987149722407993,1.000002722557214,False,False,0,8,46,80,0,1,1,1,1,1,0,1,0,True,0.0,2808014,endpoint_energy_h_target,8,1.0200000272788694,0.0200000272788694,0.05685049819202044,-0.09117944672485047,-0.1315974840862666,-0.07300301086775038,0.1661077431455939,0.7369159693101924,1.0304969386594152,True,,dead_geometry,no_window,2,8,0.045,-0.08,-0.21071197118859425,11.911712138376533,False,8.000013274014634,8.43184186419709,0.020000030231953254
phase30_endpoint_energy_h_target,1.05,175.0,8000.0,1.0,False,False,False,False,,,,,,,,,False,False,dead_geometry,no_window,0.0,,,False,0,,375000037426.70703,379872923378.126,485.4451569284296,100000,False,True,max_steps,coast_arc,"{""burn_a"": 8, ""coast_arc"": 99992}","{""intercept_possible_poor_alignment"": 100000}",0.04761904761904765,0.11213939976735701,0.020795802465610375,-0.07320058087639424,0.1121339341759606,0.07319694788026039,0.9651051342115917,False,False,0,8,0,99992,0,1,0,0,0,0,0,0,0,False,0.0,,endpoint_energy_h_target,8,1.050000039530713,0.05000003953071302,0.1123843787866367,-0.10614387434633948,-0.09315281108703263,-0.06145103272888645,0.19253553294647713,0.7386565344424072,1.0909138419180555,True,,dead_geometry,no_window,6,8,0.045,0.08,-0.22929483421322866,15.659162766303208,False,20.000021030898644,20.833354672460427,0.05000004605398008
phase30_endpoint_energy_h_target,0.98,150.0,10000.0,1.0,False,False,False,False,,,,,,,,,False,False,window_no_crossing,dead_window_no_crossing,0.0,,,False,0,,149444439527.05078,149444439527.05078,55.40081165149535,100000,False,True,max_steps,phase76_handoff,"{""burn_a"": 8, ""burn_b"": 46, ""coast_arc"": 1, ""phase76_handoff"": 99945}","{""insertion_window"": 99526, ""intercept_possible_poor_alignment"": 13, ""no_intercept_possible"": 461}",0.020408163265306076,1.0156813602556067,-0.1426785900258876,-0.845546789939224,1.0130584629652113,0.999446348826853,1.0963198829323972,False,False,0,8,46,1,0,1,1,1,1,1,0,1,0,True,0.0,705902,endpoint_energy_h_target,8,0.9800001920621106,-0.019999807937889323,0.47715260837595996,-0.02531145596539467,0.1368764429843368,-0.04480503964534781,0.4609645323612462,0.6245171543023613,1.6926481967572273,True,747206,dead_geometry,no_window,1,8,0.045,-0.08,0.28612628573872806,15.042175521739354,False,23.65814687977065,24.973339914408577,0.01999341123231263
phase30_endpoint_energy_h_target,1.0,150.0,10000.0,1.0,True,True,True,True,-6.276680836972505,-4026.540150778171,-0.0014919024394221608,-0.9570671553015822,-547.65234375,7.30203125e-11,3.8282686212063286,3.828995307954149,False,False,crossing_bad_sync,no_window,8.585865689396837,0.7674440072415927,0.02644763969103196,False,1,413,80.015625,399.2158203125,22.040497429913927,630,True,False,success,phase76_handoff,"{""phase76_handoff"": 413}","{""handoff_ready"": 211, ""insertion_window"": 251, ""intercept_possible_poor_alignment"": 168}",0.0,1.0644565350620334e-10,-0.13397459621556124,-5.3222465417905946e-11,0.6430051106494269,0.6187930017814905,1.000000000000006,False,False,0,0,0,0,0,1,0,0,0,0,0,0,413,True,0.6555555555555556,0,endpoint_energy_h_target,,,,,,,,,,,,,crossing_bad_sync,no_window,1,8,0.045,-0.08,0.2736860279185587,14.697941713345054,False,23.337401327620558,23.337541700387945,2.1598850078125e-07
phase30_endpoint_energy_h_target,1.02,150.0,10000.0,1.0,False,False,False,False,,,,,,,,,False,False,dead_geometry,no_window,0.0,,,False,0,,150000211404.73047,173276224772.7256,2323.124769540212,100000,False,True,max_steps,coast_arc,"{""burn_a"": 8, ""coast_arc"": 99992}","{""intercept_possible_poor_alignment"": 100000}",0.01960784313725499,0.08359396687375696,-0.12535721577320472,-0.23001773119038785,0.08359000257866324,0.23001302146703256,0.9828304017518231,False,False,0,8,0,99992,0,1,0,0,0,0,0,0,0,False,0.0,,endpoint_energy_h_target,8,1.0200002060442714,0.020000206044271353,0.5469684984776767,-0.2322895329466121,-0.07223001808867292,-0.2169351654232006,0.5852509730051417,0.38680975163722636,1.4784616605222127,True,,dead_geometry,no_window,6,8,0.045,0.08,-0.13840647250120802,15.553538014888987,False,27.718830388004108,28.867135968432585,0.02000023714263151
phase30_endpoint_energy_h_target,1.05,150.0,10000.0,1.0,False,False,False,False,,,,,,,,,False,False,dead_geometry,no_window,0.0,,,False,0,,375000208133.6904,397759305428.33887,2271.6176526744784,100000,False,True,max_steps,coast_arc,"{""burn_a"": 8, ""coast_arc"": 99992}","{""intercept_possible_poor_alignment"": 100000}",0.04761904761904765,0.06377948251163466,-0.11258803253505753,-0.22330839699191707,0.06377664310479174,0.2233034145753524,0.9679461802741308,False,False,0,8,0,99992,0,1,0,0,0,0,0,0,0,False,0.0,,endpoint_energy_h_target,8,1.0500002022241917,0.050000202224191666,0.5352864164136641,-0.24711285936813002,-0.0513909437895538,-0.2094683500845432,0.5856137286569502,0.39413148248116664,1.5081105063944,True,,dead_geometry,no_window,6,8,0.045,0.08,-0.15593372496286123,16.04312659318098,False,27.102177822796584,33.69911453644762,0.050000232630710156
phase30_endpoint_energy_h_target,0.98,165.0,10000.0,1.0,False,False,False,False,,,,,,,,,False,False,window_no_crossing,dead_window_no_crossing,0.0,,,False,0,,149444893647.31836,149444893647.31836,55.396047662975676,100000,False,True,max_steps,phase76_handoff,"{""burn_a"": 18, ""burn_b"": 46, ""coast_arc"": 1, ""phase76_handoff"": 99935}","{""insertion_window"": 99526, ""intercept_possible_poor_alignment"": 13, ""no_intercept_possible"": 461}",0.020408163265306076,1.0132854687375867,-0.04378221735089306,-0.8379697614689602,1.0129992648316877,0.9993575711816842,1.2401230584755474,False,False,0,18,46,1,0,1,1,1,1,1,0,1,0,True,0.0,1363699,endpoint_energy_h_target,18,0.9800002078306436,-0.01999979216935638,0.17926310675916166,0.21379122811474213,0.46460851316271085,0.18951565581545946,0.4923912637577862,0.9481075973785166,2.78747664176315,True,1988869,dead_geometry,no_window,13,18,0.045,-0.08,0.23173328076748106,14.079960805197228,False,8.72144105810013,11.869420779903614,0.0199974340173319
phase30_endpoint_energy_h_target,1.0,165.0,10000.0,1.0,True,True,True,True,-8.88966729674766,-3994.6531548940916,-0.0021129824297496515,-0.9494879445402064,-488.6103515625,6.5148046875e-11,3.7979517781608254,3.79942093563033,False,False,crossing_bad_sync,no_window,8.601024110919587,0.7621259346130128,0.026098185272395925,False,1,243,206.97265625,277.3115234375,17.30631244279581,460,True,False,success,phase76_handoff,"{""phase76_handoff"": 243}","{""handoff_ready"": 211, ""insertion_window"": 148, ""intercept_possible_poor_alignment"": 101}",2.104654818683916e-16,7.393778657325719e-11,-0.034074173710931875,-3.6968672685193056e-11,0.5219687416576904,0.504706529929417,1.0000000000000058,False,False,0,0,0,0,0,1,0,0,0,0,0,0,243,True,0.5282608695652173,0,endpoint_energy_h_target,,,,,,,,,,,,,near_recoverable_crossing,no_window,13,18,0.045,-0.08,0.2187407955410126,12.914322192659643,False,8.361357533541376,8.406027720912833,2.1252459140625e-07
phase30_endpoint_energy_h_target,1.02,165.0,10000.0,1.0,False,False,False,False,,,,,,,,,False,False,dead_geometry,no_window,0.0,,,False,0,,150000102798.20215,156714493878.89648,666.4417009187491,100000,False,True,max_steps,coast_arc,"{""burn_a"": 8, ""coast_arc"": 99992}","{""intercept_possible_poor_alignment"": 100000}",0.019607843137254777,0.4091120183364118,-0.024462734730208335,-0.2603756374975795,0.4090939396486142,0.260365021416808,0.9591429935604656,False,False,0,8,0,99992,0,1,0,0,0,0,0,0,0,False,0.0,,endpoint_energy_h_target,8,1.0200000818934045,0.020000081893404426,0.1727710985694658,-0.24596724047633414,-0.36236890136296085,-0.23088652353555117,0.4405795917766287,0.4106232956901084,1.057407865325921,True,,dead_geometry,no_window,8,8,0.095,-0.08,-0.193898437074856,13.667614702930615,False,8.04184053715029,11.396735143968977,0.02000009091596836
phase30_endpoint_energy_h_target,1.05,165.0,10000.0,1.0,False,False,False,False,,,,,,,,,False,False,dead_geometry,no_window,0.0,,,False,0,,375000108463.57715,387355851763.0576,1232.807571384934,100000,False,True,max_steps,coast_arc,"{""burn_a"": 8, ""coast_arc"": 99992}","{""intercept_possible_poor_alignment"": 100000}",0.04761904761904765,0.1262949592207003,-0.010220561444707415,-0.1266643004087981,0.12628878677488337,0.1266590604404538,0.9639011348058234,False,False,0,8,0,99992,0,1,0,0,0,0,0,0,0,False,0.0,,endpoint_energy_h_target,8,1.0500001073880554,0.05000010738805534,0.2891583006384524,-0.1543894505602012,-0.10609198580166507,-0.11210883227973877,0.35778705997421717,0.5806144048320941,1.2275534742168217,True,,dead_geometry,no_window,6,8,0.045,0.08,-0.2122358340625538,15.86495459029557,False,20.00005616610505,24.841685732654234,0.05000012390165937
phase30_endpoint_energy_h_target,0.98,170.0,10000.0,1.0,False,False,False,False,,,,,,,,,False,False,window_no_crossing,dead_window_no_crossing,0.0,,,False,0,,149445996725.05664,149445996725.05664,55.40081165105647,100000,False,True,max_steps,phase76_handoff,"{""burn_a"": 8, ""burn_b"": 46, ""coast_arc"": 1, ""phase76_handoff"": 99945}","{""insertion_window"": 99526, ""intercept_possible_poor_alignment"": 13, ""no_intercept_possible"": 461}",0.020408163265306496,1.0156817925503598,-0.025090063551973553,-0.8455468225800066,1.01306063416159,0.9994421207727985,1.1144955149502016,False,False,0,8,46,1,0,1,1,1,1,1,0,1,0,True,0.0,1396805,endpoint_energy_h_target,8,0.9800000609726831,-0.019999939027316928,0.14017756709607293,0.09233818652669246,0.1720362645042947,0.07049148939894864,0.22625931466636498,0.9345103561454817,1.4810543772574756,True,2543442,dead_geometry,no_window,1,8,0.045,-0.08,0.2214525961780754,12.431620537386705,False,7.999244796354844,10.47999936953052,0.01999811199088711
phase30_endpoint_energy_h_target,1.0,170.0,10000.0,1.0,True,True,True,True,-627.8014830847948,-3075.3016548794985,-0.1492219516037754,-0.7309675543558039,-43366.4140625,5.782188541666666e-09,7.4610975801887705,8.013550658069029,False,False,crossing_bad_sync,no_window,6.769451209905615,0.7638403911913622,0.018126425876468198,False,1,3843,15013.0810546875,48971.787109375,233.64182222797018,4059,True,False,success,phase76_handoff,"{""phase76_handoff"": 3843}","{""handoff_ready"": 212, ""insertion_window"": 1791, ""intercept_possible_poor_alignment"": 2056}",2.104654818683916e-16,1.3059133116941239e-08,-0.015192246987791962,-6.529566633759087e-09,0.9258990373606751,0.919683014238784,1.000000000000005,False,False,0,0,0,0,0,1,0,0,0,0,0,0,3843,True,0.9467849223946785,0,endpoint_energy_h_target,,,,,,,,,,,,,crossing_bad_sync,no_window,13,18,0.045,-0.08,0.20835573584328565,10.13268972564849,False,3.9032724882653946,4.013695261916473,1.2439913307291668e-07
phase30_endpoint_energy_h_target,1.02,170.0,10000.0,1.0,False,False,False,False,,,,,,,,,False,False,dead_geometry,no_window,0.0,,,False,0,,150000070065.125,155389440004.33984,536.3798086362405,100000,False,True,max_steps,coast_arc,"{""burn_a"": 8, ""coast_arc"": 99992}","{""intercept_possible_poor_alignment"": 100000}",0.01960784313725499,0.1964311920017814,-0.005392923511594131,-0.11796288768465613,0.19642204671607547,0.11795782203622303,0.975628506080152,False,False,0,8,0,99992,0,1,0,0,0,0,0,0,0,False,0.0,,endpoint_energy_h_target,8,1.0200000590332308,0.02000005903323086,0.13413938281584958,-0.12146244473860625,-0.17096259021681637,-0.10389164177046806,0.24434628769734565,0.6453269460664298,1.0626695490476272,True,,dead_geometry,no_window,2,8,0.045,-0.08,-0.20438683324509394,12.490028802346057,False,8.000029390668594,10.282409006545272,0.020000066254951564
phase30_endpoint_energy_h_target,1.05,170.0,10000.0,1.0,False,False,False,False,,,,,,,,,False,False,dead_geometry,no_window,0.0,,,False,0,,375000073401.63086,383788115113.1377,876.3526016248741,100000,False,True,max_steps,coast_arc,"{""burn_a"": 8, ""coast_arc"": 99992}","{""intercept_possible_poor_alignment"": 100000}",0.047619047619047436,0.13917538854533373,0.009127655905139585,-0.10799716786166903,0.13916857415609807,0.10799207979764915,0.9630656014967831,False,False,0,8,0,99992,0,1,0,0,0,0,0,0,0,False,0.0,,endpoint_energy_h_target,8,1.0500000744039628,0.05000007440396276,0.20449738188792238,-0.13653012247996285,-0.11736236120525674,-0.09335656435838047,0.28552678943999843,0.6394283854248735,1.1505012465726419,True,,dead_geometry,no_window,6,8,0.045,0.08,-0.22287735360496957,15.832311535895577,False,20.00003916329802,22.58521224366502,0.05000008615610416
phase30_endpoint_energy_h_target,0.98,175.0,10000.0,1.0,False,False,False,False,,,,,,,,,False,False,window_no_crossing,dead_window_no_crossing,0.0,,,False,0,,149446335766.63867,149446335766.63867,55.40081165096094,100000,False,True,max_steps,phase76_handoff,"{""burn_a"": 8, ""burn_b"": 46, ""coast_arc"": 1, ""phase76_handoff"": 99945}","{""insertion_window"": 99526, ""intercept_possible_poor_alignment"": 13, ""no_intercept_possible"": 461}",0.020408163265306287,1.0156818866719386,-0.013817563036137981,-0.8455468296867372,1.0130612339915748,0.9994427917813627,1.1183775438191657,False,False,0,8,46,1,0,1,1,1,1,1,0,1,0,True,0.0,1396808,endpoint_energy_h_target,8,0.9800000264645803,-0.01999997353541966,0.051913841434936034,0.1035134727666446,0.17962076009099717,0.08144323251533271,0.20137157227082628,0.9734868812840245,1.4644100116478853,True,6867804,dead_geometry,no_window,1,8,0.045,-0.08,0.2152527208943657,12.060589397156036,False,7.999736584508281,8.347551707394324,0.019999341461270703
phase30_endpoint_energy_h_target,1.0,175.0,10000.0,1.0,True,True,True,True,-75.56244302967407,-3051.944929061562,-0.017960415068522723,-0.7254159010011462,-4019.8388671875,5.35978515625e-10,2.9016636040045847,3.037448426622083,False,True,near_recoverable_crossing,no_window,11.049168197997707,0.6018852194191227,0.016617452634956786,False,1,44,1625.736328125,2204.3291015625,8.84814968539807,260,True,False,success,phase76_handoff,"{""phase76_handoff"": 44}","{""handoff_ready"": 212, ""insertion_window"": 27, ""intercept_possible_poor_alignment"": 21}",2.104654818683916e-16,5.878098861721584e-10,-0.0038053019082545138,-2.9390490934242894e-10,0.172384283833011,0.1599501633935743,1.0000000000000058,False,False,0,0,0,0,0,1,0,0,0,0,0,0,44,True,0.16923076923076924,0,endpoint_energy_h_target,,,,,,,,,,,,,near_recoverable_crossing,no_window,7,8,0.095,-0.08,0.2020929160495401,2.4791885207543265,True,0.915320419195196,0.9479696259460448,1.86338671875e-10
phase30_endpoint_energy_h_target,1.02,175.0,10000.0,1.0,False,False,False,False,,,,,,,,,False,False,window_no_crossing,dead_window_no_crossing,0.0,,,False,0,,149448708547.29785,149448708547.29785,55.402687204649624,100000,False,True,max_steps,phase76_handoff,"{""burn_a"": 8, ""burn_b"": 46, ""coast_arc"": 80, ""phase76_handoff"": 99866}","{""insertion_window"": 99437, ""intercept_possible_good_alignment"": 2, ""intercept_possible_poor_alignment"": 561}",0.019607843137254777,0.9316374056460789,0.006107327294770394,-1.173915047297432,0.9326341314746359,0.9987359909883912,1.000002722493072,False,False,0,8,46,80,0,1,1,1,1,1,0,1,0,True,0.0,1396830,endpoint_energy_h_target,8,1.02000002562705,0.02000002562705013,0.0494888626176631,-0.11056923348638455,-0.16724802851746315,-0.09278059536262537,0.1982421642060623,0.6868787234639931,1.0265531703043143,True,,dead_geometry,no_window,2,8,0.045,-0.08,-0.21071197118859425,12.050861893605898,False,8.000012235728072,8.314970100799787,0.020000028108185415
phase30_endpoint_energy_h_target,1.05,175.0,10000.0,1.0,False,False,False,False,,,,,,,,,False,False,dead_geometry,no_window,0.0,,,False,0,,375000037837.3428,380197039582.74316,517.4418788948317,100000,False,True,max_steps,coast_arc,"{""burn_a"": 8, ""coast_arc"": 99992}","{""intercept_possible_poor_alignment"": 100000}",0.04761904761904765,0.14926982017682916,0.020795802465610375,-0.09669967677622335,0.14926252631223372,0.09669492757302833,0.962410285579415,False,False,0,8,0,99992,0,1,0,0,0,0,0,0,0,False,0.0,,endpoint_energy_h_target,8,1.0500000410637536,0.05000004106375352,0.11921665052600167,-0.12572645473461982,-0.12619498855630243,-0.08201274157039752,0.22573169903602866,0.6875082102403292,1.0883831942879847,True,,dead_geometry,no_window,6,8,0.045,0.08,-0.22929483421322866,15.8176134403736,False,20.000021994523905,20.94786997110134,0.05000004802503203
phase30_endpoint_energy_h_target,0.98,150.0,12000.0,1.0,False,False,False,False,,,,,,,,,False,False,window_no_crossing,dead_window_no_crossing,0.0,,,False,0,,149333450127.3037,149333450127.3037,66.4754439763853,100000,False,True,max_steps,phase76_handoff,"{""burn_a"": 8, ""burn_b"": 46, ""coast_arc"": 1, ""phase76_handoff"": 99945}","{""insertion_window"": 99904, ""no_intercept_possible"": 96}",0.020408163265306076,1.0024850143582134,-0.1426785900258876,-1.1912559671953702,1.001140082940807,0.9994470157684701,1.1142666799979049,False,False,0,8,46,1,0,1,1,1,1,1,0,1,0,True,0.0,705902,endpoint_energy_h_target,8,0.980000190809,-0.019999809191,0.4715678964304104,-0.005337264696683876,0.17091430876737304,-0.025230329612148304,0.4606764033567024,0.6505040460190175,1.7617918374457413,True,756055,dead_geometry,no_window,1,8,0.045,-0.08,0.28612628573872806,15.071810192458207,False,23.339049669043142,24.671278091320254,0.019993498766741797
phase30_endpoint_energy_h_target,1.0,150.0,12000.0,1.0,True,True,True,True,-80.49851164523518,-3051.369756909111,-0.019133667779626447,-0.7252791884998071,-3681.29296875,4.908390625e-10,2.9011167539992284,3.0547866581952734,False,True,near_recoverable_crossing,no_window,11.049441623000385,0.6031837526262365,0.014364654403677601,False,3,114,148.345703125,755.0380859375,26.347138132160573,326,True,False,success,phase76_handoff,"{""phase76_handoff"": 114}","{""handoff_ready"": 209, ""insertion_window"": 68, ""intercept_possible_poor_alignment"": 49}",0.0,2.0133359507560395e-10,-0.13397459621556124,-1.0066672571051816e-10,0.34060435774997916,0.3252353379979766,1.0000000000000049,False,False,0,0,0,0,0,1,0,0,0,0,0,0,114,True,0.3496932515337423,0,endpoint_energy_h_target,,,,,,,,,,,,,near_recoverable_crossing,no_window,1,8,0.045,-0.08,0.2736860279185587,14.725232922972621,False,23.004915094265964,23.00491732342636,2.14309773828125e-07
phase30_endpoint_energy_h_target,1.02,150.0,12000.0,1.0,False,False,False,False,,,,,,,,,False,False,dead_geometry,no_window,0.0,,,False,0,,150000212028.53125,173771724078.2168,2372.342702610443,100000,False,True,max_steps,coast_arc,"{""burn_a"": 8, ""coast_arc"": 99992}","{""intercept_possible_poor_alignment"": 100000}",0.01960784313725499,0.10086329929277615,-0.12535721577320472,-0.25094983438131774,0.1008585822922562,0.2509441827133013,0.9813872680935116,False,False,0,8,0,99992,0,1,0,0,0,0,0,0,0,False,0.0,,endpoint_energy_h_target,8,1.0200002083731265,0.020000208373126563,0.5573474630505836,-0.25024599181713214,-0.08801664580688637,-0.23525075542488796,0.6030612024842853,0.3648278719314446,1.4733792986185752,True,,dead_geometry,no_window,6,8,0.045,0.08,-0.13840647250120802,15.660319235392647,False,28.311893869291833,29.439947353342347,0.020000240136873567
phase30_endpoint_energy_h_target,1.05,150.0,12000.0,1.0,False,False,False,False,,,,,,,,,False,False,dead_geometry,no_window,0.0,,,False,0,,375000208702.69727,398211049816.0371,2316.4673116929025,100000,False,True,max_steps,coast_arc,"{""burn_a"": 8, ""coast_arc"": 99992}","{""intercept_possible_poor_alignment"": 100000}",0.04761904761904765,0.08268815894271515,-0.11258803253505753,-0.24545246998407735,0.08268432019193042,0.24544649108419977,0.9663748037307094,False,False,0,8,0,99992,0,1,0,0,0,0,0,0,0,False,0.0,,endpoint_energy_h_target,8,1.0500002043484842,0.050000204348484116,0.544753710521527,-0.26556625118291827,-0.06861199753329537,-0.22884441366164107,0.6037522791547882,0.37080598174068863,1.5007807163467854,True,,dead_geometry,no_window,6,8,0.045,0.08,-0.15593372496286123,16.157063033604896,False,27.64314630207622,34.13839501485322,0.050000235361942966
phase30_endpoint_energy_h_target,0.98,165.0,12000.0,1.0,False,False,False,False,,,,,,,,,False,False,window_no_crossing,dead_window_no_crossing,0.0,,,False,0,,149334719877.8086,149334719877.8086,66.47544397693453,100000,False,True,max_steps,phase76_handoff,"{""burn_a"": 8, ""burn_b"": 46, ""coast_arc"": 1, ""phase76_handoff"": 99945}","{""insertion_window"": 99904, ""intercept_possible_poor_alignment"": 1, ""no_intercept_possible"": 95}",0.020408163265306076,1.002485367860157,-0.04378221735089306,-1.1912559316098243,1.0011619634743865,0.9994529848661975,1.2700998907948968,False,False,0,8,46,1,0,1,1,1,1,1,0,1,0,True,0.0,1363699,endpoint_energy_h_target,8,0.9800000834259127,-0.01999991657408724,0.1757178239020708,0.22406057875274385,0.4883849012943509,0.19957946929606013,0.5136054196024379,0.9507041164893429,2.9584846565939027,True,2029009,dead_geometry,no_window,7,8,0.095,-0.08,0.23173328076748106,14.024917085111138,False,8.17354452975839,11.483736410805605,0.019997706555370313
phase30_endpoint_energy_h_target,1.0,165.0,12000.0,1.0,True,True,True,True,-29.385295636110204,-3791.606204635221,-0.0069845823583089784,-0.9012257740911267,-579.7763671875,7.7303515625e-11,3.604903096364507,3.621779577911722,False,False,crossing_bad_sync,no_window,8.697548451817747,0.7293621181801756,0.02031839432766244,False,2,105,135.919921875,502.3330078125,21.192783332264064,318,True,False,success,phase76_handoff,"{""phase76_handoff"": 105}","{""handoff_ready"": 209, ""insertion_window"": 63, ""intercept_possible_poor_alignment"": 46}",2.104654818683916e-16,1.3396506758790487e-10,-0.034074173710931875,6.698273464708606e-11,0.3259054175294539,0.3132262829276735,1.0000000000000049,False,False,0,0,0,0,0,1,0,0,0,0,0,0,105,True,0.330188679245283,0,endpoint_energy_h_target,,,,,,,,,,,,,crossing_bad_sync,no_window,13,18,0.045,-0.08,0.2187407955410126,12.75135485870028,False,7.4454396202185125,7.521336163154215,2.0276258190104166e-07
phase30_endpoint_energy_h_target,1.02,165.0,12000.0,1.0,False,False,False,False,,,,,,,,,False,False,dead_geometry,no_window,0.0,,,False,0,,150000101794.51953,155904066522.31738,584.6831678108872,100000,False,True,max_steps,coast_arc,"{""burn_a"": 8, ""coast_arc"": 99992}","{""intercept_possible_poor_alignment"": 100000}",0.019607843137254777,0.47983201759227356,-0.024462734730208335,-0.30755821766104946,0.4798111180110371,0.3075454783641537,0.9529442073092452,False,False,0,8,0,99992,0,1,0,0,0,0,0,0,0,False,0.0,,endpoint_energy_h_target,8,1.020000078146317,0.020000078146317057,0.15607151656758808,-0.286442487057368,-0.42726152094132014,-0.27217128103662375,0.49389282855514627,0.3546001654350363,1.046684722201353,True,,dead_geometry,no_window,8,8,0.095,-0.08,-0.193898437074856,13.833127032474259,False,8.000037620100052,10.765159270164244,0.020000086098284506
phase30_endpoint_energy_h_target,1.05,165.0,12000.0,1.0,False,False,False,False,,,,,,,,,False,False,dead_geometry,no_window,0.0,,,False,0,,375000108903.24805,387703491588.9258,1267.1852884855207,100000,False,True,max_steps,coast_arc,"{""burn_a"": 8, ""coast_arc"": 99992}","{""intercept_possible_poor_alignment"": 100000}",0.04761904761904765,0.15770673092837514,-0.010220561444707415,-0.14995304828353728,0.15769910387479594,0.14994676032151524,0.9615107717662486,False,False,0,8,0,99992,0,1,0,0,0,0,0,0,0,False,0.0,,endpoint_energy_h_target,8,1.0500001090294924,0.05000010902949232,0.2964736608835577,-0.17379673960178796,-0.13425324788566378,-0.13248648650135542,0.3826016667536034,0.5443214153428919,1.218953235823552,True,,dead_geometry,no_window,6,8,0.045,0.08,-0.2122358340625538,16.01013710171017,False,20.00005719786526,25.094167731690604,0.050000126012078254
phase30_endpoint_energy_h_target,0.98,170.0,12000.0,1.0,False,False,False,False,,,,,,,,,False,False,window_no_crossing,dead_window_no_crossing,0.0,,,False,0,,149334951559.43652,149334951559.43652,66.4754439770347,100000,False,True,max_steps,phase76_handoff,"{""burn_a"": 8, ""burn_b"": 46, ""coast_arc"": 1, ""phase76_handoff"": 99945}","{""insertion_window"": 99904, ""intercept_possible_poor_alignment"": 1, ""no_intercept_possible"": 95}",0.020408163265306496,1.0024854323608825,-0.025090063551973553,-1.191255925116991,1.0011428829139368,0.9994453798632806,1.1356979057860441,False,False,0,8,46,1,0,1,1,1,1,1,0,1,0,True,0.0,2032565,endpoint_energy_h_target,8,0.9800000593915252,-0.01999994060847474,0.1331308536489674,0.11184462643072612,0.213106094666375,0.08960779993625984,0.256444967357961,0.9449241220476714,1.5967145746608078,True,2678068,dead_geometry,no_window,1,8,0.045,-0.08,0.2214525961780754,12.558840983578577,False,7.999288976545,10.229148499268822,0.0199982224413625
phase30_endpoint_energy_h_target,1.0,170.0,12000.0,1.0,True,True,True,True,-30.099257367256808,-2552.5823086070577,-0.007154283714171683,-0.6067225452351612,-1052.3896484375,1.4031861979166667e-10,2.426890180940645,2.4531113690583384,False,True,near_recoverable_crossing,no_window,11.286554909529677,0.49396317678545365,0.010598707260321274,False,6,1010,10.53125,67.607421875,14.814055285645287,1222,True,False,success,phase76_handoff,"{""phase76_handoff"": 1010}","{""handoff_ready"": 209, ""insertion_window"": 560, ""intercept_possible_poor_alignment"": 453}",2.104654818683916e-16,1.8038365054494238e-11,-0.015192246987791962,9.019278608507897e-12,0.7941505641062065,0.769303524146656,1.0000000000000049,False,False,0,0,0,0,0,1,0,0,0,0,0,0,1010,True,0.8265139116202946,0,endpoint_energy_h_target,,,,,,,,,,,,,near_recoverable_crossing,no_window,13,18,0.045,-0.08,0.20835573584328565,9.965719521503928,False,2.9474458438888016,3.158120565450354,1.142117703125e-07
phase30_endpoint_energy_h_target,1.02,170.0,12000.0,1.0,False,False,False,False,,,,,,,,,False,False,dead_geometry,no_window,0.0,,,False,0,,150000069610.77637,155021617727.41504,499.1827388354564,100000,False,True,max_steps,coast_arc,"{""burn_a"": 8, ""coast_arc"": 99992}","{""intercept_possible_poor_alignment"": 100000}",0.01960784313725499,0.2362679690343343,-0.005392923511594131,-0.14047688043504888,0.23625711220414128,0.14047080165692466,0.9727257696438585,False,False,0,8,0,99992,0,1,0,0,0,0,0,0,0,False,0.0,,endpoint_energy_h_target,8,1.0200000573369954,0.020000057336995444,0.12657979871495925,-0.14077591630530378,-0.20649573206072644,-0.12359138536608255,0.27074011157581995,0.6044446482861444,1.0532487416307412,True,,dead_geometry,no_window,2,8,0.045,-0.08,-0.20438683324509394,12.59973537748174,False,8.000028324463333,10.022804139091951,0.020000064074077343
phase30_endpoint_energy_h_target,1.05,170.0,12000.0,1.0,False,False,False,False,,,,,,,,,False,False,dead_geometry,no_window,0.0,,,False,0,,375000073822.7578,384120805908.4707,909.2243086079604,100000,False,True,max_steps,coast_arc,"{""burn_a"": 8, ""coast_arc"": 99992}","{""intercept_possible_poor_alignment"": 100000}",0.047619047619047436,0.17316324608736164,0.009127655905139585,-0.13142213269392117,0.17315488486511552,0.13141599050647568,0.960505548478811,False,False,0,8,0,99992,0,1,0,0,0,0,0,0,0,False,0.0,,endpoint_energy_h_target,8,1.0500000759761698,0.05000007597616992,0.21150420691191676,-0.1560509262702047,-0.14777769834584523,-0.11385340846369674,0.31416703563147486,0.5975311816538467,1.1449665188001361,True,,dead_geometry,no_window,6,8,0.045,0.08,-0.22287735360496957,15.983606410465992,False,20.000040151542343,22.776211444018177,0.05000008817751341
phase30_endpoint_energy_h_target,0.98,175.0,12000.0,1.0,False,False,False,False,,,,,,,,,False,False,window_no_crossing,dead_window_no_crossing,0.0,,,False,0,,149335282335.7881,149335282335.7881,66.47544397717778,100000,False,True,max_steps,phase76_handoff,"{""burn_a"": 8, ""burn_b"": 46, ""coast_arc"": 1, ""phase76_handoff"": 99945}","{""insertion_window"": 99904, ""intercept_possible_poor_alignment"": 1, ""no_intercept_possible"": 95}",0.020408163265306287,1.002485524449895,-0.013817563036137981,-1.1912559158468692,1.0011435643725732,0.9994460920778776,1.1402681308010176,False,False,0,8,46,1,0,1,1,1,1,1,0,1,0,True,0.0,4049661,endpoint_energy_h_target,8,0.9800000248433398,-0.019999975156660157,0.0446884916521679,0.12295445272822023,0.2222074893930705,0.10049539157159494,0.24088002243050544,0.9759929122705691,1.5953869515434367,True,7978209,dead_geometry,no_window,1,8,0.045,-0.08,0.2152527208943657,12.221451520924328,False,7.999781884714584,8.247051810508019,0.01999945471178646
phase30_endpoint_energy_h_target,1.0,175.0,12000.0,1.0,True,True,True,True,-67.92548656141525,-2582.702318568411,-0.016145189110617915,-0.6138817616273774,-5157.419921875,6.876559895833333e-10,2.4555270465095096,2.584817383236934,False,True,near_recoverable_crossing,no_window,11.272236476745245,0.5104796369222995,0.010969941268989187,False,1,43,1216.3447265625,2626.7353515625,7.257112147984378,255,True,False,success,phase76_handoff,"{""phase76_handoff"": 43}","{""handoff_ready"": 209, ""insertion_window"": 26, ""intercept_possible_poor_alignment"": 20}",2.104654818683916e-16,7.004529062574584e-10,-0.0038053019082545138,-3.5022646825758274e-10,0.16585029829326867,0.15445766656619989,1.0000000000000049,False,False,0,0,0,0,0,1,0,0,0,0,0,0,43,True,0.16862745098039217,0,endpoint_energy_h_target,,,,,,,,,,,,,near_recoverable_crossing,no_window,7,8,0.095,-0.08,0.2020929160495401,3.1347857484629387,True,1.1676179094130477,1.6051407609333952,5.730341145833334e-10
phase30_endpoint_energy_h_target,1.02,175.0,12000.0,1.0,False,False,False,False,,,,,,,,,False,False,window_no_crossing,dead_window_no_crossing,0.0,,,False,0,,149337416180.22852,149337416180.22852,66.48864435861601,100000,False,True,max_steps,phase76_handoff,"{""burn_a"": 8, ""burn_b"": 46, ""coast_arc"": 80, ""phase76_handoff"": 99866}","{""insertion_window"": 99816, ""intercept_possible_good_alignment"": 2, ""intercept_possible_poor_alignment"": 182}",0.019607843137254777,0.9211620008085883,0.006107327294770394,-0.7979823905610754,0.9207860164817666,0.9987609577368848,1.0000027224467514,False,False,0,8,46,80,0,1,1,1,1,1,0,1,0,True,0.0,7494520,endpoint_energy_h_target,8,1.020000023975231,0.02000002397523099,0.04212722716145639,-0.12995902029277676,-0.20203825799878655,-0.11255817983919889,0.23093545164432422,0.6398003917413186,1.0240401613286811,True,,dead_geometry,no_window,2,8,0.045,-0.08,-0.21071197118859425,12.191709785463278,False,8.000011197441511,8.218949464090171,0.02000002598441784
phase30_endpoint_energy_h_target,1.05,175.0,12000.0,1.0,False,False,False,False,,,,,,,,,False,False,dead_geometry,no_window,0.0,,,False,0,,375000038247.9785,380521268637.999,549.460633263991,100000,False,True,max_steps,coast_arc,"{""burn_a"": 8, ""coast_arc"": 99992}","{""intercept_possible_poor_alignment"": 100000}",0.04761904761904765,0.18527656401205317,0.020795802465610375,-0.12019877270178457,0.18526762741761366,0.12019290729152274,0.9597170171169876,False,False,0,8,0,99992,0,1,0,0,0,0,0,0,0,False,0.0,,endpoint_energy_h_target,8,1.0500000425967941,0.05000004259679414,0.12604892238243534,-0.14530903508205578,-0.15837685114267214,-0.10257445042906357,0.2589884242523492,0.6396981906334589,1.0868556489284378,True,,dead_geometry,no_window,6,8,0.045,0.08,-0.22929483421322866,15.97359202600634,False,20.00002295814922,21.069378776139693,0.050000049996083984
phase30_endpoint_crossing_quality_search,0.98,150.0,8000.0,1.0,False,False,False,False,,,,,,,,,False,False,window_no_crossing,dead_window_no_crossing,0.0,,,False,0,,149555265465.33398,149555265465.33398,44.31703942883708,100000,False,True,max_steps,phase76_handoff,"{""burn_a"": 6, ""burn_b"": 46, ""coast_arc"": 1, ""phase76_handoff"": 99947}","{""insertion_window"": 99637, ""no_intercept_possible"": 363}",0.020408163265306076,1.0228930012503383,-0.1426785900258876,-0.8693610489064224,1.0228572475532187,0.9994647232793081,1.060830298666915,False,False,0,6,46,1,0,1,1,1,1,1,0,1,0,True,0.0,705902,endpoint_crossing_quality_search,6,0.9800001375474906,-0.019999862452509374,0.4806231040708035,-0.06404957753750048,0.06618572138165595,-0.08276845724911855,0.4630002714095328,0.5750605242243704,1.5666929762245265,True,741812,dead_geometry,no_window,3,6,0.05,-0.08,0.2,15.0501104189142,False,23.786540348302026,25.095825300819417,0.01999343102447396
phase30_endpoint_crossing_quality_search,1.0,150.0,8000.0,1.0,True,True,True,True,-25.192574395203952,-3281.9890635371144,-0.005988015668111895,-0.7800950243010297,-1460.0703125,1.9467604166666666e-10,3.120380097204119,3.134710956393185,False,False,crossing_bad_sync,no_window,8.93980995139794,0.6312616384372342,0.022897899677950195,False,1,631,473.6396484375,1334.857421875,19.644712995676638,852,True,False,success,phase76_handoff,"{""phase76_handoff"": 631}","{""handoff_ready"": 216, ""insertion_window"": 382, ""intercept_possible_poor_alignment"": 254}",0.0,3.55947010158653e-10,-0.13397459621556124,-1.7797318008717732e-10,0.730935153977333,0.7067683357255949,1.0000000000000073,False,False,0,0,0,0,0,1,0,0,0,0,0,0,631,True,0.7406103286384976,0,endpoint_crossing_quality_search,,,,,,,,,,,,,crossing_bad_sync,no_window,15,6,0.105,-0.08,0.2,14.702909908960324,False,21.918906326162908,21.919053486524145,1.5618812447916667e-07
phase30_endpoint_crossing_quality_search,1.02,150.0,8000.0,1.0,False,False,False,False,,,,,,,,,False,False,dead_geometry,no_window,0.0,,,False,0,,150000210343.29297,172020808480.3125,2198.0691623066245,100000,False,True,max_steps,coast_arc,"{""burn_a"": 6, ""coast_arc"": 99994}","{""intercept_possible_poor_alignment"": 100000}",0.01960784313725499,0.07090510789865744,-0.12535721577320472,-0.20018374992345322,0.07090246576642285,0.20018113099469836,0.9820588453336919,False,False,0,6,0,99994,0,1,0,0,0,0,0,0,0,False,0.0,,endpoint_crossing_quality_search,6,1.020000142972274,0.02000014297227409,0.5195268012789128,-0.20363997438843215,-0.05668665124540007,-0.18771266001879705,0.5502606809330887,0.42561275713746666,1.4670959258413716,True,,dead_geometry,no_window,12,6,0.05,0.08,-0.2,15.482893015660695,False,26.220628970963684,27.42773864039755,0.020000172389752345
phase30_endpoint_crossing_quality_search,1.05,150.0,8000.0,1.0,False,False,False,False,,,,,,,,,False,False,dead_geometry,no_window,0.0,,,False,0,,375000207346.2207,396723299068.3262,2168.5269480499933,100000,False,True,max_steps,coast_arc,"{""burn_a"": 6, ""coast_arc"": 99994}","{""intercept_possible_poor_alignment"": 100000}",0.04761904761904765,0.041501664178157184,-0.11258803253505753,-0.18961534687495046,0.04150055633593365,0.18961265091888854,0.9678121795600383,False,False,0,6,0,99994,0,1,0,0,0,0,0,0,0,False,0.0,,endpoint_crossing_quality_search,6,1.0500001409742263,0.050000140974226434,0.5124030707841433,-0.2159786388676552,-0.02751524736554665,-0.1767774602842331,0.5510514448879084,0.4369264166766906,1.5095167189632075,True,,dead_geometry,no_window,12,6,0.05,0.08,-0.2,16.009027080042305,False,25.864455040729002,32.70807608603983,0.05000016999209531
phase30_endpoint_crossing_quality_search,0.98,165.0,8000.0,1.0,False,False,False,False,,,,,,,,,False,False,window_no_crossing,dead_window_no_crossing,0.0,,,False,0,,149554969443.61914,149554969443.61914,44.32521170301662,100000,False,True,max_steps,phase76_handoff,"{""burn_a"": 26, ""burn_b"": 46, ""coast_arc"": 1, ""phase76_handoff"": 99927}","{""insertion_window"": 99637, ""no_intercept_possible"": 363}",0.020408163265306076,1.023885802953837,-0.04378221735089306,-0.8738111264653784,1.0227415562096518,0.9992937943431968,1.300574280040943,False,False,0,26,46,1,0,1,1,1,1,1,0,1,0,True,0.0,1363699,endpoint_crossing_quality_search,26,0.9800002774888126,-0.01999972251118737,0.13918154015082707,0.2813960398450691,0.620531563379524,0.25576847462123353,0.6337156742097617,0.9652563703383222,4.305274211366668,True,2561616,dead_geometry,no_window,51,26,0.05,-0.08,0.2,13.290770618594806,False,7.999162787317708,10.509861360972415,0.01999790696829427
phase30_endpoint_crossing_quality_search,1.0,165.0,8000.0,1.0,True,True,True,True,-88.06929902399378,-3143.494158607936,-0.020933166025926386,-0.7471762106990555,-2645.9189453125,3.5278919270833335e-10,2.988704842796222,3.1666781075799455,False,True,near_recoverable_crossing,no_window,11.00564757860189,0.6228607681431453,0.021398883100412866,False,1,182,2175.0126953125,2201.5400390625,24.039640678408468,403,True,False,success,phase76_handoff,"{""phase76_handoff"": 182}","{""handoff_ready"": 216, ""insertion_window"": 109, ""intercept_possible_poor_alignment"": 78}",2.104654818683916e-16,5.870625232460438e-10,-0.034074173710931875,-2.935310709686659e-10,0.4505343981162966,0.4324346135808888,1.0000000000000073,False,False,0,0,0,0,0,1,0,0,0,0,0,0,182,True,0.45161290322580644,1,endpoint_crossing_quality_search,,,,,,,,,,,,,near_recoverable_crossing,no_window,39,16,0.105,-0.08,0.2,10.91336875343038,False,4.724727132185461,4.959228800453437,1.5394548033854167e-07
phase30_endpoint_crossing_quality_search,1.02,165.0,8000.0,1.0,False,False,False,False,,,,,,,,,False,False,dead_geometry,no_window,0.0,,,False,0,,150000105759.05566,155366439996.32715,530.2868634176164,100000,False,True,max_steps,coast_arc,"{""burn_a"": 26, ""coast_arc"": 99974}","{""intercept_possible_poor_alignment"": 100000}",0.019607843137254777,0.5364080575022332,-0.024462734730208335,-0.3487110741137948,0.5363384595801807,0.34866730058604606,0.9770730401672317,False,False,0,26,0,99974,0,1,0,0,0,0,0,0,0,False,0.0,,endpoint_crossing_quality_search,26,1.0200002702272972,0.020000270227297265,0.13400300853635527,-0.3492550573551869,-0.5193580075829485,-0.33623998265324373,0.5749828338044843,0.27973470641830417,1.036610743448166,True,,dead_geometry,no_window,52,26,0.05,-0.08,-0.2,13.32756770084406,False,8.000113885019791,10.381112912714762,0.020000277469924218
phase30_endpoint_crossing_quality_search,1.05,165.0,8000.0,1.0,False,False,False,False,,,,,,,,,False,False,dead_geometry,no_window,0.0,,,False,0,,375000108322.7881,386838903634.33496,1181.789525966664,100000,False,True,max_steps,coast_arc,"{""burn_a"": 6, ""coast_arc"": 99994}","{""intercept_possible_poor_alignment"": 100000}",0.04761904761904765,0.06961886897398346,-0.010220561444707415,-0.0872478733631772,0.06961646596905675,0.08724517740722436,0.9653881283483092,False,False,0,6,0,99994,0,1,0,0,0,0,0,0,0,False,0.0,,endpoint_crossing_quality_search,6,1.05000007495861,0.05000007495861002,0.2770346039541552,-0.11848576538731169,-0.050946251169747686,-0.07440998757959552,0.31565268256671203,0.6511725187387847,1.2518743761656077,True,,dead_geometry,no_window,12,6,0.05,0.08,-0.2,15.657071407459695,False,20.000042635241456,24.474060369736534,0.05000009077335716
phase30_endpoint_crossing_quality_search,0.98,170.0,8000.0,1.0,False,False,False,False,,,,,,,,,False,False,window_no_crossing,dead_window_no_crossing,0.0,,,False,0,,149556618582.0371,149556618582.0371,44.317039428679436,100000,False,True,max_steps,phase76_handoff,"{""burn_a"": 6, ""burn_b"": 46, ""coast_arc"": 1, ""phase76_handoff"": 99947}","{""insertion_window"": 99637, ""no_intercept_possible"": 363}",0.020408163265306496,1.0228933770106345,-0.025090063551973553,-0.8693610733040121,1.022858680310319,0.9994575567628952,1.0781061613641152,False,False,0,6,46,1,0,1,1,1,1,1,0,1,0,True,0.0,2032565,endpoint_crossing_quality_search,6,0.9800000450837789,-0.019999954916221092,0.15095804704552104,0.055938795263325077,0.09697883866476398,0.0348200669637698,0.18165205125451586,0.9062334126649354,1.308554109083432,True,2361807,dead_geometry,no_window,3,6,0.05,-0.08,0.2,12.116325660861188,False,7.999192086431302,10.83521385872224,0.019997980216078255
phase30_endpoint_crossing_quality_search,1.0,170.0,8000.0,1.0,True,True,True,True,-26.609700880474676,-3835.407376660934,-0.006324852049514541,-0.911636861908399,-2190.5517578125,2.920735677083333e-10,3.646547447633596,3.6602346470497937,False,False,crossing_bad_sync,no_window,8.676726276183203,0.7368993122782103,0.029925929496057102,False,1,2307,470.41796875,2058.1533203125,20.503655353634183,2529,True,False,success,phase76_handoff,"{""phase76_handoff"": 2307}","{""handoff_ready"": 216, ""insertion_window"": 1096, ""intercept_possible_poor_alignment"": 1217}",2.104654818683916e-16,5.488264172930856e-10,-0.015192246987791962,-2.744130855547726e-10,0.8975993091151757,0.8706165037730679,1.0000000000000073,False,False,0,0,0,0,0,1,0,0,0,0,0,0,2307,True,0.9122182680901542,0,endpoint_crossing_quality_search,,,,,,,,,,,,,crossing_bad_sync,no_window,51,26,0.05,-0.08,0.2,8.906480997134476,False,2.3246252986888543,2.621049522125885,1.56969199609375e-07
phase30_endpoint_crossing_quality_search,1.02,170.0,8000.0,1.0,False,False,False,False,,,,,,,,,False,False,dead_geometry,no_window,0.0,,,False,0,,150000070279.30078,155979815875.00684,596.1378237453387,100000,False,True,max_steps,coast_arc,"{""burn_a"": 6, ""coast_arc"": 99994}","{""intercept_possible_poor_alignment"": 100000}",0.01960784313725499,0.12730619111789568,-0.005392923511594131,-0.08021945410267198,0.1273015019452516,0.08021683517408726,0.977261188945851,False,False,0,6,0,99994,0,1,0,0,0,0,0,0,0,False,0.0,,endpoint_crossing_quality_search,6,1.020000044109443,0.02000004410944297,0.1474841750798391,-0.08602784874663744,-0.10368755376657478,-0.06774836540676775,0.20197215453136727,0.7230559434553633,1.089051109101824,True,,dead_geometry,no_window,4,6,0.05,-0.08,-0.2,12.191515211914304,False,8.000024042865782,10.72320555348058,0.020000052108304037
phase30_endpoint_crossing_quality_search,1.05,170.0,8000.0,1.0,False,False,False,False,,,,,,,,,False,False,dead_geometry,no_window,0.0,,,False,0,,375000069238.4297,380876609313.02734,585.9009688503922,100000,False,True,max_steps,coast_arc,"{""burn_a"": 6, ""coast_arc"": 99994}","{""intercept_possible_poor_alignment"": 100000}",0.047619047619047436,0.09709117862130796,0.009127655905139585,-0.06789965492342008,0.09708757948199975,0.06789714152064202,0.9630137743428642,False,False,0,6,0,99994,0,1,0,0,0,0,0,0,0,False,0.0,,endpoint_crossing_quality_search,6,1.0500000434155286,0.050000043415528515,0.1450101291550004,-0.10005886533040677,-0.07383984257563474,-0.05506176952550713,0.20287812912743602,0.7423098298910619,1.1201652997362246,True,,dead_geometry,no_window,4,6,0.05,-0.08,-0.2,15.573437251248953,False,20.00002365427375,21.196375924255133,0.05000005127560664
phase30_endpoint_crossing_quality_search,0.98,175.0,8000.0,1.0,False,False,False,False,,,,,,,,,False,False,window_no_crossing,dead_window_no_crossing,0.0,,,False,0,,149556895640.15527,149556895640.15527,44.31703942864714,100000,False,True,max_steps,phase76_handoff,"{""burn_a"": 6, ""burn_b"": 46, ""coast_arc"": 1, ""phase76_handoff"": 99947}","{""insertion_window"": 99637, ""no_intercept_possible"": 363}",0.020408163265306287,1.0228934539496584,-0.013817563036137981,-0.8693610782995925,1.0228591061388506,0.9994580105968205,1.081262296734432,False,False,0,6,46,1,0,1,1,1,1,1,0,1,0,True,0.0,2807969,endpoint_crossing_quality_search,6,0.9800000205782867,-0.01999997942171328,0.06358750065658034,0.06744137236148497,0.10265816999168251,0.04609256688036984,0.1342764627984417,0.9647644947004577,1.2640405527377767,True,5606986,dead_geometry,no_window,3,6,0.05,-0.08,0.2,11.671100429522246,False,7.999674353579322,8.527029731242587,0.019999185883948306
phase30_endpoint_crossing_quality_search,1.0,175.0,8000.0,1.0,True,True,True,True,-35.33209647045934,-3439.731965189568,-0.00839807571601849,-0.8175888886362344,-454.1748046875,6.0556640625e-11,3.2703555545449374,3.2972025479901705,False,False,crossing_bad_sync,no_window,8.86482222272753,0.6641488018287663,0.02482508985438676,False,1,86,265.2685546875,277.490234375,8.86631054729974,307,True,False,success,phase76_handoff,"{""phase76_handoff"": 86}","{""handoff_ready"": 215, ""insertion_window"": 52, ""intercept_possible_poor_alignment"": 40}",2.104654818683916e-16,7.398261572089514e-11,-0.0038053019082545138,-3.6991364129378737e-11,0.2861142806458803,0.2677516417374583,1.0000000000000073,False,False,0,0,0,0,0,1,0,0,0,0,0,0,86,True,0.28013029315960913,1,endpoint_crossing_quality_search,,,,,,,,,,,,,crossing_bad_sync,no_window,51,26,0.05,-0.08,0.2,3.136180871961565,True,1.9999679431929127,2.361834856244381,5.918640625e-10
phase30_endpoint_crossing_quality_search,1.02,175.0,8000.0,1.0,False,False,False,False,,,,,,,,,False,False,window_no_crossing,dead_window_no_crossing,0.0,,,False,0,,149559549481.49316,149559549481.49316,44.32553590810995,100000,False,True,max_steps,phase76_handoff,"{""burn_a"": 6, ""burn_b"": 46, ""coast_arc"": 80, ""phase76_handoff"": 99868}","{""insertion_window"": 99548, ""intercept_possible_good_alignment"": 4, ""intercept_possible_poor_alignment"": 448}",0.019607843137254777,0.9440215185476949,0.006107327294770394,-1.1315801388725706,0.942339789988561,0.9987210334499246,1.0000027225606127,False,False,0,6,46,80,0,1,1,1,1,1,0,1,0,True,0.0,2808016,endpoint_crossing_quality_search,6,1.0200000200892558,0.02000002008925586,0.061843909012231996,-0.07475307117701668,-0.10087772672888382,-0.05624811401303481,0.1395845718086475,0.7815722012543265,1.035159985655061,True,,dead_geometry,no_window,4,6,0.05,-0.08,-0.2,11.686228161833046,False,8.000010591561198,8.49884722765481,0.02000002328407969
phase30_endpoint_crossing_quality_search,1.05,175.0,8000.0,1.0,False,False,False,False,,,,,,,,,False,False,window_no_crossing,dead_window_no_crossing,0.0,,,False,0,,374559435488.52246,374559435488.52246,44.32545918115175,100000,False,True,max_steps,phase76_handoff,"{""burn_a"": 6, ""burn_b"": 46, ""coast_arc"": 80, ""phase76_handoff"": 99868}","{""intercept_possible_good_alignment"": 4, ""intercept_possible_poor_alignment"": 99951, ""no_intercept_possible"": 45}",0.04761904761904765,0.8880430866504665,0.020795802465610375,-1.135257170936956,0.8863880723458433,0.9987231940864383,1.0000170145598686,False,False,0,6,46,80,0,1,1,1,1,0,0,1,0,True,0.0,7008005,endpoint_crossing_quality_search,6,1.0500000197409738,0.0500000197409737,0.06060216112870988,-0.08894632416305383,-0.07107044676113385,-0.043393622386119914,0.14095379986297701,0.8020445365986316,1.065246271441031,True,,dead_geometry,no_window,4,6,0.05,-0.08,-0.2,15.513406817041474,False,20.000010396523177,20.19711923922687,0.05000002286614102
phase30_endpoint_crossing_quality_search,0.98,150.0,10000.0,1.0,False,False,False,False,,,,,,,,,False,False,window_no_crossing,dead_window_no_crossing,0.0,,,False,0,,149444854645.3672,149444854645.3672,55.402554191556575,100000,False,True,max_steps,phase76_handoff,"{""burn_a"": 6, ""burn_b"": 46, ""coast_arc"": 1, ""phase76_handoff"": 99947}","{""insertion_window"": 99526, ""intercept_possible_poor_alignment"": 13, ""no_intercept_possible"": 461}",0.020408163265306076,1.015640537128108,-0.1426785900258876,-0.8455834261274847,1.0130751087574557,0.9994658826500136,1.0740344632398984,False,False,0,6,46,1,0,1,1,1,1,1,0,1,0,True,0.0,705902,endpoint_crossing_quality_search,6,0.9800001365187081,-0.019999863481291926,0.47450983041921396,-0.048766381568443914,0.08918893376372908,-0.06779092407589045,0.4566099534124288,0.5966001805764314,1.5992449009557532,True,751369,dead_geometry,no_window,3,6,0.05,-0.08,0.2,15.022277093317616,False,23.419768100980306,24.747971413987006,0.01999353122460104
phase30_endpoint_crossing_quality_search,1.0,150.0,10000.0,1.0,True,True,True,True,-6.276680836972505,-4026.540150778171,-0.0014919024394221608,-0.9570671553015822,-547.65234375,7.30203125e-11,3.8282686212063286,3.828995307954149,False,False,crossing_bad_sync,no_window,8.585865689396837,0.7674440072415927,0.02644763969103196,False,1,413,80.015625,399.2158203125,22.040497429913927,630,True,False,success,phase76_handoff,"{""phase76_handoff"": 413}","{""handoff_ready"": 211, ""insertion_window"": 251, ""intercept_possible_poor_alignment"": 168}",0.0,1.0644565350620334e-10,-0.13397459621556124,-5.3222465417905946e-11,0.6430051106494269,0.6187930017814905,1.000000000000006,False,False,0,0,0,0,0,1,0,0,0,0,0,0,413,True,0.6555555555555556,0,endpoint_crossing_quality_search,,,,,,,,,,,,,crossing_bad_sync,no_window,3,6,0.05,-0.08,0.2,14.681133720749822,False,23.165958145458546,23.16657564265454,1.6108512864583332e-07
phase30_endpoint_crossing_quality_search,1.02,150.0,10000.0,1.0,False,False,False,False,,,,,,,,,False,False,dead_geometry,no_window,0.0,,,False,0,,150000210857.68457,172326157119.75488,2228.2941948165117,100000,False,True,max_steps,coast_arc,"{""burn_a"": 6, ""coast_arc"": 99994}","{""intercept_possible_poor_alignment"": 100000}",0.01960784313725499,0.09158251826479366,-0.12535721577320472,-0.21889038349770185,0.09157911344997353,0.21888710983675352,0.9800538931130173,False,False,0,6,0,99994,0,1,0,0,0,0,0,0,0,False,0.0,,endpoint_crossing_quality_search,6,1.0200001440010569,0.02000014400105677,0.5256400757170138,-0.21892317017357676,-0.0744055336154057,-0.20330152110115948,0.5639540969669807,0.40584852682740025,1.455645980995863,True,,dead_geometry,no_window,12,6,0.05,0.08,-0.2,15.555849227444082,False,26.58740664071418,27.780980991137707,0.020000173830048047
phase30_endpoint_crossing_quality_search,1.05,150.0,10000.0,1.0,False,False,False,False,,,,,,,,,False,False,dead_geometry,no_window,0.0,,,False,0,,375000207860.6123,397028791709.5537,2198.7799890323995,100000,False,True,max_steps,coast_arc,"{""burn_a"": 6, ""coast_arc"": 99994}","{""intercept_possible_poor_alignment"": 100000}",0.04761904761904765,0.06183101473417359,-0.11258803253505753,-0.20887217549662346,0.06182897088354081,0.20886880555154036,0.965807684066397,False,False,0,6,0,99994,0,1,0,0,0,0,0,0,0,False,0.0,,endpoint_crossing_quality_search,6,1.050000142003009,0.050000142003008986,0.5185163453989775,-0.23126183467202244,-0.044944079882372465,-0.192824817242491,0.5649652450985211,0.41632347919560436,1.4976545398244532,True,,dead_geometry,no_window,12,6,0.05,0.08,-0.2,16.08238847164117,False,26.23123354886476,33.00100397331865,0.05000017143239076
phase30_endpoint_crossing_quality_search,0.98,165.0,10000.0,1.0,False,False,False,False,,,,,,,,,False,False,window_no_crossing,dead_window_no_crossing,0.0,,,False,0,,149445113668.10742,149445113668.10742,55.396069337889195,100000,False,True,max_steps,phase76_handoff,"{""burn_a"": 16, ""burn_b"": 46, ""coast_arc"": 1, ""phase76_handoff"": 99937}","{""insertion_window"": 99526, ""intercept_possible_poor_alignment"": 13, ""no_intercept_possible"": 461}",0.020408163265306076,1.0139757760206227,-0.04378221735089306,-0.8400279423523711,1.0130127582478685,0.9993750250050782,1.231185974696911,False,False,0,16,46,1,0,1,1,1,1,1,0,1,0,True,0.0,1363699,endpoint_crossing_quality_search,16,0.9800001788386268,-0.019999821161373176,0.1697477021165956,0.20498017645538907,0.4399755539189401,0.18088078842328129,0.46803571019852025,0.9498947653518707,2.621377906753078,True,2100361,dead_geometry,no_window,27,16,0.05,-0.08,0.2,13.154892872437957,False,8.18172386290372,11.476357646025804,0.01999760894005456
phase30_endpoint_crossing_quality_search,1.0,165.0,10000.0,1.0,True,True,True,True,-8.88966729674766,-3994.6531548940916,-0.0021129824297496515,-0.9494879445402064,-488.6103515625,6.5148046875e-11,3.7979517781608254,3.79942093563033,False,False,crossing_bad_sync,no_window,8.601024110919587,0.7621259346130128,0.026098185272395925,False,1,243,206.97265625,277.3115234375,17.30631244279581,460,True,False,success,phase76_handoff,"{""phase76_handoff"": 243}","{""handoff_ready"": 211, ""insertion_window"": 148, ""intercept_possible_poor_alignment"": 101}",2.104654818683916e-16,7.393778657325719e-11,-0.034074173710931875,-3.6968672685193056e-11,0.5219687416576904,0.504706529929417,1.0000000000000058,False,False,0,0,0,0,0,1,0,0,0,0,0,0,243,True,0.5282608695652173,0,endpoint_crossing_quality_search,,,,,,,,,,,,,near_recoverable_crossing,no_window,51,26,0.05,-0.08,0.2,11.001369057615506,False,4.993720846584629,5.200856269857944,2.5711605911458335e-07
phase30_endpoint_crossing_quality_search,1.02,165.0,10000.0,1.0,False,False,False,False,,,,,,,,,False,False,dead_geometry,no_window,0.0,,,False,0,,150000105244.6631,156612067822.97363,655.9734334263595,100000,False,True,max_steps,coast_arc,"{""burn_a"": 16, ""coast_arc"": 99984}","{""intercept_possible_poor_alignment"": 100000}",0.019607843137254777,0.4289055613419443,-0.024462734730208335,-0.2738845206628755,0.4288696722319023,0.2738633198104732,0.9738048134110324,False,False,0,16,0,99984,0,1,0,0,0,0,0,0,0,False,0.0,,endpoint_crossing_quality_search,16,1.0200001744818472,0.020000174481847266,0.16456963278484502,-0.2728390045851887,-0.4049377010249409,-0.25829565780049885,0.4765586866855641,0.3725726150935882,1.0509780509188227,True,,dead_geometry,no_window,28,16,0.05,-0.08,-0.2,13.1899754096907,False,8.000076903692708,11.318147387038726,0.020000183370540103
phase30_endpoint_crossing_quality_search,1.05,165.0,10000.0,1.0,False,False,False,False,,,,,,,,,False,False,dead_geometry,no_window,0.0,,,False,0,,375000108837.1797,387143990402.5879,1211.9630592568572,100000,False,True,max_steps,coast_arc,"{""burn_a"": 6, ""coast_arc"": 99994}","{""intercept_possible_poor_alignment"": 100000}",0.04761904761904765,0.09697752072995063,-0.010220561444707415,-0.10650470137947908,0.09697395030696519,0.10650133143454116,0.9627703547200446,False,False,0,6,0,99994,0,1,0,0,0,0,0,0,0,False,0.0,,endpoint_crossing_quality_search,6,1.0500000759873926,0.050000075987392575,0.28314787809137504,-0.1337689618637329,-0.07423283461802173,-0.09045734413428165,0.33364909740390547,0.6203039798471969,1.241489791063897,True,,dead_geometry,no_window,12,6,0.05,0.08,-0.2,15.738814379329817,False,20.000043375964687,24.688807310539758,0.050000092213652474
phase30_endpoint_crossing_quality_search,0.98,170.0,10000.0,1.0,False,False,False,False,,,,,,,,,False,False,window_no_crossing,dead_window_no_crossing,0.0,,,False,0,,149446107551.21387,149446107551.21387,55.40255419120637,100000,False,True,max_steps,phase76_handoff,"{""burn_a"": 6, ""burn_b"": 46, ""coast_arc"": 1, ""phase76_handoff"": 99947}","{""insertion_window"": 99526, ""intercept_possible_poor_alignment"": 13, ""no_intercept_possible"": 461}",0.020408163265306496,1.0156408849866219,-0.025090063551973553,-0.8455834524986457,1.0130772590260082,0.9994607354704379,1.095326406267061,False,False,0,6,46,1,0,1,1,1,1,1,0,1,0,True,0.0,1396806,endpoint_crossing_quality_search,6,0.9800000440549965,-0.019999955945003516,0.14484477402373805,0.07122199222353097,0.12768033039773846,0.04979759957174147,0.19656627397648727,0.9210313076969161,1.3717061711127845,True,2461489,dead_geometry,no_window,3,6,0.05,-0.08,0.2,12.15641039720772,False,7.999232166314584,10.593632112018835,0.01999808041578646
phase30_endpoint_crossing_quality_search,1.0,170.0,10000.0,1.0,True,True,True,True,-627.8014830847948,-3075.3016548794985,-0.1492219516037754,-0.7309675543558039,-43366.4140625,5.782188541666666e-09,7.4610975801887705,8.013550658069029,False,False,crossing_bad_sync,no_window,6.769451209905615,0.7638403911913622,0.018126425876468198,False,1,3843,15013.0810546875,48971.787109375,233.64182222797018,4059,True,False,success,phase76_handoff,"{""phase76_handoff"": 3843}","{""handoff_ready"": 212, ""insertion_window"": 1791, ""intercept_possible_poor_alignment"": 2056}",2.104654818683916e-16,1.3059133116941239e-08,-0.015192246987791962,-6.529566633759087e-09,0.9258990373606751,0.919683014238784,1.000000000000005,False,False,0,0,0,0,0,1,0,0,0,0,0,0,3843,True,0.9467849223946785,0,endpoint_crossing_quality_search,,,,,,,,,,,,,crossing_bad_sync,no_window,51,26,0.05,-0.08,0.2,8.844610280118388,False,1.5286817267664883,1.6962788910677,1.3289574583333333e-07
phase30_endpoint_crossing_quality_search,1.02,170.0,10000.0,1.0,False,False,False,False,,,,,,,,,False,False,dead_geometry,no_window,0.0,,,False,0,,150000069764.90918,155667404869.33594,564.5367889881231,100000,False,True,max_steps,coast_arc,"{""burn_a"": 6, ""coast_arc"": 99994}","{""intercept_possible_poor_alignment"": 100000}",0.01960784313725499,0.1620838721465828,-0.005392923511594131,-0.09892608671375858,0.16207799989035407,0.09892281305302329,0.974040781665123,False,False,0,6,0,99994,0,1,0,0,0,0,0,0,0,False,0.0,,endpoint_crossing_quality_search,6,1.0200000430806597,0.020000043080659634,0.14137089190853758,-0.10131104370167612,-0.13315666165833756,-0.08333722585959663,0.21872751311681224,0.6894655552214829,1.075515464325334,True,,dead_geometry,no_window,4,6,0.05,-0.08,-0.2,12.2311496011649,False,8.000023302141562,10.485915335980241,0.02000005066800703
phase30_endpoint_crossing_quality_search,1.05,170.0,10000.0,1.0,False,False,False,False,,,,,,,,,False,False,dead_geometry,no_window,0.0,,,False,0,,375000068724.0371,380564364034.96094,554.3322232557416,100000,False,True,max_steps,coast_arc,"{""burn_a"": 6, ""coast_arc"": 99994}","{""intercept_possible_poor_alignment"": 100000}",0.047619047619047436,0.13131790764871532,0.009127655905139585,-0.08715648259387823,0.13131302086631866,0.08715329520212353,0.9597933985165847,False,False,0,6,0,99994,0,1,0,0,0,0,0,0,0,False,0.0,,endpoint_crossing_quality_search,6,1.050000042386745,0.050000042386745054,0.13889684618566953,-0.11534206034283344,-0.10284982379106514,-0.07110912586220454,0.22004313519835958,0.7072194672167833,1.1062640704828157,True,,dead_geometry,no_window,4,6,0.05,-0.08,-0.2,15.660890544229387,False,20.00002291354948,21.079672663144553,0.05000004983530964
phase30_endpoint_crossing_quality_search,0.98,175.0,10000.0,1.0,False,False,False,False,,,,,,,,,False,False,window_no_crossing,dead_window_no_crossing,0.0,,,False,0,,149446372218.13477,149446372218.13477,55.40255419113244,100000,False,True,max_steps,phase76_handoff,"{""burn_a"": 6, ""burn_b"": 46, ""coast_arc"": 1, ""phase76_handoff"": 99947}","{""insertion_window"": 99526, ""intercept_possible_poor_alignment"": 13, ""no_intercept_possible"": 461}",0.020408163265306287,1.0156409584691264,-0.013817563036137981,-0.8455834580693562,1.013077743974203,0.9994612239359505,1.099208349191383,False,False,0,6,46,1,0,1,1,1,1,1,0,1,0,True,0.0,1396809,endpoint_crossing_quality_search,6,0.9800000195495042,-0.019999980450495832,0.05747422769517317,0.0827245695630656,0.13477949456523974,0.06107009933853285,0.16085521723163998,0.9698623385569236,1.3416871305521447,True,6203375,dead_geometry,no_window,3,6,0.05,-0.08,0.2,11.743737623334697,False,7.999714433446667,8.410983345294857,0.019999286083616667
phase30_endpoint_crossing_quality_search,1.0,175.0,10000.0,1.0,True,True,True,True,-75.56244302967407,-3051.944929061562,-0.017960415068522723,-0.7254159010011462,-4019.8388671875,5.35978515625e-10,2.9016636040045847,3.037448426622083,False,True,near_recoverable_crossing,no_window,11.049168197997707,0.6018852194191227,0.016617452634956786,False,1,44,1625.736328125,2204.3291015625,8.84814968539807,260,True,False,success,phase76_handoff,"{""phase76_handoff"": 44}","{""handoff_ready"": 212, ""insertion_window"": 27, ""intercept_possible_poor_alignment"": 21}",2.104654818683916e-16,5.878098861721584e-10,-0.0038053019082545138,-2.9390490934242894e-10,0.172384283833011,0.1599501633935743,1.0000000000000058,False,False,0,0,0,0,0,1,0,0,0,0,0,0,44,True,0.16923076923076924,0,endpoint_crossing_quality_search,,,,,,,,,,,,,near_recoverable_crossing,no_window,27,16,0.05,-0.08,0.2,1.9811009969353337,True,0.9629033757428744,1.1004536616133669,9.339622395833334e-11
phase30_endpoint_crossing_quality_search,1.02,175.0,10000.0,1.0,False,False,False,False,,,,,,,,,False,False,window_no_crossing,dead_window_no_crossing,0.0,,,False,0,,149448832271.18945,149448832271.18945,55.40087972343962,100000,False,True,max_steps,phase76_handoff,"{""burn_a"": 6, ""burn_b"": 46, ""coast_arc"": 80, ""phase76_handoff"": 99868}","{""insertion_window"": 99439, ""intercept_possible_good_alignment"": 2, ""intercept_possible_poor_alignment"": 559}",0.019607843137254777,0.9316628365150489,0.006107327294770394,-1.1740149231928974,0.9326222272008504,0.9987388025220036,1.0000027224979553,False,False,0,6,46,80,0,1,1,1,1,1,0,1,0,True,0.0,1396832,endpoint_crossing_quality_search,6,1.0200000190604723,0.020000019060472395,0.05573062578407111,-0.09003626633662784,-0.12964437785196053,-0.07183697431902178,0.16378798241434928,0.7402435969944128,1.030225091393199,True,,dead_geometry,no_window,4,6,0.05,-0.08,-0.2,11.754044813402233,False,8.000009850836927,8.3864373022099,0.020000021843782814
phase30_endpoint_crossing_quality_search,1.05,175.0,10000.0,1.0,False,False,False,False,,,,,,,,,False,False,window_no_crossing,dead_window_no_crossing,0.0,,,False,0,,374448717483.3408,374448717483.3408,55.40090741642968,100000,False,True,max_steps,phase76_handoff,"{""burn_a"": 6, ""burn_b"": 46, ""coast_arc"": 80, ""phase76_handoff"": 99868}","{""intercept_possible_good_alignment"": 4, ""intercept_possible_poor_alignment"": 99951, ""no_intercept_possible"": 45}",0.04761904761904765,0.8756298573667491,0.020795802465610375,-1.1791383167724214,0.8766694284248226,0.9987415398274834,1.000017014410686,False,False,0,6,46,80,0,1,1,1,1,0,0,1,0,True,0.0,3496784,endpoint_crossing_quality_search,6,1.05000001871219,0.050000018712190106,0.054488878104939006,-0.10422951937134826,-0.09938807901406879,-0.05944097857808813,0.16560476026698256,0.7589633321122629,1.0602304886844842,True,,dead_geometry,no_window,4,6,0.05,-0.08,-0.2,15.604080716893566,False,20.000009655798905,20.151412131409117,0.05000002142584401
phase30_endpoint_crossing_quality_search,0.98,150.0,12000.0,1.0,False,False,False,False,,,,,,,,,False,False,window_no_crossing,dead_window_no_crossing,0.0,,,False,0,,149333863049.86328,149333863049.86328,66.47631385666689,100000,False,True,max_steps,phase76_handoff,"{""burn_a"": 6, ""burn_b"": 46, ""coast_arc"": 1, ""phase76_handoff"": 99947}","{""insertion_window"": 99904, ""no_intercept_possible"": 96}",0.020408163265306076,1.0033688861326424,-0.1426785900258876,-1.1889810615566103,1.0011557916629434,0.9994667557874704,1.0874371084416183,False,False,0,6,46,1,0,1,1,1,1,1,0,1,0,True,0.0,705902,endpoint_crossing_quality_search,6,0.9800001354899255,-0.01999986451007448,0.4683965568264523,-0.0334831855758561,0.11273404263393359,-0.0528133909110478,0.45163954651901195,0.6180339152297113,1.6360816443677637,True,761176,dead_geometry,no_window,3,6,0.05,-0.08,0.2,14.996186347215048,False,23.052996320594588,24.40089258894984,0.019993631424665103
phase30_endpoint_crossing_quality_search,1.0,150.0,12000.0,1.0,True,True,True,True,-80.49851164523518,-3051.369756909111,-0.019133667779626447,-0.7252791884998071,-3681.29296875,4.908390625e-10,2.9011167539992284,3.0547866581952734,False,True,near_recoverable_crossing,no_window,11.049441623000385,0.6031837526262365,0.014364654403677601,False,3,114,148.345703125,755.0380859375,26.347138132160573,326,True,False,success,phase76_handoff,"{""phase76_handoff"": 114}","{""handoff_ready"": 209, ""insertion_window"": 68, ""intercept_possible_poor_alignment"": 49}",0.0,2.0133359507560395e-10,-0.13397459621556124,-1.0066672571051816e-10,0.34060435774997916,0.3252353379979766,1.0000000000000049,False,False,0,0,0,0,0,1,0,0,0,0,0,0,114,True,0.3496932515337423,0,endpoint_crossing_quality_search,,,,,,,,,,,,,near_recoverable_crossing,no_window,3,6,0.05,-0.08,0.2,14.65452256571281,False,22.79918564622305,22.799386916674745,1.59644833203125e-07
phase30_endpoint_crossing_quality_search,1.02,150.0,12000.0,1.0,False,False,False,False,,,,,,,,,False,False,dead_geometry,no_window,0.0,,,False,0,,150000211372.07617,172631583609.6289,2258.5344115335906,100000,False,True,max_steps,coast_arc,"{""burn_a"": 6, ""coast_arc"": 99994}","{""intercept_possible_poor_alignment"": 100000}",0.01960784313725499,0.11147959769552102,-0.12535721577320472,-0.23759701708662678,0.11147553820261606,0.23759308869348453,0.9780559119880657,False,False,0,6,0,99994,0,1,0,0,0,0,0,0,0,False,0.0,,endpoint_crossing_quality_search,6,1.0200001450298395,0.020000145029839454,0.5317533502116351,-0.23420636593611247,-0.09158251949514898,-0.21889038219190698,0.5779189542299422,0.3866689308704467,1.445533366510597,True,,dead_geometry,no_window,12,6,0.05,0.08,-0.2,15.628323456709735,False,26.95418475908732,28.134761513048108,0.02000017527034349
phase30_endpoint_crossing_quality_search,1.05,150.0,12000.0,1.0,False,False,False,False,,,,,,,,,False,False,dead_geometry,no_window,0.0,,,False,0,,375000208375.0029,397334359975.1211,2229.0477798573233,100000,False,True,max_steps,coast_arc,"{""burn_a"": 6, ""coast_arc"": 99994}","{""intercept_possible_poor_alignment"": 100000}",0.04761904761904765,0.08138003435219493,-0.11258803253505753,-0.22812900413295292,0.08137712151950748,0.22812496019885642,0.9638102646058669,False,False,0,6,0,99994,0,1,0,0,0,0,0,0,0,False,0.0,,endpoint_crossing_quality_search,6,1.0500001430317916,0.05000014303179154,0.5246296200687177,-0.24654503045442744,-0.06183101590747087,-0.20887217420913473,0.5791526283220099,0.3963411930648137,1.4871976846263257,True,,dead_geometry,no_window,12,6,0.05,0.08,-0.2,16.15526756180503,False,26.598012492805374,33.29555717981742,0.0500001728726862
phase30_endpoint_crossing_quality_search,0.98,165.0,12000.0,1.0,False,False,False,False,,,,,,,,,False,False,window_no_crossing,dead_window_no_crossing,0.0,,,False,0,,149334141444.8672,149334141444.8672,66.47840767217372,100000,False,True,max_steps,phase76_handoff,"{""burn_a"": 16, ""burn_b"": 46, ""coast_arc"": 1, ""phase76_handoff"": 99937}","{""insertion_window"": 99904, ""intercept_possible_poor_alignment"": 1, ""no_intercept_possible"": 95}",0.020408163265306076,0.9989488569588899,-0.04378221735089306,-1.1997564072177531,1.0011042739624685,0.9993818210838784,1.2773207148648773,False,False,0,16,46,1,0,1,1,1,1,1,0,1,0,True,0.0,1363699,endpoint_crossing_quality_search,16,0.980000170608376,-0.019999829391624088,0.15140791485895022,0.2508297708894764,0.5466835011807608,0.2258133888737226,0.5646576473256218,0.9603496757967589,3.4515788668647867,True,2354775,dead_geometry,no_window,27,16,0.05,-0.08,0.2,13.21320098371928,False,7.999152649650469,10.818658133023094,0.019997881624126173
phase30_endpoint_crossing_quality_search,1.0,165.0,12000.0,1.0,True,True,True,True,-29.385295636110204,-3791.606204635221,-0.0069845823583089784,-0.9012257740911267,-579.7763671875,7.7303515625e-11,3.604903096364507,3.621779577911722,False,False,crossing_bad_sync,no_window,8.697548451817747,0.7293621181801756,0.02031839432766244,False,2,105,135.919921875,502.3330078125,21.192783332264064,318,True,False,success,phase76_handoff,"{""phase76_handoff"": 105}","{""handoff_ready"": 209, ""insertion_window"": 63, ""intercept_possible_poor_alignment"": 46}",2.104654818683916e-16,1.3396506758790487e-10,-0.034074173710931875,6.698273464708606e-11,0.3259054175294539,0.3132262829276735,1.0000000000000049,False,False,0,0,0,0,0,1,0,0,0,0,0,0,105,True,0.330188679245283,0,endpoint_crossing_quality_search,,,,,,,,,,,,,crossing_bad_sync,no_window,27,16,0.05,-0.08,0.2,11.717464158434481,False,7.0722184507460595,7.147907413025306,1.7633175950520832e-07
phase30_endpoint_crossing_quality_search,1.02,165.0,12000.0,1.0,False,False,False,False,,,,,,,,,False,False,dead_geometry,no_window,0.0,,,False,0,,150000101335.2871,156840418756.1416,679.0418291094292,100000,False,True,max_steps,coast_arc,"{""burn_a"": 6, ""coast_arc"": 99994}","{""intercept_possible_poor_alignment"": 100000}",0.019607843137254777,0.4078424891496228,-0.024462734730208335,-0.26016630802994267,0.40782852269049513,0.2601580584047991,0.9489716837957425,False,False,0,6,0,99994,0,1,0,0,0,0,0,0,0,False,0.0,,endpoint_crossing_quality_search,6,1.0200000589150733,0.020000058915073306,0.179241658036433,-0.23615923830327862,-0.34520391926576155,-0.2208823780676098,0.42828562258532177,0.42500201584807384,1.0617614193132205,True,,dead_geometry,no_window,16,6,0.105,-0.08,-0.2,13.252132518458858,False,8.191508751522782,11.502752931660702,0.020000068105551563
phase30_endpoint_crossing_quality_search,1.05,165.0,12000.0,1.0,False,False,False,False,,,,,,,,,False,False,dead_geometry,no_window,0.0,,,False,0,,375000109351.5713,387449152921.26953,1242.1513783579574,100000,False,True,max_steps,coast_arc,"{""burn_a"": 6, ""coast_arc"": 99994}","{""intercept_possible_poor_alignment"": 100000}",0.04761904761904765,0.12355584153420583,-0.010220561444707415,-0.12576152941045635,0.1235512820745856,0.12575748547652738,0.9601567316645016,False,False,0,6,0,99994,0,1,0,0,0,0,0,0,0,False,0.0,,endpoint_crossing_quality_search,6,1.050000077016175,0.05000007701617513,0.28926115228350074,-0.14905215831819202,-0.09697752156672686,-0.10650470069735372,0.3524850521373693,0.5902718470820041,1.232919568129091,True,,dead_geometry,no_window,12,6,0.05,0.08,-0.2,15.820367430322614,False,20.000044116688073,24.90732069718463,0.05000009365394792
phase30_endpoint_crossing_quality_search,0.98,170.0,12000.0,1.0,False,False,False,False,,,,,,,,,False,False,window_no_crossing,dead_window_no_crossing,0.0,,,False,0,,149335056460.70215,149335056460.70215,66.47631385778784,100000,False,True,max_steps,phase76_handoff,"{""burn_a"": 6, ""burn_b"": 46, ""coast_arc"": 1, ""phase76_handoff"": 99947}","{""insertion_window"": 99904, ""intercept_possible_poor_alignment"": 1, ""no_intercept_possible"": 95}",0.020408163265306496,1.003369218237199,-0.025090063551973553,-1.1889810287819604,1.0011583452294988,0.999463399900476,1.1126308050351743,False,False,0,6,46,1,0,1,1,1,1,1,0,1,0,True,0.0,2032565,endpoint_crossing_quality_search,6,0.980000043026214,-0.019999956973785937,0.13873150106078289,0.08650518920726802,0.1589237186308956,0.06477513217132758,0.2154833201400002,0.9327533034018782,1.4451522971988175,True,2569956,dead_geometry,no_window,3,6,0.05,-0.08,0.2,12.201033824425632,False,7.9992722461725,10.35992432267729,0.01999818061543125
phase30_endpoint_crossing_quality_search,1.0,170.0,12000.0,1.0,True,True,True,True,-30.099257367256808,-2552.5823086070577,-0.007154283714171683,-0.6067225452351612,-1052.3896484375,1.4031861979166667e-10,2.426890180940645,2.4531113690583384,False,True,near_recoverable_crossing,no_window,11.286554909529677,0.49396317678545365,0.010598707260321274,False,6,1010,10.53125,67.607421875,14.814055285645287,1222,True,False,success,phase76_handoff,"{""phase76_handoff"": 1010}","{""handoff_ready"": 209, ""insertion_window"": 560, ""intercept_possible_poor_alignment"": 453}",2.104654818683916e-16,1.8038365054494238e-11,-0.015192246987791962,9.019278608507897e-12,0.7941505641062065,0.769303524146656,1.0000000000000049,False,False,0,0,0,0,0,1,0,0,0,0,0,0,1010,True,0.8265139116202946,0,endpoint_crossing_quality_search,,,,,,,,,,,,,near_recoverable_crossing,no_window,27,16,0.05,-0.08,0.2,9.063405946174983,False,2.813677130507406,3.02580626117836,9.988847877604166e-08
phase30_endpoint_crossing_quality_search,1.02,170.0,12000.0,1.0,False,False,False,False,,,,,,,,,False,False,dead_geometry,no_window,0.0,,,False,0,,150000069250.51758,155355071319.82617,532.9508260489595,100000,False,True,max_steps,coast_arc,"{""burn_a"": 6, ""coast_arc"": 99994}","{""intercept_possible_poor_alignment"": 100000}",0.01960784313725499,0.19608122216387416,-0.005392923511594131,-0.11763271931017572,0.19607420172226167,0.11762879091728988,0.9708208553253982,False,False,0,6,0,99994,0,1,0,0,0,0,0,0,0,False,0.0,,endpoint_crossing_quality_search,6,1.020000042051876,0.020000042051875912,0.13525760879375698,-0.11659423867932339,-0.1620838730164238,-0.09892608630404046,0.23762231086222552,0.6560436013614653,1.0650025696077567,True,,dead_geometry,no_window,4,6,0.05,-0.08,-0.2,12.272874425900513,False,8.00002256141724,10.256780540283147,0.020000049227709895
phase30_endpoint_crossing_quality_search,1.05,170.0,12000.0,1.0,False,False,False,False,,,,,,,,,False,False,dead_geometry,no_window,0.0,,,False,0,,375000074382.34375,383955715660.3457,893.1386784134146,100000,False,True,max_steps,coast_arc,"{""burn_a"": 6, ""coast_arc"": 99994}","{""intercept_possible_poor_alignment"": 100000}",0.047619047619047436,0.1349281938629116,0.009127655905139585,-0.1064133107779576,0.13492319847870973,0.10640944939720406,0.9591692061585104,False,False,0,6,0,99994,0,1,0,0,0,0,0,0,0,False,0.0,,endpoint_crossing_quality_search,6,1.050000053703358,0.050000053703357944,0.2061429053689112,-0.1306252658864216,-0.10645448159186127,-0.0871564824924002,0.2793026533334394,0.6513574292090986,1.1562180592308693,True,,dead_geometry,no_window,12,6,0.05,0.08,-0.2,15.745804987842282,False,20.00003106151073,22.677947515803343,0.05000006567856784
phase30_endpoint_crossing_quality_search,0.98,175.0,12000.0,1.0,False,False,False,False,,,,,,,,,False,False,window_no_crossing,dead_window_no_crossing,0.0,,,False,0,,149335311838.1172,149335311838.1172,66.47631385802794,100000,False,True,max_steps,phase76_handoff,"{""burn_a"": 6, ""burn_b"": 46, ""coast_arc"": 1, ""phase76_handoff"": 99947}","{""insertion_window"": 99904, ""intercept_possible_poor_alignment"": 1, ""no_intercept_possible"": 95}",0.020408163265306287,1.0033692893042674,-0.013817563036137981,-1.1889810217681127,1.0011589167396768,0.9994639532607762,1.1172153626242014,False,False,0,6,46,1,0,1,1,1,1,1,0,1,0,True,0.0,4049661,endpoint_crossing_quality_search,6,0.9800000185207217,-0.019999981479278256,0.05136095479259395,0.09800776678817676,0.16744271564251945,0.07604763178830953,0.18973617349086827,0.9732229141859545,1.4290141901875708,True,6941737,dead_geometry,no_window,3,6,0.05,-0.08,0.2,11.821215432490245,False,7.999754513288437,8.310165451799193,0.019999386283221093
phase30_endpoint_crossing_quality_search,1.0,175.0,12000.0,1.0,True,True,True,True,-67.92548656141525,-2582.702318568411,-0.016145189110617915,-0.6138817616273774,-5157.419921875,6.876559895833333e-10,2.4555270465095096,2.584817383236934,False,True,near_recoverable_crossing,no_window,11.272236476745245,0.5104796369222995,0.010969941268989187,False,1,43,1216.3447265625,2626.7353515625,7.257112147984378,255,True,False,success,phase76_handoff,"{""phase76_handoff"": 43}","{""handoff_ready"": 209, ""insertion_window"": 26, ""intercept_possible_poor_alignment"": 20}",2.104654818683916e-16,7.004529062574584e-10,-0.0038053019082545138,-3.5022646825758274e-10,0.16585029829326867,0.15445766656619989,1.0000000000000049,False,False,0,0,0,0,0,1,0,0,0,0,0,0,43,True,0.16862745098039217,0,endpoint_crossing_quality_search,,,,,,,,,,,,,near_recoverable_crossing,no_window,15,6,0.105,-0.08,0.2,1.8477554295620575,True,0.9091065097343012,0.9466051079288085,6.0819921875e-11
phase30_endpoint_crossing_quality_search,1.02,175.0,12000.0,1.0,False,False,False,False,,,,,,,,,False,False,window_no_crossing,dead_window_no_crossing,0.0,,,False,0,,149337578285.83594,149337578285.83594,66.4878998073757,100000,False,True,max_steps,phase76_handoff,"{""burn_a"": 6, ""burn_b"": 46, ""coast_arc"": 80, ""phase76_handoff"": 99868}","{""insertion_window"": 99818, ""intercept_possible_good_alignment"": 2, ""intercept_possible_poor_alignment"": 180}",0.019607843137254777,0.9202343352665887,0.006107327294770394,-0.7955209229585148,0.9207685708296646,0.9987601234767026,1.0000027224531172,False,False,0,6,46,80,0,1,1,1,1,1,0,1,0,True,0.0,7494528,endpoint_crossing_quality_search,6,1.0200000180316888,0.02000001803168893,0.04961734261243111,-0.10531946151884737,-0.15786913243765313,-0.08742583461662319,0.1890404827677145,0.7003896161606611,1.026921306956717,True,,dead_geometry,no_window,4,6,0.05,-0.08,-0.2,11.824659543617635,False,8.000009110112709,8.28939687358825,0.020000020403485676
phase30_endpoint_crossing_quality_search,1.05,175.0,12000.0,1.0,False,False,False,False,,,,,,,,,False,False,window_no_crossing,dead_window_no_crossing,0.0,,,False,0,,374337464590.94336,374337464590.94336,66.48867826755168,100000,False,True,max_steps,phase76_handoff,"{""burn_a"": 6, ""burn_b"": 46, ""coast_arc"": 80, ""phase76_handoff"": 99868}","{""intercept_possible_good_alignment"": 3, ""intercept_possible_poor_alignment"": 99952, ""no_intercept_possible"": 45}",0.04761904761904765,0.8652347470397269,0.020795802465610375,-0.7923217840807858,0.8648146847207059,0.9987636007697677,1.0000170143036433,False,False,0,6,46,80,0,1,1,1,1,0,0,1,0,True,0.0,18523211,endpoint_crossing_quality_search,6,1.0500000176834066,0.05000001768340664,0.048375595136074166,-0.11951271460160526,-0.12716381473015947,-0.0754883347616709,0.19128119034694024,0.7174811674083641,1.056883812963895,True,,dead_geometry,no_window,4,6,0.05,-0.08,-0.2,15.694462194986372,False,20.000008915074634,20.112559252048367,0.050000019985547005
