source_phase,controller_name,case_id,family_label,window_quality_label,quality_score,r0_over_target,initial_velocity_angle_deg,thrust_scale,target_radius_scale,initial_radius_ratio,initial_vr_ratio,initial_vt_error_ratio,initial_energy_error_ratio_reconstructed,initial_angular_momentum_error_ratio_reconstructed,initial_semi_major_axis_ratio,initial_periapsis_ratio,initial_apoapsis_ratio,initial_eccentricity_proxy,initial_orbit_crosses_target,initial_predicted_crossing_step,reported_initial_energy_error_ratio,reported_initial_angular_momentum_error_ratio,early_r_error_ratio,early_vr_ratio,early_vt_error_ratio,early_energy_error_ratio,early_angular_momentum_error_ratio,early_feature_source,insertion_windows,successful_insertion_windows,predicted_crossing_step,first_crossing_step,timing_offset_steps,crossing_radius_error_ratio,crossing_vr_ratio,crossing_vt_error_ratio,crossing_distance_to_recoverable,sync_error_at_crossing,min_distance_to_recoverable,best_vt_band,best_sync_band,recoverable_crossing,capture_entered,success,overspeed,instability,dominant_failure_variable,failure_cluster,missing_feature_notes
phase22,baseline_soft_linear_3e4,r0=0.98|angle=150|thrust=8000|target=1,dead_geometry,no_window,0.0,0.98,150.0,8000.0,1.0,0.98,0.5050762722761052,-0.12518223472029347,-0.020408163265306076,-0.1426785900258876,0.9800000000000001,0.49000000000000005,1.4700000000000002,0.5000000000000001,True,705902.4201763618,0.020408163265306076,-0.12518223472029355,,,,,,,0,0,,,,,,,,,,,,False,False,False,False,False,,,burn_a_end_or_pre_burn_state_missing;sync_error_missing_without_crossing;distance_to_recoverable_missing_without_geometry
phase22,baseline_soft_linear_3e4,r0=1|angle=150|thrust=8000|target=1,crossing_bad_sync,no_window,8.981031086060865,1.0,150.0,8000.0,1.0,1.0,0.4999999999999998,-0.1339745962155612,0.0,-0.13397459621556124,1.0,0.5,1.5,0.5,True,,0.0,-0.1339745962155613,,,,,,,0,0,,128,,3.2180052083333334e-10,-0.009158290866034995,-0.7594844569695679,3.134710956393185,3.0379378278782716,3.0722551936681657,,,False,True,True,False,False,tangential_velocity,radius_close_but_vt_bad,burn_a_end_or_pre_burn_state_missing
phase22,baseline_soft_linear_3e4,r0=1.02|angle=150|thrust=8000|target=1,dead_geometry,no_window,0.0,1.02,150.0,8000.0,1.0,1.02,0.49507377148833703,-0.14250707428745554,0.01960784313725499,-0.12535721577320472,1.0200000000000002,0.5100000000000002,1.53,0.49999999999999983,True,,0.01960784313725499,-0.14250707428745557,,,,,,,0,0,,,,,,,,,,,,False,False,False,False,False,,,burn_a_end_or_pre_burn_state_missing;sync_error_missing_without_crossing;distance_to_recoverable_missing_without_geometry
phase22,baseline_soft_linear_3e4,r0=1.05|angle=150|thrust=8000|target=1,dead_geometry,no_window,0.0,1.05,150.0,8000.0,1.0,1.05,0.4879500364742664,-0.1548457452714833,0.04761904761904765,-0.11258803253505753,1.05,0.525,1.5750000000000002,0.5000000000000001,True,,0.04761904761904765,-0.15484574527148331,,,,,,,0,0,,,,,,,,,,,,False,False,False,False,False,,,burn_a_end_or_pre_burn_state_missing;sync_error_missing_without_crossing;distance_to_recoverable_missing_without_geometry
phase22,baseline_soft_linear_3e4,r0=0.98|angle=165|thrust=8000|target=1,dead_geometry,no_window,0.0,0.98,165.0,8000.0,1.0,0.98,0.26144671698888494,-0.02426756872540107,-0.020408163265306076,-0.04378221735089306,0.9800000000000001,0.7263573357995292,1.2336426642004712,0.25881904510252135,True,1363698.7569766094,0.020408163265306076,-0.024267568725401145,,,,,,,0,0,,,,,,,,,,,,False,False,False,False,False,,,burn_a_end_or_pre_burn_state_missing;sync_error_missing_without_crossing;distance_to_recoverable_missing_without_geometry
phase22,baseline_soft_linear_3e4,r0=1|angle=165|thrust=8000|target=1,crossing_bad_sync,no_window,8.986787046208741,1.0,165.0,8000.0,1.0,1.0,0.25881904510252096,-0.034074173710931834,-2.104654818683916e-16,-0.034074173710931875,0.9999999999999999,0.7411809548974788,1.2588190451025212,0.2588190451025212,True,,2.104654818683916e-16,-0.03407417371093191,,,,,,,0,0,,79,,8.035268229166667e-10,-0.017967470973745035,-0.756606476895629,3.1666781075799455,3.026425907582516,3.1569492880101326,,,False,True,True,False,False,tangential_velocity,energy_mismatch,burn_a_end_or_pre_burn_state_missing
phase22,baseline_soft_linear_3e4,r0=1.02|angle=165|thrust=8000|target=1,dead_geometry,no_window,0.0,1.02,165.0,8000.0,1.0,1.02,0.25626904158383024,-0.04359091640216505,0.019607843137254777,-0.024462734730208335,1.0199999999999998,0.7560045739954291,1.2839954260045705,0.2588190451025204,True,,0.019607843137254777,-0.04359091640216495,,,,,,,0,0,,,,,,,,,,,,False,False,False,False,False,,,burn_a_end_or_pre_burn_state_missing;sync_error_missing_without_crossing;distance_to_recoverable_missing_without_geometry
phase22,baseline_soft_linear_3e4,r0=1.05|angle=165|thrust=8000|target=1,dead_geometry,no_window,0.0,1.05,165.0,8000.0,1.0,1.05,0.25258152499601993,-0.05735291566162611,0.04761904761904765,-0.010220561444707415,1.05,0.7782400026423528,1.3217599973576475,0.2588190451025212,True,,0.04761904761904765,-0.057352915661626036,,,,,,,0,0,,,,,,,,,,,,False,False,False,False,False,,,burn_a_end_or_pre_burn_state_missing;sync_error_missing_without_crossing;distance_to_recoverable_missing_without_geometry
phase22,baseline_soft_linear_3e4,r0=0.98|angle=170|thrust=8000|target=1,dead_geometry,no_window,0.0,0.98,170.0,8000.0,1.0,0.98,0.17541114852710393,-0.005193942399973061,-0.020408163265306496,-0.025090063551973553,0.9799999999999996,0.8098247858864084,1.150175214113591,0.17364817766693,True,2032565.0106456443,0.020408163265306496,-0.005193942399973062,,,,,,,0,0,,,,,,,,,,,,False,False,False,False,False,,,burn_a_end_or_pre_burn_state_missing;sync_error_missing_without_crossing;distance_to_recoverable_missing_without_geometry
phase22,baseline_soft_linear_3e4,r0=1|angle=170|thrust=8000|target=1,crossing_bad_sync,no_window,8.25265772660792,1.0,170.0,8000.0,1.0,1.0,0.17364817766693022,-0.015192246987791968,-2.104654818683916e-16,-0.015192246987791962,0.9999999999999999,0.8263518223330696,1.1736481776669303,0.17364817766693036,True,,2.104654818683916e-16,-0.01519224698779198,,,,,,,0,0,,42,,3.4974778645833334e-10,-0.01640397336941329,-1.1236711366960404,3.6602346470497937,4.494684546784161,4.568907422005989,,,False,True,True,False,False,tangential_velocity,radius_close_but_vt_bad,burn_a_end_or_pre_burn_state_missing
phase22,baseline_soft_linear_3e4,r0=1.02|angle=170|thrust=8000|target=1,dead_geometry,no_window,0.0,1.02,170.0,8000.0,1.0,1.02,0.171937316459288,-0.02489502305058251,0.01960784313725499,-0.005392923511594131,1.0200000000000002,0.8428788587797316,1.1971211412202687,0.17364817766693,True,,0.01960784313725499,-0.024895023050582443,,,,,,,0,0,,,,,,,,,,,,False,False,False,False,False,,,burn_a_end_or_pre_burn_state_missing;sync_error_missing_without_crossing;distance_to_recoverable_missing_without_geometry
phase22,baseline_soft_linear_3e4,r0=1.05|angle=170|thrust=8000|target=1,dead_geometry,no_window,0.0,1.05,170.0,8000.0,1.0,1.05,0.16946326925253707,-0.03892604199510515,0.047619047619047436,0.009127655905139585,1.0499999999999998,0.867669413449723,1.2323305865502765,0.17364817766693028,True,,0.047619047619047436,-0.038926041995105076,,,,,,,0,0,,,,,,,,,,,,False,False,False,False,False,,,burn_a_end_or_pre_burn_state_missing;sync_error_missing_without_crossing;distance_to_recoverable_missing_without_geometry
phase22,baseline_soft_linear_3e4,r0=0.98|angle=175|thrust=8000|target=1,dead_geometry,no_window,0.0,0.98,175.0,8000.0,1.0,0.98,0.08804059530888479,0.006308609146798016,-0.020408163265306287,-0.013817563036137981,0.9799999999999999,0.8945873721072939,1.0654126278927059,0.08715574274765918,True,4049660.9742639633,0.020408163265306287,0.006308609146797872,,,,,,,0,0,,,,,,,,,,,,False,False,False,False,False,,,burn_a_end_or_pre_burn_state_missing;sync_error_missing_without_crossing;distance_to_recoverable_missing_without_geometry
phase22,baseline_soft_linear_3e4,r0=1|angle=175|thrust=8000|target=1,crossing_bad_sync,no_window,8.758148056422096,1.0,175.0,8000.0,1.0,1.0,0.08715574274765818,-0.003805301908254529,-2.104654818683916e-16,-0.0038053019082545138,0.9999999999999999,0.912844257252342,1.087155742747658,0.08715574274765796,True,,2.104654818683916e-16,-0.003805301908254566,,,,,,,0,0,,8,,1.0165911458333333e-10,-0.0073821690331051645,-0.8709259717889519,3.2972025479901705,3.4837038871558077,3.503203365845013,,,False,True,True,False,False,tangential_velocity,radius_close_but_vt_bad,burn_a_end_or_pre_burn_state_missing
phase22,baseline_soft_linear_3e4,r0=1.02|angle=175|thrust=8000|target=1,dead_geometry,no_window,0.0,1.02,175.0,8000.0,1.0,1.02,0.08629704453790087,-0.013620267358068197,0.019607843137254777,0.006107327294770394,1.0199999999999998,0.9311011423973901,1.1088988576026098,0.0871557427476567,True,,0.019607843137254777,-0.013620267358068205,,,,,,,0,0,,,,,,,,,,,,False,False,False,False,False,,,burn_a_end_or_pre_burn_state_missing;sync_error_missing_without_crossing;distance_to_recoverable_missing_without_geometry
phase22,baseline_soft_linear_3e4,r0=1.05|angle=175|thrust=8000|target=1,dead_geometry,no_window,0.0,1.05,175.0,8000.0,1.0,1.05,0.0850552957053232,-0.02781352146132346,0.04761904761904765,0.020795802465610375,1.05,0.9584864701149592,1.141513529885041,0.08715574274765797,True,,0.04761904761904765,-0.02781352146132343,,,,,,,0,0,,,,,,,,,,,,False,False,False,False,False,,,burn_a_end_or_pre_burn_state_missing;sync_error_missing_without_crossing;distance_to_recoverable_missing_without_geometry
phase22,baseline_soft_linear_3e4,r0=0.98|angle=150|thrust=10000|target=1,dead_geometry,no_window,0.0,0.98,150.0,10000.0,1.0,0.98,0.5050762722761052,-0.12518223472029347,-0.020408163265306076,-0.1426785900258876,0.9800000000000001,0.49000000000000005,1.4700000000000002,0.5000000000000001,True,705902.4201763618,0.020408163265306076,-0.12518223472029355,,,,,,,0,0,,,,,,,,,,,,False,False,False,False,False,,,burn_a_end_or_pre_burn_state_missing;sync_error_missing_without_crossing;distance_to_recoverable_missing_without_geometry
phase22,baseline_soft_linear_3e4,r0=1|angle=150|thrust=10000|target=1,crossing_bad_sync,no_window,8.85386731501329,1.0,150.0,10000.0,1.0,1.0,0.4999999999999998,-0.1339745962155612,0.0,-0.13397459621556124,1.0,0.5,1.5,0.5,True,,0.0,-0.1339745962155613,,,,,,,0,0,,1711,,5.090514322916666e-10,-0.013502334433540864,-0.823066342493355,3.828995307954149,3.29226536997342,3.360772806098951,,,False,True,True,False,False,tangential_velocity,radius_close_but_vt_bad,burn_a_end_or_pre_burn_state_missing
phase22,baseline_soft_linear_3e4,r0=1.02|angle=150|thrust=10000|target=1,dead_geometry,no_window,0.0,1.02,150.0,10000.0,1.0,1.02,0.49507377148833703,-0.14250707428745554,0.01960784313725499,-0.12535721577320472,1.0200000000000002,0.5100000000000002,1.53,0.49999999999999983,True,,0.01960784313725499,-0.14250707428745557,,,,,,,0,0,,,,,,,,,,,,False,False,False,False,False,,,burn_a_end_or_pre_burn_state_missing;sync_error_missing_without_crossing;distance_to_recoverable_missing_without_geometry
phase22,baseline_soft_linear_3e4,r0=1.05|angle=150|thrust=10000|target=1,dead_geometry,no_window,0.0,1.05,150.0,10000.0,1.0,1.05,0.4879500364742664,-0.1548457452714833,0.04761904761904765,-0.11258803253505753,1.05,0.525,1.5750000000000002,0.5000000000000001,True,,0.04761904761904765,-0.15484574527148331,,,,,,,0,0,,,,,,,,,,,,False,False,False,False,False,,,burn_a_end_or_pre_burn_state_missing;sync_error_missing_without_crossing;distance_to_recoverable_missing_without_geometry
phase22,baseline_soft_linear_3e4,r0=0.98|angle=165|thrust=10000|target=1,dead_geometry,no_window,0.0,0.98,165.0,10000.0,1.0,0.98,0.26144671698888494,-0.02426756872540107,-0.020408163265306076,-0.04378221735089306,0.9800000000000001,0.7263573357995292,1.2336426642004712,0.25881904510252135,True,1363698.7569766094,0.020408163265306076,-0.024267568725401145,,,,,,,0,0,,,,,,,,,,,,False,False,False,False,False,,,burn_a_end_or_pre_burn_state_missing;sync_error_missing_without_crossing;distance_to_recoverable_missing_without_geometry
phase22,baseline_soft_linear_3e4,r0=1|angle=165|thrust=10000|target=1,near_recoverable_crossing,no_window,11.06184958727624,1.0,165.0,10000.0,1.0,1.0,0.25881904510252096,-0.034074173710931834,-2.104654818683916e-16,-0.034074173710931875,0.9999999999999999,0.7411809548974788,1.2588190451025212,0.2588190451025212,True,,2.104654818683916e-16,-0.03407417371093191,,,,,,,0,0,,41,,3.364330729166667e-10,-0.010602987744017904,-0.7190752063618795,3.79942093563033,2.876300825447518,2.9247503844293403,,,False,True,True,False,False,tangential_velocity,radius_close_but_vt_bad,burn_a_end_or_pre_burn_state_missing
phase22,baseline_soft_linear_3e4,r0=1.02|angle=165|thrust=10000|target=1,dead_geometry,no_window,0.0,1.02,165.0,10000.0,1.0,1.02,0.25626904158383024,-0.04359091640216505,0.019607843137254777,-0.024462734730208335,1.0199999999999998,0.7560045739954291,1.2839954260045705,0.2588190451025204,True,,0.019607843137254777,-0.04359091640216495,,,,,,,0,0,,,,,,,,,,,,False,False,False,False,False,,,burn_a_end_or_pre_burn_state_missing;sync_error_missing_without_crossing;distance_to_recoverable_missing_without_geometry
phase22,baseline_soft_linear_3e4,r0=1.05|angle=165|thrust=10000|target=1,dead_geometry,no_window,0.0,1.05,165.0,10000.0,1.0,1.05,0.25258152499601993,-0.05735291566162611,0.04761904761904765,-0.010220561444707415,1.05,0.7782400026423528,1.3217599973576475,0.2588190451025212,True,,0.04761904761904765,-0.057352915661626036,,,,,,,0,0,,,,,,,,,,,,False,False,False,False,False,,,burn_a_end_or_pre_burn_state_missing;sync_error_missing_without_crossing;distance_to_recoverable_missing_without_geometry
phase22,baseline_soft_linear_3e4,r0=0.98|angle=170|thrust=10000|target=1,dead_geometry,no_window,0.0,0.98,170.0,10000.0,1.0,0.98,0.17541114852710393,-0.005193942399973061,-0.020408163265306496,-0.025090063551973553,0.9799999999999996,0.8098247858864084,1.150175214113591,0.17364817766693,True,2032565.0106456443,0.020408163265306496,-0.005193942399973062,,,,,,,0,0,,,,,,,,,,,,False,False,False,False,False,,,burn_a_end_or_pre_burn_state_missing;sync_error_missing_without_crossing;distance_to_recoverable_missing_without_geometry
phase22,baseline_soft_linear_3e4,r0=1|angle=170|thrust=10000|target=1,crossing_bad_sync,no_window,8.56867597707575,1.0,170.0,10000.0,1.0,1.0,0.17364817766693022,-0.015192246987791968,-2.104654818683916e-16,-0.015192246987791962,0.9999999999999999,0.8263518223330696,1.1736481776669303,0.17364817766693036,True,,2.104654818683916e-16,-0.01519224698779198,,,,,,,0,0,,26,,1.8694466145833333e-10,-0.0035620692457484443,-0.9656620114621247,8.013550658069029,3.862648045848499,3.8667519663635006,,,False,True,True,False,False,radial_velocity,radius_close_but_vr_bad,burn_a_end_or_pre_burn_state_missing
phase22,baseline_soft_linear_3e4,r0=1.02|angle=170|thrust=10000|target=1,dead_geometry,no_window,0.0,1.02,170.0,10000.0,1.0,1.02,0.171937316459288,-0.02489502305058251,0.01960784313725499,-0.005392923511594131,1.0200000000000002,0.8428788587797316,1.1971211412202687,0.17364817766693,True,,0.01960784313725499,-0.024895023050582443,,,,,,,0,0,,,,,,,,,,,,False,False,False,False,False,,,burn_a_end_or_pre_burn_state_missing;sync_error_missing_without_crossing;distance_to_recoverable_missing_without_geometry
phase22,baseline_soft_linear_3e4,r0=1.05|angle=170|thrust=10000|target=1,dead_geometry,no_window,0.0,1.05,170.0,10000.0,1.0,1.05,0.16946326925253707,-0.03892604199510515,0.047619047619047436,0.009127655905139585,1.0499999999999998,0.867669413449723,1.2323305865502765,0.17364817766693028,True,,0.047619047619047436,-0.038926041995105076,,,,,,,0,0,,,,,,,,,,,,False,False,False,False,False,,,burn_a_end_or_pre_burn_state_missing;sync_error_missing_without_crossing;distance_to_recoverable_missing_without_geometry
phase22,baseline_soft_linear_3e4,r0=0.98|angle=175|thrust=10000|target=1,dead_geometry,no_window,0.0,0.98,175.0,10000.0,1.0,0.98,0.08804059530888479,0.006308609146798016,-0.020408163265306287,-0.013817563036137981,0.9799999999999999,0.8945873721072939,1.0654126278927059,0.08715574274765918,True,4049660.9742639633,0.020408163265306287,0.006308609146797872,,,,,,,0,0,,,,,,,,,,,,False,False,False,False,False,,,burn_a_end_or_pre_burn_state_missing;sync_error_missing_without_crossing;distance_to_recoverable_missing_without_geometry
phase22,baseline_soft_linear_3e4,r0=1|angle=175|thrust=10000|target=1,crossing_bad_sync,no_window,8.787172710615126,1.0,175.0,10000.0,1.0,1.0,0.08715574274765818,-0.003805301908254529,-2.104654818683916e-16,-0.0038053019082545138,0.9999999999999999,0.912844257252342,1.087155742747658,0.08715574274765796,True,,2.104654818683916e-16,-0.003805301908254566,,,,,,,0,0,,7,,6.30357421875e-10,-0.01882271833073839,-0.8564136446924371,3.037448426622083,3.4256545787697483,3.5525830189373466,,,False,True,True,False,False,tangential_velocity,energy_mismatch,burn_a_end_or_pre_burn_state_missing
phase22,baseline_soft_linear_3e4,r0=1.02|angle=175|thrust=10000|target=1,dead_geometry,no_window,0.0,1.02,175.0,10000.0,1.0,1.02,0.08629704453790087,-0.013620267358068197,0.019607843137254777,0.006107327294770394,1.0199999999999998,0.9311011423973901,1.1088988576026098,0.0871557427476567,True,,0.019607843137254777,-0.013620267358068205,,,,,,,0,0,,,,,,,,,,,,False,False,False,False,False,,,burn_a_end_or_pre_burn_state_missing;sync_error_missing_without_crossing;distance_to_recoverable_missing_without_geometry
phase22,baseline_soft_linear_3e4,r0=1.05|angle=175|thrust=10000|target=1,dead_geometry,no_window,0.0,1.05,175.0,10000.0,1.0,1.05,0.0850552957053232,-0.02781352146132346,0.04761904761904765,0.020795802465610375,1.05,0.9584864701149592,1.141513529885041,0.08715574274765797,True,,0.04761904761904765,-0.02781352146132343,,,,,,,0,0,,,,,,,,,,,,False,False,False,False,False,,,burn_a_end_or_pre_burn_state_missing;sync_error_missing_without_crossing;distance_to_recoverable_missing_without_geometry
phase22,baseline_soft_linear_3e4,r0=0.98|angle=150|thrust=12000|target=1,dead_geometry,no_window,0.0,0.98,150.0,12000.0,1.0,0.98,0.5050762722761052,-0.12518223472029347,-0.020408163265306076,-0.1426785900258876,0.9800000000000001,0.49000000000000005,1.4700000000000002,0.5000000000000001,True,705902.4201763618,0.020408163265306076,-0.12518223472029355,,,,,,,0,0,,,,,,,,,,,,False,False,False,False,False,,,burn_a_end_or_pre_burn_state_missing;sync_error_missing_without_crossing;distance_to_recoverable_missing_without_geometry
phase22,baseline_soft_linear_3e4,r0=1|angle=150|thrust=12000|target=1,crossing_bad_sync,no_window,8.193311378206447,1.0,150.0,12000.0,1.0,1.0,0.4999999999999998,-0.1339745962155612,0.0,-0.13397459621556124,1.0,0.5,1.5,0.5,True,,0.0,-0.1339745962155613,,,,,,,0,0,,55,,1.6586809895833332e-10,-0.009462129762191896,-1.1533443108967762,3.0547866581952734,4.613377243587105,4.637572569862249,,,False,True,True,False,False,tangential_velocity,energy_mismatch,burn_a_end_or_pre_burn_state_missing
phase22,baseline_soft_linear_3e4,r0=1.02|angle=150|thrust=12000|target=1,dead_geometry,no_window,0.0,1.02,150.0,12000.0,1.0,1.02,0.49507377148833703,-0.14250707428745554,0.01960784313725499,-0.12535721577320472,1.0200000000000002,0.5100000000000002,1.53,0.49999999999999983,True,,0.01960784313725499,-0.14250707428745557,,,,,,,0,0,,,,,,,,,,,,False,False,False,False,False,,,burn_a_end_or_pre_burn_state_missing;sync_error_missing_without_crossing;distance_to_recoverable_missing_without_geometry
phase22,baseline_soft_linear_3e4,r0=1.05|angle=150|thrust=12000|target=1,dead_geometry,no_window,0.0,1.05,150.0,12000.0,1.0,1.05,0.4879500364742664,-0.1548457452714833,0.04761904761904765,-0.11258803253505753,1.05,0.525,1.5750000000000002,0.5000000000000001,True,,0.04761904761904765,-0.15484574527148331,,,,,,,0,0,,,,,,,,,,,,False,False,False,False,False,,,burn_a_end_or_pre_burn_state_missing;sync_error_missing_without_crossing;distance_to_recoverable_missing_without_geometry
phase22,baseline_soft_linear_3e4,r0=0.98|angle=165|thrust=12000|target=1,dead_geometry,no_window,0.0,0.98,165.0,12000.0,1.0,0.98,0.26144671698888494,-0.02426756872540107,-0.020408163265306076,-0.04378221735089306,0.9800000000000001,0.7263573357995292,1.2336426642004712,0.25881904510252135,True,1363698.7569766094,0.020408163265306076,-0.024267568725401145,,,,,,,0,0,,,,,,,,,,,,False,False,False,False,False,,,burn_a_end_or_pre_burn_state_missing;sync_error_missing_without_crossing;distance_to_recoverable_missing_without_geometry
phase22,baseline_soft_linear_3e4,r0=1|angle=165|thrust=12000|target=1,crossing_bad_sync,no_window,8.691565514151202,1.0,165.0,12000.0,1.0,1.0,0.25881904510252096,-0.034074173710931834,-2.104654818683916e-16,-0.034074173710931875,0.9999999999999999,0.7411809548974788,1.2588190451025212,0.2588190451025212,True,,2.104654818683916e-16,-0.03407417371093191,,,,,,,0,0,,47,,5.009018229166667e-10,-0.011859504757034702,-0.904217242924399,3.621779577911722,3.616868971697596,3.6651549477660814,,,False,True,True,False,False,tangential_velocity,radius_close_but_vt_bad,burn_a_end_or_pre_burn_state_missing
phase22,baseline_soft_linear_3e4,r0=1.02|angle=165|thrust=12000|target=1,dead_geometry,no_window,0.0,1.02,165.0,12000.0,1.0,1.02,0.25626904158383024,-0.04359091640216505,0.019607843137254777,-0.024462734730208335,1.0199999999999998,0.7560045739954291,1.2839954260045705,0.2588190451025204,True,,0.019607843137254777,-0.04359091640216495,,,,,,,0,0,,,,,,,,,,,,False,False,False,False,False,,,burn_a_end_or_pre_burn_state_missing;sync_error_missing_without_crossing;distance_to_recoverable_missing_without_geometry
phase22,baseline_soft_linear_3e4,r0=1.05|angle=165|thrust=12000|target=1,dead_geometry,no_window,0.0,1.05,165.0,12000.0,1.0,1.05,0.25258152499601993,-0.05735291566162611,0.04761904761904765,-0.010220561444707415,1.05,0.7782400026423528,1.3217599973576475,0.2588190451025212,True,,0.04761904761904765,-0.057352915661626036,,,,,,,0,0,,,,,,,,,,,,False,False,False,False,False,,,burn_a_end_or_pre_burn_state_missing;sync_error_missing_without_crossing;distance_to_recoverable_missing_without_geometry
phase22,baseline_soft_linear_3e4,r0=0.98|angle=170|thrust=12000|target=1,dead_geometry,no_window,0.0,0.98,170.0,12000.0,1.0,0.98,0.17541114852710393,-0.005193942399973061,-0.020408163265306496,-0.025090063551973553,0.9799999999999996,0.8098247858864084,1.150175214113591,0.17364817766693,True,2032565.0106456443,0.020408163265306496,-0.005193942399973062,,,,,,,0,0,,,,,,,,,,,,False,False,False,False,False,,,burn_a_end_or_pre_burn_state_missing;sync_error_missing_without_crossing;distance_to_recoverable_missing_without_geometry
phase22,baseline_soft_linear_3e4,r0=1|angle=170|thrust=12000|target=1,near_recoverable_crossing,no_window,11.243029930744823,1.0,170.0,12000.0,1.0,1.0,0.17364817766693022,-0.015192246987791968,-2.104654818683916e-16,-0.015192246987791962,0.9999999999999999,0.8263518223330696,1.1736481776669303,0.17364817766693036,True,,2.104654818683916e-16,-0.01519224698779198,,,,,,,0,0,,19,,6.632614583333334e-10,-0.014051701041181388,-0.628485034627588,2.4531113690583384,2.513940138510352,2.6102721650031753,,,False,True,True,False,False,tangential_velocity,energy_mismatch,burn_a_end_or_pre_burn_state_missing
phase22,baseline_soft_linear_3e4,r0=1.02|angle=170|thrust=12000|target=1,dead_geometry,no_window,0.0,1.02,170.0,12000.0,1.0,1.02,0.171937316459288,-0.02489502305058251,0.01960784313725499,-0.005392923511594131,1.0200000000000002,0.8428788587797316,1.1971211412202687,0.17364817766693,True,,0.01960784313725499,-0.024895023050582443,,,,,,,0,0,,,,,,,,,,,,False,False,False,False,False,,,burn_a_end_or_pre_burn_state_missing;sync_error_missing_without_crossing;distance_to_recoverable_missing_without_geometry
phase22,baseline_soft_linear_3e4,r0=1.05|angle=170|thrust=12000|target=1,dead_geometry,no_window,0.0,1.05,170.0,12000.0,1.0,1.05,0.16946326925253707,-0.03892604199510515,0.047619047619047436,0.009127655905139585,1.0499999999999998,0.867669413449723,1.2323305865502765,0.17364817766693028,True,,0.047619047619047436,-0.038926041995105076,,,,,,,0,0,,,,,,,,,,,,False,False,False,False,False,,,burn_a_end_or_pre_burn_state_missing;sync_error_missing_without_crossing;distance_to_recoverable_missing_without_geometry
phase22,baseline_soft_linear_3e4,r0=0.98|angle=175|thrust=12000|target=1,dead_geometry,no_window,0.0,0.98,175.0,12000.0,1.0,0.98,0.08804059530888479,0.006308609146798016,-0.020408163265306287,-0.013817563036137981,0.9799999999999999,0.8945873721072939,1.0654126278927059,0.08715574274765918,True,4049660.9742639633,0.020408163265306287,0.006308609146797872,,,,,,,0,0,,,,,,,,,,,,False,False,False,False,False,,,burn_a_end_or_pre_burn_state_missing;sync_error_missing_without_crossing;distance_to_recoverable_missing_without_geometry
phase22,baseline_soft_linear_3e4,r0=1|angle=175|thrust=12000|target=1,near_recoverable_crossing,no_window,10.69099869991594,1.0,175.0,12000.0,1.0,1.0,0.08715574274765818,-0.003805301908254529,-2.104654818683916e-16,-0.0038053019082545138,0.9999999999999999,0.912844257252342,1.087155742747658,0.08715574274765796,True,,2.104654818683916e-16,-0.003805301908254566,,,,,,,0,0,,25,,5.933188802083333e-10,-0.011788079594339244,-0.9045006500420295,2.584817383236934,3.618002600168118,3.665697732510076,,,False,True,True,False,False,tangential_velocity,energy_mismatch,burn_a_end_or_pre_burn_state_missing
phase22,baseline_soft_linear_3e4,r0=1.02|angle=175|thrust=12000|target=1,dead_geometry,no_window,0.0,1.02,175.0,12000.0,1.0,1.02,0.08629704453790087,-0.013620267358068197,0.019607843137254777,0.006107327294770394,1.0199999999999998,0.9311011423973901,1.1088988576026098,0.0871557427476567,True,,0.019607843137254777,-0.013620267358068205,,,,,,,0,0,,,,,,,,,,,,False,False,False,False,False,,,burn_a_end_or_pre_burn_state_missing;sync_error_missing_without_crossing;distance_to_recoverable_missing_without_geometry
phase22,baseline_soft_linear_3e4,r0=1.05|angle=175|thrust=12000|target=1,dead_geometry,no_window,0.0,1.05,175.0,12000.0,1.0,1.05,0.0850552957053232,-0.02781352146132346,0.04761904761904765,0.020795802465610375,1.05,0.9584864701149592,1.141513529885041,0.08715574274765797,True,,0.04761904761904765,-0.02781352146132343,,,,,,,0,0,,,,,,,,,,,,False,False,False,False,False,,,burn_a_end_or_pre_burn_state_missing;sync_error_missing_without_crossing;distance_to_recoverable_missing_without_geometry
phase22,phase22_two_burn_transfer,r0=0.98|angle=150|thrust=8000|target=1,window_no_crossing,dead_window_no_crossing,0.0,0.98,150.0,8000.0,1.0,0.98,0.5050762722761052,-0.12518223472029347,-0.020408163265306076,-0.1426785900258876,0.9800000000000001,0.49000000000000005,1.4700000000000002,0.5000000000000001,True,705902.4201763618,0.020408163265306076,-0.1426785900258876,,,,,,,1,1,705902,,,,,,,,,,,False,False,False,False,False,,,burn_a_end_or_pre_burn_state_missing;sync_error_missing_without_crossing;distance_to_recoverable_missing_without_geometry
phase22,phase22_two_burn_transfer,r0=1|angle=150|thrust=8000|target=1,crossing_bad_sync,no_window,8.93980995139794,1.0,150.0,8000.0,1.0,1.0,0.4999999999999998,-0.1339745962155612,0.0,-0.13397459621556124,1.0,0.5,1.5,0.5,True,,0.0,-0.13397459621556124,,,,,,,0,0,0,631,,1.9467604166666666e-10,-0.005988015668111895,-0.7800950243010297,3.134710956393185,3.120380097204119,3.134710956393185,,,False,True,True,False,False,tangential_velocity,radius_close_but_vt_bad,burn_a_end_or_pre_burn_state_missing
phase22,phase22_two_burn_transfer,r0=1.02|angle=150|thrust=8000|target=1,dead_geometry,no_window,0.0,1.02,150.0,8000.0,1.0,1.02,0.49507377148833703,-0.14250707428745554,0.01960784313725499,-0.12535721577320472,1.0200000000000002,0.5100000000000002,1.53,0.49999999999999983,True,,0.01960784313725499,-0.12535721577320472,,,,,,,0,0,,,,,,,,,,,,False,False,False,False,False,,,burn_a_end_or_pre_burn_state_missing;sync_error_missing_without_crossing;distance_to_recoverable_missing_without_geometry
phase22,phase22_two_burn_transfer,r0=1.05|angle=150|thrust=8000|target=1,dead_geometry,no_window,0.0,1.05,150.0,8000.0,1.0,1.05,0.4879500364742664,-0.1548457452714833,0.04761904761904765,-0.11258803253505753,1.05,0.525,1.5750000000000002,0.5000000000000001,True,,0.04761904761904765,-0.11258803253505753,,,,,,,0,0,,,,,,,,,,,,False,False,False,False,False,,,burn_a_end_or_pre_burn_state_missing;sync_error_missing_without_crossing;distance_to_recoverable_missing_without_geometry
phase22,phase22_two_burn_transfer,r0=0.98|angle=165|thrust=8000|target=1,window_no_crossing,dead_window_no_crossing,0.0,0.98,165.0,8000.0,1.0,0.98,0.26144671698888494,-0.02426756872540107,-0.020408163265306076,-0.04378221735089306,0.9800000000000001,0.7263573357995292,1.2336426642004712,0.25881904510252135,True,1363698.7569766094,0.020408163265306076,-0.04378221735089306,,,,,,,1,1,1363699,,,,,,,,,,,False,False,False,False,False,,,burn_a_end_or_pre_burn_state_missing;sync_error_missing_without_crossing;distance_to_recoverable_missing_without_geometry
phase22,phase22_two_burn_transfer,r0=1|angle=165|thrust=8000|target=1,near_recoverable_crossing,no_window,11.00564757860189,1.0,165.0,8000.0,1.0,1.0,0.25881904510252096,-0.034074173710931834,-2.104654818683916e-16,-0.034074173710931875,0.9999999999999999,0.7411809548974788,1.2588190451025212,0.2588190451025212,True,,2.104654818683916e-16,-0.034074173710931875,,,,,,,0,0,1,182,,3.5278919270833335e-10,-0.020933166025926386,-0.7471762106990555,3.1666781075799455,2.988704842796222,3.1666781075799455,,,False,True,True,False,False,tangential_velocity,energy_mismatch,burn_a_end_or_pre_burn_state_missing
phase22,phase22_two_burn_transfer,r0=1.02|angle=165|thrust=8000|target=1,dead_geometry,no_window,0.0,1.02,165.0,8000.0,1.0,1.02,0.25626904158383024,-0.04359091640216505,0.019607843137254777,-0.024462734730208335,1.0199999999999998,0.7560045739954291,1.2839954260045705,0.2588190451025204,True,,0.019607843137254777,-0.024462734730208335,,,,,,,0,0,,,,,,,,,,,,False,False,False,False,False,,,burn_a_end_or_pre_burn_state_missing;sync_error_missing_without_crossing;distance_to_recoverable_missing_without_geometry
phase22,phase22_two_burn_transfer,r0=1.05|angle=165|thrust=8000|target=1,dead_geometry,no_window,0.0,1.05,165.0,8000.0,1.0,1.05,0.25258152499601993,-0.05735291566162611,0.04761904761904765,-0.010220561444707415,1.05,0.7782400026423528,1.3217599973576475,0.2588190451025212,True,,0.04761904761904765,-0.010220561444707415,,,,,,,0,0,,,,,,,,,,,,False,False,False,False,False,,,burn_a_end_or_pre_burn_state_missing;sync_error_missing_without_crossing;distance_to_recoverable_missing_without_geometry
phase22,phase22_two_burn_transfer,r0=0.98|angle=170|thrust=8000|target=1,window_no_crossing,dead_window_no_crossing,0.0,0.98,170.0,8000.0,1.0,0.98,0.17541114852710393,-0.005193942399973061,-0.020408163265306496,-0.025090063551973553,0.9799999999999996,0.8098247858864084,1.150175214113591,0.17364817766693,True,2032565.0106456443,0.020408163265306496,-0.025090063551973553,,,,,,,1,1,2032565,,,,,,,,,,,False,False,False,False,False,,,burn_a_end_or_pre_burn_state_missing;sync_error_missing_without_crossing;distance_to_recoverable_missing_without_geometry
phase22,phase22_two_burn_transfer,r0=1|angle=170|thrust=8000|target=1,crossing_bad_sync,no_window,8.676726276183203,1.0,170.0,8000.0,1.0,1.0,0.17364817766693022,-0.015192246987791968,-2.104654818683916e-16,-0.015192246987791962,0.9999999999999999,0.8263518223330696,1.1736481776669303,0.17364817766693036,True,,2.104654818683916e-16,-0.015192246987791962,,,,,,,0,0,0,2307,,2.920735677083333e-10,-0.006324852049514541,-0.911636861908399,3.6602346470497937,3.646547447633596,3.6602346470497937,,,False,True,True,False,False,tangential_velocity,radius_close_but_vt_bad,burn_a_end_or_pre_burn_state_missing
phase22,phase22_two_burn_transfer,r0=1.02|angle=170|thrust=8000|target=1,dead_geometry,no_window,0.0,1.02,170.0,8000.0,1.0,1.02,0.171937316459288,-0.02489502305058251,0.01960784313725499,-0.005392923511594131,1.0200000000000002,0.8428788587797316,1.1971211412202687,0.17364817766693,True,,0.01960784313725499,-0.005392923511594131,,,,,,,0,0,,,,,,,,,,,,False,False,False,False,False,,,burn_a_end_or_pre_burn_state_missing;sync_error_missing_without_crossing;distance_to_recoverable_missing_without_geometry
phase22,phase22_two_burn_transfer,r0=1.05|angle=170|thrust=8000|target=1,dead_geometry,no_window,0.0,1.05,170.0,8000.0,1.0,1.05,0.16946326925253707,-0.03892604199510515,0.047619047619047436,0.009127655905139585,1.0499999999999998,0.867669413449723,1.2323305865502765,0.17364817766693028,True,,0.047619047619047436,0.009127655905139585,,,,,,,0,0,,,,,,,,,,,,False,False,False,False,False,,,burn_a_end_or_pre_burn_state_missing;sync_error_missing_without_crossing;distance_to_recoverable_missing_without_geometry
phase22,phase22_two_burn_transfer,r0=0.98|angle=175|thrust=8000|target=1,window_no_crossing,dead_window_no_crossing,0.0,0.98,175.0,8000.0,1.0,0.98,0.08804059530888479,0.006308609146798016,-0.020408163265306287,-0.013817563036137981,0.9799999999999999,0.8945873721072939,1.0654126278927059,0.08715574274765918,True,4049660.9742639633,0.020408163265306287,-0.013817563036137981,,,,,,,1,1,2807960,,,,,,,,,,,False,False,False,False,False,,,burn_a_end_or_pre_burn_state_missing;sync_error_missing_without_crossing;distance_to_recoverable_missing_without_geometry
phase22,phase22_two_burn_transfer,r0=1|angle=175|thrust=8000|target=1,crossing_bad_sync,no_window,8.86482222272753,1.0,175.0,8000.0,1.0,1.0,0.08715574274765818,-0.003805301908254529,-2.104654818683916e-16,-0.0038053019082545138,0.9999999999999999,0.912844257252342,1.087155742747658,0.08715574274765796,True,,2.104654818683916e-16,-0.0038053019082545138,,,,,,,0,0,1,86,,6.0556640625e-11,-0.00839807571601849,-0.8175888886362344,3.2972025479901705,3.2703555545449374,3.2972025479901705,,,False,True,True,False,False,tangential_velocity,radius_close_but_vt_bad,burn_a_end_or_pre_burn_state_missing
phase22,phase22_two_burn_transfer,r0=1.02|angle=175|thrust=8000|target=1,dead_geometry,no_window,0.0,1.02,175.0,8000.0,1.0,1.02,0.08629704453790087,-0.013620267358068197,0.019607843137254777,0.006107327294770394,1.0199999999999998,0.9311011423973901,1.1088988576026098,0.0871557427476567,True,,0.019607843137254777,0.006107327294770394,,,,,,,0,0,,,,,,,,,,,,False,False,False,False,False,,,burn_a_end_or_pre_burn_state_missing;sync_error_missing_without_crossing;distance_to_recoverable_missing_without_geometry
phase22,phase22_two_burn_transfer,r0=1.05|angle=175|thrust=8000|target=1,dead_geometry,no_window,0.0,1.05,175.0,8000.0,1.0,1.05,0.0850552957053232,-0.02781352146132346,0.04761904761904765,0.020795802465610375,1.05,0.9584864701149592,1.141513529885041,0.08715574274765797,True,,0.04761904761904765,0.020795802465610375,,,,,,,0,0,,,,,,,,,,,,False,False,False,False,False,,,burn_a_end_or_pre_burn_state_missing;sync_error_missing_without_crossing;distance_to_recoverable_missing_without_geometry
phase22,phase22_two_burn_transfer,r0=0.98|angle=150|thrust=10000|target=1,window_no_crossing,dead_window_no_crossing,0.0,0.98,150.0,10000.0,1.0,0.98,0.5050762722761052,-0.12518223472029347,-0.020408163265306076,-0.1426785900258876,0.9800000000000001,0.49000000000000005,1.4700000000000002,0.5000000000000001,True,705902.4201763618,0.020408163265306076,-0.1426785900258876,,,,,,,1,1,705902,,,,,,,,,,,False,False,False,False,False,,,burn_a_end_or_pre_burn_state_missing;sync_error_missing_without_crossing;distance_to_recoverable_missing_without_geometry
phase22,phase22_two_burn_transfer,r0=1|angle=150|thrust=10000|target=1,crossing_bad_sync,no_window,8.585865689396837,1.0,150.0,10000.0,1.0,1.0,0.4999999999999998,-0.1339745962155612,0.0,-0.13397459621556124,1.0,0.5,1.5,0.5,True,,0.0,-0.13397459621556124,,,,,,,0,0,0,413,,7.30203125e-11,-0.0014919024394221608,-0.9570671553015822,3.828995307954149,3.8282686212063286,3.828995307954149,,,False,True,True,False,False,tangential_velocity,radius_close_but_vt_bad,burn_a_end_or_pre_burn_state_missing
phase22,phase22_two_burn_transfer,r0=1.02|angle=150|thrust=10000|target=1,dead_geometry,no_window,0.0,1.02,150.0,10000.0,1.0,1.02,0.49507377148833703,-0.14250707428745554,0.01960784313725499,-0.12535721577320472,1.0200000000000002,0.5100000000000002,1.53,0.49999999999999983,True,,0.01960784313725499,-0.12535721577320472,,,,,,,0,0,,,,,,,,,,,,False,False,False,False,False,,,burn_a_end_or_pre_burn_state_missing;sync_error_missing_without_crossing;distance_to_recoverable_missing_without_geometry
phase22,phase22_two_burn_transfer,r0=1.05|angle=150|thrust=10000|target=1,dead_geometry,no_window,0.0,1.05,150.0,10000.0,1.0,1.05,0.4879500364742664,-0.1548457452714833,0.04761904761904765,-0.11258803253505753,1.05,0.525,1.5750000000000002,0.5000000000000001,True,,0.04761904761904765,-0.11258803253505753,,,,,,,0,0,,,,,,,,,,,,False,False,False,False,False,,,burn_a_end_or_pre_burn_state_missing;sync_error_missing_without_crossing;distance_to_recoverable_missing_without_geometry
phase22,phase22_two_burn_transfer,r0=0.98|angle=165|thrust=10000|target=1,window_no_crossing,dead_window_no_crossing,0.0,0.98,165.0,10000.0,1.0,0.98,0.26144671698888494,-0.02426756872540107,-0.020408163265306076,-0.04378221735089306,0.9800000000000001,0.7263573357995292,1.2336426642004712,0.25881904510252135,True,1363698.7569766094,0.020408163265306076,-0.04378221735089306,,,,,,,1,1,1363699,,,,,,,,,,,False,False,False,False,False,,,burn_a_end_or_pre_burn_state_missing;sync_error_missing_without_crossing;distance_to_recoverable_missing_without_geometry
phase22,phase22_two_burn_transfer,r0=1|angle=165|thrust=10000|target=1,crossing_bad_sync,no_window,8.601024110919587,1.0,165.0,10000.0,1.0,1.0,0.25881904510252096,-0.034074173710931834,-2.104654818683916e-16,-0.034074173710931875,0.9999999999999999,0.7411809548974788,1.2588190451025212,0.2588190451025212,True,,2.104654818683916e-16,-0.034074173710931875,,,,,,,0,0,0,243,,6.5148046875e-11,-0.0021129824297496515,-0.9494879445402064,3.79942093563033,3.7979517781608254,3.79942093563033,,,False,True,True,False,False,tangential_velocity,radius_close_but_vt_bad,burn_a_end_or_pre_burn_state_missing
phase22,phase22_two_burn_transfer,r0=1.02|angle=165|thrust=10000|target=1,dead_geometry,no_window,0.0,1.02,165.0,10000.0,1.0,1.02,0.25626904158383024,-0.04359091640216505,0.019607843137254777,-0.024462734730208335,1.0199999999999998,0.7560045739954291,1.2839954260045705,0.2588190451025204,True,,0.019607843137254777,-0.024462734730208335,,,,,,,0,0,,,,,,,,,,,,False,False,False,False,False,,,burn_a_end_or_pre_burn_state_missing;sync_error_missing_without_crossing;distance_to_recoverable_missing_without_geometry
phase22,phase22_two_burn_transfer,r0=1.05|angle=165|thrust=10000|target=1,dead_geometry,no_window,0.0,1.05,165.0,10000.0,1.0,1.05,0.25258152499601993,-0.05735291566162611,0.04761904761904765,-0.010220561444707415,1.05,0.7782400026423528,1.3217599973576475,0.2588190451025212,True,,0.04761904761904765,-0.010220561444707415,,,,,,,0,0,,,,,,,,,,,,False,False,False,False,False,,,burn_a_end_or_pre_burn_state_missing;sync_error_missing_without_crossing;distance_to_recoverable_missing_without_geometry
phase22,phase22_two_burn_transfer,r0=0.98|angle=170|thrust=10000|target=1,window_no_crossing,dead_window_no_crossing,0.0,0.98,170.0,10000.0,1.0,0.98,0.17541114852710393,-0.005193942399973061,-0.020408163265306496,-0.025090063551973553,0.9799999999999996,0.8098247858864084,1.150175214113591,0.17364817766693,True,2032565.0106456443,0.020408163265306496,-0.025090063551973553,,,,,,,1,1,1396797,,,,,,,,,,,False,False,False,False,False,,,burn_a_end_or_pre_burn_state_missing;sync_error_missing_without_crossing;distance_to_recoverable_missing_without_geometry
phase22,phase22_two_burn_transfer,r0=1|angle=170|thrust=10000|target=1,crossing_bad_sync,no_window,6.769451209905615,1.0,170.0,10000.0,1.0,1.0,0.17364817766693022,-0.015192246987791968,-2.104654818683916e-16,-0.015192246987791962,0.9999999999999999,0.8263518223330696,1.1736481776669303,0.17364817766693036,True,,2.104654818683916e-16,-0.015192246987791962,,,,,,,0,0,0,3843,,5.782188541666666e-09,-0.1492219516037754,-0.7309675543558039,8.013550658069029,7.4610975801887705,8.013550658069029,,,False,True,True,False,False,radial_velocity,radius_close_but_vr_bad,burn_a_end_or_pre_burn_state_missing
phase22,phase22_two_burn_transfer,r0=1.02|angle=170|thrust=10000|target=1,dead_geometry,no_window,0.0,1.02,170.0,10000.0,1.0,1.02,0.171937316459288,-0.02489502305058251,0.01960784313725499,-0.005392923511594131,1.0200000000000002,0.8428788587797316,1.1971211412202687,0.17364817766693,True,,0.01960784313725499,-0.005392923511594131,,,,,,,0,0,,,,,,,,,,,,False,False,False,False,False,,,burn_a_end_or_pre_burn_state_missing;sync_error_missing_without_crossing;distance_to_recoverable_missing_without_geometry
phase22,phase22_two_burn_transfer,r0=1.05|angle=170|thrust=10000|target=1,dead_geometry,no_window,0.0,1.05,170.0,10000.0,1.0,1.05,0.16946326925253707,-0.03892604199510515,0.047619047619047436,0.009127655905139585,1.0499999999999998,0.867669413449723,1.2323305865502765,0.17364817766693028,True,,0.047619047619047436,0.009127655905139585,,,,,,,0,0,,,,,,,,,,,,False,False,False,False,False,,,burn_a_end_or_pre_burn_state_missing;sync_error_missing_without_crossing;distance_to_recoverable_missing_without_geometry
phase22,phase22_two_burn_transfer,r0=0.98|angle=175|thrust=10000|target=1,window_no_crossing,dead_window_no_crossing,0.0,0.98,175.0,10000.0,1.0,0.98,0.08804059530888479,0.006308609146798016,-0.020408163265306287,-0.013817563036137981,0.9799999999999999,0.8945873721072939,1.0654126278927059,0.08715574274765918,True,4049660.9742639633,0.020408163265306287,-0.013817563036137981,,,,,,,1,1,1396804,,,,,,,,,,,False,False,False,False,False,,,burn_a_end_or_pre_burn_state_missing;sync_error_missing_without_crossing;distance_to_recoverable_missing_without_geometry
phase22,phase22_two_burn_transfer,r0=1|angle=175|thrust=10000|target=1,near_recoverable_crossing,no_window,11.049168197997707,1.0,175.0,10000.0,1.0,1.0,0.08715574274765818,-0.003805301908254529,-2.104654818683916e-16,-0.0038053019082545138,0.9999999999999999,0.912844257252342,1.087155742747658,0.08715574274765796,True,,2.104654818683916e-16,-0.0038053019082545138,,,,,,,0,0,0,44,,5.35978515625e-10,-0.017960415068522723,-0.7254159010011462,3.037448426622083,2.9016636040045847,3.037448426622083,,,False,True,True,False,False,tangential_velocity,energy_mismatch,burn_a_end_or_pre_burn_state_missing
phase22,phase22_two_burn_transfer,r0=1.02|angle=175|thrust=10000|target=1,dead_geometry,no_window,0.0,1.02,175.0,10000.0,1.0,1.02,0.08629704453790087,-0.013620267358068197,0.019607843137254777,0.006107327294770394,1.0199999999999998,0.9311011423973901,1.1088988576026098,0.0871557427476567,True,,0.019607843137254777,0.006107327294770394,,,,,,,0,0,,,,,,,,,,,,False,False,False,False,False,,,burn_a_end_or_pre_burn_state_missing;sync_error_missing_without_crossing;distance_to_recoverable_missing_without_geometry
phase22,phase22_two_burn_transfer,r0=1.05|angle=175|thrust=10000|target=1,dead_geometry,no_window,0.0,1.05,175.0,10000.0,1.0,1.05,0.0850552957053232,-0.02781352146132346,0.04761904761904765,0.020795802465610375,1.05,0.9584864701149592,1.141513529885041,0.08715574274765797,True,,0.04761904761904765,0.020795802465610375,,,,,,,0,0,,,,,,,,,,,,False,False,False,False,False,,,burn_a_end_or_pre_burn_state_missing;sync_error_missing_without_crossing;distance_to_recoverable_missing_without_geometry
phase22,phase22_two_burn_transfer,r0=0.98|angle=150|thrust=12000|target=1,window_no_crossing,dead_window_no_crossing,0.0,0.98,150.0,12000.0,1.0,0.98,0.5050762722761052,-0.12518223472029347,-0.020408163265306076,-0.1426785900258876,0.9800000000000001,0.49000000000000005,1.4700000000000002,0.5000000000000001,True,705902.4201763618,0.020408163265306076,-0.1426785900258876,,,,,,,1,1,705902,,,,,,,,,,,False,False,False,False,False,,,burn_a_end_or_pre_burn_state_missing;sync_error_missing_without_crossing;distance_to_recoverable_missing_without_geometry
phase22,phase22_two_burn_transfer,r0=1|angle=150|thrust=12000|target=1,near_recoverable_crossing,no_window,11.049441623000385,1.0,150.0,12000.0,1.0,1.0,0.4999999999999998,-0.1339745962155612,0.0,-0.13397459621556124,1.0,0.5,1.5,0.5,True,,0.0,-0.13397459621556124,,,,,,,0,0,0,114,,4.908390625e-10,-0.019133667779626447,-0.7252791884998071,3.0547866581952734,2.9011167539992284,3.0547866581952734,,,False,True,True,False,False,tangential_velocity,energy_mismatch,burn_a_end_or_pre_burn_state_missing
phase22,phase22_two_burn_transfer,r0=1.02|angle=150|thrust=12000|target=1,dead_geometry,no_window,0.0,1.02,150.0,12000.0,1.0,1.02,0.49507377148833703,-0.14250707428745554,0.01960784313725499,-0.12535721577320472,1.0200000000000002,0.5100000000000002,1.53,0.49999999999999983,True,,0.01960784313725499,-0.12535721577320472,,,,,,,0,0,,,,,,,,,,,,False,False,False,False,False,,,burn_a_end_or_pre_burn_state_missing;sync_error_missing_without_crossing;distance_to_recoverable_missing_without_geometry
phase22,phase22_two_burn_transfer,r0=1.05|angle=150|thrust=12000|target=1,dead_geometry,no_window,0.0,1.05,150.0,12000.0,1.0,1.05,0.4879500364742664,-0.1548457452714833,0.04761904761904765,-0.11258803253505753,1.05,0.525,1.5750000000000002,0.5000000000000001,True,,0.04761904761904765,-0.11258803253505753,,,,,,,0,0,,,,,,,,,,,,False,False,False,False,False,,,burn_a_end_or_pre_burn_state_missing;sync_error_missing_without_crossing;distance_to_recoverable_missing_without_geometry
phase22,phase22_two_burn_transfer,r0=0.98|angle=165|thrust=12000|target=1,window_no_crossing,dead_window_no_crossing,0.0,0.98,165.0,12000.0,1.0,0.98,0.26144671698888494,-0.02426756872540107,-0.020408163265306076,-0.04378221735089306,0.9800000000000001,0.7263573357995292,1.2336426642004712,0.25881904510252135,True,1363698.7569766094,0.020408163265306076,-0.04378221735089306,,,,,,,1,1,1363699,,,,,,,,,,,False,False,False,False,False,,,burn_a_end_or_pre_burn_state_missing;sync_error_missing_without_crossing;distance_to_recoverable_missing_without_geometry
phase22,phase22_two_burn_transfer,r0=1|angle=165|thrust=12000|target=1,crossing_bad_sync,no_window,8.697548451817747,1.0,165.0,12000.0,1.0,1.0,0.25881904510252096,-0.034074173710931834,-2.104654818683916e-16,-0.034074173710931875,0.9999999999999999,0.7411809548974788,1.2588190451025212,0.2588190451025212,True,,2.104654818683916e-16,-0.034074173710931875,,,,,,,0,0,0,105,,7.7303515625e-11,-0.0069845823583089784,-0.9012257740911267,3.621779577911722,3.604903096364507,3.621779577911722,,,False,True,True,False,False,tangential_velocity,radius_close_but_vt_bad,burn_a_end_or_pre_burn_state_missing
phase22,phase22_two_burn_transfer,r0=1.02|angle=165|thrust=12000|target=1,dead_geometry,no_window,0.0,1.02,165.0,12000.0,1.0,1.02,0.25626904158383024,-0.04359091640216505,0.019607843137254777,-0.024462734730208335,1.0199999999999998,0.7560045739954291,1.2839954260045705,0.2588190451025204,True,,0.019607843137254777,-0.024462734730208335,,,,,,,0,0,,,,,,,,,,,,False,False,False,False,False,,,burn_a_end_or_pre_burn_state_missing;sync_error_missing_without_crossing;distance_to_recoverable_missing_without_geometry
phase22,phase22_two_burn_transfer,r0=1.05|angle=165|thrust=12000|target=1,dead_geometry,no_window,0.0,1.05,165.0,12000.0,1.0,1.05,0.25258152499601993,-0.05735291566162611,0.04761904761904765,-0.010220561444707415,1.05,0.7782400026423528,1.3217599973576475,0.2588190451025212,True,,0.04761904761904765,-0.010220561444707415,,,,,,,0,0,,,,,,,,,,,,False,False,False,False,False,,,burn_a_end_or_pre_burn_state_missing;sync_error_missing_without_crossing;distance_to_recoverable_missing_without_geometry
phase22,phase22_two_burn_transfer,r0=0.98|angle=170|thrust=12000|target=1,window_no_crossing,dead_window_no_crossing,0.0,0.98,170.0,12000.0,1.0,0.98,0.17541114852710393,-0.005193942399973061,-0.020408163265306496,-0.025090063551973553,0.9799999999999996,0.8098247858864084,1.150175214113591,0.17364817766693,True,2032565.0106456443,0.020408163265306496,-0.025090063551973553,,,,,,,1,1,2032565,,,,,,,,,,,False,False,False,False,False,,,burn_a_end_or_pre_burn_state_missing;sync_error_missing_without_crossing;distance_to_recoverable_missing_without_geometry
phase22,phase22_two_burn_transfer,r0=1|angle=170|thrust=12000|target=1,near_recoverable_crossing,no_window,11.286554909529677,1.0,170.0,12000.0,1.0,1.0,0.17364817766693022,-0.015192246987791968,-2.104654818683916e-16,-0.015192246987791962,0.9999999999999999,0.8263518223330696,1.1736481776669303,0.17364817766693036,True,,2.104654818683916e-16,-0.015192246987791962,,,,,,,0,0,0,1010,,1.4031861979166667e-10,-0.007154283714171683,-0.6067225452351612,2.4531113690583384,2.426890180940645,2.4531113690583384,,,False,True,True,False,False,tangential_velocity,energy_mismatch,burn_a_end_or_pre_burn_state_missing
phase22,phase22_two_burn_transfer,r0=1.02|angle=170|thrust=12000|target=1,dead_geometry,no_window,0.0,1.02,170.0,12000.0,1.0,1.02,0.171937316459288,-0.02489502305058251,0.01960784313725499,-0.005392923511594131,1.0200000000000002,0.8428788587797316,1.1971211412202687,0.17364817766693,True,,0.01960784313725499,-0.005392923511594131,,,,,,,0,0,,,,,,,,,,,,False,False,False,False,False,,,burn_a_end_or_pre_burn_state_missing;sync_error_missing_without_crossing;distance_to_recoverable_missing_without_geometry
phase22,phase22_two_burn_transfer,r0=1.05|angle=170|thrust=12000|target=1,dead_geometry,no_window,0.0,1.05,170.0,12000.0,1.0,1.05,0.16946326925253707,-0.03892604199510515,0.047619047619047436,0.009127655905139585,1.0499999999999998,0.867669413449723,1.2323305865502765,0.17364817766693028,True,,0.047619047619047436,0.009127655905139585,,,,,,,0,0,,,,,,,,,,,,False,False,False,False,False,,,burn_a_end_or_pre_burn_state_missing;sync_error_missing_without_crossing;distance_to_recoverable_missing_without_geometry
phase22,phase22_two_burn_transfer,r0=0.98|angle=175|thrust=12000|target=1,window_no_crossing,dead_window_no_crossing,0.0,0.98,175.0,12000.0,1.0,0.98,0.08804059530888479,0.006308609146798016,-0.020408163265306287,-0.013817563036137981,0.9799999999999999,0.8945873721072939,1.0654126278927059,0.08715574274765918,True,4049660.9742639633,0.020408163265306287,-0.013817563036137981,,,,,,,1,1,4049661,,,,,,,,,,,False,False,False,False,False,,,burn_a_end_or_pre_burn_state_missing;sync_error_missing_without_crossing;distance_to_recoverable_missing_without_geometry
phase22,phase22_two_burn_transfer,r0=1|angle=175|thrust=12000|target=1,near_recoverable_crossing,no_window,11.272236476745245,1.0,175.0,12000.0,1.0,1.0,0.08715574274765818,-0.003805301908254529,-2.104654818683916e-16,-0.0038053019082545138,0.9999999999999999,0.912844257252342,1.087155742747658,0.08715574274765796,True,,2.104654818683916e-16,-0.0038053019082545138,,,,,,,0,0,0,43,,6.876559895833333e-10,-0.016145189110617915,-0.6138817616273774,2.584817383236934,2.4555270465095096,2.584817383236934,,,False,True,True,False,False,tangential_velocity,energy_mismatch,burn_a_end_or_pre_burn_state_missing
phase22,phase22_two_burn_transfer,r0=1.02|angle=175|thrust=12000|target=1,dead_geometry,no_window,0.0,1.02,175.0,12000.0,1.0,1.02,0.08629704453790087,-0.013620267358068197,0.019607843137254777,0.006107327294770394,1.0199999999999998,0.9311011423973901,1.1088988576026098,0.0871557427476567,True,,0.019607843137254777,0.006107327294770394,,,,,,,0,0,,,,,,,,,,,,False,False,False,False,False,,,burn_a_end_or_pre_burn_state_missing;sync_error_missing_without_crossing;distance_to_recoverable_missing_without_geometry
phase22,phase22_two_burn_transfer,r0=1.05|angle=175|thrust=12000|target=1,dead_geometry,no_window,0.0,1.05,175.0,12000.0,1.0,1.05,0.0850552957053232,-0.02781352146132346,0.04761904761904765,0.020795802465610375,1.05,0.9584864701149592,1.141513529885041,0.08715574274765797,True,,0.04761904761904765,0.020795802465610375,,,,,,,0,0,,,,,,,,,,,,False,False,False,False,False,,,burn_a_end_or_pre_burn_state_missing;sync_error_missing_without_crossing;distance_to_recoverable_missing_without_geometry
phase23,phase23_windowed_insertion_solver,r0=0.98|angle=150|thrust=8000|target=1,window_no_crossing,dead_window_no_crossing,0.0,0.98,150.0,8000.0,1.0,0.98,0.5050762722761052,-0.12518223472029347,-0.020408163265306076,-0.1426785900258876,0.9800000000000001,0.49000000000000005,1.4700000000000002,0.5000000000000001,True,705902.4201763618,0.020408163265306076,-0.1426785900258876,,,,,,,1,1,705902,,,,,,,,,,,False,False,False,False,False,,,burn_a_end_or_pre_burn_state_missing;sync_error_missing_without_crossing;distance_to_recoverable_missing_without_geometry
phase23,phase23_windowed_insertion_solver,r0=1|angle=150|thrust=8000|target=1,crossing_bad_sync,no_window,8.93980995139794,1.0,150.0,8000.0,1.0,1.0,0.4999999999999998,-0.1339745962155612,0.0,-0.13397459621556124,1.0,0.5,1.5,0.5,True,,0.0,-0.13397459621556124,,,,,,,0,0,0,631,,1.9467604166666666e-10,-0.005988015668111895,-0.7800950243010297,3.134710956393185,3.120380097204119,3.134710956393185,,,False,True,True,False,False,tangential_velocity,radius_close_but_vt_bad,burn_a_end_or_pre_burn_state_missing
phase23,phase23_windowed_insertion_solver,r0=1.02|angle=150|thrust=8000|target=1,dead_geometry,no_window,0.0,1.02,150.0,8000.0,1.0,1.02,0.49507377148833703,-0.14250707428745554,0.01960784313725499,-0.12535721577320472,1.0200000000000002,0.5100000000000002,1.53,0.49999999999999983,True,,0.01960784313725499,-0.12535721577320472,,,,,,,0,0,,,,,,,,,,,,False,False,False,False,False,,,burn_a_end_or_pre_burn_state_missing;sync_error_missing_without_crossing;distance_to_recoverable_missing_without_geometry
phase23,phase23_windowed_insertion_solver,r0=1.05|angle=150|thrust=8000|target=1,dead_geometry,no_window,0.0,1.05,150.0,8000.0,1.0,1.05,0.4879500364742664,-0.1548457452714833,0.04761904761904765,-0.11258803253505753,1.05,0.525,1.5750000000000002,0.5000000000000001,True,,0.04761904761904765,-0.11258803253505753,,,,,,,0,0,,,,,,,,,,,,False,False,False,False,False,,,burn_a_end_or_pre_burn_state_missing;sync_error_missing_without_crossing;distance_to_recoverable_missing_without_geometry
phase23,phase23_windowed_insertion_solver,r0=0.98|angle=165|thrust=8000|target=1,window_no_crossing,dead_window_no_crossing,0.0,0.98,165.0,8000.0,1.0,0.98,0.26144671698888494,-0.02426756872540107,-0.020408163265306076,-0.04378221735089306,0.9800000000000001,0.7263573357995292,1.2336426642004712,0.25881904510252135,True,1363698.7569766094,0.020408163265306076,-0.04378221735089306,,,,,,,1,1,1363699,,,,,,,,,,,False,False,False,False,False,,,burn_a_end_or_pre_burn_state_missing;sync_error_missing_without_crossing;distance_to_recoverable_missing_without_geometry
phase23,phase23_windowed_insertion_solver,r0=1|angle=165|thrust=8000|target=1,near_recoverable_crossing,no_window,11.00564757860189,1.0,165.0,8000.0,1.0,1.0,0.25881904510252096,-0.034074173710931834,-2.104654818683916e-16,-0.034074173710931875,0.9999999999999999,0.7411809548974788,1.2588190451025212,0.2588190451025212,True,,2.104654818683916e-16,-0.034074173710931875,,,,,,,0,0,1,182,,3.5278919270833335e-10,-0.020933166025926386,-0.7471762106990555,3.1666781075799455,2.988704842796222,3.1666781075799455,,,False,True,True,False,False,tangential_velocity,energy_mismatch,burn_a_end_or_pre_burn_state_missing
phase23,phase23_windowed_insertion_solver,r0=1.02|angle=165|thrust=8000|target=1,dead_geometry,no_window,0.0,1.02,165.0,8000.0,1.0,1.02,0.25626904158383024,-0.04359091640216505,0.019607843137254777,-0.024462734730208335,1.0199999999999998,0.7560045739954291,1.2839954260045705,0.2588190451025204,True,,0.019607843137254777,-0.024462734730208335,,,,,,,0,0,,,,,,,,,,,,False,False,False,False,False,,,burn_a_end_or_pre_burn_state_missing;sync_error_missing_without_crossing;distance_to_recoverable_missing_without_geometry
phase23,phase23_windowed_insertion_solver,r0=1.05|angle=165|thrust=8000|target=1,dead_geometry,no_window,0.0,1.05,165.0,8000.0,1.0,1.05,0.25258152499601993,-0.05735291566162611,0.04761904761904765,-0.010220561444707415,1.05,0.7782400026423528,1.3217599973576475,0.2588190451025212,True,,0.04761904761904765,-0.010220561444707415,,,,,,,0,0,,,,,,,,,,,,False,False,False,False,False,,,burn_a_end_or_pre_burn_state_missing;sync_error_missing_without_crossing;distance_to_recoverable_missing_without_geometry
phase23,phase23_windowed_insertion_solver,r0=0.98|angle=170|thrust=8000|target=1,window_no_crossing,dead_window_no_crossing,0.0,0.98,170.0,8000.0,1.0,0.98,0.17541114852710393,-0.005193942399973061,-0.020408163265306496,-0.025090063551973553,0.9799999999999996,0.8098247858864084,1.150175214113591,0.17364817766693,True,2032565.0106456443,0.020408163265306496,-0.025090063551973553,,,,,,,1,1,2032565,,,,,,,,,,,False,False,False,False,False,,,burn_a_end_or_pre_burn_state_missing;sync_error_missing_without_crossing;distance_to_recoverable_missing_without_geometry
phase23,phase23_windowed_insertion_solver,r0=1|angle=170|thrust=8000|target=1,crossing_bad_sync,no_window,8.676726276183203,1.0,170.0,8000.0,1.0,1.0,0.17364817766693022,-0.015192246987791968,-2.104654818683916e-16,-0.015192246987791962,0.9999999999999999,0.8263518223330696,1.1736481776669303,0.17364817766693036,True,,2.104654818683916e-16,-0.015192246987791962,,,,,,,0,0,0,2307,,2.920735677083333e-10,-0.006324852049514541,-0.911636861908399,3.6602346470497937,3.646547447633596,3.6602346470497937,,,False,True,True,False,False,tangential_velocity,radius_close_but_vt_bad,burn_a_end_or_pre_burn_state_missing
phase23,phase23_windowed_insertion_solver,r0=1.02|angle=170|thrust=8000|target=1,dead_geometry,no_window,0.0,1.02,170.0,8000.0,1.0,1.02,0.171937316459288,-0.02489502305058251,0.01960784313725499,-0.005392923511594131,1.0200000000000002,0.8428788587797316,1.1971211412202687,0.17364817766693,True,,0.01960784313725499,-0.005392923511594131,,,,,,,0,0,,,,,,,,,,,,False,False,False,False,False,,,burn_a_end_or_pre_burn_state_missing;sync_error_missing_without_crossing;distance_to_recoverable_missing_without_geometry
phase23,phase23_windowed_insertion_solver,r0=1.05|angle=170|thrust=8000|target=1,dead_geometry,no_window,0.0,1.05,170.0,8000.0,1.0,1.05,0.16946326925253707,-0.03892604199510515,0.047619047619047436,0.009127655905139585,1.0499999999999998,0.867669413449723,1.2323305865502765,0.17364817766693028,True,,0.047619047619047436,0.009127655905139585,,,,,,,0,0,,,,,,,,,,,,False,False,False,False,False,,,burn_a_end_or_pre_burn_state_missing;sync_error_missing_without_crossing;distance_to_recoverable_missing_without_geometry
phase23,phase23_windowed_insertion_solver,r0=0.98|angle=175|thrust=8000|target=1,window_no_crossing,dead_window_no_crossing,0.0,0.98,175.0,8000.0,1.0,0.98,0.08804059530888479,0.006308609146798016,-0.020408163265306287,-0.013817563036137981,0.9799999999999999,0.8945873721072939,1.0654126278927059,0.08715574274765918,True,4049660.9742639633,0.020408163265306287,-0.013817563036137981,,,,,,,1,1,2809753,,,,,,,,,,,False,False,False,False,False,,,burn_a_end_or_pre_burn_state_missing;sync_error_missing_without_crossing;distance_to_recoverable_missing_without_geometry
phase23,phase23_windowed_insertion_solver,r0=1|angle=175|thrust=8000|target=1,crossing_bad_sync,no_window,8.86482222272753,1.0,175.0,8000.0,1.0,1.0,0.08715574274765818,-0.003805301908254529,-2.104654818683916e-16,-0.0038053019082545138,0.9999999999999999,0.912844257252342,1.087155742747658,0.08715574274765796,True,,2.104654818683916e-16,-0.0038053019082545138,,,,,,,0,0,1,86,,6.0556640625e-11,-0.00839807571601849,-0.8175888886362344,3.2972025479901705,3.2703555545449374,3.2972025479901705,,,False,True,True,False,False,tangential_velocity,radius_close_but_vt_bad,burn_a_end_or_pre_burn_state_missing
phase23,phase23_windowed_insertion_solver,r0=1.02|angle=175|thrust=8000|target=1,dead_geometry,no_window,0.0,1.02,175.0,8000.0,1.0,1.02,0.08629704453790087,-0.013620267358068197,0.019607843137254777,0.006107327294770394,1.0199999999999998,0.9311011423973901,1.1088988576026098,0.0871557427476567,True,,0.019607843137254777,0.006107327294770394,,,,,,,0,0,,,,,,,,,,,,False,False,False,False,False,,,burn_a_end_or_pre_burn_state_missing;sync_error_missing_without_crossing;distance_to_recoverable_missing_without_geometry
phase23,phase23_windowed_insertion_solver,r0=1.05|angle=175|thrust=8000|target=1,dead_geometry,no_window,0.0,1.05,175.0,8000.0,1.0,1.05,0.0850552957053232,-0.02781352146132346,0.04761904761904765,0.020795802465610375,1.05,0.9584864701149592,1.141513529885041,0.08715574274765797,True,,0.04761904761904765,0.020795802465610375,,,,,,,0,0,,,,,,,,,,,,False,False,False,False,False,,,burn_a_end_or_pre_burn_state_missing;sync_error_missing_without_crossing;distance_to_recoverable_missing_without_geometry
phase23,phase23_windowed_insertion_solver,r0=0.98|angle=150|thrust=10000|target=1,window_no_crossing,dead_window_no_crossing,0.0,0.98,150.0,10000.0,1.0,0.98,0.5050762722761052,-0.12518223472029347,-0.020408163265306076,-0.1426785900258876,0.9800000000000001,0.49000000000000005,1.4700000000000002,0.5000000000000001,True,705902.4201763618,0.020408163265306076,-0.1426785900258876,,,,,,,1,1,705902,,,,,,,,,,,False,False,False,False,False,,,burn_a_end_or_pre_burn_state_missing;sync_error_missing_without_crossing;distance_to_recoverable_missing_without_geometry
phase23,phase23_windowed_insertion_solver,r0=1|angle=150|thrust=10000|target=1,crossing_bad_sync,no_window,8.585865689396837,1.0,150.0,10000.0,1.0,1.0,0.4999999999999998,-0.1339745962155612,0.0,-0.13397459621556124,1.0,0.5,1.5,0.5,True,,0.0,-0.13397459621556124,,,,,,,0,0,0,413,,7.30203125e-11,-0.0014919024394221608,-0.9570671553015822,3.828995307954149,3.8282686212063286,3.828995307954149,,,False,True,True,False,False,tangential_velocity,radius_close_but_vt_bad,burn_a_end_or_pre_burn_state_missing
phase23,phase23_windowed_insertion_solver,r0=1.02|angle=150|thrust=10000|target=1,dead_geometry,no_window,0.0,1.02,150.0,10000.0,1.0,1.02,0.49507377148833703,-0.14250707428745554,0.01960784313725499,-0.12535721577320472,1.0200000000000002,0.5100000000000002,1.53,0.49999999999999983,True,,0.01960784313725499,-0.12535721577320472,,,,,,,0,0,,,,,,,,,,,,False,False,False,False,False,,,burn_a_end_or_pre_burn_state_missing;sync_error_missing_without_crossing;distance_to_recoverable_missing_without_geometry
phase23,phase23_windowed_insertion_solver,r0=1.05|angle=150|thrust=10000|target=1,dead_geometry,no_window,0.0,1.05,150.0,10000.0,1.0,1.05,0.4879500364742664,-0.1548457452714833,0.04761904761904765,-0.11258803253505753,1.05,0.525,1.5750000000000002,0.5000000000000001,True,,0.04761904761904765,-0.11258803253505753,,,,,,,0,0,,,,,,,,,,,,False,False,False,False,False,,,burn_a_end_or_pre_burn_state_missing;sync_error_missing_without_crossing;distance_to_recoverable_missing_without_geometry
phase23,phase23_windowed_insertion_solver,r0=0.98|angle=165|thrust=10000|target=1,window_no_crossing,dead_window_no_crossing,0.0,0.98,165.0,10000.0,1.0,0.98,0.26144671698888494,-0.02426756872540107,-0.020408163265306076,-0.04378221735089306,0.9800000000000001,0.7263573357995292,1.2336426642004712,0.25881904510252135,True,1363698.7569766094,0.020408163265306076,-0.04378221735089306,,,,,,,1,1,1363699,,,,,,,,,,,False,False,False,False,False,,,burn_a_end_or_pre_burn_state_missing;sync_error_missing_without_crossing;distance_to_recoverable_missing_without_geometry
phase23,phase23_windowed_insertion_solver,r0=1|angle=165|thrust=10000|target=1,crossing_bad_sync,no_window,8.601024110919587,1.0,165.0,10000.0,1.0,1.0,0.25881904510252096,-0.034074173710931834,-2.104654818683916e-16,-0.034074173710931875,0.9999999999999999,0.7411809548974788,1.2588190451025212,0.2588190451025212,True,,2.104654818683916e-16,-0.034074173710931875,,,,,,,0,0,0,243,,6.5148046875e-11,-0.0021129824297496515,-0.9494879445402064,3.79942093563033,3.7979517781608254,3.79942093563033,,,False,True,True,False,False,tangential_velocity,radius_close_but_vt_bad,burn_a_end_or_pre_burn_state_missing
phase23,phase23_windowed_insertion_solver,r0=1.02|angle=165|thrust=10000|target=1,dead_geometry,no_window,0.0,1.02,165.0,10000.0,1.0,1.02,0.25626904158383024,-0.04359091640216505,0.019607843137254777,-0.024462734730208335,1.0199999999999998,0.7560045739954291,1.2839954260045705,0.2588190451025204,True,,0.019607843137254777,-0.024462734730208335,,,,,,,0,0,,,,,,,,,,,,False,False,False,False,False,,,burn_a_end_or_pre_burn_state_missing;sync_error_missing_without_crossing;distance_to_recoverable_missing_without_geometry
phase23,phase23_windowed_insertion_solver,r0=1.05|angle=165|thrust=10000|target=1,dead_geometry,no_window,0.0,1.05,165.0,10000.0,1.0,1.05,0.25258152499601993,-0.05735291566162611,0.04761904761904765,-0.010220561444707415,1.05,0.7782400026423528,1.3217599973576475,0.2588190451025212,True,,0.04761904761904765,-0.010220561444707415,,,,,,,0,0,,,,,,,,,,,,False,False,False,False,False,,,burn_a_end_or_pre_burn_state_missing;sync_error_missing_without_crossing;distance_to_recoverable_missing_without_geometry
phase23,phase23_windowed_insertion_solver,r0=0.98|angle=170|thrust=10000|target=1,window_no_crossing,dead_window_no_crossing,0.0,0.98,170.0,10000.0,1.0,0.98,0.17541114852710393,-0.005193942399973061,-0.020408163265306496,-0.025090063551973553,0.9799999999999996,0.8098247858864084,1.150175214113591,0.17364817766693,True,2032565.0106456443,0.020408163265306496,-0.025090063551973553,,,,,,,1,1,1396201,,,,,,,,,,,False,False,False,False,False,,,burn_a_end_or_pre_burn_state_missing;sync_error_missing_without_crossing;distance_to_recoverable_missing_without_geometry
phase23,phase23_windowed_insertion_solver,r0=1|angle=170|thrust=10000|target=1,crossing_bad_sync,no_window,6.769451209905615,1.0,170.0,10000.0,1.0,1.0,0.17364817766693022,-0.015192246987791968,-2.104654818683916e-16,-0.015192246987791962,0.9999999999999999,0.8263518223330696,1.1736481776669303,0.17364817766693036,True,,2.104654818683916e-16,-0.015192246987791962,,,,,,,0,0,0,3843,,5.782188541666666e-09,-0.1492219516037754,-0.7309675543558039,8.013550658069029,7.4610975801887705,8.013550658069029,,,False,True,True,False,False,radial_velocity,radius_close_but_vr_bad,burn_a_end_or_pre_burn_state_missing
phase23,phase23_windowed_insertion_solver,r0=1.02|angle=170|thrust=10000|target=1,dead_geometry,no_window,0.0,1.02,170.0,10000.0,1.0,1.02,0.171937316459288,-0.02489502305058251,0.01960784313725499,-0.005392923511594131,1.0200000000000002,0.8428788587797316,1.1971211412202687,0.17364817766693,True,,0.01960784313725499,-0.005392923511594131,,,,,,,0,0,,,,,,,,,,,,False,False,False,False,False,,,burn_a_end_or_pre_burn_state_missing;sync_error_missing_without_crossing;distance_to_recoverable_missing_without_geometry
phase23,phase23_windowed_insertion_solver,r0=1.05|angle=170|thrust=10000|target=1,dead_geometry,no_window,0.0,1.05,170.0,10000.0,1.0,1.05,0.16946326925253707,-0.03892604199510515,0.047619047619047436,0.009127655905139585,1.0499999999999998,0.867669413449723,1.2323305865502765,0.17364817766693028,True,,0.047619047619047436,0.009127655905139585,,,,,,,0,0,,,,,,,,,,,,False,False,False,False,False,,,burn_a_end_or_pre_burn_state_missing;sync_error_missing_without_crossing;distance_to_recoverable_missing_without_geometry
phase23,phase23_windowed_insertion_solver,r0=0.98|angle=175|thrust=10000|target=1,window_no_crossing,dead_window_no_crossing,0.0,0.98,175.0,10000.0,1.0,0.98,0.08804059530888479,0.006308609146798016,-0.020408163265306287,-0.013817563036137981,0.9799999999999999,0.8945873721072939,1.0654126278927059,0.08715574274765918,True,4049660.9742639633,0.020408163265306287,-0.013817563036137981,,,,,,,1,1,1396190,,,,,,,,,,,False,False,False,False,False,,,burn_a_end_or_pre_burn_state_missing;sync_error_missing_without_crossing;distance_to_recoverable_missing_without_geometry
phase23,phase23_windowed_insertion_solver,r0=1|angle=175|thrust=10000|target=1,near_recoverable_crossing,no_window,11.049168197997707,1.0,175.0,10000.0,1.0,1.0,0.08715574274765818,-0.003805301908254529,-2.104654818683916e-16,-0.0038053019082545138,0.9999999999999999,0.912844257252342,1.087155742747658,0.08715574274765796,True,,2.104654818683916e-16,-0.0038053019082545138,,,,,,,0,0,0,44,,5.35978515625e-10,-0.017960415068522723,-0.7254159010011462,3.037448426622083,2.9016636040045847,3.037448426622083,,,False,True,True,False,False,tangential_velocity,energy_mismatch,burn_a_end_or_pre_burn_state_missing
phase23,phase23_windowed_insertion_solver,r0=1.02|angle=175|thrust=10000|target=1,dead_geometry,no_window,0.0,1.02,175.0,10000.0,1.0,1.02,0.08629704453790087,-0.013620267358068197,0.019607843137254777,0.006107327294770394,1.0199999999999998,0.9311011423973901,1.1088988576026098,0.0871557427476567,True,,0.019607843137254777,0.006107327294770394,,,,,,,0,0,,,,,,,,,,,,False,False,False,False,False,,,burn_a_end_or_pre_burn_state_missing;sync_error_missing_without_crossing;distance_to_recoverable_missing_without_geometry
phase23,phase23_windowed_insertion_solver,r0=1.05|angle=175|thrust=10000|target=1,dead_geometry,no_window,0.0,1.05,175.0,10000.0,1.0,1.05,0.0850552957053232,-0.02781352146132346,0.04761904761904765,0.020795802465610375,1.05,0.9584864701149592,1.141513529885041,0.08715574274765797,True,,0.04761904761904765,0.020795802465610375,,,,,,,0,0,,,,,,,,,,,,False,False,False,False,False,,,burn_a_end_or_pre_burn_state_missing;sync_error_missing_without_crossing;distance_to_recoverable_missing_without_geometry
phase23,phase23_windowed_insertion_solver,r0=0.98|angle=150|thrust=12000|target=1,window_no_crossing,dead_window_no_crossing,0.0,0.98,150.0,12000.0,1.0,0.98,0.5050762722761052,-0.12518223472029347,-0.020408163265306076,-0.1426785900258876,0.9800000000000001,0.49000000000000005,1.4700000000000002,0.5000000000000001,True,705902.4201763618,0.020408163265306076,-0.1426785900258876,,,,,,,1,1,705902,,,,,,,,,,,False,False,False,False,False,,,burn_a_end_or_pre_burn_state_missing;sync_error_missing_without_crossing;distance_to_recoverable_missing_without_geometry
phase23,phase23_windowed_insertion_solver,r0=1|angle=150|thrust=12000|target=1,near_recoverable_crossing,no_window,11.049441623000385,1.0,150.0,12000.0,1.0,1.0,0.4999999999999998,-0.1339745962155612,0.0,-0.13397459621556124,1.0,0.5,1.5,0.5,True,,0.0,-0.13397459621556124,,,,,,,0,0,0,114,,4.908390625e-10,-0.019133667779626447,-0.7252791884998071,3.0547866581952734,2.9011167539992284,3.0547866581952734,,,False,True,True,False,False,tangential_velocity,energy_mismatch,burn_a_end_or_pre_burn_state_missing
phase23,phase23_windowed_insertion_solver,r0=1.02|angle=150|thrust=12000|target=1,dead_geometry,no_window,0.0,1.02,150.0,12000.0,1.0,1.02,0.49507377148833703,-0.14250707428745554,0.01960784313725499,-0.12535721577320472,1.0200000000000002,0.5100000000000002,1.53,0.49999999999999983,True,,0.01960784313725499,-0.12535721577320472,,,,,,,0,0,,,,,,,,,,,,False,False,False,False,False,,,burn_a_end_or_pre_burn_state_missing;sync_error_missing_without_crossing;distance_to_recoverable_missing_without_geometry
phase23,phase23_windowed_insertion_solver,r0=1.05|angle=150|thrust=12000|target=1,dead_geometry,no_window,0.0,1.05,150.0,12000.0,1.0,1.05,0.4879500364742664,-0.1548457452714833,0.04761904761904765,-0.11258803253505753,1.05,0.525,1.5750000000000002,0.5000000000000001,True,,0.04761904761904765,-0.11258803253505753,,,,,,,0,0,,,,,,,,,,,,False,False,False,False,False,,,burn_a_end_or_pre_burn_state_missing;sync_error_missing_without_crossing;distance_to_recoverable_missing_without_geometry
phase23,phase23_windowed_insertion_solver,r0=0.98|angle=165|thrust=12000|target=1,window_no_crossing,dead_window_no_crossing,0.0,0.98,165.0,12000.0,1.0,0.98,0.26144671698888494,-0.02426756872540107,-0.020408163265306076,-0.04378221735089306,0.9800000000000001,0.7263573357995292,1.2336426642004712,0.25881904510252135,True,1363698.7569766094,0.020408163265306076,-0.04378221735089306,,,,,,,1,1,1363699,,,,,,,,,,,False,False,False,False,False,,,burn_a_end_or_pre_burn_state_missing;sync_error_missing_without_crossing;distance_to_recoverable_missing_without_geometry
phase23,phase23_windowed_insertion_solver,r0=1|angle=165|thrust=12000|target=1,crossing_bad_sync,no_window,8.697548451817747,1.0,165.0,12000.0,1.0,1.0,0.25881904510252096,-0.034074173710931834,-2.104654818683916e-16,-0.034074173710931875,0.9999999999999999,0.7411809548974788,1.2588190451025212,0.2588190451025212,True,,2.104654818683916e-16,-0.034074173710931875,,,,,,,0,0,0,105,,7.7303515625e-11,-0.0069845823583089784,-0.9012257740911267,3.621779577911722,3.604903096364507,3.621779577911722,,,False,True,True,False,False,tangential_velocity,radius_close_but_vt_bad,burn_a_end_or_pre_burn_state_missing
phase23,phase23_windowed_insertion_solver,r0=1.02|angle=165|thrust=12000|target=1,dead_geometry,no_window,0.0,1.02,165.0,12000.0,1.0,1.02,0.25626904158383024,-0.04359091640216505,0.019607843137254777,-0.024462734730208335,1.0199999999999998,0.7560045739954291,1.2839954260045705,0.2588190451025204,True,,0.019607843137254777,-0.024462734730208335,,,,,,,0,0,,,,,,,,,,,,False,False,False,False,False,,,burn_a_end_or_pre_burn_state_missing;sync_error_missing_without_crossing;distance_to_recoverable_missing_without_geometry
phase23,phase23_windowed_insertion_solver,r0=1.05|angle=165|thrust=12000|target=1,dead_geometry,no_window,0.0,1.05,165.0,12000.0,1.0,1.05,0.25258152499601993,-0.05735291566162611,0.04761904761904765,-0.010220561444707415,1.05,0.7782400026423528,1.3217599973576475,0.2588190451025212,True,,0.04761904761904765,-0.010220561444707415,,,,,,,0,0,,,,,,,,,,,,False,False,False,False,False,,,burn_a_end_or_pre_burn_state_missing;sync_error_missing_without_crossing;distance_to_recoverable_missing_without_geometry
phase23,phase23_windowed_insertion_solver,r0=0.98|angle=170|thrust=12000|target=1,window_no_crossing,dead_window_no_crossing,0.0,0.98,170.0,12000.0,1.0,0.98,0.17541114852710393,-0.005193942399973061,-0.020408163265306496,-0.025090063551973553,0.9799999999999996,0.8098247858864084,1.150175214113591,0.17364817766693,True,2032565.0106456443,0.020408163265306496,-0.025090063551973553,,,,,,,1,1,2032565,,,,,,,,,,,False,False,False,False,False,,,burn_a_end_or_pre_burn_state_missing;sync_error_missing_without_crossing;distance_to_recoverable_missing_without_geometry
phase23,phase23_windowed_insertion_solver,r0=1|angle=170|thrust=12000|target=1,near_recoverable_crossing,no_window,11.286554909529677,1.0,170.0,12000.0,1.0,1.0,0.17364817766693022,-0.015192246987791968,-2.104654818683916e-16,-0.015192246987791962,0.9999999999999999,0.8263518223330696,1.1736481776669303,0.17364817766693036,True,,2.104654818683916e-16,-0.015192246987791962,,,,,,,0,0,0,1010,,1.4031861979166667e-10,-0.007154283714171683,-0.6067225452351612,2.4531113690583384,2.426890180940645,2.4531113690583384,,,False,True,True,False,False,tangential_velocity,energy_mismatch,burn_a_end_or_pre_burn_state_missing
phase23,phase23_windowed_insertion_solver,r0=1.02|angle=170|thrust=12000|target=1,dead_geometry,no_window,0.0,1.02,170.0,12000.0,1.0,1.02,0.171937316459288,-0.02489502305058251,0.01960784313725499,-0.005392923511594131,1.0200000000000002,0.8428788587797316,1.1971211412202687,0.17364817766693,True,,0.01960784313725499,-0.005392923511594131,,,,,,,0,0,,,,,,,,,,,,False,False,False,False,False,,,burn_a_end_or_pre_burn_state_missing;sync_error_missing_without_crossing;distance_to_recoverable_missing_without_geometry
phase23,phase23_windowed_insertion_solver,r0=1.05|angle=170|thrust=12000|target=1,dead_geometry,no_window,0.0,1.05,170.0,12000.0,1.0,1.05,0.16946326925253707,-0.03892604199510515,0.047619047619047436,0.009127655905139585,1.0499999999999998,0.867669413449723,1.2323305865502765,0.17364817766693028,True,,0.047619047619047436,0.009127655905139585,,,,,,,0,0,,,,,,,,,,,,False,False,False,False,False,,,burn_a_end_or_pre_burn_state_missing;sync_error_missing_without_crossing;distance_to_recoverable_missing_without_geometry
phase23,phase23_windowed_insertion_solver,r0=0.98|angle=175|thrust=12000|target=1,window_no_crossing,dead_window_no_crossing,0.0,0.98,175.0,12000.0,1.0,0.98,0.08804059530888479,0.006308609146798016,-0.020408163265306287,-0.013817563036137981,0.9799999999999999,0.8945873721072939,1.0654126278927059,0.08715574274765918,True,4049660.9742639633,0.020408163265306287,-0.013817563036137981,,,,,,,1,1,4049661,,,,,,,,,,,False,False,False,False,False,,,burn_a_end_or_pre_burn_state_missing;sync_error_missing_without_crossing;distance_to_recoverable_missing_without_geometry
phase23,phase23_windowed_insertion_solver,r0=1|angle=175|thrust=12000|target=1,near_recoverable_crossing,no_window,11.272236476745245,1.0,175.0,12000.0,1.0,1.0,0.08715574274765818,-0.003805301908254529,-2.104654818683916e-16,-0.0038053019082545138,0.9999999999999999,0.912844257252342,1.087155742747658,0.08715574274765796,True,,2.104654818683916e-16,-0.0038053019082545138,,,,,,,0,0,0,43,,6.876559895833333e-10,-0.016145189110617915,-0.6138817616273774,2.584817383236934,2.4555270465095096,2.584817383236934,,,False,True,True,False,False,tangential_velocity,energy_mismatch,burn_a_end_or_pre_burn_state_missing
phase23,phase23_windowed_insertion_solver,r0=1.02|angle=175|thrust=12000|target=1,dead_geometry,no_window,0.0,1.02,175.0,12000.0,1.0,1.02,0.08629704453790087,-0.013620267358068197,0.019607843137254777,0.006107327294770394,1.0199999999999998,0.9311011423973901,1.1088988576026098,0.0871557427476567,True,,0.019607843137254777,0.006107327294770394,,,,,,,0,0,,,,,,,,,,,,False,False,False,False,False,,,burn_a_end_or_pre_burn_state_missing;sync_error_missing_without_crossing;distance_to_recoverable_missing_without_geometry
phase23,phase23_windowed_insertion_solver,r0=1.05|angle=175|thrust=12000|target=1,dead_geometry,no_window,0.0,1.05,175.0,12000.0,1.0,1.05,0.0850552957053232,-0.02781352146132346,0.04761904761904765,0.020795802465610375,1.05,0.9584864701149592,1.141513529885041,0.08715574274765797,True,,0.04761904761904765,0.020795802465610375,,,,,,,0,0,,,,,,,,,,,,False,False,False,False,False,,,burn_a_end_or_pre_burn_state_missing;sync_error_missing_without_crossing;distance_to_recoverable_missing_without_geometry
phase24,phase24_precision_insertion_geometry,r0=0.98|angle=150|thrust=8000|target=1,window_no_crossing,dead_window_no_crossing,0.0,0.98,150.0,8000.0,1.0,0.98,0.5050762722761052,-0.12518223472029347,-0.020408163265306076,-0.1426785900258876,0.9800000000000001,0.49000000000000005,1.4700000000000002,0.5000000000000001,True,705902.4201763618,0.020408163265306076,-0.1426785900258876,-0.01999946748038763,0.49525942384523597,0.20177165852883766,0.6487217985732481,0.17773686532523883,pre_burn_state_json,1,1,705902,,,,,,,,,,,False,False,False,False,False,,,sync_error_missing_without_crossing;distance_to_recoverable_missing_without_geometry
phase24,phase24_precision_insertion_geometry,r0=1|angle=150|thrust=8000|target=1,crossing_bad_sync,no_window,8.93980995139794,1.0,150.0,8000.0,1.0,1.0,0.4999999999999998,-0.1339745962155612,0.0,-0.13397459621556124,1.0,0.5,1.5,0.5,True,,0.0,-0.13397459621556124,,,,,,,0,0,0,631,,1.9467604166666666e-10,-0.005988015668111895,-0.7800950243010297,3.134710956393185,3.120380097204119,3.134710956393185,,,False,True,True,False,False,tangential_velocity,radius_close_but_vt_bad,burn_a_end_or_pre_burn_state_missing
phase24,phase24_precision_insertion_geometry,r0=1.02|angle=150|thrust=8000|target=1,dead_geometry,no_window,0.0,1.02,150.0,8000.0,1.0,1.02,0.49507377148833703,-0.14250707428745554,0.01960784313725499,-0.12535721577320472,1.0200000000000002,0.5100000000000002,1.53,0.49999999999999983,True,,0.01960784313725499,-0.12535721577320472,,,,,,,0,0,,,,,,,,,,,,False,False,False,False,False,,,burn_a_end_or_pre_burn_state_missing;sync_error_missing_without_crossing;distance_to_recoverable_missing_without_geometry
phase24,phase24_precision_insertion_geometry,r0=1.05|angle=150|thrust=8000|target=1,dead_geometry,no_window,0.0,1.05,150.0,8000.0,1.0,1.05,0.4879500364742664,-0.1548457452714833,0.04761904761904765,-0.11258803253505753,1.05,0.525,1.5750000000000002,0.5000000000000001,True,,0.04761904761904765,-0.11258803253505753,,,,,,,0,0,,,,,,,,,,,,False,False,False,False,False,,,burn_a_end_or_pre_burn_state_missing;sync_error_missing_without_crossing;distance_to_recoverable_missing_without_geometry
phase24,phase24_precision_insertion_geometry,r0=0.98|angle=165|thrust=8000|target=1,window_no_crossing,dead_window_no_crossing,0.0,0.98,165.0,8000.0,1.0,0.98,0.26144671698888494,-0.02426756872540107,-0.020408163265306076,-0.04378221735089306,0.9800000000000001,0.7263573357995292,1.2336426642004712,0.25881904510252135,True,1363698.7569766094,0.020408163265306076,-0.04378221735089306,-0.01999972434845573,0.25636376674700956,0.302795077885787,0.7221816433682448,0.2767395354455463,pre_burn_state_json,1,1,1363699,,,,,,,,,,,False,False,False,False,False,,,sync_error_missing_without_crossing;distance_to_recoverable_missing_without_geometry
phase24,phase24_precision_insertion_geometry,r0=1|angle=165|thrust=8000|target=1,near_recoverable_crossing,no_window,11.00564757860189,1.0,165.0,8000.0,1.0,1.0,0.25881904510252096,-0.034074173710931834,-2.104654818683916e-16,-0.034074173710931875,0.9999999999999999,0.7411809548974788,1.2588190451025212,0.2588190451025212,True,,2.104654818683916e-16,-0.034074173710931875,,,,,,,0,0,1,182,,3.5278919270833335e-10,-0.020933166025926386,-0.7471762106990555,3.1666781075799455,2.988704842796222,3.1666781075799455,,,False,True,True,False,False,tangential_velocity,energy_mismatch,burn_a_end_or_pre_burn_state_missing
phase24,phase24_precision_insertion_geometry,r0=1.02|angle=165|thrust=8000|target=1,dead_geometry,no_window,0.0,1.02,165.0,8000.0,1.0,1.02,0.25626904158383024,-0.04359091640216505,0.019607843137254777,-0.024462734730208335,1.0199999999999998,0.7560045739954291,1.2839954260045705,0.2588190451025204,True,,0.019607843137254777,-0.024462734730208335,,,,,,,0,0,,,,,,,,,,,,False,False,False,False,False,,,burn_a_end_or_pre_burn_state_missing;sync_error_missing_without_crossing;distance_to_recoverable_missing_without_geometry
phase24,phase24_precision_insertion_geometry,r0=1.05|angle=165|thrust=8000|target=1,dead_geometry,no_window,0.0,1.05,165.0,8000.0,1.0,1.05,0.25258152499601993,-0.05735291566162611,0.04761904761904765,-0.010220561444707415,1.05,0.7782400026423528,1.3217599973576475,0.2588190451025212,True,,0.04761904761904765,-0.010220561444707415,,,,,,,0,0,,,,,,,,,,,,False,False,False,False,False,,,burn_a_end_or_pre_burn_state_missing;sync_error_missing_without_crossing;distance_to_recoverable_missing_without_geometry
phase24,phase24_precision_insertion_geometry,r0=0.98|angle=170|thrust=8000|target=1,window_no_crossing,dead_window_no_crossing,0.0,0.98,170.0,8000.0,1.0,0.98,0.17541114852710393,-0.005193942399973061,-0.020408163265306496,-0.025090063551973553,0.9799999999999996,0.8098247858864084,1.150175214113591,0.17364817766693,True,2032565.0106456443,0.020408163265306496,-0.025090063551973553,-0.019999815058560286,0.17200080752843205,0.32189075812932055,0.7361635128216514,0.29545318743911425,pre_burn_state_json,1,1,2032565,,,,,,,,,,,False,False,False,False,False,,,sync_error_missing_without_crossing;distance_to_recoverable_missing_without_geometry
phase24,phase24_precision_insertion_geometry,r0=1|angle=170|thrust=8000|target=1,crossing_bad_sync,no_window,8.676726276183203,1.0,170.0,8000.0,1.0,1.0,0.17364817766693022,-0.015192246987791968,-2.104654818683916e-16,-0.015192246987791962,0.9999999999999999,0.8263518223330696,1.1736481776669303,0.17364817766693036,True,,2.104654818683916e-16,-0.015192246987791962,,,,,,,0,0,0,2307,,2.920735677083333e-10,-0.006324852049514541,-0.911636861908399,3.6602346470497937,3.646547447633596,3.6602346470497937,,,False,True,True,False,False,tangential_velocity,radius_close_but_vt_bad,burn_a_end_or_pre_burn_state_missing
phase24,phase24_precision_insertion_geometry,r0=1.02|angle=170|thrust=8000|target=1,dead_geometry,no_window,0.0,1.02,170.0,8000.0,1.0,1.02,0.171937316459288,-0.02489502305058251,0.01960784313725499,-0.005392923511594131,1.0200000000000002,0.8428788587797316,1.1971211412202687,0.17364817766693,True,,0.01960784313725499,-0.005392923511594131,,,,,,,0,0,,,,,,,,,,,,False,False,False,False,False,,,burn_a_end_or_pre_burn_state_missing;sync_error_missing_without_crossing;distance_to_recoverable_missing_without_geometry
phase24,phase24_precision_insertion_geometry,r0=1.05|angle=170|thrust=8000|target=1,dead_geometry,no_window,0.0,1.05,170.0,8000.0,1.0,1.05,0.16946326925253707,-0.03892604199510515,0.047619047619047436,0.009127655905139585,1.0499999999999998,0.867669413449723,1.2323305865502765,0.17364817766693028,True,,0.047619047619047436,0.009127655905139585,,,,,,,0,0,,,,,,,,,,,,False,False,False,False,False,,,burn_a_end_or_pre_burn_state_missing;sync_error_missing_without_crossing;distance_to_recoverable_missing_without_geometry
phase24,phase24_precision_insertion_geometry,r0=0.98|angle=175|thrust=8000|target=1,window_no_crossing,dead_window_no_crossing,0.0,0.98,175.0,8000.0,1.0,0.98,0.08804059530888479,0.006308609146798016,-0.020408163265306287,-0.013817563036137981,0.9799999999999999,0.8945873721072939,1.0654126278927059,0.08715574274765918,True,4049660.9742639633,0.020408163265306287,-0.013817563036137981,-0.01999990717603047,0.08632907049245486,0.3334069574852493,0.7446106894542571,0.3067389421076711,pre_burn_state_json,1,1,1569119,,,,,,,,,,,False,False,False,False,False,,,sync_error_missing_without_crossing;distance_to_recoverable_missing_without_geometry
phase24,phase24_precision_insertion_geometry,r0=1|angle=175|thrust=8000|target=1,crossing_bad_sync,no_window,8.86482222272753,1.0,175.0,8000.0,1.0,1.0,0.08715574274765818,-0.003805301908254529,-2.104654818683916e-16,-0.0038053019082545138,0.9999999999999999,0.912844257252342,1.087155742747658,0.08715574274765796,True,,2.104654818683916e-16,-0.0038053019082545138,,,,,,,0,0,1,86,,6.0556640625e-11,-0.00839807571601849,-0.8175888886362344,3.2972025479901705,3.2703555545449374,3.2972025479901705,,,False,True,True,False,False,tangential_velocity,radius_close_but_vt_bad,burn_a_end_or_pre_burn_state_missing
phase24,phase24_precision_insertion_geometry,r0=1.02|angle=175|thrust=8000|target=1,dead_geometry,no_window,0.0,1.02,175.0,8000.0,1.0,1.02,0.08629704453790087,-0.013620267358068197,0.019607843137254777,0.006107327294770394,1.0199999999999998,0.9311011423973901,1.1088988576026098,0.0871557427476567,True,,0.019607843137254777,0.006107327294770394,,,,,,,0,0,,,,,,,,,,,,False,False,False,False,False,,,burn_a_end_or_pre_burn_state_missing;sync_error_missing_without_crossing;distance_to_recoverable_missing_without_geometry
phase24,phase24_precision_insertion_geometry,r0=1.05|angle=175|thrust=8000|target=1,dead_geometry,no_window,0.0,1.05,175.0,8000.0,1.0,1.05,0.0850552957053232,-0.02781352146132346,0.04761904761904765,0.020795802465610375,1.05,0.9584864701149592,1.141513529885041,0.08715574274765797,True,,0.04761904761904765,0.020795802465610375,,,,,,,0,0,,,,,,,,,,,,False,False,False,False,False,,,burn_a_end_or_pre_burn_state_missing;sync_error_missing_without_crossing;distance_to_recoverable_missing_without_geometry
phase24,phase24_precision_insertion_geometry,r0=0.98|angle=150|thrust=10000|target=1,window_no_crossing,dead_window_no_crossing,0.0,0.98,150.0,10000.0,1.0,0.98,0.5050762722761052,-0.12518223472029347,-0.020408163265306076,-0.1426785900258876,0.9800000000000001,0.49000000000000005,1.4700000000000002,0.5000000000000001,True,705902.4201763618,0.020408163265306076,-0.1426785900258876,-0.01999946891827474,0.4928335804732481,0.28351110033878657,0.8494704621631978,0.2578415599813004,pre_burn_state_json,1,1,705902,,,,,,,,,,,False,False,False,False,False,,,sync_error_missing_without_crossing;distance_to_recoverable_missing_without_geometry
phase24,phase24_precision_insertion_geometry,r0=1|angle=150|thrust=10000|target=1,crossing_bad_sync,no_window,8.585865689396837,1.0,150.0,10000.0,1.0,1.0,0.4999999999999998,-0.1339745962155612,0.0,-0.13397459621556124,1.0,0.5,1.5,0.5,True,,0.0,-0.13397459621556124,,,,,,,0,0,0,413,,7.30203125e-11,-0.0014919024394221608,-0.9570671553015822,3.828995307954149,3.8282686212063286,3.828995307954149,,,False,True,True,False,False,tangential_velocity,radius_close_but_vt_bad,burn_a_end_or_pre_burn_state_missing
phase24,phase24_precision_insertion_geometry,r0=1.02|angle=150|thrust=10000|target=1,dead_geometry,no_window,0.0,1.02,150.0,10000.0,1.0,1.02,0.49507377148833703,-0.14250707428745554,0.01960784313725499,-0.12535721577320472,1.0200000000000002,0.5100000000000002,1.53,0.49999999999999983,True,,0.01960784313725499,-0.12535721577320472,,,,,,,0,0,,,,,,,,,,,,False,False,False,False,False,,,burn_a_end_or_pre_burn_state_missing;sync_error_missing_without_crossing;distance_to_recoverable_missing_without_geometry
phase24,phase24_precision_insertion_geometry,r0=1.05|angle=150|thrust=10000|target=1,dead_geometry,no_window,0.0,1.05,150.0,10000.0,1.0,1.05,0.4879500364742664,-0.1548457452714833,0.04761904761904765,-0.11258803253505753,1.05,0.525,1.5750000000000002,0.5000000000000001,True,,0.04761904761904765,-0.11258803253505753,,,,,,,0,0,,,,,,,,,,,,False,False,False,False,False,,,burn_a_end_or_pre_burn_state_missing;sync_error_missing_without_crossing;distance_to_recoverable_missing_without_geometry
phase24,phase24_precision_insertion_geometry,r0=0.98|angle=165|thrust=10000|target=1,window_no_crossing,dead_window_no_crossing,0.0,0.98,165.0,10000.0,1.0,0.98,0.26144671698888494,-0.02426756872540107,-0.020408163265306076,-0.04378221735089306,0.9800000000000001,0.7263573357995292,1.2336426642004712,0.25881904510252135,True,1363698.7569766094,0.020408163265306076,-0.04378221735089306,-0.019999725092979037,0.2551077222901433,0.38456103734047686,0.9412734620470542,0.35687019721921753,pre_burn_state_json,1,1,1363699,,,,,,,,,,,False,False,False,False,False,,,sync_error_missing_without_crossing;distance_to_recoverable_missing_without_geometry
phase24,phase24_precision_insertion_geometry,r0=1|angle=165|thrust=10000|target=1,crossing_bad_sync,no_window,8.601024110919587,1.0,165.0,10000.0,1.0,1.0,0.25881904510252096,-0.034074173710931834,-2.104654818683916e-16,-0.034074173710931875,0.9999999999999999,0.7411809548974788,1.2588190451025212,0.2588190451025212,True,,2.104654818683916e-16,-0.034074173710931875,,,,,,,0,0,0,243,,6.5148046875e-11,-0.0021129824297496515,-0.9494879445402064,3.79942093563033,3.7979517781608254,3.79942093563033,,,False,True,True,False,False,tangential_velocity,radius_close_but_vt_bad,burn_a_end_or_pre_burn_state_missing
phase24,phase24_precision_insertion_geometry,r0=1.02|angle=165|thrust=10000|target=1,dead_geometry,no_window,0.0,1.02,165.0,10000.0,1.0,1.02,0.25626904158383024,-0.04359091640216505,0.019607843137254777,-0.024462734730208335,1.0199999999999998,0.7560045739954291,1.2839954260045705,0.2588190451025204,True,,0.019607843137254777,-0.024462734730208335,,,,,,,0,0,,,,,,,,,,,,False,False,False,False,False,,,burn_a_end_or_pre_burn_state_missing;sync_error_missing_without_crossing;distance_to_recoverable_missing_without_geometry
phase24,phase24_precision_insertion_geometry,r0=1.05|angle=165|thrust=10000|target=1,dead_geometry,no_window,0.0,1.05,165.0,10000.0,1.0,1.05,0.25258152499601993,-0.05735291566162611,0.04761904761904765,-0.010220561444707415,1.05,0.7782400026423528,1.3217599973576475,0.2588190451025212,True,,0.04761904761904765,-0.010220561444707415,,,,,,,0,0,,,,,,,,,,,,False,False,False,False,False,,,burn_a_end_or_pre_burn_state_missing;sync_error_missing_without_crossing;distance_to_recoverable_missing_without_geometry
phase24,phase24_precision_insertion_geometry,r0=0.98|angle=170|thrust=10000|target=1,window_no_crossing,dead_window_no_crossing,0.0,0.98,170.0,10000.0,1.0,0.98,0.17541114852710393,-0.005193942399973061,-0.020408163265306496,-0.025090063551973553,0.9799999999999996,0.8098247858864084,1.150175214113591,0.17364817766693,True,2032565.0106456443,0.020408163265306496,-0.025090063551973553,-0.019999815558097916,0.17115808320313208,0.40366208394382785,0.9587463929105391,0.3755891011590561,pre_burn_state_json,1,1,2032565,,,,,,,,,,,False,False,False,False,False,,,sync_error_missing_without_crossing;distance_to_recoverable_missing_without_geometry
phase24,phase24_precision_insertion_geometry,r0=1|angle=170|thrust=10000|target=1,crossing_bad_sync,no_window,6.769451209905615,1.0,170.0,10000.0,1.0,1.0,0.17364817766693022,-0.015192246987791968,-2.104654818683916e-16,-0.015192246987791962,0.9999999999999999,0.8263518223330696,1.1736481776669303,0.17364817766693036,True,,2.104654818683916e-16,-0.015192246987791962,,,,,,,0,0,0,3843,,5.782188541666666e-09,-0.1492219516037754,-0.7309675543558039,8.013550658069029,7.4610975801887705,8.013550658069029,,,False,True,True,False,False,radial_velocity,radius_close_but_vr_bad,burn_a_end_or_pre_burn_state_missing
phase24,phase24_precision_insertion_geometry,r0=1.02|angle=170|thrust=10000|target=1,dead_geometry,no_window,0.0,1.02,170.0,10000.0,1.0,1.02,0.171937316459288,-0.02489502305058251,0.01960784313725499,-0.005392923511594131,1.0200000000000002,0.8428788587797316,1.1971211412202687,0.17364817766693,True,,0.01960784313725499,-0.005392923511594131,,,,,,,0,0,,,,,,,,,,,,False,False,False,False,False,,,burn_a_end_or_pre_burn_state_missing;sync_error_missing_without_crossing;distance_to_recoverable_missing_without_geometry
phase24,phase24_precision_insertion_geometry,r0=1.05|angle=170|thrust=10000|target=1,dead_geometry,no_window,0.0,1.05,170.0,10000.0,1.0,1.05,0.16946326925253707,-0.03892604199510515,0.047619047619047436,0.009127655905139585,1.0499999999999998,0.867669413449723,1.2323305865502765,0.17364817766693028,True,,0.047619047619047436,0.009127655905139585,,,,,,,0,0,,,,,,,,,,,,False,False,False,False,False,,,burn_a_end_or_pre_burn_state_missing;sync_error_missing_without_crossing;distance_to_recoverable_missing_without_geometry
phase24,phase24_precision_insertion_geometry,r0=0.98|angle=175|thrust=10000|target=1,window_no_crossing,dead_window_no_crossing,0.0,0.98,175.0,10000.0,1.0,0.98,0.08804059530888479,0.006308609146798016,-0.020408163265306287,-0.013817563036137981,0.9799999999999999,0.8945873721072939,1.0654126278927059,0.08715574274765918,True,4049660.9742639633,0.020408163265306287,-0.013817563036137981,-0.019999907426742056,0.08590614404718938,0.41518159495754253,0.9693026785416283,0.38687809406636253,pre_burn_state_json,1,1,2810282,,,,,,,,,,,False,False,False,False,False,,,sync_error_missing_without_crossing;distance_to_recoverable_missing_without_geometry
phase24,phase24_precision_insertion_geometry,r0=1|angle=175|thrust=10000|target=1,near_recoverable_crossing,no_window,11.049168197997707,1.0,175.0,10000.0,1.0,1.0,0.08715574274765818,-0.003805301908254529,-2.104654818683916e-16,-0.0038053019082545138,0.9999999999999999,0.912844257252342,1.087155742747658,0.08715574274765796,True,,2.104654818683916e-16,-0.0038053019082545138,,,,,,,0,0,0,44,,5.35978515625e-10,-0.017960415068522723,-0.7254159010011462,3.037448426622083,2.9016636040045847,3.037448426622083,,,False,True,True,False,False,tangential_velocity,energy_mismatch,burn_a_end_or_pre_burn_state_missing
phase24,phase24_precision_insertion_geometry,r0=1.02|angle=175|thrust=10000|target=1,dead_geometry,no_window,0.0,1.02,175.0,10000.0,1.0,1.02,0.08629704453790087,-0.013620267358068197,0.019607843137254777,0.006107327294770394,1.0199999999999998,0.9311011423973901,1.1088988576026098,0.0871557427476567,True,,0.019607843137254777,0.006107327294770394,,,,,,,0,0,,,,,,,,,,,,False,False,False,False,False,,,burn_a_end_or_pre_burn_state_missing;sync_error_missing_without_crossing;distance_to_recoverable_missing_without_geometry
phase24,phase24_precision_insertion_geometry,r0=1.05|angle=175|thrust=10000|target=1,dead_geometry,no_window,0.0,1.05,175.0,10000.0,1.0,1.05,0.0850552957053232,-0.02781352146132346,0.04761904761904765,0.020795802465610375,1.05,0.9584864701149592,1.141513529885041,0.08715574274765797,True,,0.04761904761904765,0.020795802465610375,,,,,,,0,0,,,,,,,,,,,,False,False,False,False,False,,,burn_a_end_or_pre_burn_state_missing;sync_error_missing_without_crossing;distance_to_recoverable_missing_without_geometry
phase24,phase24_precision_insertion_geometry,r0=0.98|angle=150|thrust=12000|target=1,window_no_crossing,dead_window_no_crossing,0.0,0.98,150.0,12000.0,1.0,0.98,0.5050762722761052,-0.12518223472029347,-0.020408163265306076,-0.1426785900258876,0.9800000000000001,0.49000000000000005,1.4700000000000002,0.5000000000000001,True,705902.4201763618,0.020408163265306076,-0.1426785900258876,-0.01999947035152435,0.49041895876721375,0.36525087535983536,1.0636054842326585,0.3379465809556838,pre_burn_state_json,1,1,705902,,,,,,,,,,,False,False,False,False,False,,,sync_error_missing_without_crossing;distance_to_recoverable_missing_without_geometry
phase24,phase24_precision_insertion_geometry,r0=1|angle=150|thrust=12000|target=1,near_recoverable_crossing,no_window,11.049441623000385,1.0,150.0,12000.0,1.0,1.0,0.4999999999999998,-0.1339745962155612,0.0,-0.13397459621556124,1.0,0.5,1.5,0.5,True,,0.0,-0.13397459621556124,,,,,,,0,0,0,114,,4.908390625e-10,-0.019133667779626447,-0.7252791884998071,3.0547866581952734,2.9011167539992284,3.0547866581952734,,,False,True,True,False,False,tangential_velocity,energy_mismatch,burn_a_end_or_pre_burn_state_missing
phase24,phase24_precision_insertion_geometry,r0=1.02|angle=150|thrust=12000|target=1,dead_geometry,no_window,0.0,1.02,150.0,12000.0,1.0,1.02,0.49507377148833703,-0.14250707428745554,0.01960784313725499,-0.12535721577320472,1.0200000000000002,0.5100000000000002,1.53,0.49999999999999983,True,,0.01960784313725499,-0.12535721577320472,,,,,,,0,0,,,,,,,,,,,,False,False,False,False,False,,,burn_a_end_or_pre_burn_state_missing;sync_error_missing_without_crossing;distance_to_recoverable_missing_without_geometry
phase24,phase24_precision_insertion_geometry,r0=1.05|angle=150|thrust=12000|target=1,dead_geometry,no_window,0.0,1.05,150.0,12000.0,1.0,1.05,0.4879500364742664,-0.1548457452714833,0.04761904761904765,-0.11258803253505753,1.05,0.525,1.5750000000000002,0.5000000000000001,True,,0.04761904761904765,-0.11258803253505753,,,,,,,0,0,,,,,,,,,,,,False,False,False,False,False,,,burn_a_end_or_pre_burn_state_missing;sync_error_missing_without_crossing;distance_to_recoverable_missing_without_geometry
phase24,phase24_precision_insertion_geometry,r0=0.98|angle=165|thrust=12000|target=1,window_no_crossing,dead_window_no_crossing,0.0,0.98,165.0,12000.0,1.0,0.98,0.26144671698888494,-0.02426756872540107,-0.020408163265306076,-0.04378221735089306,0.9800000000000001,0.7263573357995292,1.2336426642004712,0.25881904510252135,True,1363698.7569766094,0.020408163265306076,-0.04378221735089306,-0.019999725835098438,0.25385749662898655,0.46632708652092403,1.1737429976678926,0.437000946805927,pre_burn_state_json,1,1,1363699,,,,,,,,,,,False,False,False,False,False,,,sync_error_missing_without_crossing;distance_to_recoverable_missing_without_geometry
phase24,phase24_precision_insertion_geometry,r0=1|angle=165|thrust=12000|target=1,crossing_bad_sync,no_window,8.697548451817747,1.0,165.0,12000.0,1.0,1.0,0.25881904510252096,-0.034074173710931834,-2.104654818683916e-16,-0.034074173710931875,0.9999999999999999,0.7411809548974788,1.2588190451025212,0.2588190451025212,True,,2.104654818683916e-16,-0.034074173710931875,,,,,,,0,0,0,105,,7.7303515625e-11,-0.0069845823583089784,-0.9012257740911267,3.621779577911722,3.604903096364507,3.621779577911722,,,False,True,True,False,False,tangential_velocity,radius_close_but_vt_bad,burn_a_end_or_pre_burn_state_missing
phase24,phase24_precision_insertion_geometry,r0=1.02|angle=165|thrust=12000|target=1,dead_geometry,no_window,0.0,1.02,165.0,12000.0,1.0,1.02,0.25626904158383024,-0.04359091640216505,0.019607843137254777,-0.024462734730208335,1.0199999999999998,0.7560045739954291,1.2839954260045705,0.2588190451025204,True,,0.019607843137254777,-0.024462734730208335,,,,,,,0,0,,,,,,,,,,,,False,False,False,False,False,,,burn_a_end_or_pre_burn_state_missing;sync_error_missing_without_crossing;distance_to_recoverable_missing_without_geometry
phase24,phase24_precision_insertion_geometry,r0=1.05|angle=165|thrust=12000|target=1,dead_geometry,no_window,0.0,1.05,165.0,12000.0,1.0,1.05,0.25258152499601993,-0.05735291566162611,0.04761904761904765,-0.010220561444707415,1.05,0.7782400026423528,1.3217599973576475,0.2588190451025212,True,,0.04761904761904765,-0.010220561444707415,,,,,,,0,0,,,,,,,,,,,,False,False,False,False,False,,,burn_a_end_or_pre_burn_state_missing;sync_error_missing_without_crossing;distance_to_recoverable_missing_without_geometry
phase24,phase24_precision_insertion_geometry,r0=0.98|angle=170|thrust=12000|target=1,window_no_crossing,dead_window_no_crossing,0.0,0.98,170.0,12000.0,1.0,0.98,0.17541114852710393,-0.005193942399973061,-0.020408163265306496,-0.025090063551973553,0.9799999999999996,0.8098247858864084,1.150175214113591,0.17364817766693,True,2032565.0106456443,0.020408163265306496,-0.025090063551973553,-0.019999816056021746,0.17031926563540006,0.4854334503083941,1.1947052440680126,0.45572505453876455,pre_burn_state_json,1,1,2032565,,,,,,,,,,,False,False,False,False,False,,,sync_error_missing_without_crossing;distance_to_recoverable_missing_without_geometry
phase24,phase24_precision_insertion_geometry,r0=1|angle=170|thrust=12000|target=1,near_recoverable_crossing,no_window,11.286554909529677,1.0,170.0,12000.0,1.0,1.0,0.17364817766693022,-0.015192246987791968,-2.104654818683916e-16,-0.015192246987791962,0.9999999999999999,0.8263518223330696,1.1736481776669303,0.17364817766693036,True,,2.104654818683916e-16,-0.015192246987791962,,,,,,,0,0,0,1010,,1.4031861979166667e-10,-0.007154283714171683,-0.6067225452351612,2.4531113690583384,2.426890180940645,2.4531113690583384,,,False,True,True,False,False,tangential_velocity,energy_mismatch,burn_a_end_or_pre_burn_state_missing
phase24,phase24_precision_insertion_geometry,r0=1.02|angle=170|thrust=12000|target=1,dead_geometry,no_window,0.0,1.02,170.0,12000.0,1.0,1.02,0.171937316459288,-0.02489502305058251,0.01960784313725499,-0.005392923511594131,1.0200000000000002,0.8428788587797316,1.1971211412202687,0.17364817766693,True,,0.01960784313725499,-0.005392923511594131,,,,,,,0,0,,,,,,,,,,,,False,False,False,False,False,,,burn_a_end_or_pre_burn_state_missing;sync_error_missing_without_crossing;distance_to_recoverable_missing_without_geometry
phase24,phase24_precision_insertion_geometry,r0=1.05|angle=170|thrust=12000|target=1,dead_geometry,no_window,0.0,1.05,170.0,12000.0,1.0,1.05,0.16946326925253707,-0.03892604199510515,0.047619047619047436,0.009127655905139585,1.0499999999999998,0.867669413449723,1.2323305865502765,0.17364817766693028,True,,0.047619047619047436,0.009127655905139585,,,,,,,0,0,,,,,,,,,,,,False,False,False,False,False,,,burn_a_end_or_pre_burn_state_missing;sync_error_missing_without_crossing;distance_to_recoverable_missing_without_geometry
phase24,phase24_precision_insertion_geometry,r0=0.98|angle=175|thrust=12000|target=1,window_no_crossing,dead_window_no_crossing,0.0,0.98,175.0,12000.0,1.0,0.98,0.08804059530888479,0.006308609146798016,-0.020408163265306287,-0.013817563036137981,0.9799999999999999,0.8945873721072939,1.0654126278927059,0.08715574274765918,True,4049660.9742639633,0.020408163265306287,-0.013817563036137981,-0.019999907676642448,0.08548518143904044,0.4969562427609291,1.2073695747161735,0.46701725610973716,pre_burn_state_json,1,1,2391380,,,,,,,,,,,False,False,False,False,False,,,sync_error_missing_without_crossing;distance_to_recoverable_missing_without_geometry
phase24,phase24_precision_insertion_geometry,r0=1|angle=175|thrust=12000|target=1,near_recoverable_crossing,no_window,11.272236476745245,1.0,175.0,12000.0,1.0,1.0,0.08715574274765818,-0.003805301908254529,-2.104654818683916e-16,-0.0038053019082545138,0.9999999999999999,0.912844257252342,1.087155742747658,0.08715574274765796,True,,2.104654818683916e-16,-0.0038053019082545138,,,,,,,0,0,0,43,,6.876559895833333e-10,-0.016145189110617915,-0.6138817616273774,2.584817383236934,2.4555270465095096,2.584817383236934,,,False,True,True,False,False,tangential_velocity,energy_mismatch,burn_a_end_or_pre_burn_state_missing
phase24,phase24_precision_insertion_geometry,r0=1.02|angle=175|thrust=12000|target=1,dead_geometry,no_window,0.0,1.02,175.0,12000.0,1.0,1.02,0.08629704453790087,-0.013620267358068197,0.019607843137254777,0.006107327294770394,1.0199999999999998,0.9311011423973901,1.1088988576026098,0.0871557427476567,True,,0.019607843137254777,0.006107327294770394,,,,,,,0,0,,,,,,,,,,,,False,False,False,False,False,,,burn_a_end_or_pre_burn_state_missing;sync_error_missing_without_crossing;distance_to_recoverable_missing_without_geometry
phase24,phase24_precision_insertion_geometry,r0=1.05|angle=175|thrust=12000|target=1,dead_geometry,no_window,0.0,1.05,175.0,12000.0,1.0,1.05,0.0850552957053232,-0.02781352146132346,0.04761904761904765,0.020795802465610375,1.05,0.9584864701149592,1.141513529885041,0.08715574274765797,True,,0.04761904761904765,0.020795802465610375,,,,,,,0,0,,,,,,,,,,,,False,False,False,False,False,,,burn_a_end_or_pre_burn_state_missing;sync_error_missing_without_crossing;distance_to_recoverable_missing_without_geometry
phase26,phase26_vt_aware_scoring,r0=0.98|angle=150|thrust=8000|target=1,window_no_crossing,dead_window_no_crossing,0.0,0.98,150.0,8000.0,1.0,0.98,0.5050762722761052,-0.12518223472029347,-0.020408163265306076,-0.1426785900258876,0.9800000000000001,0.49000000000000005,1.4700000000000002,0.5000000000000001,True,705902.4201763618,0.020408163265306076,-0.1426785900258876,-0.01999946748038763,0.49525942384523597,0.20177165852883766,0.6487217985732481,0.17773686532523883,pre_burn_state_json,1,1,705902,,,,,,,,7.999853939842276,D_1x_recoverable,,False,False,False,False,False,,,sync_error_missing_without_crossing
phase26,phase26_vt_aware_scoring,r0=1|angle=150|thrust=8000|target=1,crossing_bad_sync,no_window,8.93980995139794,1.0,150.0,8000.0,1.0,1.0,0.4999999999999998,-0.1339745962155612,0.0,-0.13397459621556124,1.0,0.5,1.5,0.5,True,,0.0,-0.13397459621556124,,,,,,,0,0,0,631,,1.9467604166666666e-10,-0.005988015668111895,-0.7800950243010297,3.134710956393185,3.120380097204119,2.977871114143954,D_1x_recoverable,,False,True,True,False,False,,,burn_a_end_or_pre_burn_state_missing
phase26,phase26_vt_aware_scoring,r0=1.02|angle=150|thrust=8000|target=1,dead_geometry,no_window,0.0,1.02,150.0,8000.0,1.0,1.02,0.49507377148833703,-0.14250707428745554,0.01960784313725499,-0.12535721577320472,1.0200000000000002,0.5100000000000002,1.53,0.49999999999999983,True,,0.01960784313725499,-0.12535721577320472,,,,,,,0,0,,,,,,,,,25.625866564702612,D_1x_recoverable,,False,False,False,False,False,,,burn_a_end_or_pre_burn_state_missing;sync_error_missing_without_crossing
phase26,phase26_vt_aware_scoring,r0=1.05|angle=150|thrust=8000|target=1,dead_geometry,no_window,0.0,1.05,150.0,8000.0,1.0,1.05,0.4879500364742664,-0.1548457452714833,0.04761904761904765,-0.11258803253505753,1.05,0.525,1.5750000000000002,0.5000000000000001,True,,0.04761904761904765,-0.11258803253505753,,,,,,,0,0,,,,,,,,,30.989889093950367,D_1x_recoverable,,False,False,False,False,False,,,burn_a_end_or_pre_burn_state_missing;sync_error_missing_without_crossing
phase26,phase26_vt_aware_scoring,r0=0.98|angle=165|thrust=8000|target=1,window_no_crossing,dead_window_no_crossing,0.0,0.98,165.0,8000.0,1.0,0.98,0.26144671698888494,-0.02426756872540107,-0.020408163265306076,-0.04378221735089306,0.9800000000000001,0.7263573357995292,1.2336426642004712,0.25881904510252135,True,1363698.7569766094,0.020408163265306076,-0.04378221735089306,-0.01999972434845573,0.25636376674700956,0.302795077885787,0.7221816433682448,0.2767395354455463,pre_burn_state_json,1,1,1363699,,,,,,,,8.000487478598362,D_1x_recoverable,,False,False,False,False,False,,,sync_error_missing_without_crossing
phase26,phase26_vt_aware_scoring,r0=1|angle=165|thrust=8000|target=1,near_recoverable_crossing,no_window,11.00564757860189,1.0,165.0,8000.0,1.0,1.0,0.25881904510252096,-0.034074173710931834,-2.104654818683916e-16,-0.034074173710931875,0.9999999999999999,0.7411809548974788,1.2588190451025212,0.2588190451025212,True,,2.104654818683916e-16,-0.034074173710931875,,,,,,,0,0,1,182,,3.5278919270833335e-10,-0.020933166025926386,-0.7471762106990555,3.1666781075799455,2.988704842796222,3.1567937662689762,D_1x_recoverable,,False,True,True,False,False,,,burn_a_end_or_pre_burn_state_missing
phase26,phase26_vt_aware_scoring,r0=1.02|angle=165|thrust=8000|target=1,dead_geometry,no_window,0.0,1.02,165.0,8000.0,1.0,1.02,0.25626904158383024,-0.04359091640216505,0.019607843137254777,-0.024462734730208335,1.0199999999999998,0.7560045739954291,1.2839954260045705,0.2588190451025204,True,,0.019607843137254777,-0.024462734730208335,,,,,,,0,0,,,,,,,,,14.968683117592679,D_1x_recoverable,,False,False,False,False,False,,,burn_a_end_or_pre_burn_state_missing;sync_error_missing_without_crossing
phase26,phase26_vt_aware_scoring,r0=1.05|angle=165|thrust=8000|target=1,dead_geometry,no_window,0.0,1.05,165.0,8000.0,1.0,1.05,0.25258152499601993,-0.05735291566162611,0.04761904761904765,-0.010220561444707415,1.05,0.7782400026423528,1.3217599973576475,0.2588190451025212,True,,0.04761904761904765,-0.010220561444707415,,,,,,,0,0,,,,,,,,,23.56209253144189,D_1x_recoverable,,False,False,False,False,False,,,burn_a_end_or_pre_burn_state_missing;sync_error_missing_without_crossing
phase26,phase26_vt_aware_scoring,r0=0.98|angle=170|thrust=8000|target=1,window_no_crossing,dead_window_no_crossing,0.0,0.98,170.0,8000.0,1.0,0.98,0.17541114852710393,-0.005193942399973061,-0.020408163265306496,-0.025090063551973553,0.9799999999999996,0.8098247858864084,1.150175214113591,0.17364817766693,True,2032565.0106456443,0.020408163265306496,-0.025090063551973553,-0.019999815058560286,0.17200080752843205,0.32189075812932055,0.7361635128216514,0.29545318743911425,pre_burn_state_json,1,1,2032565,,,,,,,,8.000709533930436,D_1x_recoverable,,False,False,False,False,False,,,sync_error_missing_without_crossing
phase26,phase26_vt_aware_scoring,r0=1|angle=170|thrust=8000|target=1,crossing_bad_sync,no_window,8.676726276183203,1.0,170.0,8000.0,1.0,1.0,0.17364817766693022,-0.015192246987791968,-2.104654818683916e-16,-0.015192246987791962,0.9999999999999999,0.8263518223330696,1.1736481776669303,0.17364817766693036,True,,2.104654818683916e-16,-0.015192246987791962,,,,,,,0,0,0,2307,,2.920735677083333e-10,-0.006324852049514541,-0.911636861908399,3.6602346470497937,3.646547447633596,2.971756020030534,D_1x_recoverable,,False,True,True,False,False,,,burn_a_end_or_pre_burn_state_missing
phase26,phase26_vt_aware_scoring,r0=1.02|angle=170|thrust=8000|target=1,dead_geometry,no_window,0.0,1.02,170.0,8000.0,1.0,1.02,0.171937316459288,-0.02489502305058251,0.01960784313725499,-0.005392923511594131,1.0200000000000002,0.8428788587797316,1.1971211412202687,0.17364817766693,True,,0.01960784313725499,-0.005392923511594131,,,,,,,0,0,,,,,,,,,11.701750713617072,D_1x_recoverable,,False,False,False,False,False,,,burn_a_end_or_pre_burn_state_missing;sync_error_missing_without_crossing
phase26,phase26_vt_aware_scoring,r0=1.05|angle=170|thrust=8000|target=1,dead_geometry,no_window,0.0,1.05,170.0,8000.0,1.0,1.05,0.16946326925253707,-0.03892604199510515,0.047619047619047436,0.009127655905139585,1.0499999999999998,0.867669413449723,1.2323305865502765,0.17364817766693028,True,,0.047619047619047436,0.009127655905139585,,,,,,,0,0,,,,,,,,,21.702444158808806,D_1x_recoverable,,False,False,False,False,False,,,burn_a_end_or_pre_burn_state_missing;sync_error_missing_without_crossing
phase26,phase26_vt_aware_scoring,r0=0.98|angle=175|thrust=8000|target=1,window_no_crossing,dead_window_no_crossing,0.0,0.98,175.0,8000.0,1.0,0.98,0.08804059530888479,0.006308609146798016,-0.020408163265306287,-0.013817563036137981,0.9799999999999999,0.8945873721072939,1.0654126278927059,0.08715574274765918,True,4049660.9742639633,0.020408163265306287,-0.013817563036137981,-0.01999990717603047,0.08632907049245486,0.3334069574852493,0.7446106894542571,0.3067389421076711,pre_burn_state_json,1,1,2807377,,,,,,,,8.000934565862721,D_1x_recoverable,,False,False,False,False,False,,,sync_error_missing_without_crossing
phase26,phase26_vt_aware_scoring,r0=1|angle=175|thrust=8000|target=1,crossing_bad_sync,no_window,8.86482222272753,1.0,175.0,8000.0,1.0,1.0,0.08715574274765818,-0.003805301908254529,-2.104654818683916e-16,-0.0038053019082545138,0.9999999999999999,0.912844257252342,1.087155742747658,0.08715574274765796,True,,2.104654818683916e-16,-0.0038053019082545138,,,,,,,0,0,1,86,,6.0556640625e-11,-0.00839807571601849,-0.8175888886362344,3.2972025479901705,3.2703555545449374,2.9569801506190814,D_1x_recoverable,,False,True,True,False,False,,,burn_a_end_or_pre_burn_state_missing
phase26,phase26_vt_aware_scoring,r0=1.02|angle=175|thrust=8000|target=1,dead_geometry,no_window,0.0,1.02,175.0,8000.0,1.0,1.02,0.08629704453790087,-0.013620267358068197,0.019607843137254777,0.006107327294770394,1.0199999999999998,0.9311011423973901,1.1088988576026098,0.0871557427476567,True,,0.019607843137254777,0.006107327294770394,,,,,,,0,0,,,,,,,,,9.086850509347325,D_1x_recoverable,,False,False,False,False,False,,,burn_a_end_or_pre_burn_state_missing;sync_error_missing_without_crossing
phase26,phase26_vt_aware_scoring,r0=1.05|angle=175|thrust=8000|target=1,dead_geometry,no_window,0.0,1.05,175.0,8000.0,1.0,1.05,0.0850552957053232,-0.02781352146132346,0.04761904761904765,0.020795802465610375,1.05,0.9584864701149592,1.141513529885041,0.08715574274765797,True,,0.04761904761904765,0.020795802465610375,,,,,,,0,0,,,,,,,,,20.446890754374035,D_1x_recoverable,,False,False,False,False,False,,,burn_a_end_or_pre_burn_state_missing;sync_error_missing_without_crossing
phase26,phase26_vt_aware_scoring,r0=0.98|angle=150|thrust=10000|target=1,window_no_crossing,dead_window_no_crossing,0.0,0.98,150.0,10000.0,1.0,0.98,0.5050762722761052,-0.12518223472029347,-0.020408163265306076,-0.1426785900258876,0.9800000000000001,0.49000000000000005,1.4700000000000002,0.5000000000000001,True,705902.4201763618,0.020408163265306076,-0.1426785900258876,-0.01999946891827474,0.4928335804732481,0.28351110033878657,0.8494704621631978,0.2578415599813004,pre_burn_state_json,1,1,705902,,,,,,,,7.999863731342246,D_1x_recoverable,,False,False,False,False,False,,,sync_error_missing_without_crossing
phase26,phase26_vt_aware_scoring,r0=1|angle=150|thrust=10000|target=1,crossing_bad_sync,no_window,8.585865689396837,1.0,150.0,10000.0,1.0,1.0,0.4999999999999998,-0.1339745962155612,0.0,-0.13397459621556124,1.0,0.5,1.5,0.5,True,,0.0,-0.13397459621556124,,,,,,,0,0,0,413,,7.30203125e-11,-0.0014919024394221608,-0.9570671553015822,3.828995307954149,3.8282686212063286,2.758531474618212,D_1x_recoverable,,False,True,True,False,False,,,burn_a_end_or_pre_burn_state_missing
phase26,phase26_vt_aware_scoring,r0=1.02|angle=150|thrust=10000|target=1,dead_geometry,no_window,0.0,1.02,150.0,10000.0,1.0,1.02,0.49507377148833703,-0.14250707428745554,0.01960784313725499,-0.12535721577320472,1.0200000000000002,0.5100000000000002,1.53,0.49999999999999983,True,,0.01960784313725499,-0.12535721577320472,,,,,,,0,0,,,,,,,,,25.53942098359567,D_1x_recoverable,,False,False,False,False,False,,,burn_a_end_or_pre_burn_state_missing;sync_error_missing_without_crossing
phase26,phase26_vt_aware_scoring,r0=1.05|angle=150|thrust=10000|target=1,dead_geometry,no_window,0.0,1.05,150.0,10000.0,1.0,1.05,0.4879500364742664,-0.1548457452714833,0.04761904761904765,-0.11258803253505753,1.05,0.525,1.5750000000000002,0.5000000000000001,True,,0.04761904761904765,-0.11258803253505753,,,,,,,0,0,,,,,,,,,30.891819060499373,D_1x_recoverable,,False,False,False,False,False,,,burn_a_end_or_pre_burn_state_missing;sync_error_missing_without_crossing
phase26,phase26_vt_aware_scoring,r0=0.98|angle=165|thrust=10000|target=1,window_no_crossing,dead_window_no_crossing,0.0,0.98,165.0,10000.0,1.0,0.98,0.26144671698888494,-0.02426756872540107,-0.020408163265306076,-0.04378221735089306,0.9800000000000001,0.7263573357995292,1.2336426642004712,0.25881904510252135,True,1363698.7569766094,0.020408163265306076,-0.04378221735089306,-0.019999725092979037,0.2551077222901433,0.38456103734047686,0.9412734620470542,0.35687019721921753,pre_burn_state_json,1,1,1363699,,,,,,,,8.000491637705279,D_1x_recoverable,,False,False,False,False,False,,,sync_error_missing_without_crossing
phase26,phase26_vt_aware_scoring,r0=1|angle=165|thrust=10000|target=1,crossing_bad_sync,no_window,8.601024110919587,1.0,165.0,10000.0,1.0,1.0,0.25881904510252096,-0.034074173710931834,-2.104654818683916e-16,-0.034074173710931875,0.9999999999999999,0.7411809548974788,1.2588190451025212,0.2588190451025212,True,,2.104654818683916e-16,-0.034074173710931875,,,,,,,0,0,0,243,,6.5148046875e-11,-0.0021129824297496515,-0.9494879445402064,3.79942093563033,3.7979517781608254,2.8017542840775818,D_1x_recoverable,,False,True,True,False,False,,,burn_a_end_or_pre_burn_state_missing
phase26,phase26_vt_aware_scoring,r0=1.02|angle=165|thrust=10000|target=1,dead_geometry,no_window,0.0,1.02,165.0,10000.0,1.0,1.02,0.25626904158383024,-0.04359091640216505,0.019607843137254777,-0.024462734730208335,1.0199999999999998,0.7560045739954291,1.2839954260045705,0.2588190451025204,True,,0.019607843137254777,-0.024462734730208335,,,,,,,0,0,,,,,,,,,14.953091824434882,D_1x_recoverable,,False,False,False,False,False,,,burn_a_end_or_pre_burn_state_missing;sync_error_missing_without_crossing
phase26,phase26_vt_aware_scoring,r0=1.05|angle=165|thrust=10000|target=1,dead_geometry,no_window,0.0,1.05,165.0,10000.0,1.0,1.05,0.25258152499601993,-0.05735291566162611,0.04761904761904765,-0.010220561444707415,1.05,0.7782400026423528,1.3217599973576475,0.2588190451025212,True,,0.04761904761904765,-0.010220561444707415,,,,,,,0,0,,,,,,,,,23.56207068556549,D_1x_recoverable,,False,False,False,False,False,,,burn_a_end_or_pre_burn_state_missing;sync_error_missing_without_crossing
phase26,phase26_vt_aware_scoring,r0=0.98|angle=170|thrust=10000|target=1,window_no_crossing,dead_window_no_crossing,0.0,0.98,170.0,10000.0,1.0,0.98,0.17541114852710393,-0.005193942399973061,-0.020408163265306496,-0.025090063551973553,0.9799999999999996,0.8098247858864084,1.150175214113591,0.17364817766693,True,2032565.0106456443,0.020408163265306496,-0.025090063551973553,-0.019999815558097916,0.17115808320313208,0.40366208394382785,0.9587463929105391,0.3755891011590561,pre_burn_state_json,1,1,1396933,,,,,,,,8.000712217723,D_1x_recoverable,,False,False,False,False,False,,,sync_error_missing_without_crossing
phase26,phase26_vt_aware_scoring,r0=1|angle=170|thrust=10000|target=1,crossing_bad_sync,no_window,6.769451209905615,1.0,170.0,10000.0,1.0,1.0,0.17364817766693022,-0.015192246987791968,-2.104654818683916e-16,-0.015192246987791962,0.9999999999999999,0.8263518223330696,1.1736481776669303,0.17364817766693036,True,,2.104654818683916e-16,-0.015192246987791962,,,,,,,0,0,0,3843,,5.782188541666666e-09,-0.1492219516037754,-0.7309675543558039,8.013550658069029,7.4610975801887705,2.7329392774020005,D_1x_recoverable,,False,True,True,False,False,,,burn_a_end_or_pre_burn_state_missing
phase26,phase26_vt_aware_scoring,r0=1.02|angle=170|thrust=10000|target=1,dead_geometry,no_window,0.0,1.02,170.0,10000.0,1.0,1.02,0.171937316459288,-0.02489502305058251,0.01960784313725499,-0.005392923511594131,1.0200000000000002,0.8428788587797316,1.1971211412202687,0.17364817766693,True,,0.01960784313725499,-0.005392923511594131,,,,,,,0,0,,,,,,,,,11.70170779288859,D_1x_recoverable,,False,False,False,False,False,,,burn_a_end_or_pre_burn_state_missing;sync_error_missing_without_crossing
phase26,phase26_vt_aware_scoring,r0=1.05|angle=170|thrust=10000|target=1,dead_geometry,no_window,0.0,1.05,170.0,10000.0,1.0,1.05,0.16946326925253707,-0.03892604199510515,0.047619047619047436,0.009127655905139585,1.0499999999999998,0.867669413449723,1.2323305865502765,0.17364817766693028,True,,0.047619047619047436,0.009127655905139585,,,,,,,0,0,,,,,,,,,21.702524960613893,D_1x_recoverable,,False,False,False,False,False,,,burn_a_end_or_pre_burn_state_missing;sync_error_missing_without_crossing
phase26,phase26_vt_aware_scoring,r0=0.98|angle=175|thrust=10000|target=1,window_no_crossing,dead_window_no_crossing,0.0,0.98,175.0,10000.0,1.0,0.98,0.08804059530888479,0.006308609146798016,-0.020408163265306287,-0.013817563036137981,0.9799999999999999,0.8945873721072939,1.0654126278927059,0.08715574274765918,True,4049660.9742639633,0.020408163265306287,-0.013817563036137981,-0.019999907426742056,0.08590614404718938,0.41518159495754253,0.9693026785416283,0.38687809406636253,pre_burn_state_json,1,1,1396973,,,,,,,,8.00093586838412,D_1x_recoverable,,False,False,False,False,False,,,sync_error_missing_without_crossing
phase26,phase26_vt_aware_scoring,r0=1|angle=175|thrust=10000|target=1,near_recoverable_crossing,no_window,11.049168197997707,1.0,175.0,10000.0,1.0,1.0,0.08715574274765818,-0.003805301908254529,-2.104654818683916e-16,-0.0038053019082545138,0.9999999999999999,0.912844257252342,1.087155742747658,0.08715574274765796,True,,2.104654818683916e-16,-0.0038053019082545138,,,,,,,0,0,0,44,,5.35978515625e-10,-0.017960415068522723,-0.7254159010011462,3.037448426622083,2.9016636040045847,2.904398433002142,D_1x_recoverable,,False,True,True,False,False,,,burn_a_end_or_pre_burn_state_missing
phase26,phase26_vt_aware_scoring,r0=1.02|angle=175|thrust=10000|target=1,dead_geometry,no_window,0.0,1.02,175.0,10000.0,1.0,1.02,0.08629704453790087,-0.013620267358068197,0.019607843137254777,0.006107327294770394,1.0199999999999998,0.9311011423973901,1.1088988576026098,0.0871557427476567,True,,0.019607843137254777,0.006107327294770394,,,,,,,0,0,,,,,,,,,9.086941654372925,D_1x_recoverable,,False,False,False,False,False,,,burn_a_end_or_pre_burn_state_missing;sync_error_missing_without_crossing
phase26,phase26_vt_aware_scoring,r0=1.05|angle=175|thrust=10000|target=1,dead_geometry,no_window,0.0,1.05,175.0,10000.0,1.0,1.05,0.0850552957053232,-0.02781352146132346,0.04761904761904765,0.020795802465610375,1.05,0.9584864701149592,1.141513529885041,0.08715574274765797,True,,0.04761904761904765,0.020795802465610375,,,,,,,0,0,,,,,,,,,20.446843289290705,D_1x_recoverable,,False,False,False,False,False,,,burn_a_end_or_pre_burn_state_missing;sync_error_missing_without_crossing
phase26,phase26_vt_aware_scoring,r0=0.98|angle=150|thrust=12000|target=1,window_no_crossing,dead_window_no_crossing,0.0,0.98,150.0,12000.0,1.0,0.98,0.5050762722761052,-0.12518223472029347,-0.020408163265306076,-0.1426785900258876,0.9800000000000001,0.49000000000000005,1.4700000000000002,0.5000000000000001,True,705902.4201763618,0.020408163265306076,-0.1426785900258876,-0.01999947035152435,0.49041895876721375,0.36525087535983536,1.0636054842326585,0.3379465809556838,pre_burn_state_json,1,1,705902,,,,,,,,7.999872415537604,D_1x_recoverable,,False,False,False,False,False,,,sync_error_missing_without_crossing
phase26,phase26_vt_aware_scoring,r0=1|angle=150|thrust=12000|target=1,near_recoverable_crossing,no_window,11.049441623000385,1.0,150.0,12000.0,1.0,1.0,0.4999999999999998,-0.1339745962155612,0.0,-0.13397459621556124,1.0,0.5,1.5,0.5,True,,0.0,-0.13397459621556124,,,,,,,0,0,0,114,,4.908390625e-10,-0.019133667779626447,-0.7252791884998071,3.0547866581952734,2.9011167539992284,2.7872261916056575,D_1x_recoverable,,False,True,True,False,False,,,burn_a_end_or_pre_burn_state_missing
phase26,phase26_vt_aware_scoring,r0=1.02|angle=150|thrust=12000|target=1,dead_geometry,no_window,0.0,1.02,150.0,12000.0,1.0,1.02,0.49507377148833703,-0.14250707428745554,0.01960784313725499,-0.12535721577320472,1.0200000000000002,0.5100000000000002,1.53,0.49999999999999983,True,,0.01960784313725499,-0.12535721577320472,,,,,,,0,0,,,,,,,,,25.457956413695403,D_1x_recoverable,,False,False,False,False,False,,,burn_a_end_or_pre_burn_state_missing;sync_error_missing_without_crossing
phase26,phase26_vt_aware_scoring,r0=1.05|angle=150|thrust=12000|target=1,dead_geometry,no_window,0.0,1.05,150.0,12000.0,1.0,1.05,0.4879500364742664,-0.1548457452714833,0.04761904761904765,-0.11258803253505753,1.05,0.525,1.5750000000000002,0.5000000000000001,True,,0.04761904761904765,-0.11258803253505753,,,,,,,0,0,,,,,,,,,30.81113287234357,D_1x_recoverable,,False,False,False,False,False,,,burn_a_end_or_pre_burn_state_missing;sync_error_missing_without_crossing
phase26,phase26_vt_aware_scoring,r0=0.98|angle=165|thrust=12000|target=1,window_no_crossing,dead_window_no_crossing,0.0,0.98,165.0,12000.0,1.0,0.98,0.26144671698888494,-0.02426756872540107,-0.020408163265306076,-0.04378221735089306,0.9800000000000001,0.7263573357995292,1.2336426642004712,0.25881904510252135,True,1363698.7569766094,0.020408163265306076,-0.04378221735089306,-0.019999725835098438,0.25385749662898655,0.46632708652092403,1.1737429976678926,0.437000946805927,pre_burn_state_json,1,1,1363699,,,,,,,,8.0004957896827,D_1x_recoverable,,False,False,False,False,False,,,sync_error_missing_without_crossing
phase26,phase26_vt_aware_scoring,r0=1|angle=165|thrust=12000|target=1,crossing_bad_sync,no_window,8.697548451817747,1.0,165.0,12000.0,1.0,1.0,0.25881904510252096,-0.034074173710931834,-2.104654818683916e-16,-0.034074173710931875,0.9999999999999999,0.7411809548974788,1.2588190451025212,0.2588190451025212,True,,2.104654818683916e-16,-0.034074173710931875,,,,,,,0,0,0,105,,7.7303515625e-11,-0.0069845823583089784,-0.9012257740911267,3.621779577911722,3.604903096364507,2.776776976070846,D_1x_recoverable,,False,True,True,False,False,,,burn_a_end_or_pre_burn_state_missing
phase26,phase26_vt_aware_scoring,r0=1.02|angle=165|thrust=12000|target=1,dead_geometry,no_window,0.0,1.02,165.0,12000.0,1.0,1.02,0.25626904158383024,-0.04359091640216505,0.019607843137254777,-0.024462734730208335,1.0199999999999998,0.7560045739954291,1.2839954260045705,0.2588190451025204,True,,0.019607843137254777,-0.024462734730208335,,,,,,,0,0,,,,,,,,,14.945134983837804,D_1x_recoverable,,False,False,False,False,False,,,burn_a_end_or_pre_burn_state_missing;sync_error_missing_without_crossing
phase26,phase26_vt_aware_scoring,r0=1.05|angle=165|thrust=12000|target=1,dead_geometry,no_window,0.0,1.05,165.0,12000.0,1.0,1.05,0.25258152499601993,-0.05735291566162611,0.04761904761904765,-0.010220561444707415,1.05,0.7782400026423528,1.3217599973576475,0.2588190451025212,True,,0.04761904761904765,-0.010220561444707415,,,,,,,0,0,,,,,,,,,23.561988596416803,D_1x_recoverable,,False,False,False,False,False,,,burn_a_end_or_pre_burn_state_missing;sync_error_missing_without_crossing
phase26,phase26_vt_aware_scoring,r0=0.98|angle=170|thrust=12000|target=1,window_no_crossing,dead_window_no_crossing,0.0,0.98,170.0,12000.0,1.0,0.98,0.17541114852710393,-0.005193942399973061,-0.020408163265306496,-0.025090063551973553,0.9799999999999996,0.8098247858864084,1.150175214113591,0.17364817766693,True,2032565.0106456443,0.020408163265306496,-0.025090063551973553,-0.019999816056021746,0.17031926563540006,0.4854334503083941,1.1947052440680126,0.45572505453876455,pre_burn_state_json,1,1,2032565,,,,,,,,8.000714931941115,D_1x_recoverable,,False,False,False,False,False,,,sync_error_missing_without_crossing
phase26,phase26_vt_aware_scoring,r0=1|angle=170|thrust=12000|target=1,near_recoverable_crossing,no_window,11.286554909529677,1.0,170.0,12000.0,1.0,1.0,0.17364817766693022,-0.015192246987791968,-2.104654818683916e-16,-0.015192246987791962,0.9999999999999999,0.8263518223330696,1.1736481776669303,0.17364817766693036,True,,2.104654818683916e-16,-0.015192246987791962,,,,,,,0,0,0,1010,,1.4031861979166667e-10,-0.007154283714171683,-0.6067225452351612,2.4531113690583384,2.426890180940645,2.448169600872736,D_1x_recoverable,,False,True,True,False,False,,,burn_a_end_or_pre_burn_state_missing
phase26,phase26_vt_aware_scoring,r0=1.02|angle=170|thrust=12000|target=1,dead_geometry,no_window,0.0,1.02,170.0,12000.0,1.0,1.02,0.171937316459288,-0.02489502305058251,0.01960784313725499,-0.005392923511594131,1.0200000000000002,0.8428788587797316,1.1971211412202687,0.17364817766693,True,,0.01960784313725499,-0.005392923511594131,,,,,,,0,0,,,,,,,,,11.701670996723127,D_1x_recoverable,,False,False,False,False,False,,,burn_a_end_or_pre_burn_state_missing;sync_error_missing_without_crossing
phase26,phase26_vt_aware_scoring,r0=1.05|angle=170|thrust=12000|target=1,dead_geometry,no_window,0.0,1.05,170.0,12000.0,1.0,1.05,0.16946326925253707,-0.03892604199510515,0.047619047619047436,0.009127655905139585,1.0499999999999998,0.867669413449723,1.2323305865502765,0.17364817766693028,True,,0.047619047619047436,0.009127655905139585,,,,,,,0,0,,,,,,,,,21.702513343785302,D_1x_recoverable,,False,False,False,False,False,,,burn_a_end_or_pre_burn_state_missing;sync_error_missing_without_crossing
phase26,phase26_vt_aware_scoring,r0=0.98|angle=175|thrust=12000|target=1,window_no_crossing,dead_window_no_crossing,0.0,0.98,175.0,12000.0,1.0,0.98,0.08804059530888479,0.006308609146798016,-0.020408163265306287,-0.013817563036137981,0.9799999999999999,0.8945873721072939,1.0654126278927059,0.08715574274765918,True,4049660.9742639633,0.020408163265306287,-0.013817563036137981,-0.019999907676642448,0.08548518143904044,0.4969562427609291,1.2073695747161735,0.46701725610973716,pre_burn_state_json,1,1,4049661,,,,,,,,8.0009372029314,D_1x_recoverable,,False,False,False,False,False,,,sync_error_missing_without_crossing
phase26,phase26_vt_aware_scoring,r0=1|angle=175|thrust=12000|target=1,near_recoverable_crossing,no_window,11.272236476745245,1.0,175.0,12000.0,1.0,1.0,0.08715574274765818,-0.003805301908254529,-2.104654818683916e-16,-0.0038053019082545138,0.9999999999999999,0.912844257252342,1.087155742747658,0.08715574274765796,True,,2.104654818683916e-16,-0.0038053019082545138,,,,,,,0,0,0,43,,6.876559895833333e-10,-0.016145189110617915,-0.6138817616273774,2.584817383236934,2.4555270465095096,2.5842628567746577,D_1x_recoverable,,False,True,True,False,False,,,burn_a_end_or_pre_burn_state_missing
phase26,phase26_vt_aware_scoring,r0=1.02|angle=175|thrust=12000|target=1,dead_geometry,no_window,0.0,1.02,175.0,12000.0,1.0,1.02,0.08629704453790087,-0.013620267358068197,0.019607843137254777,0.006107327294770394,1.0199999999999998,0.9311011423973901,1.1088988576026098,0.0871557427476567,True,,0.019607843137254777,0.006107327294770394,,,,,,,0,0,,,,,,,,,9.08684706703187,D_1x_recoverable,,False,False,False,False,False,,,burn_a_end_or_pre_burn_state_missing;sync_error_missing_without_crossing
phase26,phase26_vt_aware_scoring,r0=1.05|angle=175|thrust=12000|target=1,dead_geometry,no_window,0.0,1.05,175.0,12000.0,1.0,1.05,0.0850552957053232,-0.02781352146132346,0.04761904761904765,0.020795802465610375,1.05,0.9584864701149592,1.141513529885041,0.08715574274765797,True,,0.04761904761904765,0.020795802465610375,,,,,,,0,0,,,,,,,,,20.446833376035027,D_1x_recoverable,,False,False,False,False,False,,,burn_a_end_or_pre_burn_state_missing;sync_error_missing_without_crossing
phase26,phase26_two_step_corridor,r0=0.98|angle=150|thrust=8000|target=1,window_no_crossing,dead_window_no_crossing,0.0,0.98,150.0,8000.0,1.0,0.98,0.5050762722761052,-0.12518223472029347,-0.020408163265306076,-0.1426785900258876,0.9800000000000001,0.49000000000000005,1.4700000000000002,0.5000000000000001,True,705902.4201763618,0.020408163265306076,-0.1426785900258876,-0.01999946748038763,0.49525942384523597,0.20177165852883766,0.6487217985732481,0.17773686532523883,pre_burn_state_json,1,1,705902,,,,,,,,7.998690523868402,D_1x_recoverable,,False,False,False,False,False,,,sync_error_missing_without_crossing
phase26,phase26_two_step_corridor,r0=1|angle=150|thrust=8000|target=1,crossing_bad_sync,no_window,8.93980995139794,1.0,150.0,8000.0,1.0,1.0,0.4999999999999998,-0.1339745962155612,0.0,-0.13397459621556124,1.0,0.5,1.5,0.5,True,,0.0,-0.13397459621556124,,,,,,,0,0,0,631,,1.9467604166666666e-10,-0.005988015668111895,-0.7800950243010297,3.134710956393185,3.120380097204119,2.977871114143954,D_1x_recoverable,,False,True,True,False,False,,,burn_a_end_or_pre_burn_state_missing
phase26,phase26_two_step_corridor,r0=1.02|angle=150|thrust=8000|target=1,dead_geometry,no_window,0.0,1.02,150.0,8000.0,1.0,1.02,0.49507377148833703,-0.14250707428745554,0.01960784313725499,-0.12535721577320472,1.0200000000000002,0.5100000000000002,1.53,0.49999999999999983,True,,0.01960784313725499,-0.12535721577320472,,,,,,,0,0,,,,,,,,,25.625866564702612,D_1x_recoverable,,False,False,False,False,False,,,burn_a_end_or_pre_burn_state_missing;sync_error_missing_without_crossing
phase26,phase26_two_step_corridor,r0=1.05|angle=150|thrust=8000|target=1,dead_geometry,no_window,0.0,1.05,150.0,8000.0,1.0,1.05,0.4879500364742664,-0.1548457452714833,0.04761904761904765,-0.11258803253505753,1.05,0.525,1.5750000000000002,0.5000000000000001,True,,0.04761904761904765,-0.11258803253505753,,,,,,,0,0,,,,,,,,,30.989889093950367,D_1x_recoverable,,False,False,False,False,False,,,burn_a_end_or_pre_burn_state_missing;sync_error_missing_without_crossing
phase26,phase26_two_step_corridor,r0=0.98|angle=165|thrust=8000|target=1,window_no_crossing,dead_window_no_crossing,0.0,0.98,165.0,8000.0,1.0,0.98,0.26144671698888494,-0.02426756872540107,-0.020408163265306076,-0.04378221735089306,0.9800000000000001,0.7263573357995292,1.2336426642004712,0.25881904510252135,True,1363698.7569766094,0.020408163265306076,-0.04378221735089306,-0.01999972434845573,0.25636376674700956,0.302795077885787,0.7221816433682448,0.2767395354455463,pre_burn_state_json,1,1,1363699,,,,,,,,7.999326053032486,D_1x_recoverable,,False,False,False,False,False,,,sync_error_missing_without_crossing
phase26,phase26_two_step_corridor,r0=1|angle=165|thrust=8000|target=1,near_recoverable_crossing,no_window,11.00564757860189,1.0,165.0,8000.0,1.0,1.0,0.25881904510252096,-0.034074173710931834,-2.104654818683916e-16,-0.034074173710931875,0.9999999999999999,0.7411809548974788,1.2588190451025212,0.2588190451025212,True,,2.104654818683916e-16,-0.034074173710931875,,,,,,,0,0,1,182,,3.5278919270833335e-10,-0.020933166025926386,-0.7471762106990555,3.1666781075799455,2.988704842796222,3.1567937662689762,D_1x_recoverable,,False,True,True,False,False,,,burn_a_end_or_pre_burn_state_missing
phase26,phase26_two_step_corridor,r0=1.02|angle=165|thrust=8000|target=1,dead_geometry,no_window,0.0,1.02,165.0,8000.0,1.0,1.02,0.25626904158383024,-0.04359091640216505,0.019607843137254777,-0.024462734730208335,1.0199999999999998,0.7560045739954291,1.2839954260045705,0.2588190451025204,True,,0.019607843137254777,-0.024462734730208335,,,,,,,0,0,,,,,,,,,14.968683117592679,D_1x_recoverable,,False,False,False,False,False,,,burn_a_end_or_pre_burn_state_missing;sync_error_missing_without_crossing
phase26,phase26_two_step_corridor,r0=1.05|angle=165|thrust=8000|target=1,dead_geometry,no_window,0.0,1.05,165.0,8000.0,1.0,1.05,0.25258152499601993,-0.05735291566162611,0.04761904761904765,-0.010220561444707415,1.05,0.7782400026423528,1.3217599973576475,0.2588190451025212,True,,0.04761904761904765,-0.010220561444707415,,,,,,,0,0,,,,,,,,,23.56209253144189,D_1x_recoverable,,False,False,False,False,False,,,burn_a_end_or_pre_burn_state_missing;sync_error_missing_without_crossing
phase26,phase26_two_step_corridor,r0=0.98|angle=170|thrust=8000|target=1,window_no_crossing,dead_window_no_crossing,0.0,0.98,170.0,8000.0,1.0,0.98,0.17541114852710393,-0.005193942399973061,-0.020408163265306496,-0.025090063551973553,0.9799999999999996,0.8098247858864084,1.150175214113591,0.17364817766693,True,2032565.0106456443,0.020408163265306496,-0.025090063551973553,-0.019999815058560286,0.17200080752843205,0.32189075812932055,0.7361635128216514,0.29545318743911425,pre_burn_state_json,1,1,2032565,,,,,,,,7.999548320921505,D_1x_recoverable,,False,False,False,False,False,,,sync_error_missing_without_crossing
phase26,phase26_two_step_corridor,r0=1|angle=170|thrust=8000|target=1,crossing_bad_sync,no_window,8.676726276183203,1.0,170.0,8000.0,1.0,1.0,0.17364817766693022,-0.015192246987791968,-2.104654818683916e-16,-0.015192246987791962,0.9999999999999999,0.8263518223330696,1.1736481776669303,0.17364817766693036,True,,2.104654818683916e-16,-0.015192246987791962,,,,,,,0,0,0,2307,,2.920735677083333e-10,-0.006324852049514541,-0.911636861908399,3.6602346470497937,3.646547447633596,2.971756020030534,D_1x_recoverable,,False,True,True,False,False,,,burn_a_end_or_pre_burn_state_missing
phase26,phase26_two_step_corridor,r0=1.02|angle=170|thrust=8000|target=1,dead_geometry,no_window,0.0,1.02,170.0,8000.0,1.0,1.02,0.171937316459288,-0.02489502305058251,0.01960784313725499,-0.005392923511594131,1.0200000000000002,0.8428788587797316,1.1971211412202687,0.17364817766693,True,,0.01960784313725499,-0.005392923511594131,,,,,,,0,0,,,,,,,,,11.701750713617072,D_1x_recoverable,,False,False,False,False,False,,,burn_a_end_or_pre_burn_state_missing;sync_error_missing_without_crossing
phase26,phase26_two_step_corridor,r0=1.05|angle=170|thrust=8000|target=1,dead_geometry,no_window,0.0,1.05,170.0,8000.0,1.0,1.05,0.16946326925253707,-0.03892604199510515,0.047619047619047436,0.009127655905139585,1.0499999999999998,0.867669413449723,1.2323305865502765,0.17364817766693028,True,,0.047619047619047436,0.009127655905139585,,,,,,,0,0,,,,,,,,,21.702444158808806,D_1x_recoverable,,False,False,False,False,False,,,burn_a_end_or_pre_burn_state_missing;sync_error_missing_without_crossing
phase26,phase26_two_step_corridor,r0=0.98|angle=175|thrust=8000|target=1,window_no_crossing,dead_window_no_crossing,0.0,0.98,175.0,8000.0,1.0,0.98,0.08804059530888479,0.006308609146798016,-0.020408163265306287,-0.013817563036137981,0.9799999999999999,0.8945873721072939,1.0654126278927059,0.08715574274765918,True,4049660.9742639633,0.020408163265306287,-0.013817563036137981,-0.01999990717603047,0.08632907049245486,0.3334069574852493,0.7446106894542571,0.3067389421076711,pre_burn_state_json,1,1,2810841,,,,,,,,7.999773108904147,D_1x_recoverable,,False,False,False,False,False,,,sync_error_missing_without_crossing
phase26,phase26_two_step_corridor,r0=1|angle=175|thrust=8000|target=1,crossing_bad_sync,no_window,8.86482222272753,1.0,175.0,8000.0,1.0,1.0,0.08715574274765818,-0.003805301908254529,-2.104654818683916e-16,-0.0038053019082545138,0.9999999999999999,0.912844257252342,1.087155742747658,0.08715574274765796,True,,2.104654818683916e-16,-0.0038053019082545138,,,,,,,0,0,1,86,,6.0556640625e-11,-0.00839807571601849,-0.8175888886362344,3.2972025479901705,3.2703555545449374,2.9569801506190814,D_1x_recoverable,,False,True,True,False,False,,,burn_a_end_or_pre_burn_state_missing
phase26,phase26_two_step_corridor,r0=1.02|angle=175|thrust=8000|target=1,dead_geometry,no_window,0.0,1.02,175.0,8000.0,1.0,1.02,0.08629704453790087,-0.013620267358068197,0.019607843137254777,0.006107327294770394,1.0199999999999998,0.9311011423973901,1.1088988576026098,0.0871557427476567,True,,0.019607843137254777,0.006107327294770394,,,,,,,0,0,,,,,,,,,9.086850509347325,D_1x_recoverable,,False,False,False,False,False,,,burn_a_end_or_pre_burn_state_missing;sync_error_missing_without_crossing
phase26,phase26_two_step_corridor,r0=1.05|angle=175|thrust=8000|target=1,dead_geometry,no_window,0.0,1.05,175.0,8000.0,1.0,1.05,0.0850552957053232,-0.02781352146132346,0.04761904761904765,0.020795802465610375,1.05,0.9584864701149592,1.141513529885041,0.08715574274765797,True,,0.04761904761904765,0.020795802465610375,,,,,,,0,0,,,,,,,,,20.446890754374035,D_1x_recoverable,,False,False,False,False,False,,,burn_a_end_or_pre_burn_state_missing;sync_error_missing_without_crossing
phase26,phase26_two_step_corridor,r0=0.98|angle=150|thrust=10000|target=1,window_no_crossing,dead_window_no_crossing,0.0,0.98,150.0,10000.0,1.0,0.98,0.5050762722761052,-0.12518223472029347,-0.020408163265306076,-0.1426785900258876,0.9800000000000001,0.49000000000000005,1.4700000000000002,0.5000000000000001,True,705902.4201763618,0.020408163265306076,-0.1426785900258876,-0.01999946891827474,0.4928335804732481,0.28351110033878657,0.8494704621631978,0.2578415599813004,pre_burn_state_json,1,1,705902,,,,,,,,7.998701836256875,D_1x_recoverable,,False,False,False,False,False,,,sync_error_missing_without_crossing
phase26,phase26_two_step_corridor,r0=1|angle=150|thrust=10000|target=1,crossing_bad_sync,no_window,8.585865689396837,1.0,150.0,10000.0,1.0,1.0,0.4999999999999998,-0.1339745962155612,0.0,-0.13397459621556124,1.0,0.5,1.5,0.5,True,,0.0,-0.13397459621556124,,,,,,,0,0,0,413,,7.30203125e-11,-0.0014919024394221608,-0.9570671553015822,3.828995307954149,3.8282686212063286,2.758531474618212,D_1x_recoverable,,False,True,True,False,False,,,burn_a_end_or_pre_burn_state_missing
phase26,phase26_two_step_corridor,r0=1.02|angle=150|thrust=10000|target=1,dead_geometry,no_window,0.0,1.02,150.0,10000.0,1.0,1.02,0.49507377148833703,-0.14250707428745554,0.01960784313725499,-0.12535721577320472,1.0200000000000002,0.5100000000000002,1.53,0.49999999999999983,True,,0.01960784313725499,-0.12535721577320472,,,,,,,0,0,,,,,,,,,25.53942098359567,D_1x_recoverable,,False,False,False,False,False,,,burn_a_end_or_pre_burn_state_missing;sync_error_missing_without_crossing
phase26,phase26_two_step_corridor,r0=1.05|angle=150|thrust=10000|target=1,dead_geometry,no_window,0.0,1.05,150.0,10000.0,1.0,1.05,0.4879500364742664,-0.1548457452714833,0.04761904761904765,-0.11258803253505753,1.05,0.525,1.5750000000000002,0.5000000000000001,True,,0.04761904761904765,-0.11258803253505753,,,,,,,0,0,,,,,,,,,30.891819060499373,D_1x_recoverable,,False,False,False,False,False,,,burn_a_end_or_pre_burn_state_missing;sync_error_missing_without_crossing
phase26,phase26_two_step_corridor,r0=0.98|angle=165|thrust=10000|target=1,window_no_crossing,dead_window_no_crossing,0.0,0.98,165.0,10000.0,1.0,0.98,0.26144671698888494,-0.02426756872540107,-0.020408163265306076,-0.04378221735089306,0.9800000000000001,0.7263573357995292,1.2336426642004712,0.25881904510252135,True,1363698.7569766094,0.020408163265306076,-0.04378221735089306,-0.019999725092979037,0.2551077222901433,0.38456103734047686,0.9412734620470542,0.35687019721921753,pre_burn_state_json,1,1,1363699,,,,,,,,7.999330561125254,D_1x_recoverable,,False,False,False,False,False,,,sync_error_missing_without_crossing
phase26,phase26_two_step_corridor,r0=1|angle=165|thrust=10000|target=1,crossing_bad_sync,no_window,8.601024110919587,1.0,165.0,10000.0,1.0,1.0,0.25881904510252096,-0.034074173710931834,-2.104654818683916e-16,-0.034074173710931875,0.9999999999999999,0.7411809548974788,1.2588190451025212,0.2588190451025212,True,,2.104654818683916e-16,-0.034074173710931875,,,,,,,0,0,0,243,,6.5148046875e-11,-0.0021129824297496515,-0.9494879445402064,3.79942093563033,3.7979517781608254,2.8017542840775818,D_1x_recoverable,,False,True,True,False,False,,,burn_a_end_or_pre_burn_state_missing
phase26,phase26_two_step_corridor,r0=1.02|angle=165|thrust=10000|target=1,dead_geometry,no_window,0.0,1.02,165.0,10000.0,1.0,1.02,0.25626904158383024,-0.04359091640216505,0.019607843137254777,-0.024462734730208335,1.0199999999999998,0.7560045739954291,1.2839954260045705,0.2588190451025204,True,,0.019607843137254777,-0.024462734730208335,,,,,,,0,0,,,,,,,,,14.953091824434882,D_1x_recoverable,,False,False,False,False,False,,,burn_a_end_or_pre_burn_state_missing;sync_error_missing_without_crossing
phase26,phase26_two_step_corridor,r0=1.05|angle=165|thrust=10000|target=1,dead_geometry,no_window,0.0,1.05,165.0,10000.0,1.0,1.05,0.25258152499601993,-0.05735291566162611,0.04761904761904765,-0.010220561444707415,1.05,0.7782400026423528,1.3217599973576475,0.2588190451025212,True,,0.04761904761904765,-0.010220561444707415,,,,,,,0,0,,,,,,,,,23.56207068556549,D_1x_recoverable,,False,False,False,False,False,,,burn_a_end_or_pre_burn_state_missing;sync_error_missing_without_crossing
phase26,phase26_two_step_corridor,r0=0.98|angle=170|thrust=10000|target=1,window_no_crossing,dead_window_no_crossing,0.0,0.98,170.0,10000.0,1.0,0.98,0.17541114852710393,-0.005193942399973061,-0.020408163265306496,-0.025090063551973553,0.9799999999999996,0.8098247858864084,1.150175214113591,0.17364817766693,True,2032565.0106456443,0.020408163265306496,-0.025090063551973553,-0.019999815558097916,0.17115808320313208,0.40366208394382785,0.9587463929105391,0.3755891011590561,pre_burn_state_json,1,1,1396064,,,,,,,,7.99955103790541,D_1x_recoverable,,False,False,False,False,False,,,sync_error_missing_without_crossing
phase26,phase26_two_step_corridor,r0=1|angle=170|thrust=10000|target=1,crossing_bad_sync,no_window,6.769451209905615,1.0,170.0,10000.0,1.0,1.0,0.17364817766693022,-0.015192246987791968,-2.104654818683916e-16,-0.015192246987791962,0.9999999999999999,0.8263518223330696,1.1736481776669303,0.17364817766693036,True,,2.104654818683916e-16,-0.015192246987791962,,,,,,,0,0,0,3843,,5.782188541666666e-09,-0.1492219516037754,-0.7309675543558039,8.013550658069029,7.4610975801887705,2.7329392774020005,D_1x_recoverable,,False,True,True,False,False,,,burn_a_end_or_pre_burn_state_missing
phase26,phase26_two_step_corridor,r0=1.02|angle=170|thrust=10000|target=1,dead_geometry,no_window,0.0,1.02,170.0,10000.0,1.0,1.02,0.171937316459288,-0.02489502305058251,0.01960784313725499,-0.005392923511594131,1.0200000000000002,0.8428788587797316,1.1971211412202687,0.17364817766693,True,,0.01960784313725499,-0.005392923511594131,,,,,,,0,0,,,,,,,,,11.70170779288859,D_1x_recoverable,,False,False,False,False,False,,,burn_a_end_or_pre_burn_state_missing;sync_error_missing_without_crossing
phase26,phase26_two_step_corridor,r0=1.05|angle=170|thrust=10000|target=1,dead_geometry,no_window,0.0,1.05,170.0,10000.0,1.0,1.05,0.16946326925253707,-0.03892604199510515,0.047619047619047436,0.009127655905139585,1.0499999999999998,0.867669413449723,1.2323305865502765,0.17364817766693028,True,,0.047619047619047436,0.009127655905139585,,,,,,,0,0,,,,,,,,,21.702524960613893,D_1x_recoverable,,False,False,False,False,False,,,burn_a_end_or_pre_burn_state_missing;sync_error_missing_without_crossing
phase26,phase26_two_step_corridor,r0=0.98|angle=175|thrust=10000|target=1,window_no_crossing,dead_window_no_crossing,0.0,0.98,175.0,10000.0,1.0,0.98,0.08804059530888479,0.006308609146798016,-0.020408163265306287,-0.013817563036137981,0.9799999999999999,0.8945873721072939,1.0654126278927059,0.08715574274765918,True,4049660.9742639633,0.020408163265306287,-0.013817563036137981,-0.019999907426742056,0.08590614404718938,0.41518159495754253,0.9693026785416283,0.38687809406636253,pre_burn_state_json,1,1,1396103,,,,,,,,7.9997744400125965,D_1x_recoverable,,False,False,False,False,False,,,sync_error_missing_without_crossing
phase26,phase26_two_step_corridor,r0=1|angle=175|thrust=10000|target=1,near_recoverable_crossing,no_window,11.049168197997707,1.0,175.0,10000.0,1.0,1.0,0.08715574274765818,-0.003805301908254529,-2.104654818683916e-16,-0.0038053019082545138,0.9999999999999999,0.912844257252342,1.087155742747658,0.08715574274765796,True,,2.104654818683916e-16,-0.0038053019082545138,,,,,,,0,0,0,44,,5.35978515625e-10,-0.017960415068522723,-0.7254159010011462,3.037448426622083,2.9016636040045847,2.904398433002142,D_1x_recoverable,,False,True,True,False,False,,,burn_a_end_or_pre_burn_state_missing
phase26,phase26_two_step_corridor,r0=1.02|angle=175|thrust=10000|target=1,dead_geometry,no_window,0.0,1.02,175.0,10000.0,1.0,1.02,0.08629704453790087,-0.013620267358068197,0.019607843137254777,0.006107327294770394,1.0199999999999998,0.9311011423973901,1.1088988576026098,0.0871557427476567,True,,0.019607843137254777,0.006107327294770394,,,,,,,0,0,,,,,,,,,9.086941654372925,D_1x_recoverable,,False,False,False,False,False,,,burn_a_end_or_pre_burn_state_missing;sync_error_missing_without_crossing
phase26,phase26_two_step_corridor,r0=1.05|angle=175|thrust=10000|target=1,dead_geometry,no_window,0.0,1.05,175.0,10000.0,1.0,1.05,0.0850552957053232,-0.02781352146132346,0.04761904761904765,0.020795802465610375,1.05,0.9584864701149592,1.141513529885041,0.08715574274765797,True,,0.04761904761904765,0.020795802465610375,,,,,,,0,0,,,,,,,,,20.446843289290705,D_1x_recoverable,,False,False,False,False,False,,,burn_a_end_or_pre_burn_state_missing;sync_error_missing_without_crossing
phase26,phase26_two_step_corridor,r0=0.98|angle=150|thrust=12000|target=1,window_no_crossing,dead_window_no_crossing,0.0,0.98,150.0,12000.0,1.0,0.98,0.5050762722761052,-0.12518223472029347,-0.020408163265306076,-0.1426785900258876,0.9800000000000001,0.49000000000000005,1.4700000000000002,0.5000000000000001,True,705902.4201763618,0.020408163265306076,-0.1426785900258876,-0.01999947035152435,0.49041895876721375,0.36525087535983536,1.0636054842326585,0.3379465809556838,pre_burn_state_json,1,1,705902,,,,,,,,7.998711103323468,D_1x_recoverable,,False,False,False,False,False,,,sync_error_missing_without_crossing
phase26,phase26_two_step_corridor,r0=1|angle=150|thrust=12000|target=1,near_recoverable_crossing,no_window,11.049441623000385,1.0,150.0,12000.0,1.0,1.0,0.4999999999999998,-0.1339745962155612,0.0,-0.13397459621556124,1.0,0.5,1.5,0.5,True,,0.0,-0.13397459621556124,,,,,,,0,0,0,114,,4.908390625e-10,-0.019133667779626447,-0.7252791884998071,3.0547866581952734,2.9011167539992284,2.7872261916056575,D_1x_recoverable,,False,True,True,False,False,,,burn_a_end_or_pre_burn_state_missing
phase26,phase26_two_step_corridor,r0=1.02|angle=150|thrust=12000|target=1,dead_geometry,no_window,0.0,1.02,150.0,12000.0,1.0,1.02,0.49507377148833703,-0.14250707428745554,0.01960784313725499,-0.12535721577320472,1.0200000000000002,0.5100000000000002,1.53,0.49999999999999983,True,,0.01960784313725499,-0.12535721577320472,,,,,,,0,0,,,,,,,,,25.457956413695403,D_1x_recoverable,,False,False,False,False,False,,,burn_a_end_or_pre_burn_state_missing;sync_error_missing_without_crossing
phase26,phase26_two_step_corridor,r0=1.05|angle=150|thrust=12000|target=1,dead_geometry,no_window,0.0,1.05,150.0,12000.0,1.0,1.05,0.4879500364742664,-0.1548457452714833,0.04761904761904765,-0.11258803253505753,1.05,0.525,1.5750000000000002,0.5000000000000001,True,,0.04761904761904765,-0.11258803253505753,,,,,,,0,0,,,,,,,,,30.81113287234357,D_1x_recoverable,,False,False,False,False,False,,,burn_a_end_or_pre_burn_state_missing;sync_error_missing_without_crossing
phase26,phase26_two_step_corridor,r0=0.98|angle=165|thrust=12000|target=1,window_no_crossing,dead_window_no_crossing,0.0,0.98,165.0,12000.0,1.0,0.98,0.26144671698888494,-0.02426756872540107,-0.020408163265306076,-0.04378221735089306,0.9800000000000001,0.7263573357995292,1.2336426642004712,0.25881904510252135,True,1363698.7569766094,0.020408163265306076,-0.04378221735089306,-0.019999725835098438,0.25385749662898655,0.46632708652092403,1.1737429976678926,0.437000946805927,pre_burn_state_json,1,1,1363699,,,,,,,,7.999334459629585,D_1x_recoverable,,False,False,False,False,False,,,sync_error_missing_without_crossing
phase26,phase26_two_step_corridor,r0=1|angle=165|thrust=12000|target=1,crossing_bad_sync,no_window,8.697548451817747,1.0,165.0,12000.0,1.0,1.0,0.25881904510252096,-0.034074173710931834,-2.104654818683916e-16,-0.034074173710931875,0.9999999999999999,0.7411809548974788,1.2588190451025212,0.2588190451025212,True,,2.104654818683916e-16,-0.034074173710931875,,,,,,,0,0,0,105,,7.7303515625e-11,-0.0069845823583089784,-0.9012257740911267,3.621779577911722,3.604903096364507,2.776776976070846,D_1x_recoverable,,False,True,True,False,False,,,burn_a_end_or_pre_burn_state_missing
phase26,phase26_two_step_corridor,r0=1.02|angle=165|thrust=12000|target=1,dead_geometry,no_window,0.0,1.02,165.0,12000.0,1.0,1.02,0.25626904158383024,-0.04359091640216505,0.019607843137254777,-0.024462734730208335,1.0199999999999998,0.7560045739954291,1.2839954260045705,0.2588190451025204,True,,0.019607843137254777,-0.024462734730208335,,,,,,,0,0,,,,,,,,,14.945134983837804,D_1x_recoverable,,False,False,False,False,False,,,burn_a_end_or_pre_burn_state_missing;sync_error_missing_without_crossing
phase26,phase26_two_step_corridor,r0=1.05|angle=165|thrust=12000|target=1,dead_geometry,no_window,0.0,1.05,165.0,12000.0,1.0,1.05,0.25258152499601993,-0.05735291566162611,0.04761904761904765,-0.010220561444707415,1.05,0.7782400026423528,1.3217599973576475,0.2588190451025212,True,,0.04761904761904765,-0.010220561444707415,,,,,,,0,0,,,,,,,,,23.561988596416803,D_1x_recoverable,,False,False,False,False,False,,,burn_a_end_or_pre_burn_state_missing;sync_error_missing_without_crossing
phase26,phase26_two_step_corridor,r0=0.98|angle=170|thrust=12000|target=1,window_no_crossing,dead_window_no_crossing,0.0,0.98,170.0,12000.0,1.0,0.98,0.17541114852710393,-0.005193942399973061,-0.020408163265306496,-0.025090063551973553,0.9799999999999996,0.8098247858864084,1.150175214113591,0.17364817766693,True,2032565.0106456443,0.020408163265306496,-0.025090063551973553,-0.019999816056021746,0.17031926563540006,0.4854334503083941,1.1947052440680126,0.45572505453876455,pre_burn_state_json,1,1,2032565,,,,,,,,7.999553564777385,D_1x_recoverable,,False,False,False,False,False,,,sync_error_missing_without_crossing
phase26,phase26_two_step_corridor,r0=1|angle=170|thrust=12000|target=1,near_recoverable_crossing,no_window,11.286554909529677,1.0,170.0,12000.0,1.0,1.0,0.17364817766693022,-0.015192246987791968,-2.104654818683916e-16,-0.015192246987791962,0.9999999999999999,0.8263518223330696,1.1736481776669303,0.17364817766693036,True,,2.104654818683916e-16,-0.015192246987791962,,,,,,,0,0,0,1010,,1.4031861979166667e-10,-0.007154283714171683,-0.6067225452351612,2.4531113690583384,2.426890180940645,2.448169600872736,D_1x_recoverable,,False,True,True,False,False,,,burn_a_end_or_pre_burn_state_missing
phase26,phase26_two_step_corridor,r0=1.02|angle=170|thrust=12000|target=1,dead_geometry,no_window,0.0,1.02,170.0,12000.0,1.0,1.02,0.171937316459288,-0.02489502305058251,0.01960784313725499,-0.005392923511594131,1.0200000000000002,0.8428788587797316,1.1971211412202687,0.17364817766693,True,,0.01960784313725499,-0.005392923511594131,,,,,,,0,0,,,,,,,,,11.701670996723127,D_1x_recoverable,,False,False,False,False,False,,,burn_a_end_or_pre_burn_state_missing;sync_error_missing_without_crossing
phase26,phase26_two_step_corridor,r0=1.05|angle=170|thrust=12000|target=1,dead_geometry,no_window,0.0,1.05,170.0,12000.0,1.0,1.05,0.16946326925253707,-0.03892604199510515,0.047619047619047436,0.009127655905139585,1.0499999999999998,0.867669413449723,1.2323305865502765,0.17364817766693028,True,,0.047619047619047436,0.009127655905139585,,,,,,,0,0,,,,,,,,,21.702513343785302,D_1x_recoverable,,False,False,False,False,False,,,burn_a_end_or_pre_burn_state_missing;sync_error_missing_without_crossing
phase26,phase26_two_step_corridor,r0=0.98|angle=175|thrust=12000|target=1,window_no_crossing,dead_window_no_crossing,0.0,0.98,175.0,12000.0,1.0,0.98,0.08804059530888479,0.006308609146798016,-0.020408163265306287,-0.013817563036137981,0.9799999999999999,0.8945873721072939,1.0654126278927059,0.08715574274765918,True,4049660.9742639633,0.020408163265306287,-0.013817563036137981,-0.019999907676642448,0.08548518143904044,0.4969562427609291,1.2073695747161735,0.46701725610973716,pre_burn_state_json,1,1,4049661,,,,,,,,7.999775682898107,D_1x_recoverable,,False,False,False,False,False,,,sync_error_missing_without_crossing
phase26,phase26_two_step_corridor,r0=1|angle=175|thrust=12000|target=1,near_recoverable_crossing,no_window,11.272236476745245,1.0,175.0,12000.0,1.0,1.0,0.08715574274765818,-0.003805301908254529,-2.104654818683916e-16,-0.0038053019082545138,0.9999999999999999,0.912844257252342,1.087155742747658,0.08715574274765796,True,,2.104654818683916e-16,-0.0038053019082545138,,,,,,,0,0,0,43,,6.876559895833333e-10,-0.016145189110617915,-0.6138817616273774,2.584817383236934,2.4555270465095096,2.5842628567746577,D_1x_recoverable,,False,True,True,False,False,,,burn_a_end_or_pre_burn_state_missing
phase26,phase26_two_step_corridor,r0=1.02|angle=175|thrust=12000|target=1,dead_geometry,no_window,0.0,1.02,175.0,12000.0,1.0,1.02,0.08629704453790087,-0.013620267358068197,0.019607843137254777,0.006107327294770394,1.0199999999999998,0.9311011423973901,1.1088988576026098,0.0871557427476567,True,,0.019607843137254777,0.006107327294770394,,,,,,,0,0,,,,,,,,,9.08684706703187,D_1x_recoverable,,False,False,False,False,False,,,burn_a_end_or_pre_burn_state_missing;sync_error_missing_without_crossing
phase26,phase26_two_step_corridor,r0=1.05|angle=175|thrust=12000|target=1,dead_geometry,no_window,0.0,1.05,175.0,12000.0,1.0,1.05,0.0850552957053232,-0.02781352146132346,0.04761904761904765,0.020795802465610375,1.05,0.9584864701149592,1.141513529885041,0.08715574274765797,True,,0.04761904761904765,0.020795802465610375,,,,,,,0,0,,,,,,,,,20.446833376035027,D_1x_recoverable,,False,False,False,False,False,,,burn_a_end_or_pre_burn_state_missing;sync_error_missing_without_crossing
phase26,phase26_burn_hold_burn,r0=0.98|angle=150|thrust=8000|target=1,window_no_crossing,dead_window_no_crossing,0.0,0.98,150.0,8000.0,1.0,0.98,0.5050762722761052,-0.12518223472029347,-0.020408163265306076,-0.1426785900258876,0.9800000000000001,0.49000000000000005,1.4700000000000002,0.5000000000000001,True,705902.4201763618,0.020408163265306076,-0.1426785900258876,-0.01999946748038763,0.49525942384523597,0.20177165852883766,0.6487217985732481,0.17773686532523883,pre_burn_state_json,1,1,705902,,,,,,,,7.999043192474991,D_1x_recoverable,,False,False,False,False,False,,,sync_error_missing_without_crossing
phase26,phase26_burn_hold_burn,r0=1|angle=150|thrust=8000|target=1,crossing_bad_sync,no_window,8.93980995139794,1.0,150.0,8000.0,1.0,1.0,0.4999999999999998,-0.1339745962155612,0.0,-0.13397459621556124,1.0,0.5,1.5,0.5,True,,0.0,-0.13397459621556124,,,,,,,0,0,0,631,,1.9467604166666666e-10,-0.005988015668111895,-0.7800950243010297,3.134710956393185,3.120380097204119,2.977871114143954,D_1x_recoverable,,False,True,True,False,False,,,burn_a_end_or_pre_burn_state_missing
phase26,phase26_burn_hold_burn,r0=1.02|angle=150|thrust=8000|target=1,dead_geometry,no_window,0.0,1.02,150.0,8000.0,1.0,1.02,0.49507377148833703,-0.14250707428745554,0.01960784313725499,-0.12535721577320472,1.0200000000000002,0.5100000000000002,1.53,0.49999999999999983,True,,0.01960784313725499,-0.12535721577320472,,,,,,,0,0,,,,,,,,,25.625866564702612,D_1x_recoverable,,False,False,False,False,False,,,burn_a_end_or_pre_burn_state_missing;sync_error_missing_without_crossing
phase26,phase26_burn_hold_burn,r0=1.05|angle=150|thrust=8000|target=1,dead_geometry,no_window,0.0,1.05,150.0,8000.0,1.0,1.05,0.4879500364742664,-0.1548457452714833,0.04761904761904765,-0.11258803253505753,1.05,0.525,1.5750000000000002,0.5000000000000001,True,,0.04761904761904765,-0.11258803253505753,,,,,,,0,0,,,,,,,,,30.989889093950367,D_1x_recoverable,,False,False,False,False,False,,,burn_a_end_or_pre_burn_state_missing;sync_error_missing_without_crossing
phase26,phase26_burn_hold_burn,r0=0.98|angle=165|thrust=8000|target=1,window_no_crossing,dead_window_no_crossing,0.0,0.98,165.0,8000.0,1.0,0.98,0.26144671698888494,-0.02426756872540107,-0.020408163265306076,-0.04378221735089306,0.9800000000000001,0.7263573357995292,1.2336426642004712,0.25881904510252135,True,1363698.7569766094,0.020408163265306076,-0.04378221735089306,-0.01999972434845573,0.25636376674700956,0.302795077885787,0.7221816433682448,0.2767395354455463,pre_burn_state_json,1,1,1363699,,,,,,,,7.999676236665355,D_1x_recoverable,,False,False,False,False,False,,,sync_error_missing_without_crossing
phase26,phase26_burn_hold_burn,r0=1|angle=165|thrust=8000|target=1,near_recoverable_crossing,no_window,11.00564757860189,1.0,165.0,8000.0,1.0,1.0,0.25881904510252096,-0.034074173710931834,-2.104654818683916e-16,-0.034074173710931875,0.9999999999999999,0.7411809548974788,1.2588190451025212,0.2588190451025212,True,,2.104654818683916e-16,-0.034074173710931875,,,,,,,0,0,1,182,,3.5278919270833335e-10,-0.020933166025926386,-0.7471762106990555,3.1666781075799455,2.988704842796222,3.1567937662689762,D_1x_recoverable,,False,True,True,False,False,,,burn_a_end_or_pre_burn_state_missing
phase26,phase26_burn_hold_burn,r0=1.02|angle=165|thrust=8000|target=1,dead_geometry,no_window,0.0,1.02,165.0,8000.0,1.0,1.02,0.25626904158383024,-0.04359091640216505,0.019607843137254777,-0.024462734730208335,1.0199999999999998,0.7560045739954291,1.2839954260045705,0.2588190451025204,True,,0.019607843137254777,-0.024462734730208335,,,,,,,0,0,,,,,,,,,14.968683117592679,D_1x_recoverable,,False,False,False,False,False,,,burn_a_end_or_pre_burn_state_missing;sync_error_missing_without_crossing
phase26,phase26_burn_hold_burn,r0=1.05|angle=165|thrust=8000|target=1,dead_geometry,no_window,0.0,1.05,165.0,8000.0,1.0,1.05,0.25258152499601993,-0.05735291566162611,0.04761904761904765,-0.010220561444707415,1.05,0.7782400026423528,1.3217599973576475,0.2588190451025212,True,,0.04761904761904765,-0.010220561444707415,,,,,,,0,0,,,,,,,,,23.56209253144189,D_1x_recoverable,,False,False,False,False,False,,,burn_a_end_or_pre_burn_state_missing;sync_error_missing_without_crossing
phase26,phase26_burn_hold_burn,r0=0.98|angle=170|thrust=8000|target=1,window_no_crossing,dead_window_no_crossing,0.0,0.98,170.0,8000.0,1.0,0.98,0.17541114852710393,-0.005193942399973061,-0.020408163265306496,-0.025090063551973553,0.9799999999999996,0.8098247858864084,1.150175214113591,0.17364817766693,True,2032565.0106456443,0.020408163265306496,-0.025090063551973553,-0.019999815058560286,0.17200080752843205,0.32189075812932055,0.7361635128216514,0.29545318743911425,pre_burn_state_json,1,1,2032565,,,,,,,,7.999898521238715,D_1x_recoverable,,False,False,False,False,False,,,sync_error_missing_without_crossing
phase26,phase26_burn_hold_burn,r0=1|angle=170|thrust=8000|target=1,crossing_bad_sync,no_window,8.676726276183203,1.0,170.0,8000.0,1.0,1.0,0.17364817766693022,-0.015192246987791968,-2.104654818683916e-16,-0.015192246987791962,0.9999999999999999,0.8263518223330696,1.1736481776669303,0.17364817766693036,True,,2.104654818683916e-16,-0.015192246987791962,,,,,,,0,0,0,2307,,2.920735677083333e-10,-0.006324852049514541,-0.911636861908399,3.6602346470497937,3.646547447633596,2.971756020030534,D_1x_recoverable,,False,True,True,False,False,,,burn_a_end_or_pre_burn_state_missing
phase26,phase26_burn_hold_burn,r0=1.02|angle=170|thrust=8000|target=1,dead_geometry,no_window,0.0,1.02,170.0,8000.0,1.0,1.02,0.171937316459288,-0.02489502305058251,0.01960784313725499,-0.005392923511594131,1.0200000000000002,0.8428788587797316,1.1971211412202687,0.17364817766693,True,,0.01960784313725499,-0.005392923511594131,,,,,,,0,0,,,,,,,,,11.701750713617072,D_1x_recoverable,,False,False,False,False,False,,,burn_a_end_or_pre_burn_state_missing;sync_error_missing_without_crossing
phase26,phase26_burn_hold_burn,r0=1.05|angle=170|thrust=8000|target=1,dead_geometry,no_window,0.0,1.05,170.0,8000.0,1.0,1.05,0.16946326925253707,-0.03892604199510515,0.047619047619047436,0.009127655905139585,1.0499999999999998,0.867669413449723,1.2323305865502765,0.17364817766693028,True,,0.047619047619047436,0.009127655905139585,,,,,,,0,0,,,,,,,,,21.702444158808806,D_1x_recoverable,,False,False,False,False,False,,,burn_a_end_or_pre_burn_state_missing;sync_error_missing_without_crossing
phase26,phase26_burn_hold_burn,r0=0.98|angle=175|thrust=8000|target=1,window_no_crossing,dead_window_no_crossing,0.0,0.98,175.0,8000.0,1.0,0.98,0.08804059530888479,0.006308609146798016,-0.020408163265306287,-0.013817563036137981,0.9799999999999999,0.8945873721072939,1.0654126278927059,0.08715574274765918,True,4049660.9742639633,0.020408163265306287,-0.013817563036137981,-0.01999990717603047,0.08632907049245486,0.3334069574852493,0.7446106894542571,0.3067389421076711,pre_burn_state_json,1,1,2808964,,,,,,,,8.00012370741418,D_1x_recoverable,,False,False,False,False,False,,,sync_error_missing_without_crossing
phase26,phase26_burn_hold_burn,r0=1|angle=175|thrust=8000|target=1,crossing_bad_sync,no_window,8.86482222272753,1.0,175.0,8000.0,1.0,1.0,0.08715574274765818,-0.003805301908254529,-2.104654818683916e-16,-0.0038053019082545138,0.9999999999999999,0.912844257252342,1.087155742747658,0.08715574274765796,True,,2.104654818683916e-16,-0.0038053019082545138,,,,,,,0,0,1,86,,6.0556640625e-11,-0.00839807571601849,-0.8175888886362344,3.2972025479901705,3.2703555545449374,2.9569801506190814,D_1x_recoverable,,False,True,True,False,False,,,burn_a_end_or_pre_burn_state_missing
phase26,phase26_burn_hold_burn,r0=1.02|angle=175|thrust=8000|target=1,dead_geometry,no_window,0.0,1.02,175.0,8000.0,1.0,1.02,0.08629704453790087,-0.013620267358068197,0.019607843137254777,0.006107327294770394,1.0199999999999998,0.9311011423973901,1.1088988576026098,0.0871557427476567,True,,0.019607843137254777,0.006107327294770394,,,,,,,0,0,,,,,,,,,9.086850509347325,D_1x_recoverable,,False,False,False,False,False,,,burn_a_end_or_pre_burn_state_missing;sync_error_missing_without_crossing
phase26,phase26_burn_hold_burn,r0=1.05|angle=175|thrust=8000|target=1,dead_geometry,no_window,0.0,1.05,175.0,8000.0,1.0,1.05,0.0850552957053232,-0.02781352146132346,0.04761904761904765,0.020795802465610375,1.05,0.9584864701149592,1.141513529885041,0.08715574274765797,True,,0.04761904761904765,0.020795802465610375,,,,,,,0,0,,,,,,,,,20.446890754374035,D_1x_recoverable,,False,False,False,False,False,,,burn_a_end_or_pre_burn_state_missing;sync_error_missing_without_crossing
phase26,phase26_burn_hold_burn,r0=0.98|angle=150|thrust=10000|target=1,window_no_crossing,dead_window_no_crossing,0.0,0.98,150.0,10000.0,1.0,0.98,0.5050762722761052,-0.12518223472029347,-0.020408163265306076,-0.1426785900258876,0.9800000000000001,0.49000000000000005,1.4700000000000002,0.5000000000000001,True,705902.4201763618,0.020408163265306076,-0.1426785900258876,-0.01999946891827474,0.4928335804732481,0.28351110033878657,0.8494704621631978,0.2578415599813004,pre_burn_state_json,1,1,705902,,,,,,,,7.999046902956157,D_1x_recoverable,,False,False,False,False,False,,,sync_error_missing_without_crossing
phase26,phase26_burn_hold_burn,r0=1|angle=150|thrust=10000|target=1,crossing_bad_sync,no_window,8.585865689396837,1.0,150.0,10000.0,1.0,1.0,0.4999999999999998,-0.1339745962155612,0.0,-0.13397459621556124,1.0,0.5,1.5,0.5,True,,0.0,-0.13397459621556124,,,,,,,0,0,0,413,,7.30203125e-11,-0.0014919024394221608,-0.9570671553015822,3.828995307954149,3.8282686212063286,2.758531474618212,D_1x_recoverable,,False,True,True,False,False,,,burn_a_end_or_pre_burn_state_missing
phase26,phase26_burn_hold_burn,r0=1.02|angle=150|thrust=10000|target=1,dead_geometry,no_window,0.0,1.02,150.0,10000.0,1.0,1.02,0.49507377148833703,-0.14250707428745554,0.01960784313725499,-0.12535721577320472,1.0200000000000002,0.5100000000000002,1.53,0.49999999999999983,True,,0.01960784313725499,-0.12535721577320472,,,,,,,0,0,,,,,,,,,25.53942098359567,D_1x_recoverable,,False,False,False,False,False,,,burn_a_end_or_pre_burn_state_missing;sync_error_missing_without_crossing
phase26,phase26_burn_hold_burn,r0=1.05|angle=150|thrust=10000|target=1,dead_geometry,no_window,0.0,1.05,150.0,10000.0,1.0,1.05,0.4879500364742664,-0.1548457452714833,0.04761904761904765,-0.11258803253505753,1.05,0.525,1.5750000000000002,0.5000000000000001,True,,0.04761904761904765,-0.11258803253505753,,,,,,,0,0,,,,,,,,,30.891819060499373,D_1x_recoverable,,False,False,False,False,False,,,burn_a_end_or_pre_burn_state_missing;sync_error_missing_without_crossing
phase26,phase26_burn_hold_burn,r0=0.98|angle=165|thrust=10000|target=1,window_no_crossing,dead_window_no_crossing,0.0,0.98,165.0,10000.0,1.0,0.98,0.26144671698888494,-0.02426756872540107,-0.020408163265306076,-0.04378221735089306,0.9800000000000001,0.7263573357995292,1.2336426642004712,0.25881904510252135,True,1363698.7569766094,0.020408163265306076,-0.04378221735089306,-0.019999725092979037,0.2551077222901433,0.38456103734047686,0.9412734620470542,0.35687019721921753,pre_burn_state_json,1,1,1363699,,,,,,,,7.9996782161118105,D_1x_recoverable,,False,False,False,False,False,,,sync_error_missing_without_crossing
phase26,phase26_burn_hold_burn,r0=1|angle=165|thrust=10000|target=1,crossing_bad_sync,no_window,8.601024110919587,1.0,165.0,10000.0,1.0,1.0,0.25881904510252096,-0.034074173710931834,-2.104654818683916e-16,-0.034074173710931875,0.9999999999999999,0.7411809548974788,1.2588190451025212,0.2588190451025212,True,,2.104654818683916e-16,-0.034074173710931875,,,,,,,0,0,0,243,,6.5148046875e-11,-0.0021129824297496515,-0.9494879445402064,3.79942093563033,3.7979517781608254,2.8017542840775818,D_1x_recoverable,,False,True,True,False,False,,,burn_a_end_or_pre_burn_state_missing
phase26,phase26_burn_hold_burn,r0=1.02|angle=165|thrust=10000|target=1,dead_geometry,no_window,0.0,1.02,165.0,10000.0,1.0,1.02,0.25626904158383024,-0.04359091640216505,0.019607843137254777,-0.024462734730208335,1.0199999999999998,0.7560045739954291,1.2839954260045705,0.2588190451025204,True,,0.019607843137254777,-0.024462734730208335,,,,,,,0,0,,,,,,,,,14.953091824434882,D_1x_recoverable,,False,False,False,False,False,,,burn_a_end_or_pre_burn_state_missing;sync_error_missing_without_crossing
phase26,phase26_burn_hold_burn,r0=1.05|angle=165|thrust=10000|target=1,dead_geometry,no_window,0.0,1.05,165.0,10000.0,1.0,1.05,0.25258152499601993,-0.05735291566162611,0.04761904761904765,-0.010220561444707415,1.05,0.7782400026423528,1.3217599973576475,0.2588190451025212,True,,0.04761904761904765,-0.010220561444707415,,,,,,,0,0,,,,,,,,,23.56207068556549,D_1x_recoverable,,False,False,False,False,False,,,burn_a_end_or_pre_burn_state_missing;sync_error_missing_without_crossing
phase26,phase26_burn_hold_burn,r0=0.98|angle=170|thrust=10000|target=1,window_no_crossing,dead_window_no_crossing,0.0,0.98,170.0,10000.0,1.0,0.98,0.17541114852710393,-0.005193942399973061,-0.020408163265306496,-0.025090063551973553,0.9799999999999996,0.8098247858864084,1.150175214113591,0.17364817766693,True,2032565.0106456443,0.020408163265306496,-0.025090063551973553,-0.019999815558097916,0.17115808320313208,0.40366208394382785,0.9587463929105391,0.3755891011590561,pre_burn_state_json,1,1,1396317,,,,,,,,7.999899604203309,D_1x_recoverable,,False,False,False,False,False,,,sync_error_missing_without_crossing
phase26,phase26_burn_hold_burn,r0=1|angle=170|thrust=10000|target=1,crossing_bad_sync,no_window,6.769451209905615,1.0,170.0,10000.0,1.0,1.0,0.17364817766693022,-0.015192246987791968,-2.104654818683916e-16,-0.015192246987791962,0.9999999999999999,0.8263518223330696,1.1736481776669303,0.17364817766693036,True,,2.104654818683916e-16,-0.015192246987791962,,,,,,,0,0,0,3843,,5.782188541666666e-09,-0.1492219516037754,-0.7309675543558039,8.013550658069029,7.4610975801887705,2.7329392774020005,D_1x_recoverable,,False,True,True,False,False,,,burn_a_end_or_pre_burn_state_missing
phase26,phase26_burn_hold_burn,r0=1.02|angle=170|thrust=10000|target=1,dead_geometry,no_window,0.0,1.02,170.0,10000.0,1.0,1.02,0.171937316459288,-0.02489502305058251,0.01960784313725499,-0.005392923511594131,1.0200000000000002,0.8428788587797316,1.1971211412202687,0.17364817766693,True,,0.01960784313725499,-0.005392923511594131,,,,,,,0,0,,,,,,,,,11.70170779288859,D_1x_recoverable,,False,False,False,False,False,,,burn_a_end_or_pre_burn_state_missing;sync_error_missing_without_crossing
phase26,phase26_burn_hold_burn,r0=1.05|angle=170|thrust=10000|target=1,dead_geometry,no_window,0.0,1.05,170.0,10000.0,1.0,1.05,0.16946326925253707,-0.03892604199510515,0.047619047619047436,0.009127655905139585,1.0499999999999998,0.867669413449723,1.2323305865502765,0.17364817766693028,True,,0.047619047619047436,0.009127655905139585,,,,,,,0,0,,,,,,,,,21.702524960613893,D_1x_recoverable,,False,False,False,False,False,,,burn_a_end_or_pre_burn_state_missing;sync_error_missing_without_crossing
phase26,phase26_burn_hold_burn,r0=0.98|angle=175|thrust=10000|target=1,window_no_crossing,dead_window_no_crossing,0.0,0.98,175.0,10000.0,1.0,0.98,0.08804059530888479,0.006308609146798016,-0.020408163265306287,-0.013817563036137981,0.9799999999999999,0.8945873721072939,1.0654126278927059,0.08715574274765918,True,4049660.9742639633,0.020408163265306287,-0.013817563036137981,-0.019999907426742056,0.08590614404718938,0.41518159495754253,0.9693026785416283,0.38687809406636253,pre_burn_state_json,1,1,1396356,,,,,,,,8.000124018284025,D_1x_recoverable,,False,False,False,False,False,,,sync_error_missing_without_crossing
phase26,phase26_burn_hold_burn,r0=1|angle=175|thrust=10000|target=1,near_recoverable_crossing,no_window,11.049168197997707,1.0,175.0,10000.0,1.0,1.0,0.08715574274765818,-0.003805301908254529,-2.104654818683916e-16,-0.0038053019082545138,0.9999999999999999,0.912844257252342,1.087155742747658,0.08715574274765796,True,,2.104654818683916e-16,-0.0038053019082545138,,,,,,,0,0,0,44,,5.35978515625e-10,-0.017960415068522723,-0.7254159010011462,3.037448426622083,2.9016636040045847,2.904398433002142,D_1x_recoverable,,False,True,True,False,False,,,burn_a_end_or_pre_burn_state_missing
phase26,phase26_burn_hold_burn,r0=1.02|angle=175|thrust=10000|target=1,dead_geometry,no_window,0.0,1.02,175.0,10000.0,1.0,1.02,0.08629704453790087,-0.013620267358068197,0.019607843137254777,0.006107327294770394,1.0199999999999998,0.9311011423973901,1.1088988576026098,0.0871557427476567,True,,0.019607843137254777,0.006107327294770394,,,,,,,0,0,,,,,,,,,9.086941654372925,D_1x_recoverable,,False,False,False,False,False,,,burn_a_end_or_pre_burn_state_missing;sync_error_missing_without_crossing
phase26,phase26_burn_hold_burn,r0=1.05|angle=175|thrust=10000|target=1,dead_geometry,no_window,0.0,1.05,175.0,10000.0,1.0,1.05,0.0850552957053232,-0.02781352146132346,0.04761904761904765,0.020795802465610375,1.05,0.9584864701149592,1.141513529885041,0.08715574274765797,True,,0.04761904761904765,0.020795802465610375,,,,,,,0,0,,,,,,,,,20.446843289290705,D_1x_recoverable,,False,False,False,False,False,,,burn_a_end_or_pre_burn_state_missing;sync_error_missing_without_crossing
phase26,phase26_burn_hold_burn,r0=0.98|angle=150|thrust=12000|target=1,window_no_crossing,dead_window_no_crossing,0.0,0.98,150.0,12000.0,1.0,0.98,0.5050762722761052,-0.12518223472029347,-0.020408163265306076,-0.1426785900258876,0.9800000000000001,0.49000000000000005,1.4700000000000002,0.5000000000000001,True,705902.4201763618,0.020408163265306076,-0.1426785900258876,-0.01999947035152435,0.49041895876721375,0.36525087535983536,1.0636054842326585,0.3379465809556838,pre_burn_state_json,1,1,705902,,,,,,,,7.999057989480037,D_1x_recoverable,,False,False,False,False,False,,,sync_error_missing_without_crossing
phase26,phase26_burn_hold_burn,r0=1|angle=150|thrust=12000|target=1,near_recoverable_crossing,no_window,11.049441623000385,1.0,150.0,12000.0,1.0,1.0,0.4999999999999998,-0.1339745962155612,0.0,-0.13397459621556124,1.0,0.5,1.5,0.5,True,,0.0,-0.13397459621556124,,,,,,,0,0,0,114,,4.908390625e-10,-0.019133667779626447,-0.7252791884998071,3.0547866581952734,2.9011167539992284,2.7872261916056575,D_1x_recoverable,,False,True,True,False,False,,,burn_a_end_or_pre_burn_state_missing
phase26,phase26_burn_hold_burn,r0=1.02|angle=150|thrust=12000|target=1,dead_geometry,no_window,0.0,1.02,150.0,12000.0,1.0,1.02,0.49507377148833703,-0.14250707428745554,0.01960784313725499,-0.12535721577320472,1.0200000000000002,0.5100000000000002,1.53,0.49999999999999983,True,,0.01960784313725499,-0.12535721577320472,,,,,,,0,0,,,,,,,,,25.457956413695403,D_1x_recoverable,,False,False,False,False,False,,,burn_a_end_or_pre_burn_state_missing;sync_error_missing_without_crossing
phase26,phase26_burn_hold_burn,r0=1.05|angle=150|thrust=12000|target=1,dead_geometry,no_window,0.0,1.05,150.0,12000.0,1.0,1.05,0.4879500364742664,-0.1548457452714833,0.04761904761904765,-0.11258803253505753,1.05,0.525,1.5750000000000002,0.5000000000000001,True,,0.04761904761904765,-0.11258803253505753,,,,,,,0,0,,,,,,,,,30.81113287234357,D_1x_recoverable,,False,False,False,False,False,,,burn_a_end_or_pre_burn_state_missing;sync_error_missing_without_crossing
phase26,phase26_burn_hold_burn,r0=0.98|angle=165|thrust=12000|target=1,window_no_crossing,dead_window_no_crossing,0.0,0.98,165.0,12000.0,1.0,0.98,0.26144671698888494,-0.02426756872540107,-0.020408163265306076,-0.04378221735089306,0.9800000000000001,0.7263573357995292,1.2336426642004712,0.25881904510252135,True,1363698.7569766094,0.020408163265306076,-0.04378221735089306,-0.019999725835098438,0.25385749662898655,0.46632708652092403,1.1737429976678926,0.437000946805927,pre_burn_state_json,1,1,1363699,,,,,,,,7.999682693321834,D_1x_recoverable,,False,False,False,False,False,,,sync_error_missing_without_crossing
phase26,phase26_burn_hold_burn,r0=1|angle=165|thrust=12000|target=1,crossing_bad_sync,no_window,8.697548451817747,1.0,165.0,12000.0,1.0,1.0,0.25881904510252096,-0.034074173710931834,-2.104654818683916e-16,-0.034074173710931875,0.9999999999999999,0.7411809548974788,1.2588190451025212,0.2588190451025212,True,,2.104654818683916e-16,-0.034074173710931875,,,,,,,0,0,0,105,,7.7303515625e-11,-0.0069845823583089784,-0.9012257740911267,3.621779577911722,3.604903096364507,2.776776976070846,D_1x_recoverable,,False,True,True,False,False,,,burn_a_end_or_pre_burn_state_missing
phase26,phase26_burn_hold_burn,r0=1.02|angle=165|thrust=12000|target=1,dead_geometry,no_window,0.0,1.02,165.0,12000.0,1.0,1.02,0.25626904158383024,-0.04359091640216505,0.019607843137254777,-0.024462734730208335,1.0199999999999998,0.7560045739954291,1.2839954260045705,0.2588190451025204,True,,0.019607843137254777,-0.024462734730208335,,,,,,,0,0,,,,,,,,,14.945134983837804,D_1x_recoverable,,False,False,False,False,False,,,burn_a_end_or_pre_burn_state_missing;sync_error_missing_without_crossing
phase26,phase26_burn_hold_burn,r0=1.05|angle=165|thrust=12000|target=1,dead_geometry,no_window,0.0,1.05,165.0,12000.0,1.0,1.05,0.25258152499601993,-0.05735291566162611,0.04761904761904765,-0.010220561444707415,1.05,0.7782400026423528,1.3217599973576475,0.2588190451025212,True,,0.04761904761904765,-0.010220561444707415,,,,,,,0,0,,,,,,,,,23.561988596416803,D_1x_recoverable,,False,False,False,False,False,,,burn_a_end_or_pre_burn_state_missing;sync_error_missing_without_crossing
phase26,phase26_burn_hold_burn,r0=0.98|angle=170|thrust=12000|target=1,window_no_crossing,dead_window_no_crossing,0.0,0.98,170.0,12000.0,1.0,0.98,0.17541114852710393,-0.005193942399973061,-0.020408163265306496,-0.025090063551973553,0.9799999999999996,0.8098247858864084,1.150175214113591,0.17364817766693,True,2032565.0106456443,0.020408163265306496,-0.025090063551973553,-0.019999816056021746,0.17031926563540006,0.4854334503083941,1.1947052440680126,0.45572505453876455,pre_burn_state_json,1,1,2032565,,,,,,,,7.9999024247555965,D_1x_recoverable,,False,False,False,False,False,,,sync_error_missing_without_crossing
phase26,phase26_burn_hold_burn,r0=1|angle=170|thrust=12000|target=1,near_recoverable_crossing,no_window,11.286554909529677,1.0,170.0,12000.0,1.0,1.0,0.17364817766693022,-0.015192246987791968,-2.104654818683916e-16,-0.015192246987791962,0.9999999999999999,0.8263518223330696,1.1736481776669303,0.17364817766693036,True,,2.104654818683916e-16,-0.015192246987791962,,,,,,,0,0,0,1010,,1.4031861979166667e-10,-0.007154283714171683,-0.6067225452351612,2.4531113690583384,2.426890180940645,2.448169600872736,D_1x_recoverable,,False,True,True,False,False,,,burn_a_end_or_pre_burn_state_missing
phase26,phase26_burn_hold_burn,r0=1.02|angle=170|thrust=12000|target=1,dead_geometry,no_window,0.0,1.02,170.0,12000.0,1.0,1.02,0.171937316459288,-0.02489502305058251,0.01960784313725499,-0.005392923511594131,1.0200000000000002,0.8428788587797316,1.1971211412202687,0.17364817766693,True,,0.01960784313725499,-0.005392923511594131,,,,,,,0,0,,,,,,,,,11.701670996723127,D_1x_recoverable,,False,False,False,False,False,,,burn_a_end_or_pre_burn_state_missing;sync_error_missing_without_crossing
phase26,phase26_burn_hold_burn,r0=1.05|angle=170|thrust=12000|target=1,dead_geometry,no_window,0.0,1.05,170.0,12000.0,1.0,1.05,0.16946326925253707,-0.03892604199510515,0.047619047619047436,0.009127655905139585,1.0499999999999998,0.867669413449723,1.2323305865502765,0.17364817766693028,True,,0.047619047619047436,0.009127655905139585,,,,,,,0,0,,,,,,,,,21.702513343785302,D_1x_recoverable,,False,False,False,False,False,,,burn_a_end_or_pre_burn_state_missing;sync_error_missing_without_crossing
phase26,phase26_burn_hold_burn,r0=0.98|angle=175|thrust=12000|target=1,window_no_crossing,dead_window_no_crossing,0.0,0.98,175.0,12000.0,1.0,0.98,0.08804059530888479,0.006308609146798016,-0.020408163265306287,-0.013817563036137981,0.9799999999999999,0.8945873721072939,1.0654126278927059,0.08715574274765918,True,4049660.9742639633,0.020408163265306287,-0.013817563036137981,-0.019999907676642448,0.08548518143904044,0.4969562427609291,1.2073695747161735,0.46701725610973716,pre_burn_state_json,1,1,4049661,,,,,,,,8.000125372552802,D_1x_recoverable,,False,False,False,False,False,,,sync_error_missing_without_crossing
phase26,phase26_burn_hold_burn,r0=1|angle=175|thrust=12000|target=1,near_recoverable_crossing,no_window,11.272236476745245,1.0,175.0,12000.0,1.0,1.0,0.08715574274765818,-0.003805301908254529,-2.104654818683916e-16,-0.0038053019082545138,0.9999999999999999,0.912844257252342,1.087155742747658,0.08715574274765796,True,,2.104654818683916e-16,-0.0038053019082545138,,,,,,,0,0,0,43,,6.876559895833333e-10,-0.016145189110617915,-0.6138817616273774,2.584817383236934,2.4555270465095096,2.5842628567746577,D_1x_recoverable,,False,True,True,False,False,,,burn_a_end_or_pre_burn_state_missing
phase26,phase26_burn_hold_burn,r0=1.02|angle=175|thrust=12000|target=1,dead_geometry,no_window,0.0,1.02,175.0,12000.0,1.0,1.02,0.08629704453790087,-0.013620267358068197,0.019607843137254777,0.006107327294770394,1.0199999999999998,0.9311011423973901,1.1088988576026098,0.0871557427476567,True,,0.019607843137254777,0.006107327294770394,,,,,,,0,0,,,,,,,,,9.08684706703187,D_1x_recoverable,,False,False,False,False,False,,,burn_a_end_or_pre_burn_state_missing;sync_error_missing_without_crossing
phase26,phase26_burn_hold_burn,r0=1.05|angle=175|thrust=12000|target=1,dead_geometry,no_window,0.0,1.05,175.0,12000.0,1.0,1.05,0.0850552957053232,-0.02781352146132346,0.04761904761904765,0.020795802465610375,1.05,0.9584864701149592,1.141513529885041,0.08715574274765797,True,,0.04761904761904765,0.020795802465610375,,,,,,,0,0,,,,,,,,,20.446833376035027,D_1x_recoverable,,False,False,False,False,False,,,burn_a_end_or_pre_burn_state_missing;sync_error_missing_without_crossing
phase26,phase26_stronger_tangential,r0=0.98|angle=150|thrust=8000|target=1,window_no_crossing,dead_window_no_crossing,0.0,0.98,150.0,8000.0,1.0,0.98,0.5050762722761052,-0.12518223472029347,-0.020408163265306076,-0.1426785900258876,0.9800000000000001,0.49000000000000005,1.4700000000000002,0.5000000000000001,True,705902.4201763618,0.020408163265306076,-0.1426785900258876,-0.01999946748038763,0.49525942384523597,0.20177165852883766,0.6487217985732481,0.17773686532523883,pre_burn_state_json,1,1,705902,,,,,,,,7.9986947236307895,D_1x_recoverable,,False,False,False,False,False,,,sync_error_missing_without_crossing
phase26,phase26_stronger_tangential,r0=1|angle=150|thrust=8000|target=1,crossing_bad_sync,no_window,8.93980995139794,1.0,150.0,8000.0,1.0,1.0,0.4999999999999998,-0.1339745962155612,0.0,-0.13397459621556124,1.0,0.5,1.5,0.5,True,,0.0,-0.13397459621556124,,,,,,,0,0,0,631,,1.9467604166666666e-10,-0.005988015668111895,-0.7800950243010297,3.134710956393185,3.120380097204119,2.977871114143954,D_1x_recoverable,,False,True,True,False,False,,,burn_a_end_or_pre_burn_state_missing
phase26,phase26_stronger_tangential,r0=1.02|angle=150|thrust=8000|target=1,dead_geometry,no_window,0.0,1.02,150.0,8000.0,1.0,1.02,0.49507377148833703,-0.14250707428745554,0.01960784313725499,-0.12535721577320472,1.0200000000000002,0.5100000000000002,1.53,0.49999999999999983,True,,0.01960784313725499,-0.12535721577320472,,,,,,,0,0,,,,,,,,,25.625866564702612,D_1x_recoverable,,False,False,False,False,False,,,burn_a_end_or_pre_burn_state_missing;sync_error_missing_without_crossing
phase26,phase26_stronger_tangential,r0=1.05|angle=150|thrust=8000|target=1,dead_geometry,no_window,0.0,1.05,150.0,8000.0,1.0,1.05,0.4879500364742664,-0.1548457452714833,0.04761904761904765,-0.11258803253505753,1.05,0.525,1.5750000000000002,0.5000000000000001,True,,0.04761904761904765,-0.11258803253505753,,,,,,,0,0,,,,,,,,,30.989889093950367,D_1x_recoverable,,False,False,False,False,False,,,burn_a_end_or_pre_burn_state_missing;sync_error_missing_without_crossing
phase26,phase26_stronger_tangential,r0=0.98|angle=165|thrust=8000|target=1,window_no_crossing,dead_window_no_crossing,0.0,0.98,165.0,8000.0,1.0,0.98,0.26144671698888494,-0.02426756872540107,-0.020408163265306076,-0.04378221735089306,0.9800000000000001,0.7263573357995292,1.2336426642004712,0.25881904510252135,True,1363698.7569766094,0.020408163265306076,-0.04378221735089306,-0.01999972434845573,0.25636376674700956,0.302795077885787,0.7221816433682448,0.2767395354455463,pre_burn_state_json,1,1,1363699,,,,,,,,7.999325457618198,D_1x_recoverable,,False,False,False,False,False,,,sync_error_missing_without_crossing
phase26,phase26_stronger_tangential,r0=1|angle=165|thrust=8000|target=1,near_recoverable_crossing,no_window,11.00564757860189,1.0,165.0,8000.0,1.0,1.0,0.25881904510252096,-0.034074173710931834,-2.104654818683916e-16,-0.034074173710931875,0.9999999999999999,0.7411809548974788,1.2588190451025212,0.2588190451025212,True,,2.104654818683916e-16,-0.034074173710931875,,,,,,,0,0,1,182,,3.5278919270833335e-10,-0.020933166025926386,-0.7471762106990555,3.1666781075799455,2.988704842796222,3.1567937662689762,D_1x_recoverable,,False,True,True,False,False,,,burn_a_end_or_pre_burn_state_missing
phase26,phase26_stronger_tangential,r0=1.02|angle=165|thrust=8000|target=1,dead_geometry,no_window,0.0,1.02,165.0,8000.0,1.0,1.02,0.25626904158383024,-0.04359091640216505,0.019607843137254777,-0.024462734730208335,1.0199999999999998,0.7560045739954291,1.2839954260045705,0.2588190451025204,True,,0.019607843137254777,-0.024462734730208335,,,,,,,0,0,,,,,,,,,14.968683117592679,D_1x_recoverable,,False,False,False,False,False,,,burn_a_end_or_pre_burn_state_missing;sync_error_missing_without_crossing
phase26,phase26_stronger_tangential,r0=1.05|angle=165|thrust=8000|target=1,dead_geometry,no_window,0.0,1.05,165.0,8000.0,1.0,1.05,0.25258152499601993,-0.05735291566162611,0.04761904761904765,-0.010220561444707415,1.05,0.7782400026423528,1.3217599973576475,0.2588190451025212,True,,0.04761904761904765,-0.010220561444707415,,,,,,,0,0,,,,,,,,,23.56209253144189,D_1x_recoverable,,False,False,False,False,False,,,burn_a_end_or_pre_burn_state_missing;sync_error_missing_without_crossing
phase26,phase26_stronger_tangential,r0=0.98|angle=170|thrust=8000|target=1,window_no_crossing,dead_window_no_crossing,0.0,0.98,170.0,8000.0,1.0,0.98,0.17541114852710393,-0.005193942399973061,-0.020408163265306496,-0.025090063551973553,0.9799999999999996,0.8098247858864084,1.150175214113591,0.17364817766693,True,2032565.0106456443,0.020408163265306496,-0.025090063551973553,-0.019999815058560286,0.17200080752843205,0.32189075812932055,0.7361635128216514,0.29545318743911425,pre_burn_state_json,1,1,2032565,,,,,,,,7.999547582498954,D_1x_recoverable,,False,False,False,False,False,,,sync_error_missing_without_crossing
phase26,phase26_stronger_tangential,r0=1|angle=170|thrust=8000|target=1,crossing_bad_sync,no_window,8.676726276183203,1.0,170.0,8000.0,1.0,1.0,0.17364817766693022,-0.015192246987791968,-2.104654818683916e-16,-0.015192246987791962,0.9999999999999999,0.8263518223330696,1.1736481776669303,0.17364817766693036,True,,2.104654818683916e-16,-0.015192246987791962,,,,,,,0,0,0,2307,,2.920735677083333e-10,-0.006324852049514541,-0.911636861908399,3.6602346470497937,3.646547447633596,2.971756020030534,D_1x_recoverable,,False,True,True,False,False,,,burn_a_end_or_pre_burn_state_missing
phase26,phase26_stronger_tangential,r0=1.02|angle=170|thrust=8000|target=1,dead_geometry,no_window,0.0,1.02,170.0,8000.0,1.0,1.02,0.171937316459288,-0.02489502305058251,0.01960784313725499,-0.005392923511594131,1.0200000000000002,0.8428788587797316,1.1971211412202687,0.17364817766693,True,,0.01960784313725499,-0.005392923511594131,,,,,,,0,0,,,,,,,,,11.701750713617072,D_1x_recoverable,,False,False,False,False,False,,,burn_a_end_or_pre_burn_state_missing;sync_error_missing_without_crossing
phase26,phase26_stronger_tangential,r0=1.05|angle=170|thrust=8000|target=1,dead_geometry,no_window,0.0,1.05,170.0,8000.0,1.0,1.05,0.16946326925253707,-0.03892604199510515,0.047619047619047436,0.009127655905139585,1.0499999999999998,0.867669413449723,1.2323305865502765,0.17364817766693028,True,,0.047619047619047436,0.009127655905139585,,,,,,,0,0,,,,,,,,,21.702444158808806,D_1x_recoverable,,False,False,False,False,False,,,burn_a_end_or_pre_burn_state_missing;sync_error_missing_without_crossing
phase26,phase26_stronger_tangential,r0=0.98|angle=175|thrust=8000|target=1,window_no_crossing,dead_window_no_crossing,0.0,0.98,175.0,8000.0,1.0,0.98,0.08804059530888479,0.006308609146798016,-0.020408163265306287,-0.013817563036137981,0.9799999999999999,0.8945873721072939,1.0654126278927059,0.08715574274765918,True,4049660.9742639633,0.020408163265306287,-0.013817563036137981,-0.01999990717603047,0.08632907049245486,0.3334069574852493,0.7446106894542571,0.3067389421076711,pre_burn_state_json,1,1,2810733,,,,,,,,7.999773014180571,D_1x_recoverable,,False,False,False,False,False,,,sync_error_missing_without_crossing
phase26,phase26_stronger_tangential,r0=1|angle=175|thrust=8000|target=1,crossing_bad_sync,no_window,8.86482222272753,1.0,175.0,8000.0,1.0,1.0,0.08715574274765818,-0.003805301908254529,-2.104654818683916e-16,-0.0038053019082545138,0.9999999999999999,0.912844257252342,1.087155742747658,0.08715574274765796,True,,2.104654818683916e-16,-0.0038053019082545138,,,,,,,0,0,1,86,,6.0556640625e-11,-0.00839807571601849,-0.8175888886362344,3.2972025479901705,3.2703555545449374,2.9569801506190814,D_1x_recoverable,,False,True,True,False,False,,,burn_a_end_or_pre_burn_state_missing
phase26,phase26_stronger_tangential,r0=1.02|angle=175|thrust=8000|target=1,dead_geometry,no_window,0.0,1.02,175.0,8000.0,1.0,1.02,0.08629704453790087,-0.013620267358068197,0.019607843137254777,0.006107327294770394,1.0199999999999998,0.9311011423973901,1.1088988576026098,0.0871557427476567,True,,0.019607843137254777,0.006107327294770394,,,,,,,0,0,,,,,,,,,9.086850509347325,D_1x_recoverable,,False,False,False,False,False,,,burn_a_end_or_pre_burn_state_missing;sync_error_missing_without_crossing
phase26,phase26_stronger_tangential,r0=1.05|angle=175|thrust=8000|target=1,dead_geometry,no_window,0.0,1.05,175.0,8000.0,1.0,1.05,0.0850552957053232,-0.02781352146132346,0.04761904761904765,0.020795802465610375,1.05,0.9584864701149592,1.141513529885041,0.08715574274765797,True,,0.04761904761904765,0.020795802465610375,,,,,,,0,0,,,,,,,,,20.446890754374035,D_1x_recoverable,,False,False,False,False,False,,,burn_a_end_or_pre_burn_state_missing;sync_error_missing_without_crossing
phase26,phase26_stronger_tangential,r0=0.98|angle=150|thrust=10000|target=1,window_no_crossing,dead_window_no_crossing,0.0,0.98,150.0,10000.0,1.0,0.98,0.5050762722761052,-0.12518223472029347,-0.020408163265306076,-0.1426785900258876,0.9800000000000001,0.49000000000000005,1.4700000000000002,0.5000000000000001,True,705902.4201763618,0.020408163265306076,-0.1426785900258876,-0.01999946891827474,0.4928335804732481,0.28351110033878657,0.8494704621631978,0.2578415599813004,pre_burn_state_json,1,1,705902,,,,,,,,7.9987038634246215,D_1x_recoverable,,False,False,False,False,False,,,sync_error_missing_without_crossing
phase26,phase26_stronger_tangential,r0=1|angle=150|thrust=10000|target=1,crossing_bad_sync,no_window,8.585865689396837,1.0,150.0,10000.0,1.0,1.0,0.4999999999999998,-0.1339745962155612,0.0,-0.13397459621556124,1.0,0.5,1.5,0.5,True,,0.0,-0.13397459621556124,,,,,,,0,0,0,413,,7.30203125e-11,-0.0014919024394221608,-0.9570671553015822,3.828995307954149,3.8282686212063286,2.758531474618212,D_1x_recoverable,,False,True,True,False,False,,,burn_a_end_or_pre_burn_state_missing
phase26,phase26_stronger_tangential,r0=1.02|angle=150|thrust=10000|target=1,dead_geometry,no_window,0.0,1.02,150.0,10000.0,1.0,1.02,0.49507377148833703,-0.14250707428745554,0.01960784313725499,-0.12535721577320472,1.0200000000000002,0.5100000000000002,1.53,0.49999999999999983,True,,0.01960784313725499,-0.12535721577320472,,,,,,,0,0,,,,,,,,,25.53942098359567,D_1x_recoverable,,False,False,False,False,False,,,burn_a_end_or_pre_burn_state_missing;sync_error_missing_without_crossing
phase26,phase26_stronger_tangential,r0=1.05|angle=150|thrust=10000|target=1,dead_geometry,no_window,0.0,1.05,150.0,10000.0,1.0,1.05,0.4879500364742664,-0.1548457452714833,0.04761904761904765,-0.11258803253505753,1.05,0.525,1.5750000000000002,0.5000000000000001,True,,0.04761904761904765,-0.11258803253505753,,,,,,,0,0,,,,,,,,,30.891819060499373,D_1x_recoverable,,False,False,False,False,False,,,burn_a_end_or_pre_burn_state_missing;sync_error_missing_without_crossing
phase26,phase26_stronger_tangential,r0=0.98|angle=165|thrust=10000|target=1,window_no_crossing,dead_window_no_crossing,0.0,0.98,165.0,10000.0,1.0,0.98,0.26144671698888494,-0.02426756872540107,-0.020408163265306076,-0.04378221735089306,0.9800000000000001,0.7263573357995292,1.2336426642004712,0.25881904510252135,True,1363698.7569766094,0.020408163265306076,-0.04378221735089306,-0.019999725092979037,0.2551077222901433,0.38456103734047686,0.9412734620470542,0.35687019721921753,pre_burn_state_json,1,1,1363699,,,,,,,,7.999329415224585,D_1x_recoverable,,False,False,False,False,False,,,sync_error_missing_without_crossing
phase26,phase26_stronger_tangential,r0=1|angle=165|thrust=10000|target=1,crossing_bad_sync,no_window,8.601024110919587,1.0,165.0,10000.0,1.0,1.0,0.25881904510252096,-0.034074173710931834,-2.104654818683916e-16,-0.034074173710931875,0.9999999999999999,0.7411809548974788,1.2588190451025212,0.2588190451025212,True,,2.104654818683916e-16,-0.034074173710931875,,,,,,,0,0,0,243,,6.5148046875e-11,-0.0021129824297496515,-0.9494879445402064,3.79942093563033,3.7979517781608254,2.8017542840775818,D_1x_recoverable,,False,True,True,False,False,,,burn_a_end_or_pre_burn_state_missing
phase26,phase26_stronger_tangential,r0=1.02|angle=165|thrust=10000|target=1,dead_geometry,no_window,0.0,1.02,165.0,10000.0,1.0,1.02,0.25626904158383024,-0.04359091640216505,0.019607843137254777,-0.024462734730208335,1.0199999999999998,0.7560045739954291,1.2839954260045705,0.2588190451025204,True,,0.019607843137254777,-0.024462734730208335,,,,,,,0,0,,,,,,,,,14.953091824434882,D_1x_recoverable,,False,False,False,False,False,,,burn_a_end_or_pre_burn_state_missing;sync_error_missing_without_crossing
phase26,phase26_stronger_tangential,r0=1.05|angle=165|thrust=10000|target=1,dead_geometry,no_window,0.0,1.05,165.0,10000.0,1.0,1.05,0.25258152499601993,-0.05735291566162611,0.04761904761904765,-0.010220561444707415,1.05,0.7782400026423528,1.3217599973576475,0.2588190451025212,True,,0.04761904761904765,-0.010220561444707415,,,,,,,0,0,,,,,,,,,23.56207068556549,D_1x_recoverable,,False,False,False,False,False,,,burn_a_end_or_pre_burn_state_missing;sync_error_missing_without_crossing
phase26,phase26_stronger_tangential,r0=0.98|angle=170|thrust=10000|target=1,window_no_crossing,dead_window_no_crossing,0.0,0.98,170.0,10000.0,1.0,0.98,0.17541114852710393,-0.005193942399973061,-0.020408163265306496,-0.025090063551973553,0.9799999999999996,0.8098247858864084,1.150175214113591,0.17364817766693,True,2032565.0106456443,0.020408163265306496,-0.025090063551973553,-0.019999815558097916,0.17115808320313208,0.40366208394382785,0.9587463929105391,0.3755891011590561,pre_burn_state_json,1,1,1396076,,,,,,,,7.999549943089511,D_1x_recoverable,,False,False,False,False,False,,,sync_error_missing_without_crossing
phase26,phase26_stronger_tangential,r0=1|angle=170|thrust=10000|target=1,crossing_bad_sync,no_window,6.769451209905615,1.0,170.0,10000.0,1.0,1.0,0.17364817766693022,-0.015192246987791968,-2.104654818683916e-16,-0.015192246987791962,0.9999999999999999,0.8263518223330696,1.1736481776669303,0.17364817766693036,True,,2.104654818683916e-16,-0.015192246987791962,,,,,,,0,0,0,3843,,5.782188541666666e-09,-0.1492219516037754,-0.7309675543558039,8.013550658069029,7.4610975801887705,2.7329392774020005,D_1x_recoverable,,False,True,True,False,False,,,burn_a_end_or_pre_burn_state_missing
phase26,phase26_stronger_tangential,r0=1.02|angle=170|thrust=10000|target=1,dead_geometry,no_window,0.0,1.02,170.0,10000.0,1.0,1.02,0.171937316459288,-0.02489502305058251,0.01960784313725499,-0.005392923511594131,1.0200000000000002,0.8428788587797316,1.1971211412202687,0.17364817766693,True,,0.01960784313725499,-0.005392923511594131,,,,,,,0,0,,,,,,,,,11.70170779288859,D_1x_recoverable,,False,False,False,False,False,,,burn_a_end_or_pre_burn_state_missing;sync_error_missing_without_crossing
phase26,phase26_stronger_tangential,r0=1.05|angle=170|thrust=10000|target=1,dead_geometry,no_window,0.0,1.05,170.0,10000.0,1.0,1.05,0.16946326925253707,-0.03892604199510515,0.047619047619047436,0.009127655905139585,1.0499999999999998,0.867669413449723,1.2323305865502765,0.17364817766693028,True,,0.047619047619047436,0.009127655905139585,,,,,,,0,0,,,,,,,,,21.702524960613893,D_1x_recoverable,,False,False,False,False,False,,,burn_a_end_or_pre_burn_state_missing;sync_error_missing_without_crossing
phase26,phase26_stronger_tangential,r0=0.98|angle=175|thrust=10000|target=1,window_no_crossing,dead_window_no_crossing,0.0,0.98,175.0,10000.0,1.0,0.98,0.08804059530888479,0.006308609146798016,-0.020408163265306287,-0.013817563036137981,0.9799999999999999,0.8945873721072939,1.0654126278927059,0.08715574274765918,True,4049660.9742639633,0.020408163265306287,-0.013817563036137981,-0.019999907426742056,0.08590614404718938,0.41518159495754253,0.9693026785416283,0.38687809406636253,pre_burn_state_json,1,1,1396116,,,,,,,,7.999773697282542,D_1x_recoverable,,False,False,False,False,False,,,sync_error_missing_without_crossing
phase26,phase26_stronger_tangential,r0=1|angle=175|thrust=10000|target=1,near_recoverable_crossing,no_window,11.049168197997707,1.0,175.0,10000.0,1.0,1.0,0.08715574274765818,-0.003805301908254529,-2.104654818683916e-16,-0.0038053019082545138,0.9999999999999999,0.912844257252342,1.087155742747658,0.08715574274765796,True,,2.104654818683916e-16,-0.0038053019082545138,,,,,,,0,0,0,44,,5.35978515625e-10,-0.017960415068522723,-0.7254159010011462,3.037448426622083,2.9016636040045847,2.904398433002142,D_1x_recoverable,,False,True,True,False,False,,,burn_a_end_or_pre_burn_state_missing
phase26,phase26_stronger_tangential,r0=1.02|angle=175|thrust=10000|target=1,dead_geometry,no_window,0.0,1.02,175.0,10000.0,1.0,1.02,0.08629704453790087,-0.013620267358068197,0.019607843137254777,0.006107327294770394,1.0199999999999998,0.9311011423973901,1.1088988576026098,0.0871557427476567,True,,0.019607843137254777,0.006107327294770394,,,,,,,0,0,,,,,,,,,9.086941654372925,D_1x_recoverable,,False,False,False,False,False,,,burn_a_end_or_pre_burn_state_missing;sync_error_missing_without_crossing
phase26,phase26_stronger_tangential,r0=1.05|angle=175|thrust=10000|target=1,dead_geometry,no_window,0.0,1.05,175.0,10000.0,1.0,1.05,0.0850552957053232,-0.02781352146132346,0.04761904761904765,0.020795802465610375,1.05,0.9584864701149592,1.141513529885041,0.08715574274765797,True,,0.04761904761904765,0.020795802465610375,,,,,,,0,0,,,,,,,,,20.446843289290705,D_1x_recoverable,,False,False,False,False,False,,,burn_a_end_or_pre_burn_state_missing;sync_error_missing_without_crossing
phase26,phase26_stronger_tangential,r0=0.98|angle=150|thrust=12000|target=1,window_no_crossing,dead_window_no_crossing,0.0,0.98,150.0,12000.0,1.0,0.98,0.5050762722761052,-0.12518223472029347,-0.020408163265306076,-0.1426785900258876,0.9800000000000001,0.49000000000000005,1.4700000000000002,0.5000000000000001,True,705902.4201763618,0.020408163265306076,-0.1426785900258876,-0.01999947035152435,0.49041895876721375,0.36525087535983536,1.0636054842326585,0.3379465809556838,pre_burn_state_json,1,1,705902,,,,,,,,7.998736402416903,D_1x_recoverable,,False,False,False,False,False,,,sync_error_missing_without_crossing
phase26,phase26_stronger_tangential,r0=1|angle=150|thrust=12000|target=1,near_recoverable_crossing,no_window,11.049441623000385,1.0,150.0,12000.0,1.0,1.0,0.4999999999999998,-0.1339745962155612,0.0,-0.13397459621556124,1.0,0.5,1.5,0.5,True,,0.0,-0.13397459621556124,,,,,,,0,0,0,114,,4.908390625e-10,-0.019133667779626447,-0.7252791884998071,3.0547866581952734,2.9011167539992284,2.7872261916056575,D_1x_recoverable,,False,True,True,False,False,,,burn_a_end_or_pre_burn_state_missing
phase26,phase26_stronger_tangential,r0=1.02|angle=150|thrust=12000|target=1,dead_geometry,no_window,0.0,1.02,150.0,12000.0,1.0,1.02,0.49507377148833703,-0.14250707428745554,0.01960784313725499,-0.12535721577320472,1.0200000000000002,0.5100000000000002,1.53,0.49999999999999983,True,,0.01960784313725499,-0.12535721577320472,,,,,,,0,0,,,,,,,,,25.457956413695403,D_1x_recoverable,,False,False,False,False,False,,,burn_a_end_or_pre_burn_state_missing;sync_error_missing_without_crossing
phase26,phase26_stronger_tangential,r0=1.05|angle=150|thrust=12000|target=1,dead_geometry,no_window,0.0,1.05,150.0,12000.0,1.0,1.05,0.4879500364742664,-0.1548457452714833,0.04761904761904765,-0.11258803253505753,1.05,0.525,1.5750000000000002,0.5000000000000001,True,,0.04761904761904765,-0.11258803253505753,,,,,,,0,0,,,,,,,,,30.81113287234357,D_1x_recoverable,,False,False,False,False,False,,,burn_a_end_or_pre_burn_state_missing;sync_error_missing_without_crossing
phase26,phase26_stronger_tangential,r0=0.98|angle=165|thrust=12000|target=1,window_no_crossing,dead_window_no_crossing,0.0,0.98,165.0,12000.0,1.0,0.98,0.26144671698888494,-0.02426756872540107,-0.020408163265306076,-0.04378221735089306,0.9800000000000001,0.7263573357995292,1.2336426642004712,0.25881904510252135,True,1363698.7569766094,0.020408163265306076,-0.04378221735089306,-0.019999725835098438,0.25385749662898655,0.46632708652092403,1.1737429976678926,0.437000946805927,pre_burn_state_json,1,1,1363699,,,,,,,,7.999368677488908,D_1x_recoverable,,False,False,False,False,False,,,sync_error_missing_without_crossing
phase26,phase26_stronger_tangential,r0=1|angle=165|thrust=12000|target=1,crossing_bad_sync,no_window,8.697548451817747,1.0,165.0,12000.0,1.0,1.0,0.25881904510252096,-0.034074173710931834,-2.104654818683916e-16,-0.034074173710931875,0.9999999999999999,0.7411809548974788,1.2588190451025212,0.2588190451025212,True,,2.104654818683916e-16,-0.034074173710931875,,,,,,,0,0,0,105,,7.7303515625e-11,-0.0069845823583089784,-0.9012257740911267,3.621779577911722,3.604903096364507,2.776776976070846,D_1x_recoverable,,False,True,True,False,False,,,burn_a_end_or_pre_burn_state_missing
phase26,phase26_stronger_tangential,r0=1.02|angle=165|thrust=12000|target=1,dead_geometry,no_window,0.0,1.02,165.0,12000.0,1.0,1.02,0.25626904158383024,-0.04359091640216505,0.019607843137254777,-0.024462734730208335,1.0199999999999998,0.7560045739954291,1.2839954260045705,0.2588190451025204,True,,0.019607843137254777,-0.024462734730208335,,,,,,,0,0,,,,,,,,,14.945134983837804,D_1x_recoverable,,False,False,False,False,False,,,burn_a_end_or_pre_burn_state_missing;sync_error_missing_without_crossing
phase26,phase26_stronger_tangential,r0=1.05|angle=165|thrust=12000|target=1,dead_geometry,no_window,0.0,1.05,165.0,12000.0,1.0,1.05,0.25258152499601993,-0.05735291566162611,0.04761904761904765,-0.010220561444707415,1.05,0.7782400026423528,1.3217599973576475,0.2588190451025212,True,,0.04761904761904765,-0.010220561444707415,,,,,,,0,0,,,,,,,,,23.561988596416803,D_1x_recoverable,,False,False,False,False,False,,,burn_a_end_or_pre_burn_state_missing;sync_error_missing_without_crossing
phase26,phase26_stronger_tangential,r0=0.98|angle=170|thrust=12000|target=1,window_no_crossing,dead_window_no_crossing,0.0,0.98,170.0,12000.0,1.0,0.98,0.17541114852710393,-0.005193942399973061,-0.020408163265306496,-0.025090063551973553,0.9799999999999996,0.8098247858864084,1.150175214113591,0.17364817766693,True,2032565.0106456443,0.020408163265306496,-0.025090063551973553,-0.019999816056021746,0.17031926563540006,0.4854334503083941,1.1947052440680126,0.45572505453876455,pre_burn_state_json,1,1,2032565,,,,,,,,7.99958861447038,D_1x_recoverable,,False,False,False,False,False,,,sync_error_missing_without_crossing
phase26,phase26_stronger_tangential,r0=1|angle=170|thrust=12000|target=1,near_recoverable_crossing,no_window,11.286554909529677,1.0,170.0,12000.0,1.0,1.0,0.17364817766693022,-0.015192246987791968,-2.104654818683916e-16,-0.015192246987791962,0.9999999999999999,0.8263518223330696,1.1736481776669303,0.17364817766693036,True,,2.104654818683916e-16,-0.015192246987791962,,,,,,,0,0,0,1010,,1.4031861979166667e-10,-0.007154283714171683,-0.6067225452351612,2.4531113690583384,2.426890180940645,2.448169600872736,D_1x_recoverable,,False,True,True,False,False,,,burn_a_end_or_pre_burn_state_missing
phase26,phase26_stronger_tangential,r0=1.02|angle=170|thrust=12000|target=1,dead_geometry,no_window,0.0,1.02,170.0,12000.0,1.0,1.02,0.171937316459288,-0.02489502305058251,0.01960784313725499,-0.005392923511594131,1.0200000000000002,0.8428788587797316,1.1971211412202687,0.17364817766693,True,,0.01960784313725499,-0.005392923511594131,,,,,,,0,0,,,,,,,,,11.701670996723127,D_1x_recoverable,,False,False,False,False,False,,,burn_a_end_or_pre_burn_state_missing;sync_error_missing_without_crossing
phase26,phase26_stronger_tangential,r0=1.05|angle=170|thrust=12000|target=1,dead_geometry,no_window,0.0,1.05,170.0,12000.0,1.0,1.05,0.16946326925253707,-0.03892604199510515,0.047619047619047436,0.009127655905139585,1.0499999999999998,0.867669413449723,1.2323305865502765,0.17364817766693028,True,,0.047619047619047436,0.009127655905139585,,,,,,,0,0,,,,,,,,,21.702513343785302,D_1x_recoverable,,False,False,False,False,False,,,burn_a_end_or_pre_burn_state_missing;sync_error_missing_without_crossing
phase26,phase26_stronger_tangential,r0=0.98|angle=175|thrust=12000|target=1,window_no_crossing,dead_window_no_crossing,0.0,0.98,175.0,12000.0,1.0,0.98,0.08804059530888479,0.006308609146798016,-0.020408163265306287,-0.013817563036137981,0.9799999999999999,0.8945873721072939,1.0654126278927059,0.08715574274765918,True,4049660.9742639633,0.020408163265306287,-0.013817563036137981,-0.019999907676642448,0.08548518143904044,0.4969562427609291,1.2073695747161735,0.46701725610973716,pre_burn_state_json,1,1,2576089,,,,,,,,7.999811591645828,D_1x_recoverable,,False,False,False,False,False,,,sync_error_missing_without_crossing
phase26,phase26_stronger_tangential,r0=1|angle=175|thrust=12000|target=1,near_recoverable_crossing,no_window,11.272236476745245,1.0,175.0,12000.0,1.0,1.0,0.08715574274765818,-0.003805301908254529,-2.104654818683916e-16,-0.0038053019082545138,0.9999999999999999,0.912844257252342,1.087155742747658,0.08715574274765796,True,,2.104654818683916e-16,-0.0038053019082545138,,,,,,,0,0,0,43,,6.876559895833333e-10,-0.016145189110617915,-0.6138817616273774,2.584817383236934,2.4555270465095096,2.5842628567746577,D_1x_recoverable,,False,True,True,False,False,,,burn_a_end_or_pre_burn_state_missing
phase26,phase26_stronger_tangential,r0=1.02|angle=175|thrust=12000|target=1,dead_geometry,no_window,0.0,1.02,175.0,12000.0,1.0,1.02,0.08629704453790087,-0.013620267358068197,0.019607843137254777,0.006107327294770394,1.0199999999999998,0.9311011423973901,1.1088988576026098,0.0871557427476567,True,,0.019607843137254777,0.006107327294770394,,,,,,,0,0,,,,,,,,,9.08684706703187,D_1x_recoverable,,False,False,False,False,False,,,burn_a_end_or_pre_burn_state_missing;sync_error_missing_without_crossing
phase26,phase26_stronger_tangential,r0=1.05|angle=175|thrust=12000|target=1,dead_geometry,no_window,0.0,1.05,175.0,12000.0,1.0,1.05,0.0850552957053232,-0.02781352146132346,0.04761904761904765,0.020795802465610375,1.05,0.9584864701149592,1.141513529885041,0.08715574274765797,True,,0.04761904761904765,0.020795802465610375,,,,,,,0,0,,,,,,,,,20.446833376035027,D_1x_recoverable,,False,False,False,False,False,,,burn_a_end_or_pre_burn_state_missing;sync_error_missing_without_crossing
phase27,phase27_predicted_cross_vt_targeting,r0=0.98|angle=150|thrust=8000|target=1,window_no_crossing,dead_window_no_crossing,0.0,0.98,150.0,8000.0,1.0,0.98,0.5050762722761052,-0.12518223472029347,-0.020408163265306076,-0.1426785900258876,0.9800000000000001,0.49000000000000005,1.4700000000000002,0.5000000000000001,True,705902.4201763618,0.020408163265306076,-0.1426785900258876,-0.01999946748038763,0.49525942384523597,0.20177165852883766,0.6487217985732481,0.17773686532523883,pre_burn_state_json,1,1,705902,,,,,,,,7.999250674775089,D_1x_recoverable,outside_3x,False,False,False,False,False,,,sync_error_missing_without_crossing
phase27,phase27_predicted_cross_vt_targeting,r0=1|angle=150|thrust=8000|target=1,crossing_bad_sync,no_window,8.93980995139794,1.0,150.0,8000.0,1.0,1.0,0.4999999999999998,-0.1339745962155612,0.0,-0.13397459621556124,1.0,0.5,1.5,0.5,True,,0.0,-0.13397459621556124,,,,,,,0,0,0,631,,1.9467604166666666e-10,-0.005988015668111895,-0.7800950243010297,3.134710956393185,3.120380097204119,2.977871114143954,D_1x_recoverable,C_3x,False,True,True,False,False,,,burn_a_end_or_pre_burn_state_missing
phase27,phase27_predicted_cross_vt_targeting,r0=1.02|angle=150|thrust=8000|target=1,dead_geometry,no_window,0.0,1.02,150.0,8000.0,1.0,1.02,0.49507377148833703,-0.14250707428745554,0.01960784313725499,-0.12535721577320472,1.0200000000000002,0.5100000000000002,1.53,0.49999999999999983,True,,0.01960784313725499,-0.12535721577320472,,,,,,,0,0,,,,,,,,,25.625866564702612,D_1x_recoverable,outside_3x,False,False,False,False,False,,,burn_a_end_or_pre_burn_state_missing;sync_error_missing_without_crossing
phase27,phase27_predicted_cross_vt_targeting,r0=1.05|angle=150|thrust=8000|target=1,dead_geometry,no_window,0.0,1.05,150.0,8000.0,1.0,1.05,0.4879500364742664,-0.1548457452714833,0.04761904761904765,-0.11258803253505753,1.05,0.525,1.5750000000000002,0.5000000000000001,True,,0.04761904761904765,-0.11258803253505753,,,,,,,0,0,,,,,,,,,30.989889093950367,D_1x_recoverable,outside_3x,False,False,False,False,False,,,burn_a_end_or_pre_burn_state_missing;sync_error_missing_without_crossing
phase27,phase27_predicted_cross_vt_targeting,r0=0.98|angle=165|thrust=8000|target=1,window_no_crossing,dead_window_no_crossing,0.0,0.98,165.0,8000.0,1.0,0.98,0.26144671698888494,-0.02426756872540107,-0.020408163265306076,-0.04378221735089306,0.9800000000000001,0.7263573357995292,1.2336426642004712,0.25881904510252135,True,1363698.7569766094,0.020408163265306076,-0.04378221735089306,-0.01999972434845573,0.25636376674700956,0.302795077885787,0.7221816433682448,0.2767395354455463,pre_burn_state_json,1,1,1363699,,,,,,,,8.000044550121315,D_1x_recoverable,outside_3x,False,False,False,False,False,,,sync_error_missing_without_crossing
phase27,phase27_predicted_cross_vt_targeting,r0=1|angle=165|thrust=8000|target=1,near_recoverable_crossing,no_window,11.00564757860189,1.0,165.0,8000.0,1.0,1.0,0.25881904510252096,-0.034074173710931834,-2.104654818683916e-16,-0.034074173710931875,0.9999999999999999,0.7411809548974788,1.2588190451025212,0.2588190451025212,True,,2.104654818683916e-16,-0.034074173710931875,,,,,,,0,0,1,182,,3.5278919270833335e-10,-0.020933166025926386,-0.7471762106990555,3.1666781075799455,2.988704842796222,3.1567937662689762,D_1x_recoverable,C_3x,False,True,True,False,False,,,burn_a_end_or_pre_burn_state_missing
phase27,phase27_predicted_cross_vt_targeting,r0=1.02|angle=165|thrust=8000|target=1,dead_geometry,no_window,0.0,1.02,165.0,8000.0,1.0,1.02,0.25626904158383024,-0.04359091640216505,0.019607843137254777,-0.024462734730208335,1.0199999999999998,0.7560045739954291,1.2839954260045705,0.2588190451025204,True,,0.019607843137254777,-0.024462734730208335,,,,,,,0,0,,,,,,,,,14.968683117592679,D_1x_recoverable,outside_3x,False,False,False,False,False,,,burn_a_end_or_pre_burn_state_missing;sync_error_missing_without_crossing
phase27,phase27_predicted_cross_vt_targeting,r0=1.05|angle=165|thrust=8000|target=1,dead_geometry,no_window,0.0,1.05,165.0,8000.0,1.0,1.05,0.25258152499601993,-0.05735291566162611,0.04761904761904765,-0.010220561444707415,1.05,0.7782400026423528,1.3217599973576475,0.2588190451025212,True,,0.04761904761904765,-0.010220561444707415,,,,,,,0,0,,,,,,,,,23.56209253144189,D_1x_recoverable,outside_3x,False,False,False,False,False,,,burn_a_end_or_pre_burn_state_missing;sync_error_missing_without_crossing
phase27,phase27_predicted_cross_vt_targeting,r0=0.98|angle=170|thrust=8000|target=1,window_no_crossing,dead_window_no_crossing,0.0,0.98,170.0,8000.0,1.0,0.98,0.17541114852710393,-0.005193942399973061,-0.020408163265306496,-0.025090063551973553,0.9799999999999996,0.8098247858864084,1.150175214113591,0.17364817766693,True,2032565.0106456443,0.020408163265306496,-0.025090063551973553,-0.019999815058560286,0.17200080752843205,0.32189075812932055,0.7361635128216514,0.29545318743911425,pre_burn_state_json,1,1,2032565,,,,,,,,8.000325845994787,D_1x_recoverable,outside_3x,False,False,False,False,False,,,sync_error_missing_without_crossing
phase27,phase27_predicted_cross_vt_targeting,r0=1|angle=170|thrust=8000|target=1,crossing_bad_sync,no_window,8.676726276183203,1.0,170.0,8000.0,1.0,1.0,0.17364817766693022,-0.015192246987791968,-2.104654818683916e-16,-0.015192246987791962,0.9999999999999999,0.8263518223330696,1.1736481776669303,0.17364817766693036,True,,2.104654818683916e-16,-0.015192246987791962,,,,,,,0,0,0,2307,,2.920735677083333e-10,-0.006324852049514541,-0.911636861908399,3.6602346470497937,3.646547447633596,2.971756020030534,D_1x_recoverable,C_3x,False,True,True,False,False,,,burn_a_end_or_pre_burn_state_missing
phase27,phase27_predicted_cross_vt_targeting,r0=1.02|angle=170|thrust=8000|target=1,dead_geometry,no_window,0.0,1.02,170.0,8000.0,1.0,1.02,0.171937316459288,-0.02489502305058251,0.01960784313725499,-0.005392923511594131,1.0200000000000002,0.8428788587797316,1.1971211412202687,0.17364817766693,True,,0.01960784313725499,-0.005392923511594131,,,,,,,0,0,,,,,,,,,11.701750713617072,D_1x_recoverable,outside_3x,False,False,False,False,False,,,burn_a_end_or_pre_burn_state_missing;sync_error_missing_without_crossing
phase27,phase27_predicted_cross_vt_targeting,r0=1.05|angle=170|thrust=8000|target=1,dead_geometry,no_window,0.0,1.05,170.0,8000.0,1.0,1.05,0.16946326925253707,-0.03892604199510515,0.047619047619047436,0.009127655905139585,1.0499999999999998,0.867669413449723,1.2323305865502765,0.17364817766693028,True,,0.047619047619047436,0.009127655905139585,,,,,,,0,0,,,,,,,,,21.702444158808806,D_1x_recoverable,outside_3x,False,False,False,False,False,,,burn_a_end_or_pre_burn_state_missing;sync_error_missing_without_crossing
phase27,phase27_predicted_cross_vt_targeting,r0=0.98|angle=175|thrust=8000|target=1,window_no_crossing,dead_window_no_crossing,0.0,0.98,175.0,8000.0,1.0,0.98,0.08804059530888479,0.006308609146798016,-0.020408163265306287,-0.013817563036137981,0.9799999999999999,0.8945873721072939,1.0654126278927059,0.08715574274765918,True,4049660.9742639633,0.020408163265306287,-0.013817563036137981,-0.01999990717603047,0.08632907049245486,0.3334069574852493,0.7446106894542571,0.3067389421076711,pre_burn_state_json,1,1,2807782,,,,,,,,8.000611402855798,D_1x_recoverable,outside_3x,False,False,False,False,False,,,sync_error_missing_without_crossing
phase27,phase27_predicted_cross_vt_targeting,r0=1|angle=175|thrust=8000|target=1,crossing_bad_sync,no_window,8.86482222272753,1.0,175.0,8000.0,1.0,1.0,0.08715574274765818,-0.003805301908254529,-2.104654818683916e-16,-0.0038053019082545138,0.9999999999999999,0.912844257252342,1.087155742747658,0.08715574274765796,True,,2.104654818683916e-16,-0.0038053019082545138,,,,,,,0,0,1,86,,6.0556640625e-11,-0.00839807571601849,-0.8175888886362344,3.2972025479901705,3.2703555545449374,2.9569801506190814,D_1x_recoverable,C_3x,False,True,True,False,False,,,burn_a_end_or_pre_burn_state_missing
phase27,phase27_predicted_cross_vt_targeting,r0=1.02|angle=175|thrust=8000|target=1,dead_geometry,no_window,0.0,1.02,175.0,8000.0,1.0,1.02,0.08629704453790087,-0.013620267358068197,0.019607843137254777,0.006107327294770394,1.0199999999999998,0.9311011423973901,1.1088988576026098,0.0871557427476567,True,,0.019607843137254777,0.006107327294770394,,,,,,,0,0,,,,,,,,,9.086850509347325,D_1x_recoverable,outside_3x,False,False,False,False,False,,,burn_a_end_or_pre_burn_state_missing;sync_error_missing_without_crossing
phase27,phase27_predicted_cross_vt_targeting,r0=1.05|angle=175|thrust=8000|target=1,dead_geometry,no_window,0.0,1.05,175.0,8000.0,1.0,1.05,0.0850552957053232,-0.02781352146132346,0.04761904761904765,0.020795802465610375,1.05,0.9584864701149592,1.141513529885041,0.08715574274765797,True,,0.04761904761904765,0.020795802465610375,,,,,,,0,0,,,,,,,,,20.446890754374035,D_1x_recoverable,outside_3x,False,False,False,False,False,,,burn_a_end_or_pre_burn_state_missing;sync_error_missing_without_crossing
phase27,phase27_predicted_cross_vt_targeting,r0=0.98|angle=150|thrust=10000|target=1,window_no_crossing,dead_window_no_crossing,0.0,0.98,150.0,10000.0,1.0,0.98,0.5050762722761052,-0.12518223472029347,-0.020408163265306076,-0.1426785900258876,0.9800000000000001,0.49000000000000005,1.4700000000000002,0.5000000000000001,True,705902.4201763618,0.020408163265306076,-0.1426785900258876,-0.01999946891827474,0.4928335804732481,0.28351110033878657,0.8494704621631978,0.2578415599813004,pre_burn_state_json,1,1,705902,,,,,,,,7.999246318524849,D_1x_recoverable,outside_3x,False,False,False,False,False,,,sync_error_missing_without_crossing
phase27,phase27_predicted_cross_vt_targeting,r0=1|angle=150|thrust=10000|target=1,crossing_bad_sync,no_window,8.585865689396837,1.0,150.0,10000.0,1.0,1.0,0.4999999999999998,-0.1339745962155612,0.0,-0.13397459621556124,1.0,0.5,1.5,0.5,True,,0.0,-0.13397459621556124,,,,,,,0,0,0,413,,7.30203125e-11,-0.0014919024394221608,-0.9570671553015822,3.828995307954149,3.8282686212063286,2.758531474618212,D_1x_recoverable,C_3x,False,True,True,False,False,,,burn_a_end_or_pre_burn_state_missing
phase27,phase27_predicted_cross_vt_targeting,r0=1.02|angle=150|thrust=10000|target=1,dead_geometry,no_window,0.0,1.02,150.0,10000.0,1.0,1.02,0.49507377148833703,-0.14250707428745554,0.01960784313725499,-0.12535721577320472,1.0200000000000002,0.5100000000000002,1.53,0.49999999999999983,True,,0.01960784313725499,-0.12535721577320472,,,,,,,0,0,,,,,,,,,25.53942098359567,D_1x_recoverable,outside_3x,False,False,False,False,False,,,burn_a_end_or_pre_burn_state_missing;sync_error_missing_without_crossing
phase27,phase27_predicted_cross_vt_targeting,r0=1.05|angle=150|thrust=10000|target=1,dead_geometry,no_window,0.0,1.05,150.0,10000.0,1.0,1.05,0.4879500364742664,-0.1548457452714833,0.04761904761904765,-0.11258803253505753,1.05,0.525,1.5750000000000002,0.5000000000000001,True,,0.04761904761904765,-0.11258803253505753,,,,,,,0,0,,,,,,,,,30.891819060499373,D_1x_recoverable,outside_3x,False,False,False,False,False,,,burn_a_end_or_pre_burn_state_missing;sync_error_missing_without_crossing
phase27,phase27_predicted_cross_vt_targeting,r0=0.98|angle=165|thrust=10000|target=1,window_no_crossing,dead_window_no_crossing,0.0,0.98,165.0,10000.0,1.0,0.98,0.26144671698888494,-0.02426756872540107,-0.020408163265306076,-0.04378221735089306,0.9800000000000001,0.7263573357995292,1.2336426642004712,0.25881904510252135,True,1363698.7569766094,0.020408163265306076,-0.04378221735089306,-0.019999725092979037,0.2551077222901433,0.38456103734047686,0.9412734620470542,0.35687019721921753,pre_burn_state_json,1,1,1363699,,,,,,,,8.00004547172636,D_1x_recoverable,outside_3x,False,False,False,False,False,,,sync_error_missing_without_crossing
phase27,phase27_predicted_cross_vt_targeting,r0=1|angle=165|thrust=10000|target=1,crossing_bad_sync,no_window,8.601024110919587,1.0,165.0,10000.0,1.0,1.0,0.25881904510252096,-0.034074173710931834,-2.104654818683916e-16,-0.034074173710931875,0.9999999999999999,0.7411809548974788,1.2588190451025212,0.2588190451025212,True,,2.104654818683916e-16,-0.034074173710931875,,,,,,,0,0,0,243,,6.5148046875e-11,-0.0021129824297496515,-0.9494879445402064,3.79942093563033,3.7979517781608254,2.8017542840775818,D_1x_recoverable,C_3x,False,True,True,False,False,,,burn_a_end_or_pre_burn_state_missing
phase27,phase27_predicted_cross_vt_targeting,r0=1.02|angle=165|thrust=10000|target=1,dead_geometry,no_window,0.0,1.02,165.0,10000.0,1.0,1.02,0.25626904158383024,-0.04359091640216505,0.019607843137254777,-0.024462734730208335,1.0199999999999998,0.7560045739954291,1.2839954260045705,0.2588190451025204,True,,0.019607843137254777,-0.024462734730208335,,,,,,,0,0,,,,,,,,,14.953091824434882,D_1x_recoverable,outside_3x,False,False,False,False,False,,,burn_a_end_or_pre_burn_state_missing;sync_error_missing_without_crossing
phase27,phase27_predicted_cross_vt_targeting,r0=1.05|angle=165|thrust=10000|target=1,dead_geometry,no_window,0.0,1.05,165.0,10000.0,1.0,1.05,0.25258152499601993,-0.05735291566162611,0.04761904761904765,-0.010220561444707415,1.05,0.7782400026423528,1.3217599973576475,0.2588190451025212,True,,0.04761904761904765,-0.010220561444707415,,,,,,,0,0,,,,,,,,,23.56207068556549,D_1x_recoverable,outside_3x,False,False,False,False,False,,,burn_a_end_or_pre_burn_state_missing;sync_error_missing_without_crossing
phase27,phase27_predicted_cross_vt_targeting,r0=0.98|angle=170|thrust=10000|target=1,window_no_crossing,dead_window_no_crossing,0.0,0.98,170.0,10000.0,1.0,0.98,0.17541114852710393,-0.005193942399973061,-0.020408163265306496,-0.025090063551973553,0.9799999999999996,0.8098247858864084,1.150175214113591,0.17364817766693,True,2032565.0106456443,0.020408163265306496,-0.025090063551973553,-0.019999815558097916,0.17115808320313208,0.40366208394382785,0.9587463929105391,0.3755891011590561,pre_burn_state_json,1,1,1396745,,,,,,,,8.000326610208527,D_1x_recoverable,outside_3x,False,False,False,False,False,,,sync_error_missing_without_crossing
phase27,phase27_predicted_cross_vt_targeting,r0=1|angle=170|thrust=10000|target=1,crossing_bad_sync,no_window,6.769451209905615,1.0,170.0,10000.0,1.0,1.0,0.17364817766693022,-0.015192246987791968,-2.104654818683916e-16,-0.015192246987791962,0.9999999999999999,0.8263518223330696,1.1736481776669303,0.17364817766693036,True,,2.104654818683916e-16,-0.015192246987791962,,,,,,,0,0,0,3843,,5.782188541666666e-09,-0.1492219516037754,-0.7309675543558039,8.013550658069029,7.4610975801887705,2.7329392774020005,D_1x_recoverable,C_3x,False,True,True,False,False,,,burn_a_end_or_pre_burn_state_missing
phase27,phase27_predicted_cross_vt_targeting,r0=1.02|angle=170|thrust=10000|target=1,dead_geometry,no_window,0.0,1.02,170.0,10000.0,1.0,1.02,0.171937316459288,-0.02489502305058251,0.01960784313725499,-0.005392923511594131,1.0200000000000002,0.8428788587797316,1.1971211412202687,0.17364817766693,True,,0.01960784313725499,-0.005392923511594131,,,,,,,0,0,,,,,,,,,11.70170779288859,D_1x_recoverable,outside_3x,False,False,False,False,False,,,burn_a_end_or_pre_burn_state_missing;sync_error_missing_without_crossing
phase27,phase27_predicted_cross_vt_targeting,r0=1.05|angle=170|thrust=10000|target=1,dead_geometry,no_window,0.0,1.05,170.0,10000.0,1.0,1.05,0.16946326925253707,-0.03892604199510515,0.047619047619047436,0.009127655905139585,1.0499999999999998,0.867669413449723,1.2323305865502765,0.17364817766693028,True,,0.047619047619047436,0.009127655905139585,,,,,,,0,0,,,,,,,,,21.702524960613893,D_1x_recoverable,outside_3x,False,False,False,False,False,,,burn_a_end_or_pre_burn_state_missing;sync_error_missing_without_crossing
phase27,phase27_predicted_cross_vt_targeting,r0=0.98|angle=175|thrust=10000|target=1,window_no_crossing,dead_window_no_crossing,0.0,0.98,175.0,10000.0,1.0,0.98,0.08804059530888479,0.006308609146798016,-0.020408163265306287,-0.013817563036137981,0.9799999999999999,0.8945873721072939,1.0654126278927059,0.08715574274765918,True,4049660.9742639633,0.020408163265306287,-0.013817563036137981,-0.019999907426742056,0.08590614404718938,0.41518159495754253,0.9693026785416283,0.38687809406636253,pre_burn_state_json,1,1,1396794,,,,,,,,8.000611852319796,D_1x_recoverable,outside_3x,False,False,False,False,False,,,sync_error_missing_without_crossing
phase27,phase27_predicted_cross_vt_targeting,r0=1|angle=175|thrust=10000|target=1,near_recoverable_crossing,no_window,11.049168197997707,1.0,175.0,10000.0,1.0,1.0,0.08715574274765818,-0.003805301908254529,-2.104654818683916e-16,-0.0038053019082545138,0.9999999999999999,0.912844257252342,1.087155742747658,0.08715574274765796,True,,2.104654818683916e-16,-0.0038053019082545138,,,,,,,0,0,0,44,,5.35978515625e-10,-0.017960415068522723,-0.7254159010011462,3.037448426622083,2.9016636040045847,2.904398433002142,D_1x_recoverable,C_3x,False,True,True,False,False,,,burn_a_end_or_pre_burn_state_missing
phase27,phase27_predicted_cross_vt_targeting,r0=1.02|angle=175|thrust=10000|target=1,dead_geometry,no_window,0.0,1.02,175.0,10000.0,1.0,1.02,0.08629704453790087,-0.013620267358068197,0.019607843137254777,0.006107327294770394,1.0199999999999998,0.9311011423973901,1.1088988576026098,0.0871557427476567,True,,0.019607843137254777,0.006107327294770394,,,,,,,0,0,,,,,,,,,9.086941654372925,D_1x_recoverable,outside_3x,False,False,False,False,False,,,burn_a_end_or_pre_burn_state_missing;sync_error_missing_without_crossing
phase27,phase27_predicted_cross_vt_targeting,r0=1.05|angle=175|thrust=10000|target=1,dead_geometry,no_window,0.0,1.05,175.0,10000.0,1.0,1.05,0.0850552957053232,-0.02781352146132346,0.04761904761904765,0.020795802465610375,1.05,0.9584864701149592,1.141513529885041,0.08715574274765797,True,,0.04761904761904765,0.020795802465610375,,,,,,,0,0,,,,,,,,,20.446843289290705,D_1x_recoverable,outside_3x,False,False,False,False,False,,,burn_a_end_or_pre_burn_state_missing;sync_error_missing_without_crossing
phase27,phase27_predicted_cross_vt_targeting,r0=0.98|angle=150|thrust=12000|target=1,window_no_crossing,dead_window_no_crossing,0.0,0.98,150.0,12000.0,1.0,0.98,0.5050762722761052,-0.12518223472029347,-0.020408163265306076,-0.1426785900258876,0.9800000000000001,0.49000000000000005,1.4700000000000002,0.5000000000000001,True,705902.4201763618,0.020408163265306076,-0.1426785900258876,-0.01999947035152435,0.49041895876721375,0.36525087535983536,1.0636054842326585,0.3379465809556838,pre_burn_state_json,1,1,705902,,,,,,,,7.999256628461556,D_1x_recoverable,outside_3x,False,False,False,False,False,,,sync_error_missing_without_crossing
phase27,phase27_predicted_cross_vt_targeting,r0=1|angle=150|thrust=12000|target=1,near_recoverable_crossing,no_window,11.049441623000385,1.0,150.0,12000.0,1.0,1.0,0.4999999999999998,-0.1339745962155612,0.0,-0.13397459621556124,1.0,0.5,1.5,0.5,True,,0.0,-0.13397459621556124,,,,,,,0,0,0,114,,4.908390625e-10,-0.019133667779626447,-0.7252791884998071,3.0547866581952734,2.9011167539992284,2.7872261916056575,D_1x_recoverable,C_3x,False,True,True,False,False,,,burn_a_end_or_pre_burn_state_missing
phase27,phase27_predicted_cross_vt_targeting,r0=1.02|angle=150|thrust=12000|target=1,dead_geometry,no_window,0.0,1.02,150.0,12000.0,1.0,1.02,0.49507377148833703,-0.14250707428745554,0.01960784313725499,-0.12535721577320472,1.0200000000000002,0.5100000000000002,1.53,0.49999999999999983,True,,0.01960784313725499,-0.12535721577320472,,,,,,,0,0,,,,,,,,,25.457956413695403,D_1x_recoverable,outside_3x,False,False,False,False,False,,,burn_a_end_or_pre_burn_state_missing;sync_error_missing_without_crossing
phase27,phase27_predicted_cross_vt_targeting,r0=1.05|angle=150|thrust=12000|target=1,dead_geometry,no_window,0.0,1.05,150.0,12000.0,1.0,1.05,0.4879500364742664,-0.1548457452714833,0.04761904761904765,-0.11258803253505753,1.05,0.525,1.5750000000000002,0.5000000000000001,True,,0.04761904761904765,-0.11258803253505753,,,,,,,0,0,,,,,,,,,30.81113287234357,D_1x_recoverable,outside_3x,False,False,False,False,False,,,burn_a_end_or_pre_burn_state_missing;sync_error_missing_without_crossing
phase27,phase27_predicted_cross_vt_targeting,r0=0.98|angle=165|thrust=12000|target=1,window_no_crossing,dead_window_no_crossing,0.0,0.98,165.0,12000.0,1.0,0.98,0.26144671698888494,-0.02426756872540107,-0.020408163265306076,-0.04378221735089306,0.9800000000000001,0.7263573357995292,1.2336426642004712,0.25881904510252135,True,1363698.7569766094,0.020408163265306076,-0.04378221735089306,-0.019999725835098438,0.25385749662898655,0.46632708652092403,1.1737429976678926,0.437000946805927,pre_burn_state_json,1,1,1363699,,,,,,,,8.000050515816953,D_1x_recoverable,outside_3x,False,False,False,False,False,,,sync_error_missing_without_crossing
phase27,phase27_predicted_cross_vt_targeting,r0=1|angle=165|thrust=12000|target=1,crossing_bad_sync,no_window,8.697548451817747,1.0,165.0,12000.0,1.0,1.0,0.25881904510252096,-0.034074173710931834,-2.104654818683916e-16,-0.034074173710931875,0.9999999999999999,0.7411809548974788,1.2588190451025212,0.2588190451025212,True,,2.104654818683916e-16,-0.034074173710931875,,,,,,,0,0,0,105,,7.7303515625e-11,-0.0069845823583089784,-0.9012257740911267,3.621779577911722,3.604903096364507,2.776776976070846,D_1x_recoverable,C_3x,False,True,True,False,False,,,burn_a_end_or_pre_burn_state_missing
phase27,phase27_predicted_cross_vt_targeting,r0=1.02|angle=165|thrust=12000|target=1,dead_geometry,no_window,0.0,1.02,165.0,12000.0,1.0,1.02,0.25626904158383024,-0.04359091640216505,0.019607843137254777,-0.024462734730208335,1.0199999999999998,0.7560045739954291,1.2839954260045705,0.2588190451025204,True,,0.019607843137254777,-0.024462734730208335,,,,,,,0,0,,,,,,,,,14.945134983837804,D_1x_recoverable,outside_3x,False,False,False,False,False,,,burn_a_end_or_pre_burn_state_missing;sync_error_missing_without_crossing
phase27,phase27_predicted_cross_vt_targeting,r0=1.05|angle=165|thrust=12000|target=1,dead_geometry,no_window,0.0,1.05,165.0,12000.0,1.0,1.05,0.25258152499601993,-0.05735291566162611,0.04761904761904765,-0.010220561444707415,1.05,0.7782400026423528,1.3217599973576475,0.2588190451025212,True,,0.04761904761904765,-0.010220561444707415,,,,,,,0,0,,,,,,,,,23.561988596416803,D_1x_recoverable,outside_3x,False,False,False,False,False,,,burn_a_end_or_pre_burn_state_missing;sync_error_missing_without_crossing
phase27,phase27_predicted_cross_vt_targeting,r0=0.98|angle=170|thrust=12000|target=1,window_no_crossing,dead_window_no_crossing,0.0,0.98,170.0,12000.0,1.0,0.98,0.17541114852710393,-0.005193942399973061,-0.020408163265306496,-0.025090063551973553,0.9799999999999996,0.8098247858864084,1.150175214113591,0.17364817766693,True,2032565.0106456443,0.020408163265306496,-0.025090063551973553,-0.019999816056021746,0.17031926563540006,0.4854334503083941,1.1947052440680126,0.45572505453876455,pre_burn_state_json,1,1,2032565,,,,,,,,8.000329951903321,D_1x_recoverable,outside_3x,False,False,False,False,False,,,sync_error_missing_without_crossing
phase27,phase27_predicted_cross_vt_targeting,r0=1|angle=170|thrust=12000|target=1,near_recoverable_crossing,no_window,11.286554909529677,1.0,170.0,12000.0,1.0,1.0,0.17364817766693022,-0.015192246987791968,-2.104654818683916e-16,-0.015192246987791962,0.9999999999999999,0.8263518223330696,1.1736481776669303,0.17364817766693036,True,,2.104654818683916e-16,-0.015192246987791962,,,,,,,0,0,0,1010,,1.4031861979166667e-10,-0.007154283714171683,-0.6067225452351612,2.4531113690583384,2.426890180940645,2.448169600872736,D_1x_recoverable,C_3x,False,True,True,False,False,,,burn_a_end_or_pre_burn_state_missing
phase27,phase27_predicted_cross_vt_targeting,r0=1.02|angle=170|thrust=12000|target=1,dead_geometry,no_window,0.0,1.02,170.0,12000.0,1.0,1.02,0.171937316459288,-0.02489502305058251,0.01960784313725499,-0.005392923511594131,1.0200000000000002,0.8428788587797316,1.1971211412202687,0.17364817766693,True,,0.01960784313725499,-0.005392923511594131,,,,,,,0,0,,,,,,,,,11.701670996723127,D_1x_recoverable,outside_3x,False,False,False,False,False,,,burn_a_end_or_pre_burn_state_missing;sync_error_missing_without_crossing
phase27,phase27_predicted_cross_vt_targeting,r0=1.05|angle=170|thrust=12000|target=1,dead_geometry,no_window,0.0,1.05,170.0,12000.0,1.0,1.05,0.16946326925253707,-0.03892604199510515,0.047619047619047436,0.009127655905139585,1.0499999999999998,0.867669413449723,1.2323305865502765,0.17364817766693028,True,,0.047619047619047436,0.009127655905139585,,,,,,,0,0,,,,,,,,,21.702513343785302,D_1x_recoverable,outside_3x,False,False,False,False,False,,,burn_a_end_or_pre_burn_state_missing;sync_error_missing_without_crossing
phase27,phase27_predicted_cross_vt_targeting,r0=0.98|angle=175|thrust=12000|target=1,window_no_crossing,dead_window_no_crossing,0.0,0.98,175.0,12000.0,1.0,0.98,0.08804059530888479,0.006308609146798016,-0.020408163265306287,-0.013817563036137981,0.9799999999999999,0.8945873721072939,1.0654126278927059,0.08715574274765918,True,4049660.9742639633,0.020408163265306287,-0.013817563036137981,-0.019999907676642448,0.08548518143904044,0.4969562427609291,1.2073695747161735,0.46701725610973716,pre_burn_state_json,1,1,4049661,,,,,,,,8.00061350385019,D_1x_recoverable,outside_3x,False,False,False,False,False,,,sync_error_missing_without_crossing
phase27,phase27_predicted_cross_vt_targeting,r0=1|angle=175|thrust=12000|target=1,near_recoverable_crossing,no_window,11.272236476745245,1.0,175.0,12000.0,1.0,1.0,0.08715574274765818,-0.003805301908254529,-2.104654818683916e-16,-0.0038053019082545138,0.9999999999999999,0.912844257252342,1.087155742747658,0.08715574274765796,True,,2.104654818683916e-16,-0.0038053019082545138,,,,,,,0,0,0,43,,6.876559895833333e-10,-0.016145189110617915,-0.6138817616273774,2.584817383236934,2.4555270465095096,2.5842628567746577,D_1x_recoverable,C_3x,False,True,True,False,False,,,burn_a_end_or_pre_burn_state_missing
phase27,phase27_predicted_cross_vt_targeting,r0=1.02|angle=175|thrust=12000|target=1,dead_geometry,no_window,0.0,1.02,175.0,12000.0,1.0,1.02,0.08629704453790087,-0.013620267358068197,0.019607843137254777,0.006107327294770394,1.0199999999999998,0.9311011423973901,1.1088988576026098,0.0871557427476567,True,,0.019607843137254777,0.006107327294770394,,,,,,,0,0,,,,,,,,,9.08684706703187,D_1x_recoverable,outside_3x,False,False,False,False,False,,,burn_a_end_or_pre_burn_state_missing;sync_error_missing_without_crossing
phase27,phase27_predicted_cross_vt_targeting,r0=1.05|angle=175|thrust=12000|target=1,dead_geometry,no_window,0.0,1.05,175.0,12000.0,1.0,1.05,0.0850552957053232,-0.02781352146132346,0.04761904761904765,0.020795802465610375,1.05,0.9584864701149592,1.141513529885041,0.08715574274765797,True,,0.04761904761904765,0.020795802465610375,,,,,,,0,0,,,,,,,,,20.446833376035027,D_1x_recoverable,outside_3x,False,False,False,False,False,,,burn_a_end_or_pre_burn_state_missing;sync_error_missing_without_crossing
phase27,phase27_delayed_sync_burn,r0=0.98|angle=150|thrust=8000|target=1,window_no_crossing,dead_window_no_crossing,0.0,0.98,150.0,8000.0,1.0,0.98,0.5050762722761052,-0.12518223472029347,-0.020408163265306076,-0.1426785900258876,0.9800000000000001,0.49000000000000005,1.4700000000000002,0.5000000000000001,True,705902.4201763618,0.020408163265306076,-0.1426785900258876,-0.01999946748038763,0.49525942384523597,0.20177165852883766,0.6487217985732481,0.17773686532523883,pre_burn_state_json,1,1,705902,,,,,,,,7.999347061895914,D_1x_recoverable,outside_3x,False,False,False,False,False,,,sync_error_missing_without_crossing
phase27,phase27_delayed_sync_burn,r0=1|angle=150|thrust=8000|target=1,crossing_bad_sync,no_window,8.93980995139794,1.0,150.0,8000.0,1.0,1.0,0.4999999999999998,-0.1339745962155612,0.0,-0.13397459621556124,1.0,0.5,1.5,0.5,True,,0.0,-0.13397459621556124,,,,,,,0,0,0,631,,1.9467604166666666e-10,-0.005988015668111895,-0.7800950243010297,3.134710956393185,3.120380097204119,2.977871114143954,D_1x_recoverable,C_3x,False,True,True,False,False,,,burn_a_end_or_pre_burn_state_missing
phase27,phase27_delayed_sync_burn,r0=1.02|angle=150|thrust=8000|target=1,dead_geometry,no_window,0.0,1.02,150.0,8000.0,1.0,1.02,0.49507377148833703,-0.14250707428745554,0.01960784313725499,-0.12535721577320472,1.0200000000000002,0.5100000000000002,1.53,0.49999999999999983,True,,0.01960784313725499,-0.12535721577320472,,,,,,,0,0,,,,,,,,,25.625866564702612,D_1x_recoverable,outside_3x,False,False,False,False,False,,,burn_a_end_or_pre_burn_state_missing;sync_error_missing_without_crossing
phase27,phase27_delayed_sync_burn,r0=1.05|angle=150|thrust=8000|target=1,dead_geometry,no_window,0.0,1.05,150.0,8000.0,1.0,1.05,0.4879500364742664,-0.1548457452714833,0.04761904761904765,-0.11258803253505753,1.05,0.525,1.5750000000000002,0.5000000000000001,True,,0.04761904761904765,-0.11258803253505753,,,,,,,0,0,,,,,,,,,30.989889093950367,D_1x_recoverable,outside_3x,False,False,False,False,False,,,burn_a_end_or_pre_burn_state_missing;sync_error_missing_without_crossing
phase27,phase27_delayed_sync_burn,r0=0.98|angle=165|thrust=8000|target=1,window_no_crossing,dead_window_no_crossing,0.0,0.98,165.0,8000.0,1.0,0.98,0.26144671698888494,-0.02426756872540107,-0.020408163265306076,-0.04378221735089306,0.9800000000000001,0.7263573357995292,1.2336426642004712,0.25881904510252135,True,1363698.7569766094,0.020408163265306076,-0.04378221735089306,-0.01999972434845573,0.25636376674700956,0.302795077885787,0.7221816433682448,0.2767395354455463,pre_burn_state_json,1,1,1363699,,,,,,,,7.999952992575223,D_1x_recoverable,outside_3x,False,False,False,False,False,,,sync_error_missing_without_crossing
phase27,phase27_delayed_sync_burn,r0=1|angle=165|thrust=8000|target=1,near_recoverable_crossing,no_window,11.00564757860189,1.0,165.0,8000.0,1.0,1.0,0.25881904510252096,-0.034074173710931834,-2.104654818683916e-16,-0.034074173710931875,0.9999999999999999,0.7411809548974788,1.2588190451025212,0.2588190451025212,True,,2.104654818683916e-16,-0.034074173710931875,,,,,,,0,0,1,182,,3.5278919270833335e-10,-0.020933166025926386,-0.7471762106990555,3.1666781075799455,2.988704842796222,3.1567937662689762,D_1x_recoverable,C_3x,False,True,True,False,False,,,burn_a_end_or_pre_burn_state_missing
phase27,phase27_delayed_sync_burn,r0=1.02|angle=165|thrust=8000|target=1,dead_geometry,no_window,0.0,1.02,165.0,8000.0,1.0,1.02,0.25626904158383024,-0.04359091640216505,0.019607843137254777,-0.024462734730208335,1.0199999999999998,0.7560045739954291,1.2839954260045705,0.2588190451025204,True,,0.019607843137254777,-0.024462734730208335,,,,,,,0,0,,,,,,,,,14.968683117592679,D_1x_recoverable,outside_3x,False,False,False,False,False,,,burn_a_end_or_pre_burn_state_missing;sync_error_missing_without_crossing
phase27,phase27_delayed_sync_burn,r0=1.05|angle=165|thrust=8000|target=1,dead_geometry,no_window,0.0,1.05,165.0,8000.0,1.0,1.05,0.25258152499601993,-0.05735291566162611,0.04761904761904765,-0.010220561444707415,1.05,0.7782400026423528,1.3217599973576475,0.2588190451025212,True,,0.04761904761904765,-0.010220561444707415,,,,,,,0,0,,,,,,,,,23.56209253144189,D_1x_recoverable,outside_3x,False,False,False,False,False,,,burn_a_end_or_pre_burn_state_missing;sync_error_missing_without_crossing
phase27,phase27_delayed_sync_burn,r0=0.98|angle=170|thrust=8000|target=1,window_no_crossing,dead_window_no_crossing,0.0,0.98,170.0,8000.0,1.0,0.98,0.17541114852710393,-0.005193942399973061,-0.020408163265306496,-0.025090063551973553,0.9799999999999996,0.8098247858864084,1.150175214113591,0.17364817766693,True,2032565.0106456443,0.020408163265306496,-0.025090063551973553,-0.019999815058560286,0.17200080752843205,0.32189075812932055,0.7361635128216514,0.29545318743911425,pre_burn_state_json,1,1,2032565,,,,,,,,8.000195301246059,D_1x_recoverable,outside_3x,False,False,False,False,False,,,sync_error_missing_without_crossing
phase27,phase27_delayed_sync_burn,r0=1|angle=170|thrust=8000|target=1,crossing_bad_sync,no_window,8.676726276183203,1.0,170.0,8000.0,1.0,1.0,0.17364817766693022,-0.015192246987791968,-2.104654818683916e-16,-0.015192246987791962,0.9999999999999999,0.8263518223330696,1.1736481776669303,0.17364817766693036,True,,2.104654818683916e-16,-0.015192246987791962,,,,,,,0,0,0,2307,,2.920735677083333e-10,-0.006324852049514541,-0.911636861908399,3.6602346470497937,3.646547447633596,2.971756020030534,D_1x_recoverable,C_3x,False,True,True,False,False,,,burn_a_end_or_pre_burn_state_missing
phase27,phase27_delayed_sync_burn,r0=1.02|angle=170|thrust=8000|target=1,dead_geometry,no_window,0.0,1.02,170.0,8000.0,1.0,1.02,0.171937316459288,-0.02489502305058251,0.01960784313725499,-0.005392923511594131,1.0200000000000002,0.8428788587797316,1.1971211412202687,0.17364817766693,True,,0.01960784313725499,-0.005392923511594131,,,,,,,0,0,,,,,,,,,11.701750713617072,D_1x_recoverable,outside_3x,False,False,False,False,False,,,burn_a_end_or_pre_burn_state_missing;sync_error_missing_without_crossing
phase27,phase27_delayed_sync_burn,r0=1.05|angle=170|thrust=8000|target=1,dead_geometry,no_window,0.0,1.05,170.0,8000.0,1.0,1.05,0.16946326925253707,-0.03892604199510515,0.047619047619047436,0.009127655905139585,1.0499999999999998,0.867669413449723,1.2323305865502765,0.17364817766693028,True,,0.047619047619047436,0.009127655905139585,,,,,,,0,0,,,,,,,,,21.702444158808806,D_1x_recoverable,outside_3x,False,False,False,False,False,,,burn_a_end_or_pre_burn_state_missing;sync_error_missing_without_crossing
phase27,phase27_delayed_sync_burn,r0=0.98|angle=175|thrust=8000|target=1,window_no_crossing,dead_window_no_crossing,0.0,0.98,175.0,8000.0,1.0,0.98,0.08804059530888479,0.006308609146798016,-0.020408163265306287,-0.013817563036137981,0.9799999999999999,0.8945873721072939,1.0654126278927059,0.08715574274765918,True,4049660.9742639633,0.020408163265306287,-0.013817563036137981,-0.01999990717603047,0.08632907049245486,0.3334069574852493,0.7446106894542571,0.3067389421076711,pre_burn_state_json,1,1,2808085,,,,,,,,8.000445052646713,D_1x_recoverable,outside_3x,False,False,False,False,False,,,sync_error_missing_without_crossing
phase27,phase27_delayed_sync_burn,r0=1|angle=175|thrust=8000|target=1,crossing_bad_sync,no_window,8.86482222272753,1.0,175.0,8000.0,1.0,1.0,0.08715574274765818,-0.003805301908254529,-2.104654818683916e-16,-0.0038053019082545138,0.9999999999999999,0.912844257252342,1.087155742747658,0.08715574274765796,True,,2.104654818683916e-16,-0.0038053019082545138,,,,,,,0,0,1,86,,6.0556640625e-11,-0.00839807571601849,-0.8175888886362344,3.2972025479901705,3.2703555545449374,2.9569801506190814,D_1x_recoverable,C_3x,False,True,True,False,False,,,burn_a_end_or_pre_burn_state_missing
phase27,phase27_delayed_sync_burn,r0=1.02|angle=175|thrust=8000|target=1,dead_geometry,no_window,0.0,1.02,175.0,8000.0,1.0,1.02,0.08629704453790087,-0.013620267358068197,0.019607843137254777,0.006107327294770394,1.0199999999999998,0.9311011423973901,1.1088988576026098,0.0871557427476567,True,,0.019607843137254777,0.006107327294770394,,,,,,,0,0,,,,,,,,,9.086850509347325,D_1x_recoverable,outside_3x,False,False,False,False,False,,,burn_a_end_or_pre_burn_state_missing;sync_error_missing_without_crossing
phase27,phase27_delayed_sync_burn,r0=1.05|angle=175|thrust=8000|target=1,dead_geometry,no_window,0.0,1.05,175.0,8000.0,1.0,1.05,0.0850552957053232,-0.02781352146132346,0.04761904761904765,0.020795802465610375,1.05,0.9584864701149592,1.141513529885041,0.08715574274765797,True,,0.04761904761904765,0.020795802465610375,,,,,,,0,0,,,,,,,,,20.446890754374035,D_1x_recoverable,outside_3x,False,False,False,False,False,,,burn_a_end_or_pre_burn_state_missing;sync_error_missing_without_crossing
phase27,phase27_delayed_sync_burn,r0=0.98|angle=150|thrust=10000|target=1,window_no_crossing,dead_window_no_crossing,0.0,0.98,150.0,10000.0,1.0,0.98,0.5050762722761052,-0.12518223472029347,-0.020408163265306076,-0.1426785900258876,0.9800000000000001,0.49000000000000005,1.4700000000000002,0.5000000000000001,True,705902.4201763618,0.020408163265306076,-0.1426785900258876,-0.01999946891827474,0.4928335804732481,0.28351110033878657,0.8494704621631978,0.2578415599813004,pre_burn_state_json,1,1,705902,,,,,,,,7.9990666260204035,D_1x_recoverable,outside_3x,False,False,False,False,False,,,sync_error_missing_without_crossing
phase27,phase27_delayed_sync_burn,r0=1|angle=150|thrust=10000|target=1,crossing_bad_sync,no_window,8.585865689396837,1.0,150.0,10000.0,1.0,1.0,0.4999999999999998,-0.1339745962155612,0.0,-0.13397459621556124,1.0,0.5,1.5,0.5,True,,0.0,-0.13397459621556124,,,,,,,0,0,0,413,,7.30203125e-11,-0.0014919024394221608,-0.9570671553015822,3.828995307954149,3.8282686212063286,2.758531474618212,D_1x_recoverable,C_3x,False,True,True,False,False,,,burn_a_end_or_pre_burn_state_missing
phase27,phase27_delayed_sync_burn,r0=1.02|angle=150|thrust=10000|target=1,dead_geometry,no_window,0.0,1.02,150.0,10000.0,1.0,1.02,0.49507377148833703,-0.14250707428745554,0.01960784313725499,-0.12535721577320472,1.0200000000000002,0.5100000000000002,1.53,0.49999999999999983,True,,0.01960784313725499,-0.12535721577320472,,,,,,,0,0,,,,,,,,,25.53942098359567,D_1x_recoverable,outside_3x,False,False,False,False,False,,,burn_a_end_or_pre_burn_state_missing;sync_error_missing_without_crossing
phase27,phase27_delayed_sync_burn,r0=1.05|angle=150|thrust=10000|target=1,dead_geometry,no_window,0.0,1.05,150.0,10000.0,1.0,1.05,0.4879500364742664,-0.1548457452714833,0.04761904761904765,-0.11258803253505753,1.05,0.525,1.5750000000000002,0.5000000000000001,True,,0.04761904761904765,-0.11258803253505753,,,,,,,0,0,,,,,,,,,30.891819060499373,D_1x_recoverable,outside_3x,False,False,False,False,False,,,burn_a_end_or_pre_burn_state_missing;sync_error_missing_without_crossing
phase27,phase27_delayed_sync_burn,r0=0.98|angle=165|thrust=10000|target=1,window_no_crossing,dead_window_no_crossing,0.0,0.98,165.0,10000.0,1.0,0.98,0.26144671698888494,-0.02426756872540107,-0.020408163265306076,-0.04378221735089306,0.9800000000000001,0.7263573357995292,1.2336426642004712,0.25881904510252135,True,1363698.7569766094,0.020408163265306076,-0.04378221735089306,-0.019999725092979037,0.2551077222901433,0.38456103734047686,0.9412734620470542,0.35687019721921753,pre_burn_state_json,1,1,1363699,,,,,,,,7.999853148840933,D_1x_recoverable,outside_3x,False,False,False,False,False,,,sync_error_missing_without_crossing
phase27,phase27_delayed_sync_burn,r0=1|angle=165|thrust=10000|target=1,crossing_bad_sync,no_window,8.601024110919587,1.0,165.0,10000.0,1.0,1.0,0.25881904510252096,-0.034074173710931834,-2.104654818683916e-16,-0.034074173710931875,0.9999999999999999,0.7411809548974788,1.2588190451025212,0.2588190451025212,True,,2.104654818683916e-16,-0.034074173710931875,,,,,,,0,0,0,243,,6.5148046875e-11,-0.0021129824297496515,-0.9494879445402064,3.79942093563033,3.7979517781608254,2.8017542840775818,D_1x_recoverable,C_3x,False,True,True,False,False,,,burn_a_end_or_pre_burn_state_missing
phase27,phase27_delayed_sync_burn,r0=1.02|angle=165|thrust=10000|target=1,dead_geometry,no_window,0.0,1.02,165.0,10000.0,1.0,1.02,0.25626904158383024,-0.04359091640216505,0.019607843137254777,-0.024462734730208335,1.0199999999999998,0.7560045739954291,1.2839954260045705,0.2588190451025204,True,,0.019607843137254777,-0.024462734730208335,,,,,,,0,0,,,,,,,,,14.953091824434882,D_1x_recoverable,outside_3x,False,False,False,False,False,,,burn_a_end_or_pre_burn_state_missing;sync_error_missing_without_crossing
phase27,phase27_delayed_sync_burn,r0=1.05|angle=165|thrust=10000|target=1,dead_geometry,no_window,0.0,1.05,165.0,10000.0,1.0,1.05,0.25258152499601993,-0.05735291566162611,0.04761904761904765,-0.010220561444707415,1.05,0.7782400026423528,1.3217599973576475,0.2588190451025212,True,,0.04761904761904765,-0.010220561444707415,,,,,,,0,0,,,,,,,,,23.56207068556549,D_1x_recoverable,outside_3x,False,False,False,False,False,,,burn_a_end_or_pre_burn_state_missing;sync_error_missing_without_crossing
phase27,phase27_delayed_sync_burn,r0=0.98|angle=170|thrust=10000|target=1,window_no_crossing,dead_window_no_crossing,0.0,0.98,170.0,10000.0,1.0,0.98,0.17541114852710393,-0.005193942399973061,-0.020408163265306496,-0.025090063551973553,0.9799999999999996,0.8098247858864084,1.150175214113591,0.17364817766693,True,2032565.0106456443,0.020408163265306496,-0.025090063551973553,-0.019999815558097916,0.17115808320313208,0.40366208394382785,0.9587463929105391,0.3755891011590561,pre_burn_state_json,1,1,1396606,,,,,,,,8.000131806843411,D_1x_recoverable,outside_3x,False,False,False,False,False,,,sync_error_missing_without_crossing
phase27,phase27_delayed_sync_burn,r0=1|angle=170|thrust=10000|target=1,crossing_bad_sync,no_window,6.769451209905615,1.0,170.0,10000.0,1.0,1.0,0.17364817766693022,-0.015192246987791968,-2.104654818683916e-16,-0.015192246987791962,0.9999999999999999,0.8263518223330696,1.1736481776669303,0.17364817766693036,True,,2.104654818683916e-16,-0.015192246987791962,,,,,,,0,0,0,3843,,5.782188541666666e-09,-0.1492219516037754,-0.7309675543558039,8.013550658069029,7.4610975801887705,2.7329392774020005,D_1x_recoverable,C_3x,False,True,True,False,False,,,burn_a_end_or_pre_burn_state_missing
phase27,phase27_delayed_sync_burn,r0=1.02|angle=170|thrust=10000|target=1,dead_geometry,no_window,0.0,1.02,170.0,10000.0,1.0,1.02,0.171937316459288,-0.02489502305058251,0.01960784313725499,-0.005392923511594131,1.0200000000000002,0.8428788587797316,1.1971211412202687,0.17364817766693,True,,0.01960784313725499,-0.005392923511594131,,,,,,,0,0,,,,,,,,,11.70170779288859,D_1x_recoverable,outside_3x,False,False,False,False,False,,,burn_a_end_or_pre_burn_state_missing;sync_error_missing_without_crossing
phase27,phase27_delayed_sync_burn,r0=1.05|angle=170|thrust=10000|target=1,dead_geometry,no_window,0.0,1.05,170.0,10000.0,1.0,1.05,0.16946326925253707,-0.03892604199510515,0.047619047619047436,0.009127655905139585,1.0499999999999998,0.867669413449723,1.2323305865502765,0.17364817766693028,True,,0.047619047619047436,0.009127655905139585,,,,,,,0,0,,,,,,,,,21.702524960613893,D_1x_recoverable,outside_3x,False,False,False,False,False,,,burn_a_end_or_pre_burn_state_missing;sync_error_missing_without_crossing
phase27,phase27_delayed_sync_burn,r0=0.98|angle=175|thrust=10000|target=1,window_no_crossing,dead_window_no_crossing,0.0,0.98,175.0,10000.0,1.0,0.98,0.08804059530888479,0.006308609146798016,-0.020408163265306287,-0.013817563036137981,0.9799999999999999,0.8945873721072939,1.0654126278927059,0.08715574274765918,True,4049660.9742639633,0.020408163265306287,-0.013817563036137981,-0.019999907426742056,0.08590614404718938,0.41518159495754253,0.9693026785416283,0.38687809406636253,pre_burn_state_json,1,1,1396654,,,,,,,,8.000414800314392,D_1x_recoverable,outside_3x,False,False,False,False,False,,,sync_error_missing_without_crossing
phase27,phase27_delayed_sync_burn,r0=1|angle=175|thrust=10000|target=1,near_recoverable_crossing,no_window,11.049168197997707,1.0,175.0,10000.0,1.0,1.0,0.08715574274765818,-0.003805301908254529,-2.104654818683916e-16,-0.0038053019082545138,0.9999999999999999,0.912844257252342,1.087155742747658,0.08715574274765796,True,,2.104654818683916e-16,-0.0038053019082545138,,,,,,,0,0,0,44,,5.35978515625e-10,-0.017960415068522723,-0.7254159010011462,3.037448426622083,2.9016636040045847,2.904398433002142,D_1x_recoverable,C_3x,False,True,True,False,False,,,burn_a_end_or_pre_burn_state_missing
phase27,phase27_delayed_sync_burn,r0=1.02|angle=175|thrust=10000|target=1,dead_geometry,no_window,0.0,1.02,175.0,10000.0,1.0,1.02,0.08629704453790087,-0.013620267358068197,0.019607843137254777,0.006107327294770394,1.0199999999999998,0.9311011423973901,1.1088988576026098,0.0871557427476567,True,,0.019607843137254777,0.006107327294770394,,,,,,,0,0,,,,,,,,,9.086941654372925,D_1x_recoverable,outside_3x,False,False,False,False,False,,,burn_a_end_or_pre_burn_state_missing;sync_error_missing_without_crossing
phase27,phase27_delayed_sync_burn,r0=1.05|angle=175|thrust=10000|target=1,dead_geometry,no_window,0.0,1.05,175.0,10000.0,1.0,1.05,0.0850552957053232,-0.02781352146132346,0.04761904761904765,0.020795802465610375,1.05,0.9584864701149592,1.141513529885041,0.08715574274765797,True,,0.04761904761904765,0.020795802465610375,,,,,,,0,0,,,,,,,,,20.446843289290705,D_1x_recoverable,outside_3x,False,False,False,False,False,,,burn_a_end_or_pre_burn_state_missing;sync_error_missing_without_crossing
phase27,phase27_delayed_sync_burn,r0=0.98|angle=150|thrust=12000|target=1,window_no_crossing,dead_window_no_crossing,0.0,0.98,150.0,12000.0,1.0,0.98,0.5050762722761052,-0.12518223472029347,-0.020408163265306076,-0.1426785900258876,0.9800000000000001,0.49000000000000005,1.4700000000000002,0.5000000000000001,True,705902.4201763618,0.020408163265306076,-0.1426785900258876,-0.01999947035152435,0.49041895876721375,0.36525087535983536,1.0636054842326585,0.3379465809556838,pre_burn_state_json,1,1,705902,,,,,,,,7.999057584062258,D_1x_recoverable,outside_3x,False,False,False,False,False,,,sync_error_missing_without_crossing
phase27,phase27_delayed_sync_burn,r0=1|angle=150|thrust=12000|target=1,near_recoverable_crossing,no_window,11.049441623000385,1.0,150.0,12000.0,1.0,1.0,0.4999999999999998,-0.1339745962155612,0.0,-0.13397459621556124,1.0,0.5,1.5,0.5,True,,0.0,-0.13397459621556124,,,,,,,0,0,0,114,,4.908390625e-10,-0.019133667779626447,-0.7252791884998071,3.0547866581952734,2.9011167539992284,2.7872261916056575,D_1x_recoverable,C_3x,False,True,True,False,False,,,burn_a_end_or_pre_burn_state_missing
phase27,phase27_delayed_sync_burn,r0=1.02|angle=150|thrust=12000|target=1,dead_geometry,no_window,0.0,1.02,150.0,12000.0,1.0,1.02,0.49507377148833703,-0.14250707428745554,0.01960784313725499,-0.12535721577320472,1.0200000000000002,0.5100000000000002,1.53,0.49999999999999983,True,,0.01960784313725499,-0.12535721577320472,,,,,,,0,0,,,,,,,,,25.457956413695403,D_1x_recoverable,outside_3x,False,False,False,False,False,,,burn_a_end_or_pre_burn_state_missing;sync_error_missing_without_crossing
phase27,phase27_delayed_sync_burn,r0=1.05|angle=150|thrust=12000|target=1,dead_geometry,no_window,0.0,1.05,150.0,12000.0,1.0,1.05,0.4879500364742664,-0.1548457452714833,0.04761904761904765,-0.11258803253505753,1.05,0.525,1.5750000000000002,0.5000000000000001,True,,0.04761904761904765,-0.11258803253505753,,,,,,,0,0,,,,,,,,,30.81113287234357,D_1x_recoverable,outside_3x,False,False,False,False,False,,,burn_a_end_or_pre_burn_state_missing;sync_error_missing_without_crossing
phase27,phase27_delayed_sync_burn,r0=0.98|angle=165|thrust=12000|target=1,window_no_crossing,dead_window_no_crossing,0.0,0.98,165.0,12000.0,1.0,0.98,0.26144671698888494,-0.02426756872540107,-0.020408163265306076,-0.04378221735089306,0.9800000000000001,0.7263573357995292,1.2336426642004712,0.25881904510252135,True,1363698.7569766094,0.020408163265306076,-0.04378221735089306,-0.019999725835098438,0.25385749662898655,0.46632708652092403,1.1737429976678926,0.437000946805927,pre_burn_state_json,1,1,1363699,,,,,,,,7.999850418574635,D_1x_recoverable,outside_3x,False,False,False,False,False,,,sync_error_missing_without_crossing
phase27,phase27_delayed_sync_burn,r0=1|angle=165|thrust=12000|target=1,crossing_bad_sync,no_window,8.697548451817747,1.0,165.0,12000.0,1.0,1.0,0.25881904510252096,-0.034074173710931834,-2.104654818683916e-16,-0.034074173710931875,0.9999999999999999,0.7411809548974788,1.2588190451025212,0.2588190451025212,True,,2.104654818683916e-16,-0.034074173710931875,,,,,,,0,0,0,105,,7.7303515625e-11,-0.0069845823583089784,-0.9012257740911267,3.621779577911722,3.604903096364507,2.776776976070846,D_1x_recoverable,C_3x,False,True,True,False,False,,,burn_a_end_or_pre_burn_state_missing
phase27,phase27_delayed_sync_burn,r0=1.02|angle=165|thrust=12000|target=1,dead_geometry,no_window,0.0,1.02,165.0,12000.0,1.0,1.02,0.25626904158383024,-0.04359091640216505,0.019607843137254777,-0.024462734730208335,1.0199999999999998,0.7560045739954291,1.2839954260045705,0.2588190451025204,True,,0.019607843137254777,-0.024462734730208335,,,,,,,0,0,,,,,,,,,14.945134983837804,D_1x_recoverable,outside_3x,False,False,False,False,False,,,burn_a_end_or_pre_burn_state_missing;sync_error_missing_without_crossing
phase27,phase27_delayed_sync_burn,r0=1.05|angle=165|thrust=12000|target=1,dead_geometry,no_window,0.0,1.05,165.0,12000.0,1.0,1.05,0.25258152499601993,-0.05735291566162611,0.04761904761904765,-0.010220561444707415,1.05,0.7782400026423528,1.3217599973576475,0.2588190451025212,True,,0.04761904761904765,-0.010220561444707415,,,,,,,0,0,,,,,,,,,23.561988596416803,D_1x_recoverable,outside_3x,False,False,False,False,False,,,burn_a_end_or_pre_burn_state_missing;sync_error_missing_without_crossing
phase27,phase27_delayed_sync_burn,r0=0.98|angle=170|thrust=12000|target=1,window_no_crossing,dead_window_no_crossing,0.0,0.98,170.0,12000.0,1.0,0.98,0.17541114852710393,-0.005193942399973061,-0.020408163265306496,-0.025090063551973553,0.9799999999999996,0.8098247858864084,1.150175214113591,0.17364817766693,True,2032565.0106456443,0.020408163265306496,-0.025090063551973553,-0.019999816056021746,0.17031926563540006,0.4854334503083941,1.1947052440680126,0.45572505453876455,pre_burn_state_json,1,1,2032565,,,,,,,,8.000130135646963,D_1x_recoverable,outside_3x,False,False,False,False,False,,,sync_error_missing_without_crossing
phase27,phase27_delayed_sync_burn,r0=1|angle=170|thrust=12000|target=1,near_recoverable_crossing,no_window,11.286554909529677,1.0,170.0,12000.0,1.0,1.0,0.17364817766693022,-0.015192246987791968,-2.104654818683916e-16,-0.015192246987791962,0.9999999999999999,0.8263518223330696,1.1736481776669303,0.17364817766693036,True,,2.104654818683916e-16,-0.015192246987791962,,,,,,,0,0,0,1010,,1.4031861979166667e-10,-0.007154283714171683,-0.6067225452351612,2.4531113690583384,2.426890180940645,2.448169600872736,D_1x_recoverable,C_3x,False,True,True,False,False,,,burn_a_end_or_pre_burn_state_missing
phase27,phase27_delayed_sync_burn,r0=1.02|angle=170|thrust=12000|target=1,dead_geometry,no_window,0.0,1.02,170.0,12000.0,1.0,1.02,0.171937316459288,-0.02489502305058251,0.01960784313725499,-0.005392923511594131,1.0200000000000002,0.8428788587797316,1.1971211412202687,0.17364817766693,True,,0.01960784313725499,-0.005392923511594131,,,,,,,0,0,,,,,,,,,11.701670996723127,D_1x_recoverable,outside_3x,False,False,False,False,False,,,burn_a_end_or_pre_burn_state_missing;sync_error_missing_without_crossing
phase27,phase27_delayed_sync_burn,r0=1.05|angle=170|thrust=12000|target=1,dead_geometry,no_window,0.0,1.05,170.0,12000.0,1.0,1.05,0.16946326925253707,-0.03892604199510515,0.047619047619047436,0.009127655905139585,1.0499999999999998,0.867669413449723,1.2323305865502765,0.17364817766693028,True,,0.047619047619047436,0.009127655905139585,,,,,,,0,0,,,,,,,,,21.702513343785302,D_1x_recoverable,outside_3x,False,False,False,False,False,,,burn_a_end_or_pre_burn_state_missing;sync_error_missing_without_crossing
phase27,phase27_delayed_sync_burn,r0=0.98|angle=175|thrust=12000|target=1,window_no_crossing,dead_window_no_crossing,0.0,0.98,175.0,12000.0,1.0,0.98,0.08804059530888479,0.006308609146798016,-0.020408163265306287,-0.013817563036137981,0.9799999999999999,0.8945873721072939,1.0654126278927059,0.08715574274765918,True,4049660.9742639633,0.020408163265306287,-0.013817563036137981,-0.019999907676642448,0.08548518143904044,0.4969562427609291,1.2073695747161735,0.46701725610973716,pre_burn_state_json,1,1,4049661,,,,,,,,8.000414032903647,D_1x_recoverable,outside_3x,False,False,False,False,False,,,sync_error_missing_without_crossing
phase27,phase27_delayed_sync_burn,r0=1|angle=175|thrust=12000|target=1,near_recoverable_crossing,no_window,11.272236476745245,1.0,175.0,12000.0,1.0,1.0,0.08715574274765818,-0.003805301908254529,-2.104654818683916e-16,-0.0038053019082545138,0.9999999999999999,0.912844257252342,1.087155742747658,0.08715574274765796,True,,2.104654818683916e-16,-0.0038053019082545138,,,,,,,0,0,0,43,,6.876559895833333e-10,-0.016145189110617915,-0.6138817616273774,2.584817383236934,2.4555270465095096,2.5842628567746577,D_1x_recoverable,C_3x,False,True,True,False,False,,,burn_a_end_or_pre_burn_state_missing
phase27,phase27_delayed_sync_burn,r0=1.02|angle=175|thrust=12000|target=1,dead_geometry,no_window,0.0,1.02,175.0,12000.0,1.0,1.02,0.08629704453790087,-0.013620267358068197,0.019607843137254777,0.006107327294770394,1.0199999999999998,0.9311011423973901,1.1088988576026098,0.0871557427476567,True,,0.019607843137254777,0.006107327294770394,,,,,,,0,0,,,,,,,,,9.08684706703187,D_1x_recoverable,outside_3x,False,False,False,False,False,,,burn_a_end_or_pre_burn_state_missing;sync_error_missing_without_crossing
phase27,phase27_delayed_sync_burn,r0=1.05|angle=175|thrust=12000|target=1,dead_geometry,no_window,0.0,1.05,175.0,12000.0,1.0,1.05,0.0850552957053232,-0.02781352146132346,0.04761904761904765,0.020795802465610375,1.05,0.9584864701149592,1.141513529885041,0.08715574274765797,True,,0.04761904761904765,0.020795802465610375,,,,,,,0,0,,,,,,,,,20.446833376035027,D_1x_recoverable,outside_3x,False,False,False,False,False,,,burn_a_end_or_pre_burn_state_missing;sync_error_missing_without_crossing
phase27,phase27_split_phase_sync_burn,r0=0.98|angle=150|thrust=8000|target=1,window_no_crossing,dead_window_no_crossing,0.0,0.98,150.0,8000.0,1.0,0.98,0.5050762722761052,-0.12518223472029347,-0.020408163265306076,-0.1426785900258876,0.9800000000000001,0.49000000000000005,1.4700000000000002,0.5000000000000001,True,705902.4201763618,0.020408163265306076,-0.1426785900258876,-0.01999946748038763,0.49525942384523597,0.20177165852883766,0.6487217985732481,0.17773686532523883,pre_burn_state_json,1,1,705902,,,,,,,,7.998330993069347,D_1x_recoverable,outside_3x,False,False,False,False,False,,,sync_error_missing_without_crossing
phase27,phase27_split_phase_sync_burn,r0=1|angle=150|thrust=8000|target=1,crossing_bad_sync,no_window,8.93980995139794,1.0,150.0,8000.0,1.0,1.0,0.4999999999999998,-0.1339745962155612,0.0,-0.13397459621556124,1.0,0.5,1.5,0.5,True,,0.0,-0.13397459621556124,,,,,,,0,0,0,631,,1.9467604166666666e-10,-0.005988015668111895,-0.7800950243010297,3.134710956393185,3.120380097204119,2.977871114143954,D_1x_recoverable,C_3x,False,True,True,False,False,,,burn_a_end_or_pre_burn_state_missing
phase27,phase27_split_phase_sync_burn,r0=1.02|angle=150|thrust=8000|target=1,dead_geometry,no_window,0.0,1.02,150.0,8000.0,1.0,1.02,0.49507377148833703,-0.14250707428745554,0.01960784313725499,-0.12535721577320472,1.0200000000000002,0.5100000000000002,1.53,0.49999999999999983,True,,0.01960784313725499,-0.12535721577320472,,,,,,,0,0,,,,,,,,,25.625866564702612,D_1x_recoverable,outside_3x,False,False,False,False,False,,,burn_a_end_or_pre_burn_state_missing;sync_error_missing_without_crossing
phase27,phase27_split_phase_sync_burn,r0=1.05|angle=150|thrust=8000|target=1,dead_geometry,no_window,0.0,1.05,150.0,8000.0,1.0,1.05,0.4879500364742664,-0.1548457452714833,0.04761904761904765,-0.11258803253505753,1.05,0.525,1.5750000000000002,0.5000000000000001,True,,0.04761904761904765,-0.11258803253505753,,,,,,,0,0,,,,,,,,,30.989889093950367,D_1x_recoverable,outside_3x,False,False,False,False,False,,,burn_a_end_or_pre_burn_state_missing;sync_error_missing_without_crossing
phase27,phase27_split_phase_sync_burn,r0=0.98|angle=165|thrust=8000|target=1,window_no_crossing,dead_window_no_crossing,0.0,0.98,165.0,8000.0,1.0,0.98,0.26144671698888494,-0.02426756872540107,-0.020408163265306076,-0.04378221735089306,0.9800000000000001,0.7263573357995292,1.2336426642004712,0.25881904510252135,True,1363698.7569766094,0.020408163265306076,-0.04378221735089306,-0.01999972434845573,0.25636376674700956,0.302795077885787,0.7221816433682448,0.2767395354455463,pre_burn_state_json,1,1,1363699,,,,,,,,7.9991407692783865,D_1x_recoverable,outside_3x,False,False,False,False,False,,,sync_error_missing_without_crossing
phase27,phase27_split_phase_sync_burn,r0=1|angle=165|thrust=8000|target=1,near_recoverable_crossing,no_window,11.00564757860189,1.0,165.0,8000.0,1.0,1.0,0.25881904510252096,-0.034074173710931834,-2.104654818683916e-16,-0.034074173710931875,0.9999999999999999,0.7411809548974788,1.2588190451025212,0.2588190451025212,True,,2.104654818683916e-16,-0.034074173710931875,,,,,,,0,0,1,182,,3.5278919270833335e-10,-0.020933166025926386,-0.7471762106990555,3.1666781075799455,2.988704842796222,3.1567937662689762,D_1x_recoverable,C_3x,False,True,True,False,False,,,burn_a_end_or_pre_burn_state_missing
phase27,phase27_split_phase_sync_burn,r0=1.02|angle=165|thrust=8000|target=1,dead_geometry,no_window,0.0,1.02,165.0,8000.0,1.0,1.02,0.25626904158383024,-0.04359091640216505,0.019607843137254777,-0.024462734730208335,1.0199999999999998,0.7560045739954291,1.2839954260045705,0.2588190451025204,True,,0.019607843137254777,-0.024462734730208335,,,,,,,0,0,,,,,,,,,14.968683117592679,D_1x_recoverable,outside_3x,False,False,False,False,False,,,burn_a_end_or_pre_burn_state_missing;sync_error_missing_without_crossing
phase27,phase27_split_phase_sync_burn,r0=1.05|angle=165|thrust=8000|target=1,dead_geometry,no_window,0.0,1.05,165.0,8000.0,1.0,1.05,0.25258152499601993,-0.05735291566162611,0.04761904761904765,-0.010220561444707415,1.05,0.7782400026423528,1.3217599973576475,0.2588190451025212,True,,0.04761904761904765,-0.010220561444707415,,,,,,,0,0,,,,,,,,,23.56209253144189,D_1x_recoverable,outside_3x,False,False,False,False,False,,,burn_a_end_or_pre_burn_state_missing;sync_error_missing_without_crossing
phase27,phase27_split_phase_sync_burn,r0=0.98|angle=170|thrust=8000|target=1,window_no_crossing,dead_window_no_crossing,0.0,0.98,170.0,8000.0,1.0,0.98,0.17541114852710393,-0.005193942399973061,-0.020408163265306496,-0.025090063551973553,0.9799999999999996,0.8098247858864084,1.150175214113591,0.17364817766693,True,2032565.0106456443,0.020408163265306496,-0.025090063551973553,-0.019999815058560286,0.17200080752843205,0.32189075812932055,0.7361635128216514,0.29545318743911425,pre_burn_state_json,1,1,2032565,,,,,,,,7.999423816162788,D_1x_recoverable,outside_3x,False,False,False,False,False,,,sync_error_missing_without_crossing
phase27,phase27_split_phase_sync_burn,r0=1|angle=170|thrust=8000|target=1,crossing_bad_sync,no_window,8.676726276183203,1.0,170.0,8000.0,1.0,1.0,0.17364817766693022,-0.015192246987791968,-2.104654818683916e-16,-0.015192246987791962,0.9999999999999999,0.8263518223330696,1.1736481776669303,0.17364817766693036,True,,2.104654818683916e-16,-0.015192246987791962,,,,,,,0,0,0,2307,,2.920735677083333e-10,-0.006324852049514541,-0.911636861908399,3.6602346470497937,3.646547447633596,2.971756020030534,D_1x_recoverable,C_3x,False,True,True,False,False,,,burn_a_end_or_pre_burn_state_missing
phase27,phase27_split_phase_sync_burn,r0=1.02|angle=170|thrust=8000|target=1,dead_geometry,no_window,0.0,1.02,170.0,8000.0,1.0,1.02,0.171937316459288,-0.02489502305058251,0.01960784313725499,-0.005392923511594131,1.0200000000000002,0.8428788587797316,1.1971211412202687,0.17364817766693,True,,0.01960784313725499,-0.005392923511594131,,,,,,,0,0,,,,,,,,,11.701750713617072,D_1x_recoverable,outside_3x,False,False,False,False,False,,,burn_a_end_or_pre_burn_state_missing;sync_error_missing_without_crossing
phase27,phase27_split_phase_sync_burn,r0=1.05|angle=170|thrust=8000|target=1,dead_geometry,no_window,0.0,1.05,170.0,8000.0,1.0,1.05,0.16946326925253707,-0.03892604199510515,0.047619047619047436,0.009127655905139585,1.0499999999999998,0.867669413449723,1.2323305865502765,0.17364817766693028,True,,0.047619047619047436,0.009127655905139585,,,,,,,0,0,,,,,,,,,21.702444158808806,D_1x_recoverable,outside_3x,False,False,False,False,False,,,burn_a_end_or_pre_burn_state_missing;sync_error_missing_without_crossing
phase27,phase27_split_phase_sync_burn,r0=0.98|angle=175|thrust=8000|target=1,window_no_crossing,dead_window_no_crossing,0.0,0.98,175.0,8000.0,1.0,0.98,0.08804059530888479,0.006308609146798016,-0.020408163265306287,-0.013817563036137981,0.9799999999999999,0.8945873721072939,1.0654126278927059,0.08715574274765918,True,4049660.9742639633,0.020408163265306287,-0.013817563036137981,-0.01999990717603047,0.08632907049245486,0.3334069574852493,0.7446106894542571,0.3067389421076711,pre_burn_state_json,1,1,2810817,,,,,,,,7.999710272750181,D_1x_recoverable,outside_3x,False,False,False,False,False,,,sync_error_missing_without_crossing
phase27,phase27_split_phase_sync_burn,r0=1|angle=175|thrust=8000|target=1,crossing_bad_sync,no_window,8.86482222272753,1.0,175.0,8000.0,1.0,1.0,0.08715574274765818,-0.003805301908254529,-2.104654818683916e-16,-0.0038053019082545138,0.9999999999999999,0.912844257252342,1.087155742747658,0.08715574274765796,True,,2.104654818683916e-16,-0.0038053019082545138,,,,,,,0,0,1,86,,6.0556640625e-11,-0.00839807571601849,-0.8175888886362344,3.2972025479901705,3.2703555545449374,2.9569801506190814,D_1x_recoverable,C_3x,False,True,True,False,False,,,burn_a_end_or_pre_burn_state_missing
phase27,phase27_split_phase_sync_burn,r0=1.02|angle=175|thrust=8000|target=1,dead_geometry,no_window,0.0,1.02,175.0,8000.0,1.0,1.02,0.08629704453790087,-0.013620267358068197,0.019607843137254777,0.006107327294770394,1.0199999999999998,0.9311011423973901,1.1088988576026098,0.0871557427476567,True,,0.019607843137254777,0.006107327294770394,,,,,,,0,0,,,,,,,,,9.086850509347325,D_1x_recoverable,outside_3x,False,False,False,False,False,,,burn_a_end_or_pre_burn_state_missing;sync_error_missing_without_crossing
phase27,phase27_split_phase_sync_burn,r0=1.05|angle=175|thrust=8000|target=1,dead_geometry,no_window,0.0,1.05,175.0,8000.0,1.0,1.05,0.0850552957053232,-0.02781352146132346,0.04761904761904765,0.020795802465610375,1.05,0.9584864701149592,1.141513529885041,0.08715574274765797,True,,0.04761904761904765,0.020795802465610375,,,,,,,0,0,,,,,,,,,20.446890754374035,D_1x_recoverable,outside_3x,False,False,False,False,False,,,burn_a_end_or_pre_burn_state_missing;sync_error_missing_without_crossing
phase27,phase27_split_phase_sync_burn,r0=0.98|angle=150|thrust=10000|target=1,window_no_crossing,dead_window_no_crossing,0.0,0.98,150.0,10000.0,1.0,0.98,0.5050762722761052,-0.12518223472029347,-0.020408163265306076,-0.1426785900258876,0.9800000000000001,0.49000000000000005,1.4700000000000002,0.5000000000000001,True,705902.4201763618,0.020408163265306076,-0.1426785900258876,-0.01999946891827474,0.4928335804732481,0.28351110033878657,0.8494704621631978,0.2578415599813004,pre_burn_state_json,1,1,705902,,,,,,,,7.9983468778289275,D_1x_recoverable,outside_3x,False,False,False,False,False,,,sync_error_missing_without_crossing
phase27,phase27_split_phase_sync_burn,r0=1|angle=150|thrust=10000|target=1,crossing_bad_sync,no_window,8.585865689396837,1.0,150.0,10000.0,1.0,1.0,0.4999999999999998,-0.1339745962155612,0.0,-0.13397459621556124,1.0,0.5,1.5,0.5,True,,0.0,-0.13397459621556124,,,,,,,0,0,0,413,,7.30203125e-11,-0.0014919024394221608,-0.9570671553015822,3.828995307954149,3.8282686212063286,2.758531474618212,D_1x_recoverable,C_3x,False,True,True,False,False,,,burn_a_end_or_pre_burn_state_missing
phase27,phase27_split_phase_sync_burn,r0=1.02|angle=150|thrust=10000|target=1,dead_geometry,no_window,0.0,1.02,150.0,10000.0,1.0,1.02,0.49507377148833703,-0.14250707428745554,0.01960784313725499,-0.12535721577320472,1.0200000000000002,0.5100000000000002,1.53,0.49999999999999983,True,,0.01960784313725499,-0.12535721577320472,,,,,,,0,0,,,,,,,,,25.53942098359567,D_1x_recoverable,outside_3x,False,False,False,False,False,,,burn_a_end_or_pre_burn_state_missing;sync_error_missing_without_crossing
phase27,phase27_split_phase_sync_burn,r0=1.05|angle=150|thrust=10000|target=1,dead_geometry,no_window,0.0,1.05,150.0,10000.0,1.0,1.05,0.4879500364742664,-0.1548457452714833,0.04761904761904765,-0.11258803253505753,1.05,0.525,1.5750000000000002,0.5000000000000001,True,,0.04761904761904765,-0.11258803253505753,,,,,,,0,0,,,,,,,,,30.891819060499373,D_1x_recoverable,outside_3x,False,False,False,False,False,,,burn_a_end_or_pre_burn_state_missing;sync_error_missing_without_crossing
phase27,phase27_split_phase_sync_burn,r0=0.98|angle=165|thrust=10000|target=1,window_no_crossing,dead_window_no_crossing,0.0,0.98,165.0,10000.0,1.0,0.98,0.26144671698888494,-0.02426756872540107,-0.020408163265306076,-0.04378221735089306,0.9800000000000001,0.7263573357995292,1.2336426642004712,0.25881904510252135,True,1363698.7569766094,0.020408163265306076,-0.04378221735089306,-0.019999725092979037,0.2551077222901433,0.38456103734047686,0.9412734620470542,0.35687019721921753,pre_burn_state_json,1,1,1363699,,,,,,,,7.99914684678896,D_1x_recoverable,outside_3x,False,False,False,False,False,,,sync_error_missing_without_crossing
phase27,phase27_split_phase_sync_burn,r0=1|angle=165|thrust=10000|target=1,crossing_bad_sync,no_window,8.601024110919587,1.0,165.0,10000.0,1.0,1.0,0.25881904510252096,-0.034074173710931834,-2.104654818683916e-16,-0.034074173710931875,0.9999999999999999,0.7411809548974788,1.2588190451025212,0.2588190451025212,True,,2.104654818683916e-16,-0.034074173710931875,,,,,,,0,0,0,243,,6.5148046875e-11,-0.0021129824297496515,-0.9494879445402064,3.79942093563033,3.7979517781608254,2.8017542840775818,D_1x_recoverable,C_3x,False,True,True,False,False,,,burn_a_end_or_pre_burn_state_missing
phase27,phase27_split_phase_sync_burn,r0=1.02|angle=165|thrust=10000|target=1,dead_geometry,no_window,0.0,1.02,165.0,10000.0,1.0,1.02,0.25626904158383024,-0.04359091640216505,0.019607843137254777,-0.024462734730208335,1.0199999999999998,0.7560045739954291,1.2839954260045705,0.2588190451025204,True,,0.019607843137254777,-0.024462734730208335,,,,,,,0,0,,,,,,,,,14.953091824434882,D_1x_recoverable,outside_3x,False,False,False,False,False,,,burn_a_end_or_pre_burn_state_missing;sync_error_missing_without_crossing
phase27,phase27_split_phase_sync_burn,r0=1.05|angle=165|thrust=10000|target=1,dead_geometry,no_window,0.0,1.05,165.0,10000.0,1.0,1.05,0.25258152499601993,-0.05735291566162611,0.04761904761904765,-0.010220561444707415,1.05,0.7782400026423528,1.3217599973576475,0.2588190451025212,True,,0.04761904761904765,-0.010220561444707415,,,,,,,0,0,,,,,,,,,23.56207068556549,D_1x_recoverable,outside_3x,False,False,False,False,False,,,burn_a_end_or_pre_burn_state_missing;sync_error_missing_without_crossing
phase27,phase27_split_phase_sync_burn,r0=0.98|angle=170|thrust=10000|target=1,window_no_crossing,dead_window_no_crossing,0.0,0.98,170.0,10000.0,1.0,0.98,0.17541114852710393,-0.005193942399973061,-0.020408163265306496,-0.025090063551973553,0.9799999999999996,0.8098247858864084,1.150175214113591,0.17364817766693,True,2032565.0106456443,0.020408163265306496,-0.025090063551973553,-0.019999815558097916,0.17115808320313208,0.40366208394382785,0.9587463929105391,0.3755891011590561,pre_burn_state_json,1,1,1396313,,,,,,,,7.999427639272258,D_1x_recoverable,outside_3x,False,False,False,False,False,,,sync_error_missing_without_crossing
phase27,phase27_split_phase_sync_burn,r0=1|angle=170|thrust=10000|target=1,crossing_bad_sync,no_window,6.769451209905615,1.0,170.0,10000.0,1.0,1.0,0.17364817766693022,-0.015192246987791968,-2.104654818683916e-16,-0.015192246987791962,0.9999999999999999,0.8263518223330696,1.1736481776669303,0.17364817766693036,True,,2.104654818683916e-16,-0.015192246987791962,,,,,,,0,0,0,3843,,5.782188541666666e-09,-0.1492219516037754,-0.7309675543558039,8.013550658069029,7.4610975801887705,2.7329392774020005,D_1x_recoverable,C_3x,False,True,True,False,False,,,burn_a_end_or_pre_burn_state_missing
phase27,phase27_split_phase_sync_burn,r0=1.02|angle=170|thrust=10000|target=1,dead_geometry,no_window,0.0,1.02,170.0,10000.0,1.0,1.02,0.171937316459288,-0.02489502305058251,0.01960784313725499,-0.005392923511594131,1.0200000000000002,0.8428788587797316,1.1971211412202687,0.17364817766693,True,,0.01960784313725499,-0.005392923511594131,,,,,,,0,0,,,,,,,,,11.70170779288859,D_1x_recoverable,outside_3x,False,False,False,False,False,,,burn_a_end_or_pre_burn_state_missing;sync_error_missing_without_crossing
phase27,phase27_split_phase_sync_burn,r0=1.05|angle=170|thrust=10000|target=1,dead_geometry,no_window,0.0,1.05,170.0,10000.0,1.0,1.05,0.16946326925253707,-0.03892604199510515,0.047619047619047436,0.009127655905139585,1.0499999999999998,0.867669413449723,1.2323305865502765,0.17364817766693028,True,,0.047619047619047436,0.009127655905139585,,,,,,,0,0,,,,,,,,,21.702524960613893,D_1x_recoverable,outside_3x,False,False,False,False,False,,,burn_a_end_or_pre_burn_state_missing;sync_error_missing_without_crossing
phase27,phase27_split_phase_sync_burn,r0=0.98|angle=175|thrust=10000|target=1,window_no_crossing,dead_window_no_crossing,0.0,0.98,175.0,10000.0,1.0,0.98,0.08804059530888479,0.006308609146798016,-0.020408163265306287,-0.013817563036137981,0.9799999999999999,0.8945873721072939,1.0654126278927059,0.08715574274765918,True,4049660.9742639633,0.020408163265306287,-0.013817563036137981,-0.019999907426742056,0.08590614404718938,0.41518159495754253,0.9693026785416283,0.38687809406636253,pre_burn_state_json,1,1,1396346,,,,,,,,7.999712114769088,D_1x_recoverable,outside_3x,False,False,False,False,False,,,sync_error_missing_without_crossing
phase27,phase27_split_phase_sync_burn,r0=1|angle=175|thrust=10000|target=1,near_recoverable_crossing,no_window,11.049168197997707,1.0,175.0,10000.0,1.0,1.0,0.08715574274765818,-0.003805301908254529,-2.104654818683916e-16,-0.0038053019082545138,0.9999999999999999,0.912844257252342,1.087155742747658,0.08715574274765796,True,,2.104654818683916e-16,-0.0038053019082545138,,,,,,,0,0,0,44,,5.35978515625e-10,-0.017960415068522723,-0.7254159010011462,3.037448426622083,2.9016636040045847,2.904398433002142,D_1x_recoverable,C_3x,False,True,True,False,False,,,burn_a_end_or_pre_burn_state_missing
phase27,phase27_split_phase_sync_burn,r0=1.02|angle=175|thrust=10000|target=1,dead_geometry,no_window,0.0,1.02,175.0,10000.0,1.0,1.02,0.08629704453790087,-0.013620267358068197,0.019607843137254777,0.006107327294770394,1.0199999999999998,0.9311011423973901,1.1088988576026098,0.0871557427476567,True,,0.019607843137254777,0.006107327294770394,,,,,,,0,0,,,,,,,,,9.086941654372925,D_1x_recoverable,outside_3x,False,False,False,False,False,,,burn_a_end_or_pre_burn_state_missing;sync_error_missing_without_crossing
phase27,phase27_split_phase_sync_burn,r0=1.05|angle=175|thrust=10000|target=1,dead_geometry,no_window,0.0,1.05,175.0,10000.0,1.0,1.05,0.0850552957053232,-0.02781352146132346,0.04761904761904765,0.020795802465610375,1.05,0.9584864701149592,1.141513529885041,0.08715574274765797,True,,0.04761904761904765,0.020795802465610375,,,,,,,0,0,,,,,,,,,20.446843289290705,D_1x_recoverable,outside_3x,False,False,False,False,False,,,burn_a_end_or_pre_burn_state_missing;sync_error_missing_without_crossing
phase27,phase27_split_phase_sync_burn,r0=0.98|angle=150|thrust=12000|target=1,window_no_crossing,dead_window_no_crossing,0.0,0.98,150.0,12000.0,1.0,0.98,0.5050762722761052,-0.12518223472029347,-0.020408163265306076,-0.1426785900258876,0.9800000000000001,0.49000000000000005,1.4700000000000002,0.5000000000000001,True,705902.4201763618,0.020408163265306076,-0.1426785900258876,-0.01999947035152435,0.49041895876721375,0.36525087535983536,1.0636054842326585,0.3379465809556838,pre_burn_state_json,1,1,705902,,,,,,,,7.998359418301609,D_1x_recoverable,outside_3x,False,False,False,False,False,,,sync_error_missing_without_crossing
phase27,phase27_split_phase_sync_burn,r0=1|angle=150|thrust=12000|target=1,near_recoverable_crossing,no_window,11.049441623000385,1.0,150.0,12000.0,1.0,1.0,0.4999999999999998,-0.1339745962155612,0.0,-0.13397459621556124,1.0,0.5,1.5,0.5,True,,0.0,-0.13397459621556124,,,,,,,0,0,0,114,,4.908390625e-10,-0.019133667779626447,-0.7252791884998071,3.0547866581952734,2.9011167539992284,2.7872261916056575,D_1x_recoverable,C_3x,False,True,True,False,False,,,burn_a_end_or_pre_burn_state_missing
phase27,phase27_split_phase_sync_burn,r0=1.02|angle=150|thrust=12000|target=1,dead_geometry,no_window,0.0,1.02,150.0,12000.0,1.0,1.02,0.49507377148833703,-0.14250707428745554,0.01960784313725499,-0.12535721577320472,1.0200000000000002,0.5100000000000002,1.53,0.49999999999999983,True,,0.01960784313725499,-0.12535721577320472,,,,,,,0,0,,,,,,,,,25.457956413695403,D_1x_recoverable,outside_3x,False,False,False,False,False,,,burn_a_end_or_pre_burn_state_missing;sync_error_missing_without_crossing
phase27,phase27_split_phase_sync_burn,r0=1.05|angle=150|thrust=12000|target=1,dead_geometry,no_window,0.0,1.05,150.0,12000.0,1.0,1.05,0.4879500364742664,-0.1548457452714833,0.04761904761904765,-0.11258803253505753,1.05,0.525,1.5750000000000002,0.5000000000000001,True,,0.04761904761904765,-0.11258803253505753,,,,,,,0,0,,,,,,,,,30.81113287234357,D_1x_recoverable,outside_3x,False,False,False,False,False,,,burn_a_end_or_pre_burn_state_missing;sync_error_missing_without_crossing
phase27,phase27_split_phase_sync_burn,r0=0.98|angle=165|thrust=12000|target=1,window_no_crossing,dead_window_no_crossing,0.0,0.98,165.0,12000.0,1.0,0.98,0.26144671698888494,-0.02426756872540107,-0.020408163265306076,-0.04378221735089306,0.9800000000000001,0.7263573357995292,1.2336426642004712,0.25881904510252135,True,1363698.7569766094,0.020408163265306076,-0.04378221735089306,-0.019999725835098438,0.25385749662898655,0.46632708652092403,1.1737429976678926,0.437000946805927,pre_burn_state_json,1,1,1363699,,,,,,,,7.999152169119488,D_1x_recoverable,outside_3x,False,False,False,False,False,,,sync_error_missing_without_crossing
phase27,phase27_split_phase_sync_burn,r0=1|angle=165|thrust=12000|target=1,crossing_bad_sync,no_window,8.697548451817747,1.0,165.0,12000.0,1.0,1.0,0.25881904510252096,-0.034074173710931834,-2.104654818683916e-16,-0.034074173710931875,0.9999999999999999,0.7411809548974788,1.2588190451025212,0.2588190451025212,True,,2.104654818683916e-16,-0.034074173710931875,,,,,,,0,0,0,105,,7.7303515625e-11,-0.0069845823583089784,-0.9012257740911267,3.621779577911722,3.604903096364507,2.776776976070846,D_1x_recoverable,C_3x,False,True,True,False,False,,,burn_a_end_or_pre_burn_state_missing
phase27,phase27_split_phase_sync_burn,r0=1.02|angle=165|thrust=12000|target=1,dead_geometry,no_window,0.0,1.02,165.0,12000.0,1.0,1.02,0.25626904158383024,-0.04359091640216505,0.019607843137254777,-0.024462734730208335,1.0199999999999998,0.7560045739954291,1.2839954260045705,0.2588190451025204,True,,0.019607843137254777,-0.024462734730208335,,,,,,,0,0,,,,,,,,,14.945134983837804,D_1x_recoverable,outside_3x,False,False,False,False,False,,,burn_a_end_or_pre_burn_state_missing;sync_error_missing_without_crossing
phase27,phase27_split_phase_sync_burn,r0=1.05|angle=165|thrust=12000|target=1,dead_geometry,no_window,0.0,1.05,165.0,12000.0,1.0,1.05,0.25258152499601993,-0.05735291566162611,0.04761904761904765,-0.010220561444707415,1.05,0.7782400026423528,1.3217599973576475,0.2588190451025212,True,,0.04761904761904765,-0.010220561444707415,,,,,,,0,0,,,,,,,,,23.561988596416803,D_1x_recoverable,outside_3x,False,False,False,False,False,,,burn_a_end_or_pre_burn_state_missing;sync_error_missing_without_crossing
phase27,phase27_split_phase_sync_burn,r0=0.98|angle=170|thrust=12000|target=1,window_no_crossing,dead_window_no_crossing,0.0,0.98,170.0,12000.0,1.0,0.98,0.17541114852710393,-0.005193942399973061,-0.020408163265306496,-0.025090063551973553,0.9799999999999996,0.8098247858864084,1.150175214113591,0.17364817766693,True,2032565.0106456443,0.020408163265306496,-0.025090063551973553,-0.019999816056021746,0.17031926563540006,0.4854334503083941,1.1947052440680126,0.45572505453876455,pre_burn_state_json,1,1,2032565,,,,,,,,7.99943105487766,D_1x_recoverable,outside_3x,False,False,False,False,False,,,sync_error_missing_without_crossing
phase27,phase27_split_phase_sync_burn,r0=1|angle=170|thrust=12000|target=1,near_recoverable_crossing,no_window,11.286554909529677,1.0,170.0,12000.0,1.0,1.0,0.17364817766693022,-0.015192246987791968,-2.104654818683916e-16,-0.015192246987791962,0.9999999999999999,0.8263518223330696,1.1736481776669303,0.17364817766693036,True,,2.104654818683916e-16,-0.015192246987791962,,,,,,,0,0,0,1010,,1.4031861979166667e-10,-0.007154283714171683,-0.6067225452351612,2.4531113690583384,2.426890180940645,2.448169600872736,D_1x_recoverable,C_3x,False,True,True,False,False,,,burn_a_end_or_pre_burn_state_missing
phase27,phase27_split_phase_sync_burn,r0=1.02|angle=170|thrust=12000|target=1,dead_geometry,no_window,0.0,1.02,170.0,12000.0,1.0,1.02,0.171937316459288,-0.02489502305058251,0.01960784313725499,-0.005392923511594131,1.0200000000000002,0.8428788587797316,1.1971211412202687,0.17364817766693,True,,0.01960784313725499,-0.005392923511594131,,,,,,,0,0,,,,,,,,,11.701670996723127,D_1x_recoverable,outside_3x,False,False,False,False,False,,,burn_a_end_or_pre_burn_state_missing;sync_error_missing_without_crossing
phase27,phase27_split_phase_sync_burn,r0=1.05|angle=170|thrust=12000|target=1,dead_geometry,no_window,0.0,1.05,170.0,12000.0,1.0,1.05,0.16946326925253707,-0.03892604199510515,0.047619047619047436,0.009127655905139585,1.0499999999999998,0.867669413449723,1.2323305865502765,0.17364817766693028,True,,0.047619047619047436,0.009127655905139585,,,,,,,0,0,,,,,,,,,21.702513343785302,D_1x_recoverable,outside_3x,False,False,False,False,False,,,burn_a_end_or_pre_burn_state_missing;sync_error_missing_without_crossing
phase27,phase27_split_phase_sync_burn,r0=0.98|angle=175|thrust=12000|target=1,window_no_crossing,dead_window_no_crossing,0.0,0.98,175.0,12000.0,1.0,0.98,0.08804059530888479,0.006308609146798016,-0.020408163265306287,-0.013817563036137981,0.9799999999999999,0.8945873721072939,1.0654126278927059,0.08715574274765918,True,4049660.9742639633,0.020408163265306287,-0.013817563036137981,-0.019999907676642448,0.08548518143904044,0.4969562427609291,1.2073695747161735,0.46701725610973716,pre_burn_state_json,1,1,4049661,,,,,,,,7.999713913739562,D_1x_recoverable,outside_3x,False,False,False,False,False,,,sync_error_missing_without_crossing
phase27,phase27_split_phase_sync_burn,r0=1|angle=175|thrust=12000|target=1,near_recoverable_crossing,no_window,11.272236476745245,1.0,175.0,12000.0,1.0,1.0,0.08715574274765818,-0.003805301908254529,-2.104654818683916e-16,-0.0038053019082545138,0.9999999999999999,0.912844257252342,1.087155742747658,0.08715574274765796,True,,2.104654818683916e-16,-0.0038053019082545138,,,,,,,0,0,0,43,,6.876559895833333e-10,-0.016145189110617915,-0.6138817616273774,2.584817383236934,2.4555270465095096,2.5842628567746577,D_1x_recoverable,C_3x,False,True,True,False,False,,,burn_a_end_or_pre_burn_state_missing
phase27,phase27_split_phase_sync_burn,r0=1.02|angle=175|thrust=12000|target=1,dead_geometry,no_window,0.0,1.02,175.0,12000.0,1.0,1.02,0.08629704453790087,-0.013620267358068197,0.019607843137254777,0.006107327294770394,1.0199999999999998,0.9311011423973901,1.1088988576026098,0.0871557427476567,True,,0.019607843137254777,0.006107327294770394,,,,,,,0,0,,,,,,,,,9.08684706703187,D_1x_recoverable,outside_3x,False,False,False,False,False,,,burn_a_end_or_pre_burn_state_missing;sync_error_missing_without_crossing
phase27,phase27_split_phase_sync_burn,r0=1.05|angle=175|thrust=12000|target=1,dead_geometry,no_window,0.0,1.05,175.0,12000.0,1.0,1.05,0.0850552957053232,-0.02781352146132346,0.04761904761904765,0.020795802465610375,1.05,0.9584864701149592,1.141513529885041,0.08715574274765797,True,,0.04761904761904765,0.020795802465610375,,,,,,,0,0,,,,,,,,,20.446833376035027,D_1x_recoverable,outside_3x,False,False,False,False,False,,,burn_a_end_or_pre_burn_state_missing;sync_error_missing_without_crossing
phase27,phase27_adaptive_sync_corridor,r0=0.98|angle=150|thrust=8000|target=1,window_no_crossing,dead_window_no_crossing,0.0,0.98,150.0,8000.0,1.0,0.98,0.5050762722761052,-0.12518223472029347,-0.020408163265306076,-0.1426785900258876,0.9800000000000001,0.49000000000000005,1.4700000000000002,0.5000000000000001,True,705902.4201763618,0.020408163265306076,-0.1426785900258876,-0.01999946748038763,0.49525942384523597,0.20177165852883766,0.6487217985732481,0.17773686532523883,pre_burn_state_json,1,1,705902,,,,,,,,7.998534795845656,D_1x_recoverable,outside_3x,False,False,False,False,False,,,sync_error_missing_without_crossing
phase27,phase27_adaptive_sync_corridor,r0=1|angle=150|thrust=8000|target=1,crossing_bad_sync,no_window,8.93980995139794,1.0,150.0,8000.0,1.0,1.0,0.4999999999999998,-0.1339745962155612,0.0,-0.13397459621556124,1.0,0.5,1.5,0.5,True,,0.0,-0.13397459621556124,,,,,,,0,0,0,631,,1.9467604166666666e-10,-0.005988015668111895,-0.7800950243010297,3.134710956393185,3.120380097204119,2.977871114143954,D_1x_recoverable,C_3x,False,True,True,False,False,,,burn_a_end_or_pre_burn_state_missing
phase27,phase27_adaptive_sync_corridor,r0=1.02|angle=150|thrust=8000|target=1,dead_geometry,no_window,0.0,1.02,150.0,8000.0,1.0,1.02,0.49507377148833703,-0.14250707428745554,0.01960784313725499,-0.12535721577320472,1.0200000000000002,0.5100000000000002,1.53,0.49999999999999983,True,,0.01960784313725499,-0.12535721577320472,,,,,,,0,0,,,,,,,,,25.625866564702612,D_1x_recoverable,outside_3x,False,False,False,False,False,,,burn_a_end_or_pre_burn_state_missing;sync_error_missing_without_crossing
phase27,phase27_adaptive_sync_corridor,r0=1.05|angle=150|thrust=8000|target=1,dead_geometry,no_window,0.0,1.05,150.0,8000.0,1.0,1.05,0.4879500364742664,-0.1548457452714833,0.04761904761904765,-0.11258803253505753,1.05,0.525,1.5750000000000002,0.5000000000000001,True,,0.04761904761904765,-0.11258803253505753,,,,,,,0,0,,,,,,,,,30.989889093950367,D_1x_recoverable,outside_3x,False,False,False,False,False,,,burn_a_end_or_pre_burn_state_missing;sync_error_missing_without_crossing
phase27,phase27_adaptive_sync_corridor,r0=0.98|angle=165|thrust=8000|target=1,window_no_crossing,dead_window_no_crossing,0.0,0.98,165.0,8000.0,1.0,0.98,0.26144671698888494,-0.02426756872540107,-0.020408163265306076,-0.04378221735089306,0.9800000000000001,0.7263573357995292,1.2336426642004712,0.25881904510252135,True,1363698.7569766094,0.020408163265306076,-0.04378221735089306,-0.01999972434845573,0.25636376674700956,0.302795077885787,0.7221816433682448,0.2767395354455463,pre_burn_state_json,1,1,1363699,,,,,,,,7.999345032759918,D_1x_recoverable,outside_3x,False,False,False,False,False,,,sync_error_missing_without_crossing
phase27,phase27_adaptive_sync_corridor,r0=1|angle=165|thrust=8000|target=1,near_recoverable_crossing,no_window,11.00564757860189,1.0,165.0,8000.0,1.0,1.0,0.25881904510252096,-0.034074173710931834,-2.104654818683916e-16,-0.034074173710931875,0.9999999999999999,0.7411809548974788,1.2588190451025212,0.2588190451025212,True,,2.104654818683916e-16,-0.034074173710931875,,,,,,,0,0,1,182,,3.5278919270833335e-10,-0.020933166025926386,-0.7471762106990555,3.1666781075799455,2.988704842796222,3.1567937662689762,D_1x_recoverable,C_3x,False,True,True,False,False,,,burn_a_end_or_pre_burn_state_missing
phase27,phase27_adaptive_sync_corridor,r0=1.02|angle=165|thrust=8000|target=1,dead_geometry,no_window,0.0,1.02,165.0,8000.0,1.0,1.02,0.25626904158383024,-0.04359091640216505,0.019607843137254777,-0.024462734730208335,1.0199999999999998,0.7560045739954291,1.2839954260045705,0.2588190451025204,True,,0.019607843137254777,-0.024462734730208335,,,,,,,0,0,,,,,,,,,14.968683117592679,D_1x_recoverable,outside_3x,False,False,False,False,False,,,burn_a_end_or_pre_burn_state_missing;sync_error_missing_without_crossing
phase27,phase27_adaptive_sync_corridor,r0=1.05|angle=165|thrust=8000|target=1,dead_geometry,no_window,0.0,1.05,165.0,8000.0,1.0,1.05,0.25258152499601993,-0.05735291566162611,0.04761904761904765,-0.010220561444707415,1.05,0.7782400026423528,1.3217599973576475,0.2588190451025212,True,,0.04761904761904765,-0.010220561444707415,,,,,,,0,0,,,,,,,,,23.56209253144189,D_1x_recoverable,outside_3x,False,False,False,False,False,,,burn_a_end_or_pre_burn_state_missing;sync_error_missing_without_crossing
phase27,phase27_adaptive_sync_corridor,r0=0.98|angle=170|thrust=8000|target=1,window_no_crossing,dead_window_no_crossing,0.0,0.98,170.0,8000.0,1.0,0.98,0.17541114852710393,-0.005193942399973061,-0.020408163265306496,-0.025090063551973553,0.9799999999999996,0.8098247858864084,1.150175214113591,0.17364817766693,True,2032565.0106456443,0.020408163265306496,-0.025090063551973553,-0.019999815058560286,0.17200080752843205,0.32189075812932055,0.7361635128216514,0.29545318743911425,pre_burn_state_json,1,1,2032565,,,,,,,,7.9996281676154055,D_1x_recoverable,outside_3x,False,False,False,False,False,,,sync_error_missing_without_crossing
phase27,phase27_adaptive_sync_corridor,r0=1|angle=170|thrust=8000|target=1,crossing_bad_sync,no_window,8.676726276183203,1.0,170.0,8000.0,1.0,1.0,0.17364817766693022,-0.015192246987791968,-2.104654818683916e-16,-0.015192246987791962,0.9999999999999999,0.8263518223330696,1.1736481776669303,0.17364817766693036,True,,2.104654818683916e-16,-0.015192246987791962,,,,,,,0,0,0,2307,,2.920735677083333e-10,-0.006324852049514541,-0.911636861908399,3.6602346470497937,3.646547447633596,2.971756020030534,D_1x_recoverable,C_3x,False,True,True,False,False,,,burn_a_end_or_pre_burn_state_missing
phase27,phase27_adaptive_sync_corridor,r0=1.02|angle=170|thrust=8000|target=1,dead_geometry,no_window,0.0,1.02,170.0,8000.0,1.0,1.02,0.171937316459288,-0.02489502305058251,0.01960784313725499,-0.005392923511594131,1.0200000000000002,0.8428788587797316,1.1971211412202687,0.17364817766693,True,,0.01960784313725499,-0.005392923511594131,,,,,,,0,0,,,,,,,,,11.701750713617072,D_1x_recoverable,outside_3x,False,False,False,False,False,,,burn_a_end_or_pre_burn_state_missing;sync_error_missing_without_crossing
phase27,phase27_adaptive_sync_corridor,r0=1.05|angle=170|thrust=8000|target=1,dead_geometry,no_window,0.0,1.05,170.0,8000.0,1.0,1.05,0.16946326925253707,-0.03892604199510515,0.047619047619047436,0.009127655905139585,1.0499999999999998,0.867669413449723,1.2323305865502765,0.17364817766693028,True,,0.047619047619047436,0.009127655905139585,,,,,,,0,0,,,,,,,,,21.702444158808806,D_1x_recoverable,outside_3x,False,False,False,False,False,,,burn_a_end_or_pre_burn_state_missing;sync_error_missing_without_crossing
phase27,phase27_adaptive_sync_corridor,r0=0.98|angle=175|thrust=8000|target=1,window_no_crossing,dead_window_no_crossing,0.0,0.98,175.0,8000.0,1.0,0.98,0.08804059530888479,0.006308609146798016,-0.020408163265306287,-0.013817563036137981,0.9799999999999999,0.8945873721072939,1.0654126278927059,0.08715574274765918,True,4049660.9742639633,0.020408163265306287,-0.013817563036137981,-0.01999990717603047,0.08632907049245486,0.3334069574852493,0.7446106894542571,0.3067389421076711,pre_burn_state_json,1,1,2809401,,,,,,,,7.999914802981397,D_1x_recoverable,outside_3x,False,False,False,False,False,,,sync_error_missing_without_crossing
phase27,phase27_adaptive_sync_corridor,r0=1|angle=175|thrust=8000|target=1,crossing_bad_sync,no_window,8.86482222272753,1.0,175.0,8000.0,1.0,1.0,0.08715574274765818,-0.003805301908254529,-2.104654818683916e-16,-0.0038053019082545138,0.9999999999999999,0.912844257252342,1.087155742747658,0.08715574274765796,True,,2.104654818683916e-16,-0.0038053019082545138,,,,,,,0,0,1,86,,6.0556640625e-11,-0.00839807571601849,-0.8175888886362344,3.2972025479901705,3.2703555545449374,2.9569801506190814,D_1x_recoverable,C_3x,False,True,True,False,False,,,burn_a_end_or_pre_burn_state_missing
phase27,phase27_adaptive_sync_corridor,r0=1.02|angle=175|thrust=8000|target=1,dead_geometry,no_window,0.0,1.02,175.0,8000.0,1.0,1.02,0.08629704453790087,-0.013620267358068197,0.019607843137254777,0.006107327294770394,1.0199999999999998,0.9311011423973901,1.1088988576026098,0.0871557427476567,True,,0.019607843137254777,0.006107327294770394,,,,,,,0,0,,,,,,,,,9.086850509347325,D_1x_recoverable,outside_3x,False,False,False,False,False,,,burn_a_end_or_pre_burn_state_missing;sync_error_missing_without_crossing
phase27,phase27_adaptive_sync_corridor,r0=1.05|angle=175|thrust=8000|target=1,dead_geometry,no_window,0.0,1.05,175.0,8000.0,1.0,1.05,0.0850552957053232,-0.02781352146132346,0.04761904761904765,0.020795802465610375,1.05,0.9584864701149592,1.141513529885041,0.08715574274765797,True,,0.04761904761904765,0.020795802465610375,,,,,,,0,0,,,,,,,,,20.446890754374035,D_1x_recoverable,outside_3x,False,False,False,False,False,,,burn_a_end_or_pre_burn_state_missing;sync_error_missing_without_crossing
phase27,phase27_adaptive_sync_corridor,r0=0.98|angle=150|thrust=10000|target=1,window_no_crossing,dead_window_no_crossing,0.0,0.98,150.0,10000.0,1.0,0.98,0.5050762722761052,-0.12518223472029347,-0.020408163265306076,-0.1426785900258876,0.9800000000000001,0.49000000000000005,1.4700000000000002,0.5000000000000001,True,705902.4201763618,0.020408163265306076,-0.1426785900258876,-0.01999946891827474,0.4928335804732481,0.28351110033878657,0.8494704621631978,0.2578415599813004,pre_burn_state_json,1,1,705902,,,,,,,,7.9985487214762205,D_1x_recoverable,outside_3x,False,False,False,False,False,,,sync_error_missing_without_crossing
phase27,phase27_adaptive_sync_corridor,r0=1|angle=150|thrust=10000|target=1,crossing_bad_sync,no_window,8.585865689396837,1.0,150.0,10000.0,1.0,1.0,0.4999999999999998,-0.1339745962155612,0.0,-0.13397459621556124,1.0,0.5,1.5,0.5,True,,0.0,-0.13397459621556124,,,,,,,0,0,0,413,,7.30203125e-11,-0.0014919024394221608,-0.9570671553015822,3.828995307954149,3.8282686212063286,2.758531474618212,D_1x_recoverable,C_3x,False,True,True,False,False,,,burn_a_end_or_pre_burn_state_missing
phase27,phase27_adaptive_sync_corridor,r0=1.02|angle=150|thrust=10000|target=1,dead_geometry,no_window,0.0,1.02,150.0,10000.0,1.0,1.02,0.49507377148833703,-0.14250707428745554,0.01960784313725499,-0.12535721577320472,1.0200000000000002,0.5100000000000002,1.53,0.49999999999999983,True,,0.01960784313725499,-0.12535721577320472,,,,,,,0,0,,,,,,,,,25.53942098359567,D_1x_recoverable,outside_3x,False,False,False,False,False,,,burn_a_end_or_pre_burn_state_missing;sync_error_missing_without_crossing
phase27,phase27_adaptive_sync_corridor,r0=1.05|angle=150|thrust=10000|target=1,dead_geometry,no_window,0.0,1.05,150.0,10000.0,1.0,1.05,0.4879500364742664,-0.1548457452714833,0.04761904761904765,-0.11258803253505753,1.05,0.525,1.5750000000000002,0.5000000000000001,True,,0.04761904761904765,-0.11258803253505753,,,,,,,0,0,,,,,,,,,30.891819060499373,D_1x_recoverable,outside_3x,False,False,False,False,False,,,burn_a_end_or_pre_burn_state_missing;sync_error_missing_without_crossing
phase27,phase27_adaptive_sync_corridor,r0=0.98|angle=165|thrust=10000|target=1,window_no_crossing,dead_window_no_crossing,0.0,0.98,165.0,10000.0,1.0,0.98,0.26144671698888494,-0.02426756872540107,-0.020408163265306076,-0.04378221735089306,0.9800000000000001,0.7263573357995292,1.2336426642004712,0.25881904510252135,True,1363698.7569766094,0.020408163265306076,-0.04378221735089306,-0.019999725092979037,0.2551077222901433,0.38456103734047686,0.9412734620470542,0.35687019721921753,pre_burn_state_json,1,1,1363699,,,,,,,,7.999350507723437,D_1x_recoverable,outside_3x,False,False,False,False,False,,,sync_error_missing_without_crossing
phase27,phase27_adaptive_sync_corridor,r0=1|angle=165|thrust=10000|target=1,crossing_bad_sync,no_window,8.601024110919587,1.0,165.0,10000.0,1.0,1.0,0.25881904510252096,-0.034074173710931834,-2.104654818683916e-16,-0.034074173710931875,0.9999999999999999,0.7411809548974788,1.2588190451025212,0.2588190451025212,True,,2.104654818683916e-16,-0.034074173710931875,,,,,,,0,0,0,243,,6.5148046875e-11,-0.0021129824297496515,-0.9494879445402064,3.79942093563033,3.7979517781608254,2.8017542840775818,D_1x_recoverable,C_3x,False,True,True,False,False,,,burn_a_end_or_pre_burn_state_missing
phase27,phase27_adaptive_sync_corridor,r0=1.02|angle=165|thrust=10000|target=1,dead_geometry,no_window,0.0,1.02,165.0,10000.0,1.0,1.02,0.25626904158383024,-0.04359091640216505,0.019607843137254777,-0.024462734730208335,1.0199999999999998,0.7560045739954291,1.2839954260045705,0.2588190451025204,True,,0.019607843137254777,-0.024462734730208335,,,,,,,0,0,,,,,,,,,14.953091824434882,D_1x_recoverable,outside_3x,False,False,False,False,False,,,burn_a_end_or_pre_burn_state_missing;sync_error_missing_without_crossing
phase27,phase27_adaptive_sync_corridor,r0=1.05|angle=165|thrust=10000|target=1,dead_geometry,no_window,0.0,1.05,165.0,10000.0,1.0,1.05,0.25258152499601993,-0.05735291566162611,0.04761904761904765,-0.010220561444707415,1.05,0.7782400026423528,1.3217599973576475,0.2588190451025212,True,,0.04761904761904765,-0.010220561444707415,,,,,,,0,0,,,,,,,,,23.56207068556549,D_1x_recoverable,outside_3x,False,False,False,False,False,,,burn_a_end_or_pre_burn_state_missing;sync_error_missing_without_crossing
phase27,phase27_adaptive_sync_corridor,r0=0.98|angle=170|thrust=10000|target=1,window_no_crossing,dead_window_no_crossing,0.0,0.98,170.0,10000.0,1.0,0.98,0.17541114852710393,-0.005193942399973061,-0.020408163265306496,-0.025090063551973553,0.9799999999999996,0.8098247858864084,1.150175214113591,0.17364817766693,True,2032565.0106456443,0.020408163265306496,-0.025090063551973553,-0.019999815558097916,0.17115808320313208,0.40366208394382785,0.9587463929105391,0.3755891011590561,pre_burn_state_json,1,1,1396121,,,,,,,,7.999631540372952,D_1x_recoverable,outside_3x,False,False,False,False,False,,,sync_error_missing_without_crossing
phase27,phase27_adaptive_sync_corridor,r0=1|angle=170|thrust=10000|target=1,crossing_bad_sync,no_window,6.769451209905615,1.0,170.0,10000.0,1.0,1.0,0.17364817766693022,-0.015192246987791968,-2.104654818683916e-16,-0.015192246987791962,0.9999999999999999,0.8263518223330696,1.1736481776669303,0.17364817766693036,True,,2.104654818683916e-16,-0.015192246987791962,,,,,,,0,0,0,3843,,5.782188541666666e-09,-0.1492219516037754,-0.7309675543558039,8.013550658069029,7.4610975801887705,2.7329392774020005,D_1x_recoverable,C_3x,False,True,True,False,False,,,burn_a_end_or_pre_burn_state_missing
phase27,phase27_adaptive_sync_corridor,r0=1.02|angle=170|thrust=10000|target=1,dead_geometry,no_window,0.0,1.02,170.0,10000.0,1.0,1.02,0.171937316459288,-0.02489502305058251,0.01960784313725499,-0.005392923511594131,1.0200000000000002,0.8428788587797316,1.1971211412202687,0.17364817766693,True,,0.01960784313725499,-0.005392923511594131,,,,,,,0,0,,,,,,,,,11.70170779288859,D_1x_recoverable,outside_3x,False,False,False,False,False,,,burn_a_end_or_pre_burn_state_missing;sync_error_missing_without_crossing
phase27,phase27_adaptive_sync_corridor,r0=1.05|angle=170|thrust=10000|target=1,dead_geometry,no_window,0.0,1.05,170.0,10000.0,1.0,1.05,0.16946326925253707,-0.03892604199510515,0.047619047619047436,0.009127655905139585,1.0499999999999998,0.867669413449723,1.2323305865502765,0.17364817766693028,True,,0.047619047619047436,0.009127655905139585,,,,,,,0,0,,,,,,,,,21.702524960613893,D_1x_recoverable,outside_3x,False,False,False,False,False,,,burn_a_end_or_pre_burn_state_missing;sync_error_missing_without_crossing
phase27,phase27_adaptive_sync_corridor,r0=0.98|angle=175|thrust=10000|target=1,window_no_crossing,dead_window_no_crossing,0.0,0.98,175.0,10000.0,1.0,0.98,0.08804059530888479,0.006308609146798016,-0.020408163265306287,-0.013817563036137981,0.9799999999999999,0.8945873721072939,1.0654126278927059,0.08715574274765918,True,4049660.9742639633,0.020408163265306287,-0.013817563036137981,-0.019999907426742056,0.08590614404718938,0.41518159495754253,0.9693026785416283,0.38687809406636253,pre_burn_state_json,1,1,1396171,,,,,,,,7.999916359405719,D_1x_recoverable,outside_3x,False,False,False,False,False,,,sync_error_missing_without_crossing
phase27,phase27_adaptive_sync_corridor,r0=1|angle=175|thrust=10000|target=1,near_recoverable_crossing,no_window,11.049168197997707,1.0,175.0,10000.0,1.0,1.0,0.08715574274765818,-0.003805301908254529,-2.104654818683916e-16,-0.0038053019082545138,0.9999999999999999,0.912844257252342,1.087155742747658,0.08715574274765796,True,,2.104654818683916e-16,-0.0038053019082545138,,,,,,,0,0,0,44,,5.35978515625e-10,-0.017960415068522723,-0.7254159010011462,3.037448426622083,2.9016636040045847,2.904398433002142,D_1x_recoverable,C_3x,False,True,True,False,False,,,burn_a_end_or_pre_burn_state_missing
phase27,phase27_adaptive_sync_corridor,r0=1.02|angle=175|thrust=10000|target=1,dead_geometry,no_window,0.0,1.02,175.0,10000.0,1.0,1.02,0.08629704453790087,-0.013620267358068197,0.019607843137254777,0.006107327294770394,1.0199999999999998,0.9311011423973901,1.1088988576026098,0.0871557427476567,True,,0.019607843137254777,0.006107327294770394,,,,,,,0,0,,,,,,,,,9.086941654372925,D_1x_recoverable,outside_3x,False,False,False,False,False,,,burn_a_end_or_pre_burn_state_missing;sync_error_missing_without_crossing
phase27,phase27_adaptive_sync_corridor,r0=1.05|angle=175|thrust=10000|target=1,dead_geometry,no_window,0.0,1.05,175.0,10000.0,1.0,1.05,0.0850552957053232,-0.02781352146132346,0.04761904761904765,0.020795802465610375,1.05,0.9584864701149592,1.141513529885041,0.08715574274765797,True,,0.04761904761904765,0.020795802465610375,,,,,,,0,0,,,,,,,,,20.446843289290705,D_1x_recoverable,outside_3x,False,False,False,False,False,,,burn_a_end_or_pre_burn_state_missing;sync_error_missing_without_crossing
phase27,phase27_adaptive_sync_corridor,r0=0.98|angle=150|thrust=12000|target=1,window_no_crossing,dead_window_no_crossing,0.0,0.98,150.0,12000.0,1.0,0.98,0.5050762722761052,-0.12518223472029347,-0.020408163265306076,-0.1426785900258876,0.9800000000000001,0.49000000000000005,1.4700000000000002,0.5000000000000001,True,705902.4201763618,0.020408163265306076,-0.1426785900258876,-0.01999947035152435,0.49041895876721375,0.36525087535983536,1.0636054842326585,0.3379465809556838,pre_burn_state_json,1,1,705902,,,,,,,,7.998560134922917,D_1x_recoverable,outside_3x,False,False,False,False,False,,,sync_error_missing_without_crossing
phase27,phase27_adaptive_sync_corridor,r0=1|angle=150|thrust=12000|target=1,near_recoverable_crossing,no_window,11.049441623000385,1.0,150.0,12000.0,1.0,1.0,0.4999999999999998,-0.1339745962155612,0.0,-0.13397459621556124,1.0,0.5,1.5,0.5,True,,0.0,-0.13397459621556124,,,,,,,0,0,0,114,,4.908390625e-10,-0.019133667779626447,-0.7252791884998071,3.0547866581952734,2.9011167539992284,2.7872261916056575,D_1x_recoverable,C_3x,False,True,True,False,False,,,burn_a_end_or_pre_burn_state_missing
phase27,phase27_adaptive_sync_corridor,r0=1.02|angle=150|thrust=12000|target=1,dead_geometry,no_window,0.0,1.02,150.0,12000.0,1.0,1.02,0.49507377148833703,-0.14250707428745554,0.01960784313725499,-0.12535721577320472,1.0200000000000002,0.5100000000000002,1.53,0.49999999999999983,True,,0.01960784313725499,-0.12535721577320472,,,,,,,0,0,,,,,,,,,25.457956413695403,D_1x_recoverable,outside_3x,False,False,False,False,False,,,burn_a_end_or_pre_burn_state_missing;sync_error_missing_without_crossing
phase27,phase27_adaptive_sync_corridor,r0=1.05|angle=150|thrust=12000|target=1,dead_geometry,no_window,0.0,1.05,150.0,12000.0,1.0,1.05,0.4879500364742664,-0.1548457452714833,0.04761904761904765,-0.11258803253505753,1.05,0.525,1.5750000000000002,0.5000000000000001,True,,0.04761904761904765,-0.11258803253505753,,,,,,,0,0,,,,,,,,,30.81113287234357,D_1x_recoverable,outside_3x,False,False,False,False,False,,,burn_a_end_or_pre_burn_state_missing;sync_error_missing_without_crossing
phase27,phase27_adaptive_sync_corridor,r0=0.98|angle=165|thrust=12000|target=1,window_no_crossing,dead_window_no_crossing,0.0,0.98,165.0,12000.0,1.0,0.98,0.26144671698888494,-0.02426756872540107,-0.020408163265306076,-0.04378221735089306,0.9800000000000001,0.7263573357995292,1.2336426642004712,0.25881904510252135,True,1363698.7569766094,0.020408163265306076,-0.04378221735089306,-0.019999725835098438,0.25385749662898655,0.46632708652092403,1.1737429976678926,0.437000946805927,pre_burn_state_json,1,1,1363699,,,,,,,,7.999355247394485,D_1x_recoverable,outside_3x,False,False,False,False,False,,,sync_error_missing_without_crossing
phase27,phase27_adaptive_sync_corridor,r0=1|angle=165|thrust=12000|target=1,crossing_bad_sync,no_window,8.697548451817747,1.0,165.0,12000.0,1.0,1.0,0.25881904510252096,-0.034074173710931834,-2.104654818683916e-16,-0.034074173710931875,0.9999999999999999,0.7411809548974788,1.2588190451025212,0.2588190451025212,True,,2.104654818683916e-16,-0.034074173710931875,,,,,,,0,0,0,105,,7.7303515625e-11,-0.0069845823583089784,-0.9012257740911267,3.621779577911722,3.604903096364507,2.776776976070846,D_1x_recoverable,C_3x,False,True,True,False,False,,,burn_a_end_or_pre_burn_state_missing
phase27,phase27_adaptive_sync_corridor,r0=1.02|angle=165|thrust=12000|target=1,dead_geometry,no_window,0.0,1.02,165.0,12000.0,1.0,1.02,0.25626904158383024,-0.04359091640216505,0.019607843137254777,-0.024462734730208335,1.0199999999999998,0.7560045739954291,1.2839954260045705,0.2588190451025204,True,,0.019607843137254777,-0.024462734730208335,,,,,,,0,0,,,,,,,,,14.945134983837804,D_1x_recoverable,outside_3x,False,False,False,False,False,,,burn_a_end_or_pre_burn_state_missing;sync_error_missing_without_crossing
phase27,phase27_adaptive_sync_corridor,r0=1.05|angle=165|thrust=12000|target=1,dead_geometry,no_window,0.0,1.05,165.0,12000.0,1.0,1.05,0.25258152499601993,-0.05735291566162611,0.04761904761904765,-0.010220561444707415,1.05,0.7782400026423528,1.3217599973576475,0.2588190451025212,True,,0.04761904761904765,-0.010220561444707415,,,,,,,0,0,,,,,,,,,23.561988596416803,D_1x_recoverable,outside_3x,False,False,False,False,False,,,burn_a_end_or_pre_burn_state_missing;sync_error_missing_without_crossing
phase27,phase27_adaptive_sync_corridor,r0=0.98|angle=170|thrust=12000|target=1,window_no_crossing,dead_window_no_crossing,0.0,0.98,170.0,12000.0,1.0,0.98,0.17541114852710393,-0.005193942399973061,-0.020408163265306496,-0.025090063551973553,0.9799999999999996,0.8098247858864084,1.150175214113591,0.17364817766693,True,2032565.0106456443,0.020408163265306496,-0.025090063551973553,-0.019999816056021746,0.17031926563540006,0.4854334503083941,1.1947052440680126,0.45572505453876455,pre_burn_state_json,1,1,2032565,,,,,,,,7.999634588447778,D_1x_recoverable,outside_3x,False,False,False,False,False,,,sync_error_missing_without_crossing
phase27,phase27_adaptive_sync_corridor,r0=1|angle=170|thrust=12000|target=1,near_recoverable_crossing,no_window,11.286554909529677,1.0,170.0,12000.0,1.0,1.0,0.17364817766693022,-0.015192246987791968,-2.104654818683916e-16,-0.015192246987791962,0.9999999999999999,0.8263518223330696,1.1736481776669303,0.17364817766693036,True,,2.104654818683916e-16,-0.015192246987791962,,,,,,,0,0,0,1010,,1.4031861979166667e-10,-0.007154283714171683,-0.6067225452351612,2.4531113690583384,2.426890180940645,2.448169600872736,D_1x_recoverable,C_3x,False,True,True,False,False,,,burn_a_end_or_pre_burn_state_missing
phase27,phase27_adaptive_sync_corridor,r0=1.02|angle=170|thrust=12000|target=1,dead_geometry,no_window,0.0,1.02,170.0,12000.0,1.0,1.02,0.171937316459288,-0.02489502305058251,0.01960784313725499,-0.005392923511594131,1.0200000000000002,0.8428788587797316,1.1971211412202687,0.17364817766693,True,,0.01960784313725499,-0.005392923511594131,,,,,,,0,0,,,,,,,,,11.701670996723127,D_1x_recoverable,outside_3x,False,False,False,False,False,,,burn_a_end_or_pre_burn_state_missing;sync_error_missing_without_crossing
phase27,phase27_adaptive_sync_corridor,r0=1.05|angle=170|thrust=12000|target=1,dead_geometry,no_window,0.0,1.05,170.0,12000.0,1.0,1.05,0.16946326925253707,-0.03892604199510515,0.047619047619047436,0.009127655905139585,1.0499999999999998,0.867669413449723,1.2323305865502765,0.17364817766693028,True,,0.047619047619047436,0.009127655905139585,,,,,,,0,0,,,,,,,,,21.702513343785302,D_1x_recoverable,outside_3x,False,False,False,False,False,,,burn_a_end_or_pre_burn_state_missing;sync_error_missing_without_crossing
phase27,phase27_adaptive_sync_corridor,r0=0.98|angle=175|thrust=12000|target=1,window_no_crossing,dead_window_no_crossing,0.0,0.98,175.0,12000.0,1.0,0.98,0.08804059530888479,0.006308609146798016,-0.020408163265306287,-0.013817563036137981,0.9799999999999999,0.8945873721072939,1.0654126278927059,0.08715574274765918,True,4049660.9742639633,0.020408163265306287,-0.013817563036137981,-0.019999907676642448,0.08548518143904044,0.4969562427609291,1.2073695747161735,0.46701725610973716,pre_burn_state_json,1,1,4049661,,,,,,,,7.999917844363383,D_1x_recoverable,outside_3x,False,False,False,False,False,,,sync_error_missing_without_crossing
phase27,phase27_adaptive_sync_corridor,r0=1|angle=175|thrust=12000|target=1,near_recoverable_crossing,no_window,11.272236476745245,1.0,175.0,12000.0,1.0,1.0,0.08715574274765818,-0.003805301908254529,-2.104654818683916e-16,-0.0038053019082545138,0.9999999999999999,0.912844257252342,1.087155742747658,0.08715574274765796,True,,2.104654818683916e-16,-0.0038053019082545138,,,,,,,0,0,0,43,,6.876559895833333e-10,-0.016145189110617915,-0.6138817616273774,2.584817383236934,2.4555270465095096,2.5842628567746577,D_1x_recoverable,C_3x,False,True,True,False,False,,,burn_a_end_or_pre_burn_state_missing
phase27,phase27_adaptive_sync_corridor,r0=1.02|angle=175|thrust=12000|target=1,dead_geometry,no_window,0.0,1.02,175.0,12000.0,1.0,1.02,0.08629704453790087,-0.013620267358068197,0.019607843137254777,0.006107327294770394,1.0199999999999998,0.9311011423973901,1.1088988576026098,0.0871557427476567,True,,0.019607843137254777,0.006107327294770394,,,,,,,0,0,,,,,,,,,9.08684706703187,D_1x_recoverable,outside_3x,False,False,False,False,False,,,burn_a_end_or_pre_burn_state_missing;sync_error_missing_without_crossing
phase27,phase27_adaptive_sync_corridor,r0=1.05|angle=175|thrust=12000|target=1,dead_geometry,no_window,0.0,1.05,175.0,12000.0,1.0,1.05,0.0850552957053232,-0.02781352146132346,0.04761904761904765,0.020795802465610375,1.05,0.9584864701149592,1.141513529885041,0.08715574274765797,True,,0.04761904761904765,0.020795802465610375,,,,,,,0,0,,,,,,,,,20.446833376035027,D_1x_recoverable,outside_3x,False,False,False,False,False,,,burn_a_end_or_pre_burn_state_missing;sync_error_missing_without_crossing
