controller_name,r0_over_target,initial_velocity_angle_deg,thrust_scale,target_radius_scale,success,capture_entered,lock_entered,crossing_occurs,crossing_vr,crossing_vt_error,crossing_vr_ratio,crossing_vt_error_ratio,crossing_radius_error,crossing_radius_error_ratio,sync_error_at_crossing,min_distance_to_recoverable,recoverable_crossing,near_recoverable_crossing,family_label,window_quality_label,family_quality_score,crossing_score,recoverability_score,near_miss,radius_crossings_total,first_crossing_step,minimum_abs_radius_error,final_radius_error,tail_mean_abs_vr,steps,terminated,truncated,termination_reason,dominant_transfer_stage,transfer_stage_counts_json,intercept_classification_counts_json,initial_energy_error_ratio,final_energy_error_ratio,initial_angular_momentum_error_ratio,final_angular_momentum_error_ratio,mean_energy_error_ratio,mean_angular_momentum_error_ratio,max_speed_ratio,overspeed,instability,turning_point_count,burn_a_steps,burn_b_steps,coast_arc_steps,safe_coast_steps,burn_a_count,burn_b_count,insertion_attempts,insertion_windows,successful_insertion_windows,good_windows,dead_windows,handoff_ready_count,handoff_entered,handoff_rate,predicted_crossing_step,burn_a_strategy,burn_a_end_step,burn_a_end_radius_ratio,burn_a_end_r_error_ratio,burn_a_end_vr_ratio,burn_a_end_vt_error_ratio,burn_a_end_energy_error_ratio,burn_a_end_angular_momentum_error_ratio,burn_a_end_eccentricity_proxy,burn_a_end_periapsis_ratio,burn_a_end_apoapsis_ratio,burn_a_end_orbit_crosses_target,burn_a_end_predicted_crossing_step,phase28_reference_family_label,phase28_reference_window_quality
phase29_baseline_phase22_burn_a,0.98,150.0,8000.0,1.0,False,False,False,False,,,,,,,,,False,False,window_no_crossing,dead_window_no_crossing,0.0,,,False,0,,149552684346.02148,149552684346.02148,44.324188967479536,100000,False,True,max_steps,phase76_handoff,"{""burn_a"": 18, ""burn_b"": 46, ""coast_arc"": 1, ""phase76_handoff"": 99935}","{""insertion_window"": 99637, ""no_intercept_possible"": 363}",0.020408163265306076,1.0222626531660615,-0.1426785900258876,-0.8676919986097228,1.0227987570251573,0.9993550945117833,1.2998219393460562,False,False,0,18,46,1,0,1,1,1,1,1,0,1,0,True,0.0,705902,baseline_phase22_burn_a,18,0.9800004769559255,-0.01999952304407448,0.49579972402077377,0.18360751399154399,0.6059287802295499,0.15993592824033054,0.6854169113465116,0.7982899356028477,4.276934794498014,True,719093,dead_geometry,no_window
phase29_baseline_phase22_burn_a,1.0,150.0,8000.0,1.0,True,True,True,True,-25.192574395203952,-3281.9890635371144,-0.005988015668111895,-0.7800950243010297,-1460.0703125,1.9467604166666666e-10,3.120380097204119,3.134710956393185,False,False,crossing_bad_sync,no_window,8.93980995139794,0.6312616384372342,0.022897899677950195,False,1,631,473.6396484375,1334.857421875,19.644712995676638,852,True,False,success,phase76_handoff,"{""phase76_handoff"": 631}","{""handoff_ready"": 216, ""insertion_window"": 382, ""intercept_possible_poor_alignment"": 254}",0.0,3.55947010158653e-10,-0.13397459621556124,-1.7797318008717732e-10,0.730935153977333,0.7067683357255949,1.0000000000000073,False,False,0,0,0,0,0,1,0,0,0,0,0,0,631,True,0.7406103286384976,0,baseline_phase22_burn_a,,,,,,,,,,,,,crossing_bad_sync,no_window
phase29_baseline_phase22_burn_a,1.02,150.0,8000.0,1.0,False,False,False,False,,,,,,,,,False,False,dead_geometry,no_window,0.0,,,False,0,,150000208058.7246,170343025558.44434,2026.6388578588494,100000,False,True,max_steps,coast_arc,"{""burn_a"": 18, ""coast_arc"": 99982}","{""intercept_possible_poor_alignment"": 100000}",0.01960784313725499,0.44365947118547316,-0.12535721577320472,-0.4588594855455239,0.44361905538495505,0.4588278026998162,0.9741850063012878,False,False,0,18,0,99982,0,1,0,0,0,0,0,0,0,False,0.0,,baseline_phase22_burn_a,18,1.0200004675100474,0.020000467510047266,0.48598018772498364,-0.4513055010587962,-0.4235410189842285,-0.4403313545597811,0.7443827513935656,0.17956437166020744,1.2253828503222721,True,,dead_geometry,no_window
phase29_baseline_phase22_burn_a,1.05,150.0,8000.0,1.0,False,False,False,False,,,,,,,,,False,False,dead_geometry,no_window,0.0,,,False,0,,375000204948.18164,394624067795.2461,1952.6134973316935,100000,False,True,max_steps,coast_arc,"{""burn_a"": 24, ""coast_arc"": 99976}","{""intercept_possible_poor_alignment"": 100000}",0.04761904761904765,0.6518721252678656,-0.11258803253505753,-0.8091753282905207,0.6518032612188849,0.809088254310838,0.9516473510587419,False,False,0,24,0,99976,0,1,0,0,0,0,0,0,0,False,0.0,,baseline_phase22_burn_a,24,1.0500006171729654,0.05000061717296536,0.46967137828890315,-0.7906194526914015,-0.6403293679993707,-0.7801502961019586,0.9595397318422709,0.02466594145484109,1.194601383155278,True,,dead_geometry,no_window
phase29_baseline_phase22_burn_a,0.98,165.0,8000.0,1.0,False,False,False,False,,,,,,,,,False,False,window_no_crossing,dead_window_no_crossing,0.0,,,False,0,,149554963635.83203,149554963635.83203,44.324188966992175,100000,False,True,max_steps,phase76_handoff,"{""burn_a"": 18, ""burn_b"": 46, ""coast_arc"": 1, ""phase76_handoff"": 99935}","{""insertion_window"": 99637, ""no_intercept_possible"": 363}",0.020408163265306076,1.0222632858503917,-0.04378221735089306,-0.8676920391849806,1.0228091285678254,0.9993657265564457,1.3277791329177384,False,False,0,18,46,1,0,1,1,1,1,1,0,1,0,True,0.0,1363699,baseline_phase22_burn_a,18,0.9800002468898223,-0.019999753110177605,0.2566434845518192,0.28462494947249095,0.6753113265789297,0.2589327676438668,0.6967044698229179,0.9341118277438504,5.225634919585132,True,1389204,dead_geometry,no_window
phase29_baseline_phase22_burn_a,1.0,165.0,8000.0,1.0,True,True,True,True,-88.06929902399378,-3143.494158607936,-0.020933166025926386,-0.7471762106990555,-2645.9189453125,3.5278919270833335e-10,2.988704842796222,3.1666781075799455,False,True,near_recoverable_crossing,no_window,11.00564757860189,0.6228607681431453,0.021398883100412866,False,1,182,2175.0126953125,2201.5400390625,24.039640678408468,403,True,False,success,phase76_handoff,"{""phase76_handoff"": 182}","{""handoff_ready"": 216, ""insertion_window"": 109, ""intercept_possible_poor_alignment"": 78}",2.104654818683916e-16,5.870625232460438e-10,-0.034074173710931875,-2.935310709686659e-10,0.4505343981162966,0.4324346135808888,1.0000000000000073,False,False,0,0,0,0,0,1,0,0,0,0,0,0,182,True,0.45161290322580644,1,baseline_phase22_burn_a,,,,,,,,,,,,,near_recoverable_crossing,no_window
phase29_baseline_phase22_burn_a,1.02,165.0,8000.0,1.0,False,False,False,False,,,,,,,,,False,False,dead_geometry,no_window,0.0,,,False,0,,150000107699.07715,160504502316.9912,1044.0342145911768,100000,False,True,max_steps,coast_arc,"{""burn_a"": 18, ""coast_arc"": 99982}","{""intercept_possible_poor_alignment"": 100000}",0.019607843137254777,0.5015665861185644,-0.024462734730208335,-0.3580700078271545,0.5015206672753344,0.3580383150899955,0.9725342061045669,False,False,0,18,0,99982,0,1,0,0,0,0,0,0,0,False,0.0,,baseline_phase22_burn_a,18,1.0200002420002223,0.020000242000222396,0.2515603009451782,-0.35248661412242427,-0.478227678617212,-0.3395361897064895,0.5959686992420059,0.273321428493302,1.0796501258418683,True,,dead_geometry,no_window
phase29_baseline_phase22_burn_a,1.05,165.0,8000.0,1.0,False,False,False,False,,,,,,,,,False,False,dead_geometry,no_window,0.0,,,False,0,,375000106088.9248,385113246594.83887,1001.998143845107,100000,False,True,max_steps,coast_arc,"{""burn_a"": 24, ""coast_arc"": 99976}","{""intercept_possible_poor_alignment"": 100000}",0.04761904761904765,0.7679929840763221,-0.010220561444707415,-0.7070169013260886,0.7679095772321304,0.7069298016036287,0.9491073110340807,False,False,0,24,0,99976,0,1,0,0,0,0,0,0,0,False,0.0,,baseline_phase22_burn_a,24,1.0500003194701832,0.050000319470183206,0.24311675008035075,-0.6933177526941889,-0.7516015702421596,-0.6779835423530648,0.9046371524395213,0.05444323023031711,1.087368945539484,True,,dead_geometry,no_window
phase29_baseline_phase22_burn_a,0.98,170.0,8000.0,1.0,False,False,False,False,,,,,,,,,False,False,window_no_crossing,dead_window_no_crossing,0.0,,,False,0,,149555718428.92773,149555718428.92773,44.32418896683088,100000,False,True,max_steps,phase76_handoff,"{""burn_a"": 18, ""burn_b"": 46, ""coast_arc"": 1, ""phase76_handoff"": 99935}","{""insertion_window"": 99637, ""no_intercept_possible"": 363}",0.020408163265306496,1.0222634953656649,-0.025090063551973553,-0.8676920526217073,1.022811322831694,0.9993689067635908,1.3330339359186443,False,False,0,18,46,1,0,1,1,1,1,1,0,1,0,True,0.0,2032565,baseline_phase22_burn_a,18,0.9800001656444901,-0.019999834355509897,0.1721884583827116,0.30371940747471615,0.6885171770447284,0.27764523527915846,0.7011009169556716,0.9596005333727498,5.461299280698849,True,2070589,dead_geometry,no_window
phase29_baseline_phase22_burn_a,1.0,170.0,8000.0,1.0,True,True,True,True,-26.609700880474676,-3835.407376660934,-0.006324852049514541,-0.911636861908399,-2190.5517578125,2.920735677083333e-10,3.646547447633596,3.6602346470497937,False,False,crossing_bad_sync,no_window,8.676726276183203,0.7368993122782103,0.029925929496057102,False,1,2307,470.41796875,2058.1533203125,20.503655353634183,2529,True,False,success,phase76_handoff,"{""phase76_handoff"": 2307}","{""handoff_ready"": 216, ""insertion_window"": 1096, ""intercept_possible_poor_alignment"": 1217}",2.104654818683916e-16,5.488264172930856e-10,-0.015192246987791962,-2.744130855547726e-10,0.8975993091151757,0.8706165037730679,1.0000000000000073,False,False,0,0,0,0,0,1,0,0,0,0,0,0,2307,True,0.9122182680901542,0,baseline_phase22_burn_a,,,,,,,,,,,,,crossing_bad_sync,no_window
phase29_baseline_phase22_burn_a,1.02,170.0,8000.0,1.0,False,False,False,False,,,,,,,,,False,False,dead_geometry,no_window,0.0,,,False,0,,150000072257.99902,157028239961.47754,696.6677659893638,100000,False,True,max_steps,coast_arc,"{""burn_a"": 18, ""coast_arc"": 99982}","{""intercept_possible_poor_alignment"": 100000}",0.01960784313725499,0.5124324209772779,-0.005392923511594131,-0.3390212365297166,0.5123854695101537,0.33898954181399565,0.9722241532219635,False,False,0,18,0,99982,0,1,0,0,0,0,0,0,0,False,0.0,,baseline_phase22_burn_a,18,1.0200001623638741,0.020000162363874217,0.1687778291827092,-0.333810189216919,-0.48848918199254104,-0.32048628483609887,0.5592018049645204,0.29613799036511135,1.0475063062785053,True,,dead_geometry,no_window
phase29_baseline_phase22_burn_a,1.05,170.0,8000.0,1.0,False,False,False,False,,,,,,,,,False,False,dead_geometry,no_window,0.0,,,False,0,,375000071177.7051,381754068109.56836,666.18989069654,100000,False,True,max_steps,coast_arc,"{""burn_a"": 24, ""coast_arc"": 99976}","{""intercept_possible_poor_alignment"": 100000}",0.047619047619047436,0.7897863012180721,0.009127655905139585,-0.6877105828689392,0.7897001681552682,0.6876236605485023,0.9486299106362504,False,False,0,24,0,99976,0,1,0,0,0,0,0,0,0,False,0.0,,baseline_phase22_burn_a,24,1.0500002143401874,0.0500002143401875,0.16311254864183605,-0.6749291744019263,-0.7724847707567988,-0.6586755634462812,0.8907869114807685,0.061615812062859564,1.066743671187346,True,,dead_geometry,no_window
phase29_baseline_phase22_burn_a,0.98,175.0,8000.0,1.0,False,False,False,False,,,,,,,,,False,False,window_no_crossing,dead_window_no_crossing,0.0,,,False,0,,149556449828.98145,149556449828.98145,44.324188966674576,100000,False,True,max_steps,phase76_handoff,"{""burn_a"": 18, ""burn_b"": 46, ""coast_arc"": 1, ""phase76_handoff"": 99935}","{""insertion_window"": 99637, ""no_intercept_possible"": 363}",0.020408163265306287,1.0222636983875386,-0.013817563036137981,-0.8676920656419702,1.0228119930731487,0.9993706476913755,1.3361986501889813,False,False,0,18,46,1,0,1,1,1,1,1,0,1,0,True,0.0,2807960,baseline_phase22_burn_a,18,0.9800000831386255,-0.019999916861374478,0.08642321338853395,0.3152348424681606,0.6964955092573515,0.2889302549656146,0.7041132611213288,0.9749006947299615,5.6147876328008035,True,4125432,dead_geometry,no_window
phase29_baseline_phase22_burn_a,1.0,175.0,8000.0,1.0,True,True,True,True,-35.33209647045934,-3439.731965189568,-0.00839807571601849,-0.8175888886362344,-454.1748046875,6.0556640625e-11,3.2703555545449374,3.2972025479901705,False,False,crossing_bad_sync,no_window,8.86482222272753,0.6641488018287663,0.02482508985438676,False,1,86,265.2685546875,277.490234375,8.86631054729974,307,True,False,success,phase76_handoff,"{""phase76_handoff"": 86}","{""handoff_ready"": 215, ""insertion_window"": 52, ""intercept_possible_poor_alignment"": 40}",2.104654818683916e-16,7.398261572089514e-11,-0.0038053019082545138,-3.6991364129378737e-11,0.2861142806458803,0.2677516417374583,1.0000000000000073,False,False,0,0,0,0,0,1,0,0,0,0,0,0,86,True,0.28013029315960913,1,baseline_phase22_burn_a,,,,,,,,,,,,,crossing_bad_sync,no_window
phase29_baseline_phase22_burn_a,1.02,175.0,8000.0,1.0,False,False,False,False,,,,,,,,,False,False,dead_geometry,no_window,0.0,,,False,0,,150000036266.99902,153496951935.50977,343.6989150753124,100000,False,True,max_steps,coast_arc,"{""burn_a"": 18, ""coast_arc"": 99982}","{""intercept_possible_poor_alignment"": 100000}",0.019607843137254777,0.5189729724889153,0.006107327294770394,-0.32753377425067104,0.5189253994462651,0.327502200482083,0.9720374749698517,False,False,0,18,0,99982,0,1,0,0,0,0,0,0,0,False,0.0,,baseline_phase22_burn_a,18,1.0200000814919532,0.020000081491953123,0.08471107791621893,-0.32254724938436546,-0.49466596103204363,-0.3089981391651051,0.5350902339437289,0.31104593145030085,1.0270456904523155,True,,dead_geometry,no_window
phase29_baseline_phase22_burn_a,1.05,175.0,8000.0,1.0,False,False,False,False,,,,,,,,,False,False,dead_geometry,no_window,0.0,,,False,0,,375000035724.7881,378342332637.4072,325.08467696479426,100000,False,True,max_steps,coast_arc,"{""burn_a"": 24, ""coast_arc"": 99976}","{""intercept_possible_poor_alignment"": 100000}",0.04761904761904765,0.8029052688622864,0.020795802465610375,-0.6760679156965376,0.8028174946721713,0.6759812236145738,0.9483424233034455,False,False,0,24,0,99976,0,1,0,0,0,0,0,0,0,False,0.0,,baseline_phase22_burn_a,24,1.0500001075792307,0.050000107579230596,0.08186739242209277,-0.6638399339499458,-0.7850558496580884,-0.6470318944836019,0.8818198051863361,0.0662053205989607,1.0542078028240864,True,,dead_geometry,no_window
phase29_baseline_phase22_burn_a,0.98,150.0,10000.0,1.0,False,False,False,False,,,,,,,,,False,False,window_no_crossing,dead_window_no_crossing,0.0,,,False,0,,149442263957.71777,149442263957.71777,55.396047662963205,100000,False,True,max_steps,phase76_handoff,"{""burn_a"": 18, ""burn_b"": 46, ""coast_arc"": 1, ""phase76_handoff"": 99935}","{""insertion_window"": 99526, ""intercept_possible_poor_alignment"": 13, ""no_intercept_possible"": 461}",0.020408163265306076,1.013284738945768,-0.1426785900258876,-0.837969704275357,1.0130375221748993,0.9993636561500027,1.374876627303795,False,False,0,18,46,1,0,1,1,1,1,1,0,1,0,True,0.0,705902,baseline_phase22_burn_a,18,0.9800004757901977,-0.019999524209802343,0.49350582230563467,0.2608058137839166,0.7923639610065297,0.2355902973872855,0.8264414737640089,0.8358786224073995,8.796360605884257,True,722435,dead_geometry,no_window
phase29_baseline_phase22_burn_a,1.0,150.0,10000.0,1.0,True,True,True,True,-6.276680836972505,-4026.540150778171,-0.0014919024394221608,-0.9570671553015822,-547.65234375,7.30203125e-11,3.8282686212063286,3.828995307954149,False,False,crossing_bad_sync,no_window,8.585865689396837,0.7674440072415927,0.02644763969103196,False,1,413,80.015625,399.2158203125,22.040497429913927,630,True,False,success,phase76_handoff,"{""phase76_handoff"": 413}","{""handoff_ready"": 211, ""insertion_window"": 251, ""intercept_possible_poor_alignment"": 168}",0.0,1.0644565350620334e-10,-0.13397459621556124,-5.3222465417905946e-11,0.6430051106494269,0.6187930017814905,1.000000000000006,False,False,0,0,0,0,0,1,0,0,0,0,0,0,413,True,0.6555555555555556,0,baseline_phase22_burn_a,,,,,,,,,,,,,crossing_bad_sync,no_window
phase29_baseline_phase22_burn_a,1.02,150.0,10000.0,1.0,False,False,False,False,,,,,,,,,False,False,dead_geometry,no_window,0.0,,,False,0,,150000208001.97266,170233753030.82324,2014.8353784766816,100000,False,True,max_steps,coast_arc,"{""burn_a"": 18, ""coast_arc"": 99982}","{""intercept_possible_poor_alignment"": 100000}",0.01960784313725499,0.5260135675057651,-0.12535721577320472,-0.5422358781238094,0.5259671295358843,0.5421962744625494,0.970206527515042,False,False,0,18,0,99982,0,1,0,0,0,0,0,0,0,False,0.0,,baseline_phase22_burn_a,18,1.0200004663673365,0.020000466367336458,0.4837315268356118,-0.5285057293534758,-0.5044803799032418,-0.5190756240510184,0.807484586649092,0.12796139844860546,1.2014012351329815,True,,dead_geometry,no_window
phase29_baseline_phase22_burn_a,1.05,150.0,10000.0,1.0,False,False,False,False,,,,,,,,,False,False,dead_geometry,no_window,0.0,,,False,0,,375000204863.0635,394424709804.75195,1932.326912783091,100000,False,True,max_steps,coast_arc,"{""burn_a"": 24, ""coast_arc"": 99976}","{""intercept_possible_poor_alignment"": 100000}",0.04761904761904765,0.688989201875164,-0.11258803253505753,-0.9833255016508394,0.6889255822599637,0.9832166586220563,0.945613346805704,False,False,0,24,0,99976,0,1,0,0,0,0,0,0,0,False,0.0,,baseline_phase22_burn_a,24,1.0500006141249643,0.05000061412496419,0.46520514803724156,-0.9495656869450031,-0.6858013410099834,-0.9470439403192827,0.9976334159855768,0.0014038332731454437,1.184975576534286,True,,dead_geometry,no_window
phase29_baseline_phase22_burn_a,0.98,165.0,10000.0,1.0,False,False,False,False,,,,,,,,,False,False,window_no_crossing,dead_window_no_crossing,0.0,,,False,0,,149444479412.73145,149444479412.73145,55.39604766297371,100000,False,True,max_steps,phase76_handoff,"{""burn_a"": 18, ""burn_b"": 46, ""coast_arc"": 1, ""phase76_handoff"": 99935}","{""insertion_window"": 99526, ""intercept_possible_poor_alignment"": 13, ""no_intercept_possible"": 461}",0.020408163265306076,1.013285353779102,-0.04378221735089306,-0.8379697524596642,1.0130508264100728,0.9993764070267007,1.407866913416998,False,False,0,18,46,1,0,1,1,1,1,1,0,1,0,True,0.0,1363699,baseline_phase22_burn_a,18,0.9800002462862174,-0.019999753713782552,0.25545574554140393,0.36184834436647384,0.8790727373356647,0.3346117128836218,0.8857797466504785,0.9445368300990087,15.594330882068713,True,1395663,dead_geometry,no_window
phase29_baseline_phase22_burn_a,1.0,165.0,10000.0,1.0,True,True,True,True,-8.88966729674766,-3994.6531548940916,-0.0021129824297496515,-0.9494879445402064,-488.6103515625,6.5148046875e-11,3.7979517781608254,3.79942093563033,False,False,crossing_bad_sync,no_window,8.601024110919587,0.7621259346130128,0.026098185272395925,False,1,243,206.97265625,277.3115234375,17.30631244279581,460,True,False,success,phase76_handoff,"{""phase76_handoff"": 243}","{""handoff_ready"": 211, ""insertion_window"": 148, ""intercept_possible_poor_alignment"": 101}",2.104654818683916e-16,7.393778657325719e-11,-0.034074173710931875,-3.6968672685193056e-11,0.5219687416576904,0.504706529929417,1.0000000000000058,False,False,0,0,0,0,0,1,0,0,0,0,0,0,243,True,0.5282608695652173,0,baseline_phase22_burn_a,,,,,,,,,,,,,near_recoverable_crossing,no_window
phase29_baseline_phase22_burn_a,1.02,165.0,10000.0,1.0,False,False,False,False,,,,,,,,,False,False,dead_geometry,no_window,0.0,,,False,0,,150000107669.6914,160441587470.6494,1036.6874215977075,100000,False,True,max_steps,coast_arc,"{""burn_a"": 18, ""coast_arc"": 99982}","{""intercept_possible_poor_alignment"": 100000}",0.019607843137254777,0.5984167021628569,-0.024462734730208335,-0.44147204670352974,0.5983633829346506,0.44143243075425637,0.9681341043581951,False,False,0,18,0,99982,0,1,0,0,0,0,0,0,0,False,0.0,,baseline_phase22_burn_a,18,1.0200002414085185,0.02000024140851849,0.25039592636652636,-0.4297106741274047,-0.5728558145117674,-0.41830474993725164,0.683954514909853,0.20093735368124074,1.0706350190354683,True,,dead_geometry,no_window
phase29_baseline_phase22_burn_a,1.05,165.0,10000.0,1.0,False,False,False,False,,,,,,,,,False,False,dead_geometry,no_window,0.0,,,False,0,,375000106044.8506,385004623547.50195,990.4416383030277,100000,False,True,max_steps,coast_arc,"{""burn_a"": 24, ""coast_arc"": 99976}","{""intercept_possible_poor_alignment"": 100000}",0.04761904761904765,0.8342172773759577,-0.010220561444707415,-0.8812168819651444,0.834135488220382,0.8811080071639357,0.9424168952861584,False,False,0,24,0,99976,0,1,0,0,0,0,0,0,0,False,0.0,,baseline_phase22_burn_a,24,1.050000317891939,0.050000317891938935,0.2408041701539587,-0.8523096741116817,-0.824962247362826,-0.844925110867702,0.9778102597753187,0.012159013292875935,1.0837540681366788,True,,dead_geometry,no_window
phase29_baseline_phase22_burn_a,0.98,170.0,10000.0,1.0,False,False,False,False,,,,,,,,,False,False,window_no_crossing,dead_window_no_crossing,0.0,,,False,0,,149445217226.0918,149445217226.0918,55.39604766297721,100000,False,True,max_steps,phase76_handoff,"{""burn_a"": 18, ""burn_b"": 46, ""coast_arc"": 1, ""phase76_handoff"": 99935}","{""insertion_window"": 99526, ""intercept_possible_poor_alignment"": 13, ""no_intercept_possible"": 461}",0.020408163265306496,1.013285558537213,-0.025090063551973553,-0.8379697685064305,1.013053077316785,0.9993795642760231,1.4140588231546323,False,False,0,18,46,1,0,1,1,1,1,1,0,1,0,True,0.0,1396797,baseline_phase22_burn_a,18,0.9800001652395002,-0.01999983476049987,0.1713915561188427,0.38094787923977064,0.8955761282605698,0.3533291498421126,0.8993040092575407,0.9643004905403889,18.188408240568684,True,2080217,dead_geometry,no_window
phase29_baseline_phase22_burn_a,1.0,170.0,10000.0,1.0,True,True,True,True,-627.8014830847948,-3075.3016548794985,-0.1492219516037754,-0.7309675543558039,-43366.4140625,5.782188541666666e-09,7.4610975801887705,8.013550658069029,False,False,crossing_bad_sync,no_window,6.769451209905615,0.7638403911913622,0.018126425876468198,False,1,3843,15013.0810546875,48971.787109375,233.64182222797018,4059,True,False,success,phase76_handoff,"{""phase76_handoff"": 3843}","{""handoff_ready"": 212, ""insertion_window"": 1791, ""intercept_possible_poor_alignment"": 2056}",2.104654818683916e-16,1.3059133116941239e-08,-0.015192246987791962,-6.529566633759087e-09,0.9258990373606751,0.919683014238784,1.000000000000005,False,False,0,0,0,0,0,1,0,0,0,0,0,0,3843,True,0.9467849223946785,0,baseline_phase22_burn_a,,,,,,,,,,,,,crossing_bad_sync,no_window
phase29_baseline_phase22_burn_a,1.02,170.0,10000.0,1.0,False,False,False,False,,,,,,,,,False,False,dead_geometry,no_window,0.0,,,False,0,,150000072238.28223,156982010040.14062,690.9551264900366,100000,False,True,max_steps,coast_arc,"{""burn_a"": 18, ""coast_arc"": 99982}","{""intercept_possible_poor_alignment"": 100000}",0.01960784313725499,0.6120028652346886,-0.005392923511594131,-0.42242841375953827,0.6119482547325864,0.422388795352401,0.9677447593910704,False,False,0,18,0,99982,0,1,0,0,0,0,0,0,0,False,0.0,,baseline_phase22_burn_a,18,1.020000161966854,0.020000161966853905,0.1679965545507877,-0.4110390281686279,-0.5856861336890828,-0.3992597133398449,0.6540210150499594,0.21818881908560564,1.043094834412089,True,,dead_geometry,no_window
phase29_baseline_phase22_burn_a,1.05,170.0,10000.0,1.0,False,False,False,False,,,,,,,,,False,False,dead_geometry,no_window,0.0,,,False,0,,375000071148.1328,381678095048.9453,657.8331856588024,100000,False,True,max_steps,coast_arc,"{""burn_a"": 24, ""coast_arc"": 99976}","{""intercept_possible_poor_alignment"": 100000}",0.047619047619047436,0.8614744017992496,0.009127655905139585,-0.8619205445269049,0.8613892022927113,0.8618118459216247,0.9418158667040529,False,False,0,24,0,99976,0,1,0,0,0,0,0,0,0,False,0.0,,baseline_phase22_burn_a,24,1.050000213281225,0.05000021328122487,0.16156086228970176,-0.8339302602238261,-0.8510804471641491,-0.8256267378154603,0.9714504536728349,0.015423179673743008,1.0650268910209129,True,,dead_geometry,no_window
phase29_baseline_phase22_burn_a,0.98,175.0,10000.0,1.0,False,False,False,False,,,,,,,,,False,False,window_no_crossing,dead_window_no_crossing,0.0,,,False,0,,149445934569.71094,149445934569.71094,55.39604766298058,100000,False,True,max_steps,phase76_handoff,"{""burn_a"": 18, ""burn_b"": 46, ""coast_arc"": 1, ""phase76_handoff"": 99935}","{""insertion_window"": 99526, ""intercept_possible_poor_alignment"": 13, ""no_intercept_possible"": 461}",0.020408163265306287,1.0132857576147019,-0.013817563036137981,-0.8379697841083087,1.0130540828126604,0.9993814379160177,1.4177865926601643,False,False,0,18,46,1,0,1,1,1,1,1,0,1,0,True,0.0,1396804,baseline_phase22_burn_a,18,0.9800000829353641,-0.019999917064635938,0.08602327355084481,0.39246644573117756,0.9055466522590407,0.36461723230126575,0.9078055116004169,0.976084920276503,20.19838954605001,True,4144612,dead_geometry,no_window
phase29_baseline_phase22_burn_a,1.0,175.0,10000.0,1.0,True,True,True,True,-75.56244302967407,-3051.944929061562,-0.017960415068522723,-0.7254159010011462,-4019.8388671875,5.35978515625e-10,2.9016636040045847,3.037448426622083,False,True,near_recoverable_crossing,no_window,11.049168197997707,0.6018852194191227,0.016617452634956786,False,1,44,1625.736328125,2204.3291015625,8.84814968539807,260,True,False,success,phase76_handoff,"{""phase76_handoff"": 44}","{""handoff_ready"": 212, ""insertion_window"": 27, ""intercept_possible_poor_alignment"": 21}",2.104654818683916e-16,5.878098861721584e-10,-0.0038053019082545138,-2.9390490934242894e-10,0.172384283833011,0.1599501633935743,1.0000000000000058,False,False,0,0,0,0,0,1,0,0,0,0,0,0,44,True,0.16923076923076924,0,baseline_phase22_burn_a,,,,,,,,,,,,,near_recoverable_crossing,no_window
phase29_baseline_phase22_burn_a,1.02,175.0,10000.0,1.0,False,False,False,False,,,,,,,,,False,False,dead_geometry,no_window,0.0,,,False,0,,150000036257.10254,153467813905.25684,339.6743835014483,100000,False,True,max_steps,coast_arc,"{""burn_a"": 18, ""coast_arc"": 99982}","{""intercept_possible_poor_alignment"": 100000}",0.019607843137254777,0.6201809395377146,0.006107327294770394,-0.4109440743069493,0.6201255517614975,0.41090457655646745,0.9675103243982137,False,False,0,18,0,99982,0,1,0,0,0,0,0,0,0,False,0.0,,baseline_phase22_burn_a,18,1.0200000812926666,0.020000081292666668,0.08431890547719831,-0.39977899663123384,-0.593409226747675,-0.38777452777029264,0.634632419330701,0.22929927512410278,1.0258710643135707,True,,dead_geometry,no_window
phase29_baseline_phase22_burn_a,1.05,175.0,10000.0,1.0,False,False,False,False,,,,,,,,,False,False,dead_geometry,no_window,0.0,,,False,0,,375000035709.94434,378299802772.33594,320.0328212813924,100000,False,True,max_steps,coast_arc,"{""burn_a"": 24, ""coast_arc"": 99976}","{""intercept_possible_poor_alignment"": 100000}",0.04761904761904765,0.8778826423135261,0.020795802465610375,-0.8502839455188016,0.8777953898093113,0.8501754764207773,0.9414538917187043,False,False,0,24,0,99976,0,1,0,0,0,0,0,0,0,False,0.0,,baseline_phase22_burn_a,24,1.0500001070476808,0.05000010704768073,0.08108851107850956,-0.822846599917642,-0.8668030367814509,-0.8139889109496635,0.9671651260828504,0.017588826067992665,1.0537614774156536,True,,dead_geometry,no_window
phase29_baseline_phase22_burn_a,0.98,150.0,12000.0,1.0,False,False,False,False,,,,,,,,,False,False,window_no_crossing,dead_window_no_crossing,0.0,,,False,0,,149331287989.1621,149331287989.1621,66.48041404848163,100000,False,True,max_steps,phase76_handoff,"{""burn_a"": 18, ""burn_b"": 46, ""coast_arc"": 1, ""phase76_handoff"": 99935}","{""insertion_window"": 99904, ""intercept_possible_poor_alignment"": 1, ""no_intercept_possible"": 95}",0.020408163265306076,0.9985335735282848,-0.1426785900258876,-1.200595424388594,1.0011406437244936,0.9993735237467325,1.4506621815840994,False,False,0,18,46,1,0,1,1,1,1,1,0,1,0,True,0.0,705902,baseline_phase22_burn_a,18,0.9800004746278483,-0.019999525372151692,0.49122190808937666,0.3380044104897493,0.9907394273420841,0.3112449573341087,0.9920069107026686,0.8631312114914491,215.10623417007633,True,725794,dead_geometry,no_window
phase29_baseline_phase22_burn_a,1.0,150.0,12000.0,1.0,True,True,True,True,-80.49851164523518,-3051.369756909111,-0.019133667779626447,-0.7252791884998071,-3681.29296875,4.908390625e-10,2.9011167539992284,3.0547866581952734,False,True,near_recoverable_crossing,no_window,11.049441623000385,0.6031837526262365,0.014364654403677601,False,3,114,148.345703125,755.0380859375,26.347138132160573,326,True,False,success,phase76_handoff,"{""phase76_handoff"": 114}","{""handoff_ready"": 209, ""insertion_window"": 68, ""intercept_possible_poor_alignment"": 49}",0.0,2.0133359507560395e-10,-0.13397459621556124,-1.0066672571051816e-10,0.34060435774997916,0.3252353379979766,1.0000000000000049,False,False,0,0,0,0,0,1,0,0,0,0,0,0,114,True,0.3496932515337423,0,baseline_phase22_burn_a,,,,,,,,,,,,,near_recoverable_crossing,no_window
phase29_baseline_phase22_burn_a,1.02,150.0,12000.0,1.0,False,False,False,False,,,,,,,,,False,False,dead_geometry,no_window,0.0,,,False,0,,150000207945.22168,170126484326.28125,2003.3783570709747,100000,False,True,max_steps,coast_arc,"{""burn_a"": 18, ""coast_arc"": 99982}","{""intercept_possible_poor_alignment"": 100000}",0.01960784313725499,0.5949826592357413,-0.12535721577320472,-0.6256125947607882,0.5949318710010427,0.6255650702431684,0.966233028349279,False,False,0,18,0,99982,0,1,0,0,0,0,0,0,0,False,0.0,,baseline_phase22_burn_a,18,1.0200004652279373,0.02000046522793737,0.48149265683080356,-0.6057062410538858,-0.5734806724749166,-0.5978201824384914,0.8634186094843946,0.086802077016159,1.184265331046893,True,,dead_geometry,no_window
phase29_baseline_phase22_burn_a,1.05,150.0,12000.0,1.0,False,False,False,False,,,,,,,,,False,False,dead_geometry,no_window,0.0,,,False,0,,375000204777.94336,394233377317.86523,1913.4274862819768,100000,False,True,max_steps,coast_arc,"{""burn_a"": 24, ""coast_arc"": 99976}","{""intercept_possible_poor_alignment"": 100000}",0.04761904761904765,0.671004746308642,-0.11258803253505753,-1.1574769648215892,0.6709554765172211,1.1573463525313261,0.9395914607338702,False,False,0,24,0,99976,0,1,0,0,0,0,0,0,0,False,0.0,,baseline_phase22_burn_a,24,1.0500006110953937,0.05000061109539362,0.460779548306913,-1.1085130529863896,-0.6806679213931279,-1.113938771947536,0.9890305837082886,0.006526819576956559,1.183476258688602,True,,dead_geometry,no_window
phase29_baseline_phase22_burn_a,0.98,165.0,12000.0,1.0,False,False,False,False,,,,,,,,,False,False,window_no_crossing,dead_window_no_crossing,0.0,,,False,0,,149333444925.51855,149333444925.51855,66.480414044586,100000,False,True,max_steps,phase76_handoff,"{""burn_a"": 18, ""burn_b"": 46, ""coast_arc"": 1, ""phase76_handoff"": 99935}","{""insertion_window"": 99904, ""intercept_possible_poor_alignment"": 1, ""no_intercept_possible"": 95}",0.020408163265306076,0.998534172786581,-0.04378221735089306,-1.2005953647286334,1.0011567135413484,0.9993878019806745,1.4881393694525158,False,False,0,18,46,1,0,1,1,1,1,1,0,1,0,True,0.0,1363699,baseline_phase22_burn_a,18,0.9800002456843638,-0.0199997543156362,0.254273184967324,0.43907181919228966,1.094766738485338,0.41029073636588825,,,,False,1402154,dead_geometry,no_window
phase29_baseline_phase22_burn_a,1.0,165.0,12000.0,1.0,True,True,True,True,-29.385295636110204,-3791.606204635221,-0.0069845823583089784,-0.9012257740911267,-579.7763671875,7.7303515625e-11,3.604903096364507,3.621779577911722,False,False,crossing_bad_sync,no_window,8.697548451817747,0.7293621181801756,0.02031839432766244,False,2,105,135.919921875,502.3330078125,21.192783332264064,318,True,False,success,phase76_handoff,"{""phase76_handoff"": 105}","{""handoff_ready"": 209, ""insertion_window"": 63, ""intercept_possible_poor_alignment"": 46}",2.104654818683916e-16,1.3396506758790487e-10,-0.034074173710931875,6.698273464708606e-11,0.3259054175294539,0.3132262829276735,1.0000000000000049,False,False,0,0,0,0,0,1,0,0,0,0,0,0,105,True,0.330188679245283,0,baseline_phase22_burn_a,,,,,,,,,,,,,crossing_bad_sync,no_window
phase29_baseline_phase22_burn_a,1.02,165.0,12000.0,1.0,False,False,False,False,,,,,,,,,False,False,dead_geometry,no_window,0.0,,,False,0,,150000107640.30566,160380456647.33496,1029.6655733346424,100000,False,True,max_steps,coast_arc,"{""burn_a"": 18, ""coast_arc"": 99982}","{""intercept_possible_poor_alignment"": 100000}",0.019607843137254777,0.681889445443471,-0.024462734730208335,-0.5248741722115695,0.6818303967699995,0.5248266330392679,0.9637353295947576,False,False,0,18,0,99982,0,1,0,0,0,0,0,0,0,False,0.0,,baseline_phase22_burn_a,18,1.0200002408185314,0.02000024081853125,0.24923662816547834,-0.5069348099548513,-0.6555516723375356,-0.4970733874147136,0.7623993334561142,0.14351751776397798,1.064539007089834,True,,dead_geometry,no_window
phase29_baseline_phase22_burn_a,1.05,165.0,12000.0,1.0,False,False,False,False,,,,,,,,,False,False,dead_geometry,no_window,0.0,,,False,0,,375000106000.7754,384903140850.61426,980.1854391913504,100000,False,True,max_steps,coast_arc,"{""burn_a"": 24, ""coast_arc"": 99976}","{""intercept_possible_poor_alignment"": 100000}",0.04761904761904765,0.8453702873813108,-0.010220561444707415,-1.055417207463039,0.8452991988716839,1.0552865575263188,0.9357297215169665,False,False,0,24,0,99976,0,1,0,0,0,0,0,0,0,False,0.0,,baseline_phase22_burn_a,24,1.05000031632325,0.05000031632325,0.23851265674960964,-1.011301898413173,-0.8477453105955539,-1.011866996908885,0.9998698865998006,7.041738894068149e-05,1.0823298401202355,True,,dead_geometry,no_window
phase29_baseline_phase22_burn_a,0.98,170.0,12000.0,1.0,False,False,False,False,,,,,,,,,False,False,window_no_crossing,dead_window_no_crossing,0.0,,,False,0,,149334166048.54395,149334166048.54395,66.48041404328342,100000,False,True,max_steps,phase76_handoff,"{""burn_a"": 18, ""burn_b"": 46, ""coast_arc"": 1, ""phase76_handoff"": 99935}","{""insertion_window"": 99904, ""intercept_possible_poor_alignment"": 1, ""no_intercept_possible"": 95}",0.020408163265306496,0.998534373135179,-0.025090063551973553,-1.2005953447826276,1.0011591848019867,0.9993908926068539,1.4951659464547258,False,False,0,18,46,1,0,1,1,1,1,1,0,1,0,True,0.0,2032565,baseline_phase22_burn_a,18,0.9800001648356859,-0.01999983516431419,0.17059813038699786,0.45817638711950265,1.1145661147784065,0.42901309973661744,,,,False,2089892,dead_geometry,no_window
phase29_baseline_phase22_burn_a,1.0,170.0,12000.0,1.0,True,True,True,True,-30.099257367256808,-2552.5823086070577,-0.007154283714171683,-0.6067225452351612,-1052.3896484375,1.4031861979166667e-10,2.426890180940645,2.4531113690583384,False,True,near_recoverable_crossing,no_window,11.286554909529677,0.49396317678545365,0.010598707260321274,False,6,1010,10.53125,67.607421875,14.814055285645287,1222,True,False,success,phase76_handoff,"{""phase76_handoff"": 1010}","{""handoff_ready"": 209, ""insertion_window"": 560, ""intercept_possible_poor_alignment"": 453}",2.104654818683916e-16,1.8038365054494238e-11,-0.015192246987791962,9.019278608507897e-12,0.7941505641062065,0.769303524146656,1.0000000000000049,False,False,0,0,0,0,0,1,0,0,0,0,0,0,1010,True,0.8265139116202946,0,baseline_phase22_burn_a,,,,,,,,,,,,,near_recoverable_crossing,no_window
phase29_baseline_phase22_burn_a,1.02,170.0,12000.0,1.0,False,False,False,False,,,,,,,,,False,False,dead_geometry,no_window,0.0,,,False,0,,150000072218.56543,156937486231.89258,685.5597949833151,100000,False,True,max_steps,coast_arc,"{""burn_a"": 18, ""coast_arc"": 99982}","{""intercept_possible_poor_alignment"": 100000}",0.01960784313725499,0.6981974715878331,-0.005392923511594131,-0.5058356298554714,0.6981368727963326,0.5057880877520339,0.963265962265492,False,False,0,18,0,99982,0,1,0,0,0,0,0,0,0,False,0.0,,baseline_phase22_burn_a,18,1.0200001615709862,0.020000161570986066,0.16721868800975698,-0.48826790116392177,-0.670952172532682,-0.4780331765061405,0.7380719083768554,0.15675379339322265,1.0401685559571938,True,,dead_geometry,no_window
phase29_baseline_phase22_burn_a,1.05,170.0,12000.0,1.0,False,False,False,False,,,,,,,,,False,False,dead_geometry,no_window,0.0,,,False,0,,375000071118.5596,381608948690.8535,650.7459705683316,100000,False,True,max_steps,coast_arc,"{""burn_a"": 24, ""coast_arc"": 99976}","{""intercept_possible_poor_alignment"": 100000}",0.047619047619047436,0.8780972997267489,0.009127655905139585,-1.0361306609375238,0.8780221157248826,1.0360001860219383,0.9350032816756486,False,False,0,24,0,99976,0,1,0,0,0,0,0,0,0,False,0.0,,baseline_phase22_burn_a,24,1.0500002122286762,0.0500002122286763,0.1600233206126968,-0.9929314820885049,-0.8791040926812727,-0.9925780546927881,0.9999482431804503,2.7543348849694395e-05,1.0643094498968104,True,,dead_geometry,no_window
phase29_baseline_phase22_burn_a,0.98,175.0,12000.0,1.0,False,False,False,False,,,,,,,,,False,False,window_no_crossing,dead_window_no_crossing,0.0,,,False,0,,149334875216.38672,149334875216.38672,66.48041404200266,100000,False,True,max_steps,phase76_handoff,"{""burn_a"": 18, ""burn_b"": 46, ""coast_arc"": 1, ""phase76_handoff"": 99935}","{""insertion_window"": 99904, ""intercept_possible_poor_alignment"": 1, ""no_intercept_possible"": 95}",0.020408163265306287,0.9985345701622997,-0.013817563036137981,-1.2005953251673396,1.0011601052029655,0.9993926896503248,1.4993951176966982,False,False,0,18,46,1,0,1,1,1,1,1,0,1,0,True,0.0,4049661,baseline_phase22_burn_a,18,0.9800000827326932,-0.01999991726730677,0.08562508084953349,0.4696980581883014,1.1265278824703169,0.440304218616614,,,,False,4163886,dead_geometry,no_window
phase29_baseline_phase22_burn_a,1.0,175.0,12000.0,1.0,True,True,True,True,-67.92548656141525,-2582.702318568411,-0.016145189110617915,-0.6138817616273774,-5157.419921875,6.876559895833333e-10,2.4555270465095096,2.584817383236934,False,True,near_recoverable_crossing,no_window,11.272236476745245,0.5104796369222995,0.010969941268989187,False,1,43,1216.3447265625,2626.7353515625,7.257112147984378,255,True,False,success,phase76_handoff,"{""phase76_handoff"": 43}","{""handoff_ready"": 209, ""insertion_window"": 26, ""intercept_possible_poor_alignment"": 20}",2.104654818683916e-16,7.004529062574584e-10,-0.0038053019082545138,-3.5022646825758274e-10,0.16585029829326867,0.15445766656619989,1.0000000000000049,False,False,0,0,0,0,0,1,0,0,0,0,0,0,43,True,0.16862745098039217,0,baseline_phase22_burn_a,,,,,,,,,,,,,near_recoverable_crossing,no_window
phase29_baseline_phase22_burn_a,1.02,175.0,12000.0,1.0,False,False,False,False,,,,,,,,,False,False,dead_geometry,no_window,0.0,,,False,0,,150000036247.20605,153440302747.25977,335.9593860876791,100000,False,True,max_steps,coast_arc,"{""burn_a"": 18, ""coast_arc"": 99982}","{""intercept_possible_poor_alignment"": 100000}",0.019607843137254777,0.7080140146639551,0.006107327294770394,-0.4943543840493252,0.7079524827799724,0.49430696231574167,0.9629833240498897,False,False,0,18,0,99982,0,1,0,0,0,0,0,0,0,False,0.0,,baseline_phase22_burn_a,18,1.0200000810939593,0.020000081093959374,0.08392844594425176,-0.47701075238282,-0.6802224206737376,-0.4665509250192077,0.7224005869378006,0.1652158724027068,1.0251027279157185,True,,dead_geometry,no_window
phase29_baseline_phase22_burn_a,1.05,175.0,12000.0,1.0,False,False,False,False,,,,,,,,,False,False,dead_geometry,no_window,0.0,,,False,0,,375000035695.10156,378263780650.0596,316.2190925781402,100000,False,True,max_steps,coast_arc,"{""burn_a"": 24, ""coast_arc"": 99976}","{""intercept_possible_poor_alignment"": 100000}",0.04761904761904765,0.8977985573807181,0.020795802465610375,-1.0245000139379012,0.89772090788909,1.0243697678174712,0.9345657275839377,False,False,0,24,0,99976,0,1,0,0,0,0,0,0,0,False,0.0,,baseline_phase22_burn_a,24,1.0500001065193554,0.05000010651935534,0.08031674129105737,-0.9818532999116788,-0.8979816298738238,-0.9809459629742882,0.9996554035070224,0.00018155944586275394,1.0535694192361376,True,,dead_geometry,no_window
phase29_crossing_family_targeted_burn_a,0.98,150.0,8000.0,1.0,False,False,False,False,,,,,,,,,False,False,window_no_crossing,dead_window_no_crossing,0.0,,,False,0,,149553566293.58203,149553566293.58203,44.32157819056531,100000,False,True,max_steps,phase76_handoff,"{""burn_a"": 14, ""burn_b"": 46, ""coast_arc"": 1, ""phase76_handoff"": 99939}","{""insertion_window"": 99637, ""no_intercept_possible"": 363}",0.020408163265306076,1.0219382362800824,-0.1426785900258876,-0.8662367246186504,1.0227903611175568,0.9993873345343481,1.127181459093459,False,False,0,14,46,1,0,1,1,1,1,1,0,1,0,True,0.0,705902,crossing_family_targeted_burn_a,14,0.9800003633956039,-0.019999636604396093,0.49189437949303383,0.004796611682134559,0.21076074165270028,-0.015298955412836697,0.4844843509427496,0.6531804438324087,1.8809053594867067,True,724806,dead_geometry,no_window
phase29_crossing_family_targeted_burn_a,1.0,150.0,8000.0,1.0,True,True,True,True,-25.192574395203952,-3281.9890635371144,-0.005988015668111895,-0.7800950243010297,-1460.0703125,1.9467604166666666e-10,3.120380097204119,3.134710956393185,False,False,crossing_bad_sync,no_window,8.93980995139794,0.6312616384372342,0.022897899677950195,False,1,631,473.6396484375,1334.857421875,19.644712995676638,852,True,False,success,phase76_handoff,"{""phase76_handoff"": 631}","{""handoff_ready"": 216, ""insertion_window"": 382, ""intercept_possible_poor_alignment"": 254}",0.0,3.55947010158653e-10,-0.13397459621556124,-1.7797318008717732e-10,0.730935153977333,0.7067683357255949,1.0000000000000073,False,False,0,0,0,0,0,1,0,0,0,0,0,0,631,True,0.7406103286384976,0,crossing_family_targeted_burn_a,,,,,,,,,,,,,crossing_bad_sync,no_window
phase29_crossing_family_targeted_burn_a,1.02,150.0,8000.0,1.0,False,False,False,False,,,,,,,,,False,False,dead_geometry,no_window,0.0,,,False,0,,150000207196.44043,168440127281.93652,1839.161797922343,100000,False,True,max_steps,coast_arc,"{""burn_a"": 14, ""coast_arc"": 99986}","{""intercept_possible_poor_alignment"": 100000}",0.01960784313725499,0.22756135691538695,-0.12535721577320472,-0.25041800996097097,0.22754403969429005,0.250409210618066,0.9804465547061488,False,False,0,14,0,99986,0,1,0,0,0,0,0,0,0,False,0.0,,crossing_family_targeted_burn_a,14,1.0200003437243466,0.020000343724346614,0.44461377789937634,-0.25935482309768765,-0.2145469634048773,-0.24454166498186194,0.5539287330002441,0.3672737905080539,1.2794307505771036,True,,dead_geometry,no_window
phase29_crossing_family_targeted_burn_a,1.05,150.0,8000.0,1.0,False,False,False,False,,,,,,,,,False,False,dead_geometry,no_window,0.0,,,False,0,,375000204013.87305,391369582237.2324,1631.405450850271,100000,False,True,max_steps,coast_arc,"{""burn_a"": 20, ""coast_arc"": 99980}","{""intercept_possible_poor_alignment"": 100000}",0.04761904761904765,0.3168640491521814,-0.11258803253505753,-0.307126890735634,0.31683441480669394,0.30711113673173374,0.9627805006809599,False,False,0,20,0,99980,0,1,0,0,0,0,0,0,0,False,0.0,,crossing_family_targeted_burn_a,20,1.0500004727240784,0.050000472724078385,0.3956791431832233,-0.3374529996252399,-0.3092305351571404,-0.3043253364045818,0.605293772875355,0.30147954582900893,1.2261352983817166,True,,dead_geometry,no_window
phase29_crossing_family_targeted_burn_a,0.98,165.0,8000.0,1.0,False,False,False,False,,,,,,,,,False,False,window_no_crossing,dead_window_no_crossing,0.0,,,False,0,,149555424333.57324,149555424333.57324,44.32157819005117,100000,False,True,max_steps,phase76_handoff,"{""burn_a"": 14, ""burn_b"": 46, ""coast_arc"": 1, ""phase76_handoff"": 99939}","{""insertion_window"": 99637, ""no_intercept_possible"": 363}",0.020408163265306076,1.0219387521181384,-0.04378221735089306,-0.8662367583635272,1.0227933695975875,0.9993831981618998,1.1442042867109492,False,False,0,14,46,1,0,1,1,1,1,1,0,1,0,True,0.0,1363699,crossing_family_targeted_burn_a,14,0.9800001875045702,-0.019999812495429817,0.25284386955901605,0.10609572014421148,0.2465618284360559,0.08397401313932984,0.33868924356452945,0.8777239877065949,1.776773853633875,True,1410084,dead_geometry,no_window
phase29_crossing_family_targeted_burn_a,1.0,165.0,8000.0,1.0,True,True,True,True,-88.06929902399378,-3143.494158607936,-0.020933166025926386,-0.7471762106990555,-2645.9189453125,3.5278919270833335e-10,2.988704842796222,3.1666781075799455,False,True,near_recoverable_crossing,no_window,11.00564757860189,0.6228607681431453,0.021398883100412866,False,1,182,2175.0126953125,2201.5400390625,24.039640678408468,403,True,False,success,phase76_handoff,"{""phase76_handoff"": 182}","{""handoff_ready"": 216, ""insertion_window"": 109, ""intercept_possible_poor_alignment"": 78}",2.104654818683916e-16,5.870625232460438e-10,-0.034074173710931875,-2.935310709686659e-10,0.4505343981162966,0.4324346135808888,1.0000000000000073,False,False,0,0,0,0,0,1,0,0,0,0,0,0,182,True,0.45161290322580644,1,crossing_family_targeted_burn_a,,,,,,,,,,,,,near_recoverable_crossing,no_window
phase29_crossing_family_targeted_burn_a,1.02,165.0,8000.0,1.0,False,False,False,False,,,,,,,,,False,False,dead_geometry,no_window,0.0,,,False,0,,150000107431.92383,160017717691.11035,998.3239720170608,100000,False,True,max_steps,coast_arc,"{""burn_a"": 14, ""coast_arc"": 99986}","{""intercept_possible_poor_alignment"": 100000}",0.019607843137254777,0.2364873198349175,-0.024462734730208335,-0.16684672841216233,0.23646892944424905,0.16683606727032943,0.9802449412063035,False,False,0,14,0,99986,0,1,0,0,0,0,0,0,0,False,0.0,,crossing_family_targeted_burn_a,14,1.0200001813342032,0.020000181334203254,0.2406839827436264,-0.1732801798597597,-0.21938952457795696,-0.15674563354437504,0.3645806155168038,0.521096312274063,1.11906867166921,True,,dead_geometry,no_window
phase29_crossing_family_targeted_burn_a,1.05,165.0,8000.0,1.0,False,False,False,False,,,,,,,,,False,False,dead_geometry,no_window,0.0,,,False,0,,375000105738.5596,383657034724.96094,860.5871534302156,100000,False,True,max_steps,coast_arc,"{""burn_a"": 20, ""coast_arc"": 99980}","{""intercept_possible_poor_alignment"": 100000}",0.04761904761904765,0.3870347394898195,-0.010220561444707415,-0.2764424858323713,0.3869947608905462,0.2764161929136717,0.9623546913713269,False,False,0,20,0,99980,0,1,0,0,0,0,0,0,0,False,0.0,,crossing_family_targeted_burn_a,20,1.0500002498503718,0.050000249850371874,0.21030723501161563,-0.30364915792576014,-0.37562782316297383,-0.2688314418385314,0.5143725332313572,0.35302242262884903,1.1008591915140016,True,,dead_geometry,no_window
phase29_crossing_family_targeted_burn_a,0.98,170.0,8000.0,1.0,False,False,False,False,,,,,,,,,False,False,window_no_crossing,dead_window_no_crossing,0.0,,,False,0,,149556013457.21973,149556013457.21973,44.32157818988806,100000,False,True,max_steps,phase76_handoff,"{""burn_a"": 14, ""burn_b"": 46, ""coast_arc"": 1, ""phase76_handoff"": 99939}","{""insertion_window"": 99637, ""no_intercept_possible"": 363}",0.020408163265306496,1.0219389156735503,-0.025090063551973553,-0.8662367690629094,1.0227942594233854,0.9993848192616088,1.1479015105382844,False,False,0,14,46,1,0,1,1,1,1,1,0,1,0,True,0.0,2032565,crossing_family_targeted_burn_a,14,0.9800001258532716,-0.019999874146728384,0.16974818963123534,0.1253324250619245,0.2543714503333011,0.10282591818745342,0.3052014299402734,0.9318293544021435,1.7504713714673446,True,2100360,dead_geometry,no_window
phase29_crossing_family_targeted_burn_a,1.0,170.0,8000.0,1.0,True,True,True,True,-26.609700880474676,-3835.407376660934,-0.006324852049514541,-0.911636861908399,-2190.5517578125,2.920735677083333e-10,3.646547447633596,3.6602346470497937,False,False,crossing_bad_sync,no_window,8.676726276183203,0.7368993122782103,0.029925929496057102,False,1,2307,470.41796875,2058.1533203125,20.503655353634183,2529,True,False,success,phase76_handoff,"{""phase76_handoff"": 2307}","{""handoff_ready"": 216, ""insertion_window"": 1096, ""intercept_possible_poor_alignment"": 1217}",2.104654818683916e-16,5.488264172930856e-10,-0.015192246987791962,-2.744130855547726e-10,0.8975993091151757,0.8706165037730679,1.0000000000000073,False,False,0,0,0,0,0,1,0,0,0,0,0,0,2307,True,0.9122182680901542,0,crossing_family_targeted_burn_a,,,,,,,,,,,,,crossing_bad_sync,no_window
phase29_crossing_family_targeted_burn_a,1.02,170.0,8000.0,1.0,False,False,False,False,,,,,,,,,False,False,dead_geometry,no_window,0.0,,,False,0,,150000072079.57324,156725500271.46582,669.4314186950159,100000,False,True,max_steps,coast_arc,"{""burn_a"": 14, ""coast_arc"": 99986}","{""intercept_possible_poor_alignment"": 100000}",0.01960784313725499,0.23796774161086015,-0.005392923511594131,-0.1484298623959213,0.2379492600634109,0.14841914149465038,0.9801628985540464,False,False,0,14,0,99986,0,1,0,0,0,0,0,0,0,False,0.0,,crossing_family_targeted_burn_a,14,1.0200001217200765,0.02000012172007643,0.1617265310598996,-0.15513655377023583,-0.22083436611454116,-0.13823918200879728,0.3055645434427945,0.5688203705858426,1.0694034995082238,True,,dead_geometry,no_window
phase29_crossing_family_targeted_burn_a,1.05,170.0,8000.0,1.0,False,False,False,False,,,,,,,,,False,False,dead_geometry,no_window,0.0,,,False,0,,375000070916.0371,380701028148.084,565.1293182646515,100000,False,True,max_steps,coast_arc,"{""burn_a"": 20, ""coast_arc"": 99980}","{""intercept_possible_poor_alignment"": 100000}",0.047619047619047436,0.39825037118148765,0.009127655905139585,-0.26664249251102295,0.39820859951670184,0.26661474012907843,0.9622346869261091,False,False,0,20,0,99980,0,1,0,0,0,0,0,0,0,False,0.0,,crossing_family_targeted_burn_a,20,1.050000166922865,0.05000016692286497,0.13926461770332557,-0.29285286980449204,-0.3853099044662386,-0.2574953952556918,0.4860663726690093,0.3709881995891814,1.0727320781277403,True,,dead_geometry,no_window
phase29_crossing_family_targeted_burn_a,0.98,175.0,8000.0,1.0,False,False,False,False,,,,,,,,,False,False,window_no_crossing,dead_window_no_crossing,0.0,,,False,0,,149556582539.7246,149556582539.7246,44.32157818973046,100000,False,True,max_steps,phase76_handoff,"{""burn_a"": 14, ""burn_b"": 46, ""coast_arc"": 1, ""phase76_handoff"": 99939}","{""insertion_window"": 99637, ""no_intercept_possible"": 363}",0.020408163265306287,1.021939073665066,-0.013817563036137981,-0.8662367793983086,1.0227949104603766,0.9993861280723814,1.150189198652485,False,False,0,14,46,1,0,1,1,1,1,1,0,1,0,True,0.0,2807963,crossing_family_targeted_burn_a,14,0.9800000634381875,-0.0199999365618125,0.08593413943325662,0.1369428099437284,0.2592074349801002,0.11420402587044501,0.2834477329858296,0.967277887022154,1.7325332266953197,True,4148915,dead_geometry,no_window
phase29_crossing_family_targeted_burn_a,1.0,175.0,8000.0,1.0,True,True,True,True,-35.33209647045934,-3439.731965189568,-0.00839807571601849,-0.8175888886362344,-454.1748046875,6.0556640625e-11,3.2703555545449374,3.2972025479901705,False,False,crossing_bad_sync,no_window,8.86482222272753,0.6641488018287663,0.02482508985438676,False,1,86,265.2685546875,277.490234375,8.86631054729974,307,True,False,success,phase76_handoff,"{""phase76_handoff"": 86}","{""handoff_ready"": 215, ""insertion_window"": 52, ""intercept_possible_poor_alignment"": 40}",2.104654818683916e-16,7.398261572089514e-11,-0.0038053019082545138,-3.6991364129378737e-11,0.2861142806458803,0.2677516417374583,1.0000000000000073,False,False,0,0,0,0,0,1,0,0,0,0,0,0,86,True,0.28013029315960913,1,crossing_family_targeted_burn_a,,,,,,,,,,,,,crossing_bad_sync,no_window
phase29_crossing_family_targeted_burn_a,1.02,175.0,8000.0,1.0,False,False,False,False,,,,,,,,,False,False,window_no_crossing,dead_window_no_crossing,0.0,,,False,0,,149560675914.40234,149560675914.40234,44.321035849925245,100000,False,True,max_steps,phase76_handoff,"{""burn_a"": 14, ""burn_b"": 46, ""coast_arc"": 80, ""phase76_handoff"": 99860}","{""insertion_window"": 99540, ""intercept_possible_good_alignment"": 4, ""intercept_possible_poor_alignment"": 456}",0.019607843137254777,0.9449137031359998,0.006107327294770394,-1.128553840397477,0.942369968842978,0.9987042718248412,1.0000027226001498,False,False,0,14,46,80,0,1,1,1,1,1,0,1,0,True,0.0,2808037,crossing_family_targeted_burn_a,14,1.020000060844718,0.020000060844717837,0.08050607799767892,-0.14414049939400977,-0.22180748338930753,-0.12702325730736025,0.2624398942303013,0.6036631104302118,1.0332559845911886,True,,dead_geometry,no_window
phase29_crossing_family_targeted_burn_a,1.05,175.0,8000.0,1.0,False,False,False,False,,,,,,,,,False,False,window_no_crossing,dead_window_no_crossing,0.0,,,False,0,,374560229952.5879,374560229952.5879,44.317520851616976,100000,False,True,max_steps,phase76_handoff,"{""burn_a"": 20, ""burn_b"": 46, ""coast_arc"": 80, ""phase76_handoff"": 99854}","{""intercept_possible_good_alignment"": 6, ""intercept_possible_poor_alignment"": 99951, ""no_intercept_possible"": 43}",0.04761904761904765,0.8882033984061714,0.020795802465610375,-1.1354009710083728,0.8865523654076751,0.9987723006313474,1.00001701462569,False,False,0,20,46,80,0,1,1,1,1,0,0,1,0,True,0.0,7008019,crossing_family_targeted_burn_a,20,1.0500000816743313,0.05000008167433125,0.06523133458357565,-0.2852154441737486,-0.3895896683405783,-0.24947615800288556,0.4661153742368574,0.3842030765820945,1.0550707216956101,True,,dead_geometry,no_window
phase29_crossing_family_targeted_burn_a,0.98,150.0,10000.0,1.0,False,False,False,False,,,,,,,,,False,False,window_no_crossing,dead_window_no_crossing,0.0,,,False,0,,149443168568.92773,149443168568.92773,55.39664268648475,100000,False,True,max_steps,phase76_handoff,"{""burn_a"": 14, ""burn_b"": 46, ""coast_arc"": 1, ""phase76_handoff"": 99939}","{""insertion_window"": 99526, ""intercept_possible_poor_alignment"": 13, ""no_intercept_possible"": 461}",0.020408163265306076,1.0146158558126326,-0.1426785900258876,-0.8419896601690485,1.0130133693132017,0.9993873627746075,1.1568046184716816,False,False,0,14,46,1,0,1,1,1,1,1,0,1,0,True,0.0,705902,crossing_family_targeted_burn_a,14,0.9800003619964093,-0.019999638003590756,0.48788468924248257,0.037211394658806275,0.2730233745214927,0.01646754223243067,0.49888194643069816,0.6893179725544244,2.0618021183887594,True,730763,dead_geometry,no_window
phase29_crossing_family_targeted_burn_a,1.0,150.0,10000.0,1.0,True,True,True,True,-6.276680836972505,-4026.540150778171,-0.0014919024394221608,-0.9570671553015822,-547.65234375,7.30203125e-11,3.8282686212063286,3.828995307954149,False,False,crossing_bad_sync,no_window,8.585865689396837,0.7674440072415927,0.02644763969103196,False,1,413,80.015625,399.2158203125,22.040497429913927,630,True,False,success,phase76_handoff,"{""phase76_handoff"": 413}","{""handoff_ready"": 211, ""insertion_window"": 251, ""intercept_possible_poor_alignment"": 168}",0.0,1.0644565350620334e-10,-0.13397459621556124,-5.3222465417905946e-11,0.6430051106494269,0.6187930017814905,1.000000000000006,False,False,0,0,0,0,0,1,0,0,0,0,0,0,413,True,0.6555555555555556,0,crossing_family_targeted_burn_a,,,,,,,,,,,,,crossing_bad_sync,no_window
phase29_crossing_family_targeted_burn_a,1.02,150.0,10000.0,1.0,False,False,False,False,,,,,,,,,False,False,dead_geometry,no_window,0.0,,,False,0,,150000206924.1172,167713348311.4414,1766.2350211367204,100000,False,True,max_steps,coast_arc,"{""burn_a"": 14, ""coast_arc"": 99986}","{""intercept_possible_poor_alignment"": 100000}",0.01960784313725499,0.2646545121160603,-0.12535721577320472,-0.26602679566051807,0.2646356537833824,0.2660176199042798,0.9780224161548728,False,False,0,14,0,99986,0,1,0,0,0,0,0,0,0,False,0.0,,crossing_family_targeted_burn_a,14,1.0200003380128309,0.02000033801283086,0.4284624777140962,-0.27594739662539663,-0.25295139668850125,-0.26146609981883445,0.5626720276554352,0.34903825758956375,1.2471928534383,True,,dead_geometry,no_window
phase29_crossing_family_targeted_burn_a,1.05,150.0,10000.0,1.0,False,False,False,False,,,,,,,,,False,False,dead_geometry,no_window,0.0,,,False,0,,375000203695.17773,390311395881.77344,1525.4484455842803,100000,False,True,max_steps,coast_arc,"{""burn_a"": 20, ""coast_arc"": 99980}","{""intercept_possible_poor_alignment"": 100000}",0.04761904761904765,0.34789232670301773,-0.11258803253505753,-0.31677398413795727,0.34786274935476574,0.3167594861539804,0.9595033627797724,False,False,0,20,0,99980,0,1,0,0,0,0,0,0,0,False,0.0,,crossing_family_targeted_burn_a,20,1.0500004589385203,0.050000458938520315,0.37154463796895226,-0.3477111796446491,-0.34123494905668034,-0.31509643926641556,0.6089632377439973,0.2915497859126228,1.1996132660244323,True,,dead_geometry,no_window
phase29_crossing_family_targeted_burn_a,0.98,165.0,10000.0,1.0,False,False,False,False,,,,,,,,,False,False,window_no_crossing,dead_window_no_crossing,0.0,,,False,0,,149444935134.4121,149444935134.4121,55.39664268621514,100000,False,True,max_steps,phase76_handoff,"{""burn_a"": 14, ""burn_b"": 46, ""coast_arc"": 1, ""phase76_handoff"": 99939}","{""insertion_window"": 99526, ""intercept_possible_poor_alignment"": 13, ""no_intercept_possible"": 461}",0.020408163265306076,1.0146163460951532,-0.04378221735089306,-0.8419896976726441,1.013017466222449,0.9993874717754081,1.1777057845227932,False,False,0,14,46,1,0,1,1,1,1,1,0,1,0,True,0.0,1363699,crossing_family_targeted_burn_a,14,0.980000186559958,-0.019999813440041928,0.24999319734292846,0.13863303813289077,0.31816585621949384,0.11586058979356488,0.3886099887107695,0.8966843577227003,2.0365803053092426,True,1426164,dead_geometry,no_window
phase29_crossing_family_targeted_burn_a,1.0,165.0,10000.0,1.0,True,True,True,True,-8.88966729674766,-3994.6531548940916,-0.0021129824297496515,-0.9494879445402064,-488.6103515625,6.5148046875e-11,3.7979517781608254,3.79942093563033,False,False,crossing_bad_sync,no_window,8.601024110919587,0.7621259346130128,0.026098185272395925,False,1,243,206.97265625,277.3115234375,17.30631244279581,460,True,False,success,phase76_handoff,"{""phase76_handoff"": 243}","{""handoff_ready"": 211, ""insertion_window"": 148, ""intercept_possible_poor_alignment"": 101}",2.104654818683916e-16,7.393778657325719e-11,-0.034074173710931875,-3.6968672685193056e-11,0.5219687416576904,0.504706529929417,1.0000000000000058,False,False,0,0,0,0,0,1,0,0,0,0,0,0,243,True,0.5282608695652173,0,crossing_family_targeted_burn_a,,,,,,,,,,,,,near_recoverable_crossing,no_window
phase29_crossing_family_targeted_burn_a,1.02,165.0,10000.0,1.0,False,False,False,False,,,,,,,,,False,False,dead_geometry,no_window,0.0,,,False,0,,150000107335.75098,159718708810.17285,967.8163321058576,100000,False,True,max_steps,coast_arc,"{""burn_a"": 14, ""coast_arc"": 99986}","{""intercept_possible_poor_alignment"": 100000}",0.019607843137254777,0.2948852666782949,-0.024462734730208335,-0.20200511000367152,0.2948627267402671,0.20199183452878114,0.9777697646789372,False,False,0,14,0,99986,0,1,0,0,0,0,0,0,0,False,0.0,,crossing_family_targeted_burn_a,14,1.0200001795283957,0.020000179528395834,0.23477223458489915,-0.20539599026237457,-0.27427043418827324,-0.18950376741363892,0.40364151475358456,0.46799993882484087,1.1015256079826745,True,,dead_geometry,no_window
phase29_crossing_family_targeted_burn_a,1.05,165.0,10000.0,1.0,False,False,False,False,,,,,,,,,False,False,dead_geometry,no_window,0.0,,,False,0,,375000105606.89453,382994977646.8115,794.0199660521379,100000,False,True,max_steps,coast_arc,"{""burn_a"": 20, ""coast_arc"": 99980}","{""intercept_possible_poor_alignment"": 100000}",0.04761904761904765,0.426507760416257,-0.010220561444707415,-0.3022244600104314,0.42646829565381994,0.3021984789474127,0.9589692495534115,False,False,0,20,0,99980,0,1,0,0,0,0,0,0,0,False,0.0,,crossing_family_targeted_burn_a,20,1.0500002425578066,0.05000024255780651,0.19527717301122405,-0.3310287815205193,-0.41910579929466857,-0.29758005833235396,0.5475600728127855,0.3188204342566204,1.090517756732417,True,,dead_geometry,no_window
phase29_crossing_family_targeted_burn_a,0.98,170.0,10000.0,1.0,False,False,False,False,,,,,,,,,False,False,window_no_crossing,dead_window_no_crossing,0.0,,,False,0,,149445503410.22363,149445503410.22363,55.39664268612841,100000,False,True,max_steps,phase76_handoff,"{""burn_a"": 14, ""burn_b"": 46, ""coast_arc"": 1, ""phase76_handoff"": 99939}","{""insertion_window"": 99526, ""intercept_possible_poor_alignment"": 13, ""no_intercept_possible"": 461}",0.020408163265306496,1.0146165038112285,-0.025090063551973553,-0.8419897097369309,1.0130186753005068,0.9993893643394304,1.1823220176167224,False,False,0,14,46,1,0,1,1,1,1,1,0,1,0,True,0.0,1396800,crossing_family_targeted_burn_a,14,0.9800001252250127,-0.01999987477498737,0.1678219044697533,0.15793797656168646,0.32816848342976773,0.1347793620332505,0.3672414702293104,0.9418410928397433,2.035095759140947,True,2124468,dead_geometry,no_window
phase29_crossing_family_targeted_burn_a,1.0,170.0,10000.0,1.0,True,True,True,True,-627.8014830847948,-3075.3016548794985,-0.1492219516037754,-0.7309675543558039,-43366.4140625,5.782188541666666e-09,7.4610975801887705,8.013550658069029,False,False,crossing_bad_sync,no_window,6.769451209905615,0.7638403911913622,0.018126425876468198,False,1,3843,15013.0810546875,48971.787109375,233.64182222797018,4059,True,False,success,phase76_handoff,"{""phase76_handoff"": 3843}","{""handoff_ready"": 212, ""insertion_window"": 1791, ""intercept_possible_poor_alignment"": 2056}",2.104654818683916e-16,1.3059133116941239e-08,-0.015192246987791962,-6.529566633759087e-09,0.9258990373606751,0.919683014238784,1.000000000000005,False,False,0,0,0,0,0,1,0,0,0,0,0,0,3843,True,0.9467849223946785,0,crossing_family_targeted_burn_a,,,,,,,,,,,,,crossing_bad_sync,no_window
phase29_crossing_family_targeted_burn_a,1.02,170.0,10000.0,1.0,False,False,False,False,,,,,,,,,False,False,dead_geometry,no_window,0.0,,,False,0,,150000072015.25,156535910144.2539,649.8448669559514,100000,False,True,max_steps,coast_arc,"{""burn_a"": 14, ""coast_arc"": 99986}","{""intercept_possible_poor_alignment"": 100000}",0.01960784313725499,0.2964050742586073,-0.005392923511594131,-0.18402953707997485,0.2963824576055457,0.1840161543401733,0.9776669494891836,False,False,0,14,0,99986,0,1,0,0,0,0,0,0,0,False,0.0,,crossing_family_targeted_burn_a,14,1.020000120554391,0.020000120554390887,0.15799352876716433,-0.18758288315943047,-0.2758005551114394,-0.17133444288216848,0.3520296116058625,0.5078931701338993,1.0597499790927467,True,,dead_geometry,no_window
phase29_crossing_family_targeted_burn_a,1.05,170.0,10000.0,1.0,False,False,False,False,,,,,,,,,False,False,dead_geometry,no_window,0.0,,,False,0,,375000070821.04785,380190604275.98535,513.6529621249493,100000,False,True,max_steps,coast_arc,"{""burn_a"": 20, ""coast_arc"": 99980}","{""intercept_possible_poor_alignment"": 100000}",0.047619047619047436,0.4415497255120618,0.009127655905139585,-0.29747424447388404,0.4415081070363363,0.29744618572671316,0.9588187109009311,False,False,0,20,0,99980,0,1,0,0,0,0,0,0,0,False,0.0,,crossing_family_targeted_burn_a,20,1.050000161586342,0.05000016158634193,0.12771628417418807,-0.32558220718233083,-0.4336108031224807,-0.29186120856474335,0.5301893446120097,0.32771143630106425,1.0673673365736194,True,,dead_geometry,no_window
phase29_crossing_family_targeted_burn_a,0.98,175.0,10000.0,1.0,False,False,False,False,,,,,,,,,False,False,window_no_crossing,dead_window_no_crossing,0.0,,,False,0,,149446062527.56445,149446062527.56445,55.39664268604303,100000,False,True,max_steps,phase76_handoff,"{""burn_a"": 14, ""burn_b"": 46, ""coast_arc"": 1, ""phase76_handoff"": 99939}","{""insertion_window"": 99526, ""intercept_possible_poor_alignment"": 13, ""no_intercept_possible"": 461}",0.020408163265306287,1.0146166589855214,-0.013817563036137981,-0.8419897216067395,1.0130191868284364,0.9993906470231936,1.1851992744629618,False,False,0,14,46,1,0,1,1,1,1,1,0,1,0,True,0.0,1396805,crossing_family_targeted_burn_a,14,0.980000063202796,-0.019999936797204035,0.08520434654212616,0.16959747840063233,0.33440184723781846,0.14620560275445038,0.3543241606069207,0.9700685567013279,2.0347474748638934,True,4184451,dead_geometry,no_window
phase29_crossing_family_targeted_burn_a,1.0,175.0,10000.0,1.0,True,True,True,True,-75.56244302967407,-3051.944929061562,-0.017960415068522723,-0.7254159010011462,-4019.8388671875,5.35978515625e-10,2.9016636040045847,3.037448426622083,False,True,near_recoverable_crossing,no_window,11.049168197997707,0.6018852194191227,0.016617452634956786,False,1,44,1625.736328125,2204.3291015625,8.84814968539807,260,True,False,success,phase76_handoff,"{""phase76_handoff"": 44}","{""handoff_ready"": 212, ""insertion_window"": 27, ""intercept_possible_poor_alignment"": 21}",2.104654818683916e-16,5.878098861721584e-10,-0.0038053019082545138,-2.9390490934242894e-10,0.172384283833011,0.1599501633935743,1.0000000000000058,False,False,0,0,0,0,0,1,0,0,0,0,0,0,44,True,0.16923076923076924,0,crossing_family_targeted_burn_a,,,,,,,,,,,,,near_recoverable_crossing,no_window
phase29_crossing_family_targeted_burn_a,1.02,175.0,10000.0,1.0,False,False,False,False,,,,,,,,,False,False,window_no_crossing,dead_window_no_crossing,0.0,,,False,0,,149450133806.09473,149450133806.09473,55.406822394266584,100000,False,True,max_steps,phase76_handoff,"{""burn_a"": 14, ""burn_b"": 46, ""coast_arc"": 80, ""phase76_handoff"": 99860}","{""insertion_window"": 99431, ""intercept_possible_good_alignment"": 2, ""intercept_possible_poor_alignment"": 567}",0.019607843137254777,0.9328117278856811,0.006107327294770394,-1.1698730990456025,0.9326761411303772,0.9987369185168657,1.0000027225436086,False,False,0,14,46,80,0,1,1,1,1,1,0,1,0,True,0.0,1396843,crossing_family_targeted_burn_a,14,1.0200000601887422,0.02000006018874219,0.07842976668623991,-0.17673663523262131,-0.27687040195185325,-0.1602713183860874,0.3156297941065084,0.5359746806311335,1.0303549930325009,True,,dead_geometry,no_window
phase29_crossing_family_targeted_burn_a,1.05,175.0,10000.0,1.0,False,False,False,False,,,,,,,,,False,False,window_no_crossing,dead_window_no_crossing,0.0,,,False,0,,374449471173.8965,374449471173.8965,55.4065415630899,100000,False,True,max_steps,phase76_handoff,"{""burn_a"": 20, ""burn_b"": 46, ""coast_arc"": 80, ""phase76_handoff"": 99854}","{""intercept_possible_good_alignment"": 6, ""intercept_possible_poor_alignment"": 99951, ""no_intercept_possible"": 43}",0.04761904761904765,0.8787974088600548,0.020795802465610375,-1.1684830999926723,0.8768539998745191,0.9988077065772007,1.000017014471762,False,False,0,20,46,80,0,1,1,1,1,0,0,1,0,True,0.0,3496790,crossing_family_targeted_burn_a,20,1.0500000781122236,0.0500000781122237,0.057249715985818864,-0.32179047205898414,-0.44151606929130405,-0.2878799426854791,0.5186382294769682,0.33392743985135365,1.053500728731786,True,,dead_geometry,no_window
phase29_crossing_family_targeted_burn_a,0.98,150.0,12000.0,1.0,False,False,False,False,,,,,,,,,False,False,window_no_crossing,dead_window_no_crossing,0.0,,,False,0,,149332187388.84766,149332187388.84766,66.47677168336274,100000,False,True,max_steps,phase76_handoff,"{""burn_a"": 14, ""burn_b"": 46, ""coast_arc"": 1, ""phase76_handoff"": 99939}","{""insertion_window"": 99904, ""no_intercept_possible"": 96}",0.020408163265306076,0.9996348318676904,-0.1426785900258876,-1.1982062107188092,1.0010991135831748,0.9993897183825788,1.1864565722116123,False,False,0,14,46,1,0,1,1,1,1,1,0,1,0,True,0.0,705902,crossing_family_targeted_burn_a,14,0.9800003605093183,-0.01999963949068177,0.48346849665231695,0.06957254157818478,0.3369116331706479,0.048181476337488906,0.5210327731323711,0.7223278990066984,2.2938613452161705,True,737438,dead_geometry,no_window
phase29_crossing_family_targeted_burn_a,1.0,150.0,12000.0,1.0,True,True,True,True,-80.49851164523518,-3051.369756909111,-0.019133667779626447,-0.7252791884998071,-3681.29296875,4.908390625e-10,2.9011167539992284,3.0547866581952734,False,True,near_recoverable_crossing,no_window,11.049441623000385,0.6031837526262365,0.014364654403677601,False,3,114,148.345703125,755.0380859375,26.347138132160573,326,True,False,success,phase76_handoff,"{""phase76_handoff"": 114}","{""handoff_ready"": 209, ""insertion_window"": 68, ""intercept_possible_poor_alignment"": 49}",0.0,2.0133359507560395e-10,-0.13397459621556124,-1.0066672571051816e-10,0.34060435774997916,0.3252353379979766,1.0000000000000049,False,False,0,0,0,0,0,1,0,0,0,0,0,0,114,True,0.3496932515337423,0,crossing_family_targeted_burn_a,,,,,,,,,,,,,near_recoverable_crossing,no_window
phase29_crossing_family_targeted_burn_a,1.02,150.0,12000.0,1.0,False,False,False,False,,,,,,,,,False,False,dead_geometry,no_window,0.0,,,False,0,,150000206651.7959,167013250311.55762,1696.0732368841934,100000,False,True,max_steps,coast_arc,"{""burn_a"": 14, ""coast_arc"": 99986}","{""intercept_possible_poor_alignment"": 100000}",0.01960784313725499,0.29183734875755557,-0.12535721577320472,-0.27561088182649685,0.29181785929023957,0.2756018709015371,0.9755987248855592,False,False,0,14,0,99986,0,1,0,0,0,0,0,0,0,False,0.0,,crossing_family_targeted_burn_a,14,1.0200003321800368,0.02000033218003685,0.4128446214294075,-0.28654097170307735,-0.28131920866195614,-0.2722715541402927,0.5669460623750201,0.33797506093521007,1.2229162349102185,True,,dead_geometry,no_window
phase29_crossing_family_targeted_burn_a,1.05,150.0,12000.0,1.0,False,False,False,False,,,,,,,,,False,False,dead_geometry,no_window,0.0,,,False,0,,375000203376.4824,389307144071.31055,1424.9539240190315,100000,False,True,max_steps,coast_arc,"{""burn_a"": 20, ""coast_arc"": 99980}","{""intercept_possible_poor_alignment"": 100000}",0.04761904761904765,0.37037949683447263,-0.11258803253505753,-0.32132731850342455,0.370350426278902,0.321314278264275,0.9562273470159313,False,False,0,20,0,99980,0,1,0,0,0,0,0,0,0,False,0.0,,crossing_family_targeted_burn_a,20,1.0500004454325618,0.05000044543256172,0.34856633945924187,-0.3527529036288123,-0.36433379995637055,-0.32039026050532077,0.6081578488527747,0.2872040193974201,1.178712899221731,True,,dead_geometry,no_window
phase29_crossing_family_targeted_burn_a,0.98,165.0,12000.0,1.0,False,False,False,False,,,,,,,,,False,False,window_no_crossing,dead_window_no_crossing,0.0,,,False,0,,149333897224.70215,149333897224.70215,66.47677168132242,100000,False,True,max_steps,phase76_handoff,"{""burn_a"": 14, ""burn_b"": 46, ""coast_arc"": 1, ""phase76_handoff"": 99939}","{""insertion_window"": 99904, ""intercept_possible_poor_alignment"": 1, ""no_intercept_possible"": 95}",0.020408163265306076,0.9996353076770538,-0.04378221735089306,-1.198206161972721,1.0011043722920407,0.9993923326000145,1.2111099545459891,False,False,0,14,46,1,0,1,1,1,1,1,0,1,0,True,0.0,1363699,crossing_family_targeted_burn_a,14,0.980000185522085,-0.019999814477914973,0.2466706331969284,0.17112464619897208,0.3915633980291234,0.1477023705444788,0.4455947645223569,0.9111963903581531,2.3759168331420533,True,1445374,dead_geometry,no_window
phase29_crossing_family_targeted_burn_a,1.0,165.0,12000.0,1.0,True,True,True,True,-29.385295636110204,-3791.606204635221,-0.0069845823583089784,-0.9012257740911267,-579.7763671875,7.7303515625e-11,3.604903096364507,3.621779577911722,False,False,crossing_bad_sync,no_window,8.697548451817747,0.7293621181801756,0.02031839432766244,False,2,105,135.919921875,502.3330078125,21.192783332264064,318,True,False,success,phase76_handoff,"{""phase76_handoff"": 105}","{""handoff_ready"": 209, ""insertion_window"": 63, ""intercept_possible_poor_alignment"": 46}",2.104654818683916e-16,1.3396506758790487e-10,-0.034074173710931875,6.698273464708606e-11,0.3259054175294539,0.3132262829276735,1.0000000000000049,False,False,0,0,0,0,0,1,0,0,0,0,0,0,105,True,0.330188679245283,0,crossing_family_targeted_burn_a,,,,,,,,,,,,,crossing_bad_sync,no_window
phase29_crossing_family_targeted_burn_a,1.02,165.0,12000.0,1.0,False,False,False,False,,,,,,,,,False,False,dead_geometry,no_window,0.0,,,False,0,,150000107239.57617,159328271681.0293,928.2231442944825,100000,False,True,max_steps,coast_arc,"{""burn_a"": 14, ""coast_arc"": 99986}","{""intercept_possible_poor_alignment"": 100000}",0.019607843137254777,0.3488437242653785,-0.024462734730208335,-0.2351567979553753,0.3488175644358884,0.23514117876362034,0.975294779187664,False,False,0,14,0,99986,0,1,0,0,0,0,0,0,0,False,0.0,,crossing_family_targeted_burn_a,14,1.0200001774168896,0.020000177416889583,0.22709052312364586,-0.23712253444235082,-0.3272318395221656,-0.2218648497838508,0.4431350476564657,0.4195687111786126,1.087327025078021,True,,dead_geometry,no_window
phase29_crossing_family_targeted_burn_a,1.05,165.0,12000.0,1.0,False,False,False,False,,,,,,,,,False,False,dead_geometry,no_window,0.0,,,False,0,,375000105475.2285,382366693703.52344,731.0189876496954,100000,False,True,max_steps,coast_arc,"{""burn_a"": 20, ""coast_arc"": 99980}","{""intercept_possible_poor_alignment"": 100000}",0.04761904761904765,0.4475660603386616,-0.010220561444707415,-0.31464269550503093,0.44752897085123833,0.3146185336340035,0.955584175504642,False,False,0,20,0,99980,0,1,0,0,0,0,0,0,0,False,0.0,,crossing_family_targeted_burn_a,20,1.050000234999436,0.050000234999435934,0.1809346547798895,-0.3447624477855411,-0.44268787932685555,-0.31200041619436303,0.5631280268741041,0.30281807963184393,1.0834831631104052,True,,dead_geometry,no_window
phase29_crossing_family_targeted_burn_a,0.98,170.0,12000.0,1.0,False,False,False,False,,,,,,,,,False,False,window_no_crossing,dead_window_no_crossing,0.0,,,False,0,,149334450115.2627,149334450115.2627,66.47677168066275,100000,False,True,max_steps,phase76_handoff,"{""burn_a"": 14, ""burn_b"": 46, ""coast_arc"": 1, ""phase76_handoff"": 99939}","{""insertion_window"": 99904, ""intercept_possible_poor_alignment"": 1, ""no_intercept_possible"": 95}",0.020408163265306496,0.99963546153422,-0.025090063551973553,-1.1982061462103604,1.0011058686670766,0.9993944885051297,1.216683226158151,False,False,0,14,46,1,0,1,1,1,1,1,0,1,0,True,0.0,2032565,crossing_family_targeted_burn_a,14,0.980000124526915,-0.019999875473085026,0.16553182060639374,0.19051947096322455,0.40392132716819995,0.16670922979567693,0.4342942496676067,0.9490454467107274,2.4062163520356856,True,2153860,dead_geometry,no_window
phase29_crossing_family_targeted_burn_a,1.0,170.0,12000.0,1.0,True,True,True,True,-30.099257367256808,-2552.5823086070577,-0.007154283714171683,-0.6067225452351612,-1052.3896484375,1.4031861979166667e-10,2.426890180940645,2.4531113690583384,False,True,near_recoverable_crossing,no_window,11.286554909529677,0.49396317678545365,0.010598707260321274,False,6,1010,10.53125,67.607421875,14.814055285645287,1222,True,False,success,phase76_handoff,"{""phase76_handoff"": 1010}","{""handoff_ready"": 209, ""insertion_window"": 560, ""intercept_possible_poor_alignment"": 453}",2.104654818683916e-16,1.8038365054494238e-11,-0.015192246987791962,9.019278608507897e-12,0.7941505641062065,0.769303524146656,1.0000000000000049,False,False,0,0,0,0,0,1,0,0,0,0,0,0,1010,True,0.8265139116202946,0,crossing_family_targeted_burn_a,,,,,,,,,,,,,near_recoverable_crossing,no_window
phase29_crossing_family_targeted_burn_a,1.02,170.0,12000.0,1.0,False,False,False,False,,,,,,,,,False,False,dead_geometry,no_window,0.0,,,False,0,,150000071950.92676,156287620429.71777,624.4179135552175,100000,False,True,max_steps,coast_arc,"{""burn_a"": 14, ""coast_arc"": 99986}","{""intercept_possible_poor_alignment"": 100000}",0.01960784313725499,0.35247064562898067,-0.005392923511594131,-0.21941458212509024,0.35244412653814994,0.21939856397259727,0.9751710855925527,False,False,0,14,0,99986,0,1,0,0,0,0,0,0,0,False,0.0,,crossing_family_targeted_burn_a,14,1.0200001192154533,0.020000119215453385,0.15328859089883662,-0.2198989268522316,-0.3287290081271223,-0.2042968123891732,0.39840153342223705,0.4527623487544172,1.0524354664261601,True,,dead_geometry,no_window
phase29_crossing_family_targeted_burn_a,1.05,170.0,12000.0,1.0,False,False,False,False,,,,,,,,,False,False,dead_geometry,no_window,0.0,,,False,0,,375000070726.0576,379706940180.7705,465.0805930440754,100000,False,True,max_steps,coast_arc,"{""burn_a"": 20, ""coast_arc"": 99980}","{""intercept_possible_poor_alignment"": 100000}",0.047619047619047436,0.463102551955739,0.009127655905139585,-0.3124071288734827,0.4630635538302081,0.3123807724107385,0.9554028853446495,False,False,0,20,0,99980,0,1,0,0,0,0,0,0,0,False,0.0,,crossing_family_targeted_burn_a,20,1.050000155963551,0.05000015596355104,0.1166947598851455,-0.342090162559315,-0.45829860064899003,-0.3091945680773263,0.5514364850674642,0.307593736106522,1.063867498999879,True,,dead_geometry,no_window
phase29_crossing_family_targeted_burn_a,0.98,175.0,12000.0,1.0,False,False,False,False,,,,,,,,,False,False,window_no_crossing,dead_window_no_crossing,0.0,,,False,0,,149334999710.23438,149334999710.23438,66.47677168000702,100000,False,True,max_steps,phase76_handoff,"{""burn_a"": 14, ""burn_b"": 46, ""coast_arc"": 1, ""phase76_handoff"": 99939}","{""insertion_window"": 99904, ""intercept_possible_poor_alignment"": 1, ""no_intercept_possible"": 95}",0.020408163265306287,0.9996356144743104,-0.013817563036137981,-1.1982061305419758,1.00110647710602,0.999395783472409,1.2201987420357423,False,False,0,14,46,1,0,1,1,1,1,1,0,1,0,True,0.0,4049661,crossing_family_targeted_burn_a,14,0.9800000629390769,-0.019999937060923047,0.08432389216285188,0.20224834343970147,0.4116954026308428,0.17820345223930845,0.428178823233125,0.9719814859921299,2.427617988402277,True,4228143,dead_geometry,no_window
phase29_crossing_family_targeted_burn_a,1.0,175.0,12000.0,1.0,True,True,True,True,-67.92548656141525,-2582.702318568411,-0.016145189110617915,-0.6138817616273774,-5157.419921875,6.876559895833333e-10,2.4555270465095096,2.584817383236934,False,True,near_recoverable_crossing,no_window,11.272236476745245,0.5104796369222995,0.010969941268989187,False,1,43,1216.3447265625,2626.7353515625,7.257112147984378,255,True,False,success,phase76_handoff,"{""phase76_handoff"": 43}","{""handoff_ready"": 209, ""insertion_window"": 26, ""intercept_possible_poor_alignment"": 20}",2.104654818683916e-16,7.004529062574584e-10,-0.0038053019082545138,-3.5022646825758274e-10,0.16585029829326867,0.15445766656619989,1.0000000000000049,False,False,0,0,0,0,0,1,0,0,0,0,0,0,43,True,0.16862745098039217,0,crossing_family_targeted_burn_a,,,,,,,,,,,,,near_recoverable_crossing,no_window
phase29_crossing_family_targeted_burn_a,1.02,175.0,12000.0,1.0,False,False,False,False,,,,,,,,,False,False,window_no_crossing,dead_window_no_crossing,0.0,,,False,0,,149339034125.2207,149339034125.2207,66.48692651184037,100000,False,True,max_steps,phase76_handoff,"{""burn_a"": 14, ""burn_b"": 46, ""coast_arc"": 80, ""phase76_handoff"": 99860}","{""insertion_window"": 99809, ""intercept_possible_good_alignment"": 3, ""intercept_possible_poor_alignment"": 188}",0.019607843137254777,0.9239482696753962,0.006107327294770394,-0.8049963901306896,0.9208450914089963,0.9987742105352918,1.0000027225040076,False,False,0,14,46,80,0,1,1,1,1,1,0,1,0,True,0.0,7494598,crossing_family_targeted_burn_a,14,1.0200000594421323,0.020000059442132293,0.07585399501012949,-0.2092961515954603,-0.32981779501690744,-0.19348202762624686,0.3674122619319555,0.47569504667366985,1.0282703894141905,True,,dead_geometry,no_window
phase29_crossing_family_targeted_burn_a,1.05,175.0,12000.0,1.0,False,False,False,False,,,,,,,,,False,False,window_no_crossing,dead_window_no_crossing,0.0,,,False,0,,374338195203.7041,374338195203.7041,66.47898658607858,100000,False,True,max_steps,phase76_handoff,"{""burn_a"": 20, ""burn_b"": 46, ""coast_arc"": 80, ""phase76_handoff"": 99854}","{""intercept_possible_good_alignment"": 4, ""intercept_possible_poor_alignment"": 99952, ""no_intercept_possible"": 44}",0.04761904761904765,0.868656256228959,0.020795802465610375,-0.800449975500627,0.8649982909265077,0.9988314834188337,1.0000170143609937,False,False,0,20,46,80,0,1,1,1,1,0,0,1,0,True,0.0,18523242,crossing_family_targeted_burn_a,20,1.0500000742964906,0.0500000742964905,0.049604939633686757,-0.3403100318822033,-0.4671102659123792,-0.30732548446366414,0.5441355083201825,0.31072271953350455,1.0525013314932414,True,,dead_geometry,no_window
phase29_angular_momentum_targeted_burn_a,0.98,150.0,8000.0,1.0,False,False,False,False,,,,,,,,,False,False,window_no_crossing,dead_window_no_crossing,0.0,,,False,0,,149552915377.13965,149552915377.13965,44.32418896743016,100000,False,True,max_steps,phase76_handoff,"{""burn_a"": 18, ""burn_b"": 46, ""coast_arc"": 1, ""phase76_handoff"": 99935}","{""insertion_window"": 99637, ""no_intercept_possible"": 363}",0.020408163265306076,1.022262717295574,-0.1426785900258876,-0.8676920027225018,1.0227621145193606,0.9993445958137992,1.1301663059303284,False,False,0,18,46,1,0,1,1,1,1,1,0,1,0,True,0.0,705902,angular_momentum_targeted_burn_a,18,0.9800004659448461,-0.019999534055153905,0.45718107362029475,0.02040767802823298,0.20943100723863337,-7.863320663837619e-11,0.4576363265333767,0.6860421777639031,1.8437813016698525,True,779836,dead_geometry,no_window
phase29_angular_momentum_targeted_burn_a,1.0,150.0,8000.0,1.0,True,True,True,True,-25.192574395203952,-3281.9890635371144,-0.005988015668111895,-0.7800950243010297,-1460.0703125,1.9467604166666666e-10,3.120380097204119,3.134710956393185,False,False,crossing_bad_sync,no_window,8.93980995139794,0.6312616384372342,0.022897899677950195,False,1,631,473.6396484375,1334.857421875,19.644712995676638,852,True,False,success,phase76_handoff,"{""phase76_handoff"": 631}","{""handoff_ready"": 216, ""insertion_window"": 382, ""intercept_possible_poor_alignment"": 254}",0.0,3.55947010158653e-10,-0.13397459621556124,-1.7797318008717732e-10,0.730935153977333,0.7067683357255949,1.0000000000000073,False,False,0,0,0,0,0,1,0,0,0,0,0,0,631,True,0.7406103286384976,0,angular_momentum_targeted_burn_a,,,,,,,,,,,,,crossing_bad_sync,no_window
phase29_angular_momentum_targeted_burn_a,1.02,150.0,8000.0,1.0,False,False,False,False,,,,,,,,,False,False,dead_geometry,no_window,0.0,,,False,0,,150000208032.16602,168364932024.06055,1836.2389557684753,100000,False,True,max_steps,coast_arc,"{""burn_a"": 18, ""coast_arc"": 99982}","{""intercept_possible_poor_alignment"": 100000}",0.01960784313725499,0.19097254655898716,-0.12535721577320472,-3.4227318045442348e-15,0.19096757444903087,6.255070311622032e-06,1.0910738487790386,False,False,0,18,0,99982,0,1,0,0,0,0,0,0,0,False,0.0,,angular_momentum_targeted_burn_a,18,1.020000452778343,0.02000045277834297,0.44121197303312853,-0.01960827833347053,0.19505248972698708,-7.606070676764966e-16,0.4416474722298185,0.6936508538063629,1.7909832055270996,True,,dead_geometry,no_window
phase29_angular_momentum_targeted_burn_a,1.05,150.0,8000.0,1.0,False,False,False,False,,,,,,,,,False,False,dead_geometry,no_window,0.0,,,False,0,,375000204880.94336,391450582112.6572,1644.5110738995388,100000,False,True,max_steps,coast_arc,"{""burn_a"": 24, ""coast_arc"": 99976}","{""intercept_possible_poor_alignment"": 100000}",0.04761904761904765,0.1552454867241412,-0.11258803253505753,-1.140910601514745e-15,0.1552504656633209,3.593134124506381e-06,1.0634606796871793,False,False,0,24,0,99976,0,1,0,0,0,0,0,0,0,False,0.0,,angular_momentum_targeted_burn_a,24,1.0500005729909416,0.05000057299094154,0.39528809789933456,-0.047619567338438654,0.1585203035343741,2.535356892254989e-16,0.3981460831583976,0.715232844439982,1.6615327607200459,True,,dead_geometry,no_window
phase29_angular_momentum_targeted_burn_a,0.98,165.0,8000.0,1.0,False,False,False,False,,,,,,,,,False,False,window_no_crossing,dead_window_no_crossing,0.0,,,False,0,,149555180901.35547,149555180901.35547,44.32418896694586,100000,False,True,max_steps,phase76_handoff,"{""burn_a"": 18, ""burn_b"": 46, ""coast_arc"": 1, ""phase76_handoff"": 99935}","{""insertion_window"": 99637, ""no_intercept_possible"": 363}",0.020408163265306076,1.0222633461589266,-0.04378221735089306,-0.8676920430528401,1.0227407270556506,0.9993372339776317,1.051342847008779,False,False,0,18,46,1,0,1,1,1,1,1,0,1,0,True,0.0,1363699,angular_momentum_targeted_burn_a,18,0.980000230104543,-0.019999769895457032,0.2215201998029794,0.02040792367296027,0.04948768226939316,0.0,0.22245827084959838,0.8180238326703849,1.2861046070063304,True,1609472,dead_geometry,no_window
phase29_angular_momentum_targeted_burn_a,1.0,165.0,8000.0,1.0,True,True,True,True,-88.06929902399378,-3143.494158607936,-0.020933166025926386,-0.7471762106990555,-2645.9189453125,3.5278919270833335e-10,2.988704842796222,3.1666781075799455,False,True,near_recoverable_crossing,no_window,11.00564757860189,0.6228607681431453,0.021398883100412866,False,1,182,2175.0126953125,2201.5400390625,24.039640678408468,403,True,False,success,phase76_handoff,"{""phase76_handoff"": 182}","{""handoff_ready"": 216, ""insertion_window"": 109, ""intercept_possible_poor_alignment"": 78}",2.104654818683916e-16,5.870625232460438e-10,-0.034074173710931875,-2.935310709686659e-10,0.4505343981162966,0.4324346135808888,1.0000000000000073,False,False,0,0,0,0,0,1,0,0,0,0,0,0,182,True,0.45161290322580644,1,angular_momentum_targeted_burn_a,,,,,,,,,,,,,near_recoverable_crossing,no_window
phase29_angular_momentum_targeted_burn_a,1.02,165.0,8000.0,1.0,False,False,False,False,,,,,,,,,False,False,dead_geometry,no_window,0.0,,,False,0,,150000107147.89355,158947272342.5498,894.4929434014972,100000,False,True,max_steps,coast_arc,"{""burn_a"": 18, ""coast_arc"": 99982}","{""intercept_possible_poor_alignment"": 100000}",0.019607843137254777,0.04563327124886319,-0.024462734730208335,5.324249473735476e-15,0.04563446835952912,3.5355236877413835e-07,1.011931143179955,False,False,0,18,0,99982,0,1,0,0,0,0,0,0,0,False,0.0,,angular_momentum_targeted_burn_a,18,1.020000223439582,0.0200002234395819,0.2149824227763223,-0.01960805790035826,0.04660191803740114,2.535356892254989e-16,0.215874773971858,0.8224531188630005,1.2753065031019812,True,,dead_geometry,no_window
phase29_angular_momentum_targeted_burn_a,1.05,165.0,8000.0,1.0,False,False,False,False,,,,,,,,,False,False,dead_geometry,no_window,0.0,,,False,0,,375000105145.7471,383236601009.0654,823.1438839150447,100000,False,True,max_steps,coast_arc,"{""burn_a"": 24, ""coast_arc"": 99976}","{""intercept_possible_poor_alignment"": 100000}",0.04761904761904765,0.04064094899071877,-0.010220561444707415,-5.5777851629609755e-15,0.040643684791133866,1.0266438260114292e-07,0.9845846508186482,False,False,0,24,0,99976,0,1,0,0,0,0,0,0,0,False,0.0,,angular_momentum_targeted_burn_a,24,1.0500002876970964,0.05000028769709648,0.19797680092015518,-0.047619308568723685,0.04146241225114166,-2.535356892254989e-16,0.2036232114743855,0.8308247884111867,1.2556870245444574,True,,dead_geometry,no_window
phase29_angular_momentum_targeted_burn_a,0.98,170.0,8000.0,1.0,False,False,False,False,,,,,,,,,False,False,window_no_crossing,dead_window_no_crossing,0.0,,,False,0,,149555861414.12988,149555861414.12988,44.32418896680039,100000,False,True,max_steps,phase76_handoff,"{""burn_a"": 18, ""burn_b"": 46, ""coast_arc"": 1, ""phase76_handoff"": 99935}","{""insertion_window"": 99637, ""no_intercept_possible"": 363}",0.020408163265306496,1.0222635350554803,-0.025090063551973553,-0.867692055167173,1.022735771012519,0.9993366606738636,1.0345273477061143,False,False,0,18,46,1,0,1,1,1,1,1,0,1,0,True,0.0,2032565,angular_momentum_targeted_burn_a,18,0.9800001529604256,-0.01999984703957435,0.14717091933770285,0.020408003997915855,0.022075766125883505,1.2676784461274944e-16,0.14857915777754038,0.8706409072710013,1.1745073063864695,True,2422570,dead_geometry,no_window
phase29_angular_momentum_targeted_burn_a,1.0,170.0,8000.0,1.0,True,True,True,True,-26.609700880474676,-3835.407376660934,-0.006324852049514541,-0.911636861908399,-2190.5517578125,2.920735677083333e-10,3.646547447633596,3.6602346470497937,False,False,crossing_bad_sync,no_window,8.676726276183203,0.7368993122782103,0.029925929496057102,False,1,2307,470.41796875,2058.1533203125,20.503655353634183,2529,True,False,success,phase76_handoff,"{""phase76_handoff"": 2307}","{""handoff_ready"": 216, ""insertion_window"": 1096, ""intercept_possible_poor_alignment"": 1217}",2.104654818683916e-16,5.488264172930856e-10,-0.015192246987791962,-2.744130855547726e-10,0.8975993091151757,0.8706165037730679,1.0000000000000073,False,False,0,0,0,0,0,1,0,0,0,0,0,0,2307,True,0.9122182680901542,0,angular_momentum_targeted_burn_a,,,,,,,,,,,,,crossing_bad_sync,no_window
phase29_angular_momentum_targeted_burn_a,1.02,170.0,8000.0,1.0,False,False,False,False,,,,,,,,,False,False,dead_geometry,no_window,0.0,,,False,0,,150000071574.81836,155976041675.33203,597.3775519874539,100000,False,True,max_steps,coast_arc,"{""burn_a"": 18, ""coast_arc"": 99982}","{""intercept_possible_poor_alignment"": 100000}",0.01960784313725499,0.020575586634497923,-0.005392923511594131,7.479302832152217e-15,0.02057631670129502,5.576458091283712e-08,0.99487207600198,False,False,0,18,0,99982,0,1,0,0,0,0,0,0,0,False,0.0,,angular_momentum_targeted_burn_a,18,1.020000149257691,0.020000149257690884,0.14360831196747523,-0.019607986599067,0.02100782040461649,-2.535356892254989e-16,0.14494074790967865,0.8734076429943664,1.1695095954524188,True,,dead_geometry,no_window
phase29_angular_momentum_targeted_burn_a,1.05,170.0,8000.0,1.0,False,False,False,False,,,,,,,,,False,False,dead_geometry,no_window,0.0,,,False,0,,375000070544.91113,380524464374.6006,551.9407917863285,100000,False,True,max_steps,coast_arc,"{""burn_a"": 24, ""coast_arc"": 99976}","{""intercept_possible_poor_alignment"": 100000}",0.047619047619047436,0.019540981679901172,0.009127655905139585,4.56364240605898e-15,0.01954246366469961,9.16862692055688e-08,0.9670674086258495,False,False,0,24,0,99976,0,1,0,0,0,0,0,0,0,False,0.0,,angular_momentum_targeted_burn_a,24,1.0500001930231635,0.05000019302316354,0.13282757632145278,-0.047619222696714814,0.019910755401670834,0.0,0.1411054761576283,0.8763431785177616,1.1642873161262866,True,,dead_geometry,no_window
phase29_angular_momentum_targeted_burn_a,0.98,175.0,8000.0,1.0,False,False,False,False,,,,,,,,,False,False,window_no_crossing,dead_window_no_crossing,0.0,,,False,0,,149556514658.8164,149556514658.8164,44.32418896666064,100000,False,True,max_steps,phase76_handoff,"{""burn_a"": 18, ""burn_b"": 46, ""coast_arc"": 1, ""phase76_handoff"": 99935}","{""insertion_window"": 99637, ""no_intercept_possible"": 363}",0.020408163265306287,1.0222637163829724,-0.013817563036137981,-0.8676920667959788,1.0227326056902168,0.9993364330589527,1.0239717097380125,False,False,0,18,46,1,0,1,1,1,1,1,0,1,0,True,0.0,2807961,angular_momentum_targeted_burn_a,18,0.9800000764274793,-0.019999923572520704,0.07353474034410167,0.020408083686512455,0.005823847917229886,-1.2676784461274944e-16,0.07631413969396572,0.9290967786452524,1.082619148969847,True,4848500,dead_geometry,no_window
phase29_angular_momentum_targeted_burn_a,1.0,175.0,8000.0,1.0,True,True,True,True,-35.33209647045934,-3439.731965189568,-0.00839807571601849,-0.8175888886362344,-454.1748046875,6.0556640625e-11,3.2703555545449374,3.2972025479901705,False,False,crossing_bad_sync,no_window,8.86482222272753,0.6641488018287663,0.02482508985438676,False,1,86,265.2685546875,277.490234375,8.86631054729974,307,True,False,success,phase76_handoff,"{""phase76_handoff"": 86}","{""handoff_ready"": 215, ""insertion_window"": 52, ""intercept_possible_poor_alignment"": 40}",2.104654818683916e-16,7.398261572089514e-11,-0.0038053019082545138,-3.6991364129378737e-11,0.2861142806458803,0.2677516417374583,1.0000000000000073,False,False,0,0,0,0,0,1,0,0,0,0,0,0,86,True,0.28013029315960913,1,angular_momentum_targeted_burn_a,,,,,,,,,,,,,crossing_bad_sync,no_window
phase29_angular_momentum_targeted_burn_a,1.02,175.0,8000.0,1.0,False,False,False,False,,,,,,,,,False,False,window_no_crossing,dead_window_no_crossing,0.0,,,False,0,,149560506652.77637,149560506652.77637,44.31850488991713,100000,False,True,max_steps,phase76_handoff,"{""burn_a"": 18, ""burn_b"": 46, ""coast_arc"": 80, ""phase76_handoff"": 99856}","{""insertion_window"": 99536, ""intercept_possible_good_alignment"": 2, ""intercept_possible_poor_alignment"": 460, ""no_intercept_possible"": 2}",0.019607843137254777,0.9446040212581632,0.006107327294770394,-1.1299962329725695,0.9421291296849429,0.9985444932756528,1.0000027225934487,False,False,0,18,46,80,0,1,1,1,1,1,0,1,0,True,0.0,2808033,angular_momentum_targeted_burn_a,18,1.0200000749138989,0.020000074913898828,0.07207842798555653,-0.019607915142150188,0.005579770117090822,2.535356892254989e-16,0.07469785885211386,0.9304940842332204,1.0807280730588689,True,,dead_geometry,no_window
phase29_angular_momentum_targeted_burn_a,1.05,175.0,8000.0,1.0,False,False,False,False,,,,,,,,,False,False,window_no_crossing,dead_window_no_crossing,0.0,,,False,0,,374560446555.2363,374560446555.2363,44.31703730561255,100000,False,True,max_steps,phase76_handoff,"{""burn_a"": 24, ""burn_b"": 46, ""coast_arc"": 80, ""phase76_handoff"": 99850}","{""intercept_possible_good_alignment"": 3, ""intercept_possible_poor_alignment"": 99951, ""no_intercept_possible"": 46}",0.04761904761904765,0.887352324473998,0.020795802465610375,-1.1388442873001772,0.8861586500259174,0.998497735885336,1.0000170146444394,False,False,0,24,46,80,0,1,1,1,1,0,0,1,0,True,0.0,7008022,angular_momentum_targeted_burn_a,24,1.0500000968802075,0.050000096880207553,0.06666745328243559,-0.047619135492243635,0.006712131392194134,0.0,0.081927598476913,0.9242762652581865,1.089238711828168,True,,dead_geometry,no_window
phase29_angular_momentum_targeted_burn_a,0.98,150.0,10000.0,1.0,False,False,False,False,,,,,,,,,False,False,window_no_crossing,dead_window_no_crossing,0.0,,,False,0,,149442593421.47363,149442593421.47363,55.39604766296477,100000,False,True,max_steps,phase76_handoff,"{""burn_a"": 18, ""burn_b"": 46, ""coast_arc"": 1, ""phase76_handoff"": 99935}","{""insertion_window"": 99526, ""intercept_possible_poor_alignment"": 13, ""no_intercept_possible"": 461}",0.020408163265306076,1.013284830378576,-0.1426785900258876,-0.8379697114409538,1.0129809046953748,0.9993445485101267,1.1316961965152832,False,False,0,18,46,1,0,1,1,1,1,1,0,1,0,True,0.0,705902,angular_momentum_targeted_burn_a,18,0.9800004574678037,-0.019999542532196223,0.43745475565346686,0.02040768759617634,0.19178313827913518,6.479166654401484e-10,0.43793051644275804,0.6954438965310338,1.7791394668271328,True,815002,dead_geometry,no_window
phase29_angular_momentum_targeted_burn_a,1.0,150.0,10000.0,1.0,True,True,True,True,-6.276680836972505,-4026.540150778171,-0.0014919024394221608,-0.9570671553015822,-547.65234375,7.30203125e-11,3.8282686212063286,3.828995307954149,False,False,crossing_bad_sync,no_window,8.585865689396837,0.7674440072415927,0.02644763969103196,False,1,413,80.015625,399.2158203125,22.040497429913927,630,True,False,success,phase76_handoff,"{""phase76_handoff"": 413}","{""handoff_ready"": 211, ""insertion_window"": 251, ""intercept_possible_poor_alignment"": 168}",0.0,1.0644565350620334e-10,-0.13397459621556124,-5.3222465417905946e-11,0.6430051106494269,0.6187930017814905,1.000000000000006,False,False,0,0,0,0,0,1,0,0,0,0,0,0,413,True,0.6555555555555556,0,angular_momentum_targeted_burn_a,,,,,,,,,,,,,crossing_bad_sync,no_window
phase29_angular_momentum_targeted_burn_a,1.02,150.0,10000.0,1.0,False,False,False,False,,,,,,,,,False,False,dead_geometry,no_window,0.0,,,False,0,,150000207968.7754,167547731545.42676,1754.5120680394411,100000,False,True,max_steps,coast_arc,"{""burn_a"": 18, ""coast_arc"": 99982}","{""intercept_possible_poor_alignment"": 100000}",0.01960784313725499,0.17438862150903678,-0.12535721577320472,1.1935572873824198e-10,0.17438732719005162,5.148245870094993e-06,1.0906192786268316,False,False,0,18,0,99982,0,1,0,0,0,0,0,0,0,False,0.0,,angular_momentum_targeted_burn_a,18,1.0200004443022126,0.0200004443022125,0.4227043736158014,-0.019608270746714253,0.17906347063514558,-5.714340752856274e-10,0.42315891999740224,0.7026622148838846,1.733579721563222,True,,dead_geometry,no_window
phase29_angular_momentum_targeted_burn_a,1.05,150.0,10000.0,1.0,False,False,False,False,,,,,,,,,False,False,dead_geometry,no_window,0.0,,,False,0,,375000204779.0176,390451732539.2119,1544.6160611269624,100000,False,True,max_steps,coast_arc,"{""burn_a"": 24, ""coast_arc"": 99976}","{""intercept_possible_poor_alignment"": 100000}",0.04761904761904765,0.13723536990230548,-0.11258803253505753,-4.43687456144623e-15,0.13724331113922622,3.017008271779128e-06,1.064724909189125,False,False,0,24,0,99976,0,1,0,0,0,0,0,0,0,False,0.0,,angular_momentum_targeted_burn_a,24,1.0500005567124753,0.05000055671247526,0.3722819288360792,-0.047619552573389116,0.14086145632523475,1.762073040117217e-14,0.3753151426803943,0.7271060784302164,1.6008071722609531,True,,dead_geometry,no_window
phase29_angular_momentum_targeted_burn_a,0.98,165.0,10000.0,1.0,False,False,False,False,,,,,,,,,False,False,window_no_crossing,dead_window_no_crossing,0.0,,,False,0,,149444729570.6582,149444729570.6582,55.39604766297488,100000,False,True,max_steps,phase76_handoff,"{""burn_a"": 18, ""burn_b"": 46, ""coast_arc"": 1, ""phase76_handoff"": 99935}","{""insertion_window"": 99526, ""intercept_possible_poor_alignment"": 13, ""no_intercept_possible"": 461}",0.020408163265306076,1.0132854232030182,-0.04378221735089306,-0.8379697579004981,1.0129586390635903,0.9993385672477788,1.053441288255989,False,False,0,18,46,1,0,1,1,1,1,1,0,1,0,True,0.0,1363699,angular_momentum_targeted_burn_a,18,0.9800002250302942,-0.01999977496970586,0.2118691997733101,0.02040792895644613,0.04530504137690188,1.356415937356419e-14,0.21284980943584594,0.824504396356524,1.2704055871260385,True,1682786,dead_geometry,no_window
phase29_angular_momentum_targeted_burn_a,1.0,165.0,10000.0,1.0,True,True,True,True,-8.88966729674766,-3994.6531548940916,-0.0021129824297496515,-0.9494879445402064,-488.6103515625,6.5148046875e-11,3.7979517781608254,3.79942093563033,False,False,crossing_bad_sync,no_window,8.601024110919587,0.7621259346130128,0.026098185272395925,False,1,243,206.97265625,277.3115234375,17.30631244279581,460,True,False,success,phase76_handoff,"{""phase76_handoff"": 243}","{""handoff_ready"": 211, ""insertion_window"": 148, ""intercept_possible_poor_alignment"": 101}",2.104654818683916e-16,7.393778657325719e-11,-0.034074173710931875,-3.6968672685193056e-11,0.5219687416576904,0.504706529929417,1.0000000000000058,False,False,0,0,0,0,0,1,0,0,0,0,0,0,243,True,0.5282608695652173,0,angular_momentum_targeted_burn_a,,,,,,,,,,,,,near_recoverable_crossing,no_window
phase29_angular_momentum_targeted_burn_a,1.02,165.0,10000.0,1.0,False,False,False,False,,,,,,,,,False,False,dead_geometry,no_window,0.0,,,False,0,,150000106980.71094,158537518397.33105,853.5146001598716,100000,False,True,max_steps,coast_arc,"{""burn_a"": 18, ""coast_arc"": 99982}","{""intercept_possible_poor_alignment"": 100000}",0.019607843137254777,0.041584293814270486,-0.024462734730208335,1.0141427569019956e-14,0.041585925025020606,3.3376225541035175e-07,1.0133951939332155,False,False,0,18,0,99982,0,1,0,0,0,0,0,0,0,False,0.0,,angular_momentum_targeted_burn_a,18,1.0200002185510302,0.020000218551030208,0.20568593893683917,-0.019608053201727954,0.042691181226509306,-9.254052656730708e-14,0.20661844357822118,0.8287624023335162,1.2604275860783851,True,,dead_geometry,no_window
phase29_angular_momentum_targeted_burn_a,1.05,165.0,10000.0,1.0,False,False,False,False,,,,,,,,,False,False,dead_geometry,no_window,0.0,,,False,0,,375000104865.8799,382725984781.8086,772.077381237384,100000,False,True,max_steps,coast_arc,"{""burn_a"": 24, ""coast_arc"": 99976}","{""intercept_possible_poor_alignment"": 100000}",0.04761904761904765,0.03603278261131157,-0.010220561444707415,6.0848565414119725e-15,0.0360360097083059,1.352667368252306e-07,0.9867598461521643,False,False,0,24,0,99976,0,1,0,0,0,0,0,0,0,False,0.0,,angular_momentum_targeted_burn_a,24,1.0500002790305905,0.050000279030590365,0.18620507782813434,-0.047619300707951256,0.03693992880889586,-1.2676784461274944e-16,0.19219762956107495,0.8387871064365097,1.2379265481192423,True,,dead_geometry,no_window
phase29_angular_momentum_targeted_burn_a,0.98,170.0,10000.0,1.0,False,False,False,False,,,,,,,,,False,False,window_no_crossing,dead_window_no_crossing,0.0,,,False,0,,149445384029.8252,149445384029.8252,55.39604766297801,100000,False,True,max_steps,phase76_handoff,"{""burn_a"": 18, ""burn_b"": 46, ""coast_arc"": 1, ""phase76_handoff"": 99935}","{""insertion_window"": 99526, ""intercept_possible_poor_alignment"": 13, ""no_intercept_possible"": 461}",0.020408163265306496,1.013285604828599,-0.025090063551973553,-0.8379697721341856,1.012953696074497,0.999338087529145,1.0361159266077478,False,False,0,18,46,1,0,1,1,1,1,1,0,1,0,True,0.0,1396799,angular_momentum_targeted_burn_a,18,0.980000149618888,-0.01999985038111198,0.14081153963347207,0.020408007477231385,0.020244376463135993,-1.9015176691912415e-15,0.1422827342411574,0.8754400027453074,1.1658853563070957,True,2531979,dead_geometry,no_window
phase29_angular_momentum_targeted_burn_a,1.0,170.0,10000.0,1.0,True,True,True,True,-627.8014830847948,-3075.3016548794985,-0.1492219516037754,-0.7309675543558039,-43366.4140625,5.782188541666666e-09,7.4610975801887705,8.013550658069029,False,False,crossing_bad_sync,no_window,6.769451209905615,0.7638403911913622,0.018126425876468198,False,1,3843,15013.0810546875,48971.787109375,233.64182222797018,4059,True,False,success,phase76_handoff,"{""phase76_handoff"": 3843}","{""handoff_ready"": 212, ""insertion_window"": 1791, ""intercept_possible_poor_alignment"": 2056}",2.104654818683916e-16,1.3059133116941239e-08,-0.015192246987791962,-6.529566633759087e-09,0.9258990373606751,0.919683014238784,1.000000000000005,False,False,0,0,0,0,0,1,0,0,0,0,0,0,3843,True,0.9467849223946785,0,angular_momentum_targeted_burn_a,,,,,,,,,,,,,crossing_bad_sync,no_window
phase29_angular_momentum_targeted_burn_a,1.02,170.0,10000.0,1.0,False,False,False,False,,,,,,,,,False,False,dead_geometry,no_window,0.0,,,False,0,,150000071384.30664,155696032947.8545,569.3747291062701,100000,False,True,max_steps,coast_arc,"{""burn_a"": 18, ""coast_arc"": 99982}","{""intercept_possible_poor_alignment"": 100000}",0.01960784313725499,0.018728295180834808,-0.005392923511594131,-1.2803552305887692e-14,0.018729195737243163,6.816645526025107e-08,0.9960543260000787,False,False,0,18,0,99982,0,1,0,0,0,0,0,0,0,False,0.0,,angular_momentum_targeted_burn_a,18,1.0200001458310854,0.020000145831085416,0.13724668715160887,-0.019607983305506987,0.019221126143429322,1.4831837819691684e-14,0.13864027605064957,0.8782404952936577,1.1609551412678212,True,,dead_geometry,no_window
phase29_angular_momentum_targeted_burn_a,1.05,170.0,10000.0,1.0,False,False,False,False,,,,,,,,,False,False,dead_geometry,no_window,0.0,,,False,0,,375000070357.1406,380181879175.1211,517.6789981448129,100000,False,True,max_steps,coast_arc,"{""burn_a"": 24, ""coast_arc"": 99976}","{""intercept_possible_poor_alignment"": 100000}",0.047619047619047436,0.01746665995425022,0.009127655905139585,8.87374912289246e-16,0.017468313080753164,1.2080238711261065e-07,0.9670851125186797,False,False,0,24,0,99976,0,1,0,0,0,0,0,0,0,False,0.0,,angular_momentum_targeted_burn_a,24,1.0500001872085873,0.05000018720858737,0.12492963277711433,-0.04761921742272488,0.017875003013777133,-2.535356892254989e-16,0.13369743084209865,0.8820695652959272,1.154331102783246,True,,dead_geometry,no_window
phase29_angular_momentum_targeted_burn_a,0.98,175.0,10000.0,1.0,False,False,False,False,,,,,,,,,False,False,window_no_crossing,dead_window_no_crossing,0.0,,,False,0,,149446012053.83398,149446012053.83398,55.39604766298096,100000,False,True,max_steps,phase76_handoff,"{""burn_a"": 18, ""burn_b"": 46, ""coast_arc"": 1, ""phase76_handoff"": 99935}","{""insertion_window"": 99526, ""intercept_possible_poor_alignment"": 13, ""no_intercept_possible"": 461}",0.020408163265306287,1.0132857791181058,-0.013817563036137981,-0.837969785793482,1.0129506170273186,0.9993379024715963,1.026368401791337,False,False,0,18,46,1,0,1,1,1,1,1,0,1,0,True,0.0,1396805,angular_momentum_targeted_burn_a,18,0.9800000746728841,-0.019999925327115885,0.07027726662810976,0.020408085513454924,0.00535538415904367,5.070713784509978e-16,0.07318049028971245,0.9318097086633061,1.078958728774051,True,5073237,dead_geometry,no_window
phase29_angular_momentum_targeted_burn_a,1.0,175.0,10000.0,1.0,True,True,True,True,-75.56244302967407,-3051.944929061562,-0.017960415068522723,-0.7254159010011462,-4019.8388671875,5.35978515625e-10,2.9016636040045847,3.037448426622083,False,True,near_recoverable_crossing,no_window,11.049168197997707,0.6018852194191227,0.016617452634956786,False,1,44,1625.736328125,2204.3291015625,8.84814968539807,260,True,False,success,phase76_handoff,"{""phase76_handoff"": 44}","{""handoff_ready"": 212, ""insertion_window"": 27, ""intercept_possible_poor_alignment"": 21}",2.104654818683916e-16,5.878098861721584e-10,-0.0038053019082545138,-2.9390490934242894e-10,0.172384283833011,0.1599501633935743,1.0000000000000058,False,False,0,0,0,0,0,1,0,0,0,0,0,0,44,True,0.16923076923076924,0,angular_momentum_targeted_burn_a,,,,,,,,,,,,,near_recoverable_crossing,no_window
phase29_angular_momentum_targeted_burn_a,1.02,175.0,10000.0,1.0,False,False,False,False,,,,,,,,,False,False,window_no_crossing,dead_window_no_crossing,0.0,,,False,0,,149449929256.94434,149449929256.94434,55.40720305762873,100000,False,True,max_steps,phase76_handoff,"{""burn_a"": 18, ""burn_b"": 46, ""coast_arc"": 80, ""phase76_handoff"": 99856}","{""insertion_window"": 99427, ""intercept_possible_good_alignment"": 2, ""intercept_possible_poor_alignment"": 571}",0.019607843137254777,0.9341670459737357,0.006107327294770394,-1.1656483333361367,0.9323838346550776,0.9985456837976151,1.0000027225354753,False,False,0,18,46,80,0,1,1,1,1,1,0,1,0,True,0.0,1396841,angular_momentum_targeted_burn_a,18,1.0200000731940515,0.02000007319405143,0.06888546540190382,-0.019607913489103734,0.00512967761499999,-1.6986891178108425e-14,0.07162176774580338,0.9331650682157228,1.0771471855515877,True,,dead_geometry,no_window
phase29_angular_momentum_targeted_burn_a,1.05,175.0,10000.0,1.0,False,False,False,False,,,,,,,,,False,False,window_no_crossing,dead_window_no_crossing,0.0,,,False,0,,374449840974.22656,374449840974.22656,55.403941671108434,100000,False,True,max_steps,phase76_handoff,"{""burn_a"": 24, ""burn_b"": 46, ""coast_arc"": 80, ""phase76_handoff"": 99850}","{""intercept_possible_good_alignment"": 3, ""intercept_possible_poor_alignment"": 99951, ""no_intercept_possible"": 46}",0.04761904761904765,0.8797195935173727,0.020795802465610375,-1.165798408851657,0.876413310590825,0.9984993611605292,1.000017014503885,False,False,0,24,46,80,0,1,1,1,1,0,0,1,0,True,0.0,3496793,angular_momentum_targeted_burn_a,24,1.050000093961814,0.05000009396181393,0.06270339752689605,-0.04761913284517528,0.0061992978743416844,-2.535356892254989e-16,0.07873562011149876,0.9270111984404843,1.085464739362904,True,,dead_geometry,no_window
phase29_angular_momentum_targeted_burn_a,0.98,150.0,12000.0,1.0,False,False,False,False,,,,,,,,,False,False,window_no_crossing,dead_window_no_crossing,0.0,,,False,0,,149331690883.30762,149331690883.30762,66.48041404775374,100000,False,True,max_steps,phase76_handoff,"{""burn_a"": 18, ""burn_b"": 46, ""coast_arc"": 1, ""phase76_handoff"": 99935}","{""insertion_window"": 99904, ""no_intercept_possible"": 96}",0.020408163265306076,0.9985336854637406,-0.1426785900258876,-1.200595413244669,1.0010619043590345,0.9993454478059142,1.130450960948425,False,False,0,18,46,1,0,1,1,1,1,1,0,1,0,True,0.0,705902,angular_momentum_targeted_burn_a,18,0.9800004488518206,-0.019999551148179428,0.41886245047889414,0.020407494774235844,0.17586181600006953,-1.971094871308847e-07,0.41935920270210714,0.7045430105904931,1.7222344871988442,True,851178,dead_geometry,no_window
phase29_angular_momentum_targeted_burn_a,1.0,150.0,12000.0,1.0,True,True,True,True,-80.49851164523518,-3051.369756909111,-0.019133667779626447,-0.7252791884998071,-3681.29296875,4.908390625e-10,2.9011167539992284,3.0547866581952734,False,True,near_recoverable_crossing,no_window,11.049441623000385,0.6031837526262365,0.014364654403677601,False,3,114,148.345703125,755.0380859375,26.347138132160573,326,True,False,success,phase76_handoff,"{""phase76_handoff"": 114}","{""handoff_ready"": 209, ""insertion_window"": 68, ""intercept_possible_poor_alignment"": 49}",0.0,2.0133359507560395e-10,-0.13397459621556124,-1.0066672571051816e-10,0.34060435774997916,0.3252353379979766,1.0000000000000049,False,False,0,0,0,0,0,1,0,0,0,0,0,0,114,True,0.3496932515337423,0,angular_momentum_targeted_burn_a,,,,,,,,,,,,,near_recoverable_crossing,no_window
phase29_angular_momentum_targeted_burn_a,1.02,150.0,12000.0,1.0,False,False,False,False,,,,,,,,,False,False,dead_geometry,no_window,0.0,,,False,0,,150000207905.38477,166748151516.2373,1674.5477811351725,100000,False,True,max_steps,coast_arc,"{""burn_a"": 18, ""coast_arc"": 99982}","{""intercept_possible_poor_alignment"": 100000}",0.01960784313725499,0.1588928242814449,-0.12535721577320472,-1.4107099460112676e-08,0.15889431925426847,4.3910081181448765e-06,1.0922888153156627,False,False,0,18,0,99982,0,1,0,0,0,0,0,0,0,False,0.0,,angular_momentum_targeted_burn_a,18,1.020000435464427,0.020000435464427084,0.4045234070763274,-0.01960823100056963,0.1640237309782498,3.130515899256288e-08,0.4049983686849974,0.7117446431957533,1.6806677662382812,True,,dead_geometry,no_window
phase29_angular_momentum_targeted_burn_a,1.05,150.0,12000.0,1.0,False,False,False,False,,,,,,,,,False,False,dead_geometry,no_window,0.0,,,False,0,,375000204677.08984,389484724469.31055,1447.9061556192942,100000,False,True,max_steps,coast_arc,"{""burn_a"": 24, ""coast_arc"": 99976}","{""intercept_possible_poor_alignment"": 100000}",0.04761904761904765,0.12087373475369853,-0.11258803253505753,6.351992899150284e-09,0.12088396817876855,2.7824895258592396e-06,1.071081001006248,False,False,0,24,0,99976,0,1,0,0,0,0,0,0,0,False,0.0,,angular_momentum_targeted_burn_a,24,1.0500005401053434,0.05000054010534336,0.3499218630723955,-0.047619549773678674,0.12471290724987313,-1.2876592515221755e-08,0.3531471786540329,0.7390178910482664,1.5459466840788012,True,,dead_geometry,no_window
phase29_angular_momentum_targeted_burn_a,0.98,165.0,12000.0,1.0,False,False,False,False,,,,,,,,,False,False,window_no_crossing,dead_window_no_crossing,0.0,,,False,0,,149333723881.96484,149333723881.96484,66.48041404408217,100000,False,True,max_steps,phase76_handoff,"{""burn_a"": 18, ""burn_b"": 46, ""coast_arc"": 1, ""phase76_handoff"": 99935}","{""insertion_window"": 99904, ""no_intercept_possible"": 96}",0.020408163265306076,0.9985342502886493,-0.04378221735089306,-1.2005953570128054,1.0010392721622576,0.9993403927890171,1.0528140663400167,False,False,0,18,46,1,0,1,1,1,1,1,0,1,0,True,0.0,1363699,angular_momentum_targeted_burn_a,18,0.9800002202937977,-0.019999779706202214,0.20283528937705622,0.02040793696532535,0.04155864466205455,3.015558558361868e-09,0.2038593605444265,0.8306618188181739,1.2560594905881821,True,1757735,dead_geometry,no_window
phase29_angular_momentum_targeted_burn_a,1.0,165.0,12000.0,1.0,True,True,True,True,-29.385295636110204,-3791.606204635221,-0.0069845823583089784,-0.9012257740911267,-579.7763671875,7.7303515625e-11,3.604903096364507,3.621779577911722,False,False,crossing_bad_sync,no_window,8.697548451817747,0.7293621181801756,0.02031839432766244,False,2,105,135.919921875,502.3330078125,21.192783332264064,318,True,False,success,phase76_handoff,"{""phase76_handoff"": 105}","{""handoff_ready"": 209, ""insertion_window"": 63, ""intercept_possible_poor_alignment"": 46}",2.104654818683916e-16,1.3396506758790487e-10,-0.034074173710931875,6.698273464708606e-11,0.3259054175294539,0.3132262829276735,1.0000000000000049,False,False,0,0,0,0,0,1,0,0,0,0,0,0,105,True,0.330188679245283,0,angular_momentum_targeted_burn_a,,,,,,,,,,,,,crossing_bad_sync,no_window
phase29_angular_momentum_targeted_burn_a,1.02,165.0,12000.0,1.0,False,False,False,False,,,,,,,,,False,False,dead_geometry,no_window,0.0,,,False,0,,150000106813.5293,158145519895.82227,814.3119897125266,100000,False,True,max_steps,coast_arc,"{""burn_a"": 18, ""coast_arc"": 99982}","{""intercept_possible_poor_alignment"": 100000}",0.019607843137254777,0.03788837140084048,-0.024462734730208335,4.651509889570327e-09,0.03789036220941205,3.142550714360495e-07,1.0132620238495988,False,False,0,18,0,99982,0,1,0,0,0,0,0,0,0,False,0.0,,angular_momentum_targeted_burn_a,18,1.0200002137936643,0.020000213793664453,0.1967685566579022,-0.019608058748786322,0.03910232061757225,-1.0322176331064928e-08,0.1977431173383359,0.8349035489161316,1.2464835154021079,True,,dead_geometry,no_window
phase29_angular_momentum_targeted_burn_a,1.05,165.0,12000.0,1.0,False,False,False,False,,,,,,,,,False,False,dead_geometry,no_window,0.0,,,False,0,,375000104586.01074,382245767304.3457,724.0511885414967,100000,False,True,max_steps,coast_arc,"{""burn_a"": 24, ""coast_arc"": 99976}","{""intercept_possible_poor_alignment"": 100000}",0.04761904761904765,0.03196784334634535,-0.010220561444707415,-4.406407177672002e-10,0.03197146712839093,2.021477224325837e-07,0.9889366391605047,False,False,0,24,0,99976,0,1,0,0,0,0,0,0,0,False,0.0,,angular_momentum_targeted_burn_a,24,1.0500002706875675,0.05000027068756745,0.17510461444781472,-0.04761929228986775,0.032929224700545365,8.932559261365207e-10,0.1814641093243015,0.8464074311647335,1.2216935300919003,True,,dead_geometry,no_window
phase29_angular_momentum_targeted_burn_a,0.98,170.0,12000.0,1.0,False,False,False,False,,,,,,,,,False,False,window_no_crossing,dead_window_no_crossing,0.0,,,False,0,,149334358550.09863,149334358550.09863,66.48041404293573,100000,False,True,max_steps,phase76_handoff,"{""burn_a"": 18, ""burn_b"": 46, ""coast_arc"": 1, ""phase76_handoff"": 99935}","{""insertion_window"": 99904, ""no_intercept_possible"": 96}",0.020408163265306496,0.9985344266176184,-0.025090063551973553,-1.2005953394581113,1.0010344038980896,0.999339992560873,1.0366062846099975,False,False,0,18,46,1,0,1,1,1,1,1,0,1,0,True,0.0,2032565,angular_momentum_targeted_burn_a,18,0.9800001463669534,-0.019999853633046613,0.13471128603796623,0.020408009180365307,0.01856361405893253,-1.6492305164673336e-09,0.13624836621465303,0.8800892713562108,1.1577402086281336,True,2646638,dead_geometry,no_window
phase29_angular_momentum_targeted_burn_a,1.0,170.0,12000.0,1.0,True,True,True,True,-30.099257367256808,-2552.5823086070577,-0.007154283714171683,-0.6067225452351612,-1052.3896484375,1.4031861979166667e-10,2.426890180940645,2.4531113690583384,False,True,near_recoverable_crossing,no_window,11.286554909529677,0.49396317678545365,0.010598707260321274,False,6,1010,10.53125,67.607421875,14.814055285645287,1222,True,False,success,phase76_handoff,"{""phase76_handoff"": 1010}","{""handoff_ready"": 209, ""insertion_window"": 560, ""intercept_possible_poor_alignment"": 453}",2.104654818683916e-16,1.8038365054494238e-11,-0.015192246987791962,9.019278608507897e-12,0.7941505641062065,0.769303524146656,1.0000000000000049,False,False,0,0,0,0,0,1,0,0,0,0,0,0,1010,True,0.8265139116202946,0,angular_momentum_targeted_burn_a,,,,,,,,,,,,,near_recoverable_crossing,no_window
phase29_angular_momentum_targeted_burn_a,1.02,170.0,12000.0,1.0,False,False,False,False,,,,,,,,,False,False,dead_geometry,no_window,0.0,,,False,0,,150000071193.79297,155428443799.4629,542.6139939737651,100000,False,True,max_steps,coast_arc,"{""burn_a"": 18, ""coast_arc"": 99982}","{""intercept_possible_poor_alignment"": 100000}",0.01960784313725499,0.017045734141340408,-0.005392923511594131,-3.166738974186607e-09,0.017046778625938553,1.0133198229108201e-07,0.9972370185887566,False,False,0,18,0,99982,0,1,0,0,0,0,0,0,0,False,0.0,,angular_momentum_targeted_burn_a,18,1.0200001424986311,0.02000014249863112,0.1311509909826595,-0.01960797321290768,0.017585068828379322,7.027355943859694e-09,0.13260865364228921,0.8829175115684229,1.1528821658803055,True,,dead_geometry,no_window
phase29_angular_momentum_targeted_burn_a,1.05,170.0,12000.0,1.0,False,False,False,False,,,,,,,,,False,False,dead_geometry,no_window,0.0,,,False,0,,375000070169.3701,379859689261.5244,485.45702490399555,100000,False,True,max_steps,coast_arc,"{""burn_a"": 24, ""coast_arc"": 99976}","{""intercept_possible_poor_alignment"": 100000}",0.047619047619047436,0.01563686777795611,0.009127655905139585,3.935155321394783e-10,0.015638666198667828,1.8053164782445053e-07,0.9685083234095384,False,False,0,24,0,99976,0,1,0,0,0,0,0,0,0,False,0.0,,angular_momentum_targeted_burn_a,24,1.0500001816110445,0.0500001816110444,0.11748205426470429,-0.04761921310533846,0.016069621011529495,-7.977359749172802e-10,0.12676601508828395,0.8874957045329205,1.1451684378793707,True,,dead_geometry,no_window
phase29_angular_momentum_targeted_burn_a,0.98,175.0,12000.0,1.0,False,False,False,False,,,,,,,,,False,False,window_no_crossing,dead_window_no_crossing,0.0,,,False,0,,149334964940.35645,149334964940.35645,66.48041404184066,100000,False,True,max_steps,phase76_handoff,"{""burn_a"": 18, ""burn_b"": 46, ""coast_arc"": 1, ""phase76_handoff"": 99935}","{""insertion_window"": 99904, ""no_intercept_possible"": 96}",0.020408163265306287,0.9985345950901833,-0.013817563036137981,-1.2005953226856214,1.0010314354211056,0.9993398881060995,1.0296123391004426,False,False,0,18,46,1,0,1,1,1,1,1,0,1,0,True,0.0,4049661,angular_momentum_targeted_burn_a,18,0.9800000729664988,-0.01999992703350117,0.06715596173709162,0.02040808914305988,0.004926417005027412,1.8158043516633986e-09,0.07018841351184409,0.9344149039607794,1.0754867095263356,True,5309034,dead_geometry,no_window
phase29_angular_momentum_targeted_burn_a,1.0,175.0,12000.0,1.0,True,True,True,True,-67.92548656141525,-2582.702318568411,-0.016145189110617915,-0.6138817616273774,-5157.419921875,6.876559895833333e-10,2.4555270465095096,2.584817383236934,False,True,near_recoverable_crossing,no_window,11.272236476745245,0.5104796369222995,0.010969941268989187,False,1,43,1216.3447265625,2626.7353515625,7.257112147984378,255,True,False,success,phase76_handoff,"{""phase76_handoff"": 43}","{""handoff_ready"": 209, ""insertion_window"": 26, ""intercept_possible_poor_alignment"": 20}",2.104654818683916e-16,7.004529062574584e-10,-0.0038053019082545138,-3.5022646825758274e-10,0.16585029829326867,0.15445766656619989,1.0000000000000049,False,False,0,0,0,0,0,1,0,0,0,0,0,0,43,True,0.16862745098039217,0,angular_momentum_targeted_burn_a,,,,,,,,,,,,,near_recoverable_crossing,no_window
phase29_angular_momentum_targeted_burn_a,1.02,175.0,12000.0,1.0,False,False,False,False,,,,,,,,,False,False,window_no_crossing,dead_window_no_crossing,0.0,,,False,0,,149338825441.59863,149338825441.59863,66.48328357287387,100000,False,True,max_steps,phase76_handoff,"{""burn_a"": 18, ""burn_b"": 46, ""coast_arc"": 80, ""phase76_handoff"": 99856}","{""insertion_window"": 99806, ""intercept_possible_good_alignment"": 2, ""intercept_possible_poor_alignment"": 192}",0.019607843137254777,0.9249249269578722,0.006107327294770394,-0.8071719443414924,0.920503386840219,0.9985513765150811,1.0000027224955206,False,False,0,18,46,80,0,1,1,1,1,1,0,1,0,True,0.0,7494586,angular_momentum_targeted_burn_a,18,1.0200000715214594,0.020000071521459373,0.06582597510305051,-0.019607919683657687,0.0047175139081606305,-7.958258497114398e-09,0.06868427585402119,0.9357300436411398,1.073749705021343,True,,dead_geometry,no_window
phase29_angular_momentum_targeted_burn_a,1.05,175.0,12000.0,1.0,False,False,False,False,,,,,,,,,False,False,window_no_crossing,dead_window_no_crossing,0.0,,,False,0,,374338716336.7119,374338716336.7119,66.47610196247662,100000,False,True,max_steps,phase76_handoff,"{""burn_a"": 24, ""burn_b"": 46, ""coast_arc"": 80, ""phase76_handoff"": 99850}","{""intercept_possible_good_alignment"": 2, ""intercept_possible_poor_alignment"": 99952, ""no_intercept_possible"": 46}",0.04761904761904765,0.8673140589656004,0.020795802465610375,-0.7965944069233583,0.8645329906291218,0.9985045550458167,1.000017014406278,False,False,0,24,46,80,0,1,1,1,1,0,0,1,0,True,0.0,18523266,angular_momentum_targeted_burn_a,24,1.0500000911523515,0.050000091152351565,0.058965384527914166,-0.047619132027862186,0.005744494845707759,-1.817499618049405e-09,0.07579246967757311,0.9295473100538729,1.082008059397798,True,,dead_geometry,no_window
phase29_energy_angular_momentum_balanced_burn_a,0.98,150.0,8000.0,1.0,False,False,False,False,,,,,,,,,False,False,window_no_crossing,dead_window_no_crossing,0.0,,,False,0,,149552875902.78516,149552875902.78516,44.32508362012159,100000,False,True,max_steps,phase76_handoff,"{""burn_a"": 20, ""burn_b"": 46, ""coast_arc"": 1, ""phase76_handoff"": 99933}","{""insertion_window"": 99637, ""no_intercept_possible"": 363}",0.020408163265306076,1.0226032478562044,-0.1426785900258876,-0.8690411282144345,1.0227238012947435,0.9993331241526752,1.0616992141604906,False,False,0,20,46,1,0,1,1,1,1,1,0,1,0,True,0.0,705902,energy_angular_momentum_balanced_burn_a,20,0.9800004891029788,-0.019999510897021223,0.4095051044120124,-0.032322861407068075,0.06327816710392486,-0.051675930885155735,0.3969744183133204,0.6437616382040521,1.4913439286391739,True,870626,dead_geometry,no_window
phase29_energy_angular_momentum_balanced_burn_a,1.0,150.0,8000.0,1.0,True,True,True,True,-25.192574395203952,-3281.9890635371144,-0.005988015668111895,-0.7800950243010297,-1460.0703125,1.9467604166666666e-10,3.120380097204119,3.134710956393185,False,False,crossing_bad_sync,no_window,8.93980995139794,0.6312616384372342,0.022897899677950195,False,1,631,473.6396484375,1334.857421875,19.644712995676638,852,True,False,success,phase76_handoff,"{""phase76_handoff"": 631}","{""handoff_ready"": 216, ""insertion_window"": 382, ""intercept_possible_poor_alignment"": 254}",0.0,3.55947010158653e-10,-0.13397459621556124,-1.7797318008717732e-10,0.730935153977333,0.7067683357255949,1.0000000000000073,False,False,0,0,0,0,0,1,0,0,0,0,0,0,631,True,0.7406103286384976,0,energy_angular_momentum_balanced_burn_a,,,,,,,,,,,,,crossing_bad_sync,no_window
phase29_energy_angular_momentum_balanced_burn_a,1.02,150.0,8000.0,1.0,False,False,False,False,,,,,,,,,False,False,dead_geometry,no_window,0.0,,,False,0,,150000207197.08496,166073664386.85742,1606.1223709844141,100000,False,True,max_steps,coast_arc,"{""burn_a"": 20, ""coast_arc"": 99980}","{""intercept_possible_poor_alignment"": 100000}",0.01960784313725499,0.05768925210172383,-0.12535721577320472,-0.04735705535818906,0.057691463661515396,0.04736153574203176,1.023664906802282,False,False,0,20,0,99980,0,1,0,0,0,0,0,0,0,False,0.0,,energy_angular_momentum_balanced_burn_a,20,1.0200004691993274,0.020000469199327343,0.38771080563746635,-0.06736620219673353,0.05934205784658331,-0.04871308864951769,0.38568720087323727,0.6530671475759159,1.4731042377647183,True,,dead_geometry,no_window
phase29_energy_angular_momentum_balanced_burn_a,1.05,150.0,8000.0,1.0,False,False,False,False,,,,,,,,,False,False,dead_geometry,no_window,0.0,,,False,0,,375000202888.0078,388960474910.3828,1394.7635649946499,100000,False,True,max_steps,coast_arc,"{""burn_a"": 26, ""coast_arc"": 99974}","{""intercept_possible_poor_alignment"": 100000}",0.04761904761904765,0.04563768332245441,-0.11258803253505753,-0.03759983151794661,0.045643270754681387,0.0376055547163686,0.9971689935129017,False,False,0,26,0,99974,0,1,0,0,0,0,0,0,0,False,0.0,,energy_angular_momentum_balanced_burn_a,26,1.0500005694354801,0.05000056943548021,0.33720730896143997,-0.08452602753526967,0.04704049170443823,-0.038751807608671994,0.34564032893820856,0.6866605195347301,1.4120645391796187,True,,dead_geometry,no_window
phase29_energy_angular_momentum_balanced_burn_a,0.98,165.0,8000.0,1.0,False,False,False,False,,,,,,,,,False,False,window_no_crossing,dead_window_no_crossing,0.0,,,False,0,,149555073350.28223,149555073350.28223,44.32508361978796,100000,False,True,max_steps,phase76_handoff,"{""burn_a"": 20, ""burn_b"": 46, ""coast_arc"": 1, ""phase76_handoff"": 99933}","{""insertion_window"": 99637, ""no_intercept_possible"": 363}",0.020408163265306076,1.0226038577885475,-0.04378221735089306,-0.8690411668156245,1.022714593604894,0.9993204730472928,1.0315391004833225,False,False,0,20,46,1,0,1,1,1,1,1,0,1,0,True,0.0,1363699,energy_angular_momentum_balanced_burn_a,20,0.9800002481525157,-0.019999751847484246,0.20839689455314558,0.006851913202861715,0.016364231018001617,-0.013284875208360216,0.20573183535960152,0.8074819864088681,1.225790961838912,True,1710823,dead_geometry,no_window
phase29_energy_angular_momentum_balanced_burn_a,1.0,165.0,8000.0,1.0,True,True,True,True,-88.06929902399378,-3143.494158607936,-0.020933166025926386,-0.7471762106990555,-2645.9189453125,3.5278919270833335e-10,2.988704842796222,3.1666781075799455,False,True,near_recoverable_crossing,no_window,11.00564757860189,0.6228607681431453,0.021398883100412866,False,1,182,2175.0126953125,2201.5400390625,24.039640678408468,403,True,False,success,phase76_handoff,"{""phase76_handoff"": 182}","{""handoff_ready"": 216, ""insertion_window"": 109, ""intercept_possible_poor_alignment"": 78}",2.104654818683916e-16,5.870625232460438e-10,-0.034074173710931875,-2.935310709686659e-10,0.4505343981162966,0.4324346135808888,1.0000000000000073,False,False,0,0,0,0,0,1,0,0,0,0,0,0,182,True,0.45161290322580644,1,energy_angular_momentum_balanced_burn_a,,,,,,,,,,,,,near_recoverable_crossing,no_window
phase29_energy_angular_momentum_balanced_burn_a,1.02,165.0,8000.0,1.0,False,False,False,False,,,,,,,,,False,False,dead_geometry,no_window,0.0,,,False,0,,150000106286.04492,158070179196.6084,806.5257239071598,100000,False,True,max_steps,coast_arc,"{""burn_a"": 20, ""coast_arc"": 99980}","{""intercept_possible_poor_alignment"": 100000}",0.019607843137254777,0.014466809760041919,-0.024462734730208335,-0.011908001157828522,0.0144678127298707,0.011908931253594341,0.992377672273394,False,False,0,20,0,99980,0,1,0,0,0,0,0,0,0,False,0.0,,energy_angular_momentum_balanced_burn_a,20,1.020000237259937,0.02000023725993698,0.19475829186314947,-0.03162644218001346,0.014894282102482935,-0.012258741267364408,0.19722716816543778,0.814910336271215,1.2153286154105831,True,,dead_geometry,no_window
phase29_energy_angular_momentum_balanced_burn_a,1.05,165.0,8000.0,1.0,False,False,False,False,,,,,,,,,False,False,dead_geometry,no_window,0.0,,,False,0,,375000104588.8701,381908607427.6416,690.1410082225253,100000,False,True,max_steps,coast_arc,"{""burn_a"": 26, ""coast_arc"": 99974}","{""intercept_possible_poor_alignment"": 100000}",0.04761904761904765,0.011734020770390647,-0.010220561444707415,-0.009722055457385437,0.01173605206810309,0.009723354340637612,0.9670878569197546,False,False,0,26,0,99974,0,1,0,0,0,0,0,0,0,False,0.0,,energy_angular_momentum_balanced_burn_a,26,1.0500002886806714,0.050000288680671356,0.16722924769346212,-0.05717871731266305,0.012116211294025347,-0.010037381004015378,0.17846068172808424,0.8316153455135114,1.1929142832394746,True,,dead_geometry,no_window
phase29_energy_angular_momentum_balanced_burn_a,0.98,170.0,8000.0,1.0,False,False,False,False,,,,,,,,,False,False,window_no_crossing,dead_window_no_crossing,0.0,,,False,0,,149555775321.2256,149555775321.2256,44.325083619681344,100000,False,True,max_steps,phase76_handoff,"{""burn_a"": 20, ""burn_b"": 46, ""coast_arc"": 1, ""phase76_handoff"": 99933}","{""insertion_window"": 99637, ""no_intercept_possible"": 363}",0.020408163265306496,1.0226040526304736,-0.025090063551973553,-0.8690411791466256,1.022712623161219,0.9993182531129686,1.025361745981787,False,False,0,20,46,1,0,1,1,1,1,1,0,1,0,True,0.0,2032565,energy_angular_momentum_balanced_burn_a,20,0.9800001667746281,-0.019999833225371876,0.14080919407565623,0.014175232341832029,0.007562651803605365,-0.006108103166307416,0.14017647609880549,0.8663756210543611,1.1488649416216596,True,2532019,dead_geometry,no_window
phase29_energy_angular_momentum_balanced_burn_a,1.0,170.0,8000.0,1.0,True,True,True,True,-26.609700880474676,-3835.407376660934,-0.006324852049514541,-0.911636861908399,-2190.5517578125,2.920735677083333e-10,3.646547447633596,3.6602346470497937,False,False,crossing_bad_sync,no_window,8.676726276183203,0.7368993122782103,0.029925929496057102,False,1,2307,470.41796875,2058.1533203125,20.503655353634183,2529,True,False,success,phase76_handoff,"{""phase76_handoff"": 2307}","{""handoff_ready"": 216, ""insertion_window"": 1096, ""intercept_possible_poor_alignment"": 1217}",2.104654818683916e-16,5.488264172930856e-10,-0.015192246987791962,-2.744130855547726e-10,0.8975993091151757,0.8706165037730679,1.0000000000000073,False,False,0,0,0,0,0,1,0,0,0,0,0,0,2307,True,0.9122182680901542,0,energy_angular_momentum_balanced_burn_a,,,,,,,,,,,,,crossing_bad_sync,no_window
phase29_energy_angular_momentum_balanced_burn_a,1.02,170.0,8000.0,1.0,False,False,False,False,,,,,,,,,False,False,dead_geometry,no_window,0.0,,,False,0,,150000071273.50195,155349864958.94922,534.6422117299728,100000,False,True,max_steps,coast_arc,"{""burn_a"": 20, ""coast_arc"": 99980}","{""intercept_possible_poor_alignment"": 100000}",0.01960784313725499,0.00641658847243434,-0.005392923511594131,-0.005297924154597299,0.006417188240202188,0.005298279823916058,0.9868120505049375,False,False,0,20,0,99980,0,1,0,0,0,0,0,0,0,False,0.0,,energy_angular_momentum_balanced_burn_a,20,1.02000015832897,0.020000158328970053,0.12920285900808537,-0.024959930999966254,0.006612505567642556,-0.005458975242875707,0.13201764158512733,0.8737601019538263,1.1395529417571197,True,,dead_geometry,no_window
phase29_energy_angular_momentum_balanced_burn_a,1.05,170.0,8000.0,1.0,False,False,False,False,,,,,,,,,False,False,dead_geometry,no_window,0.0,,,False,0,,375000070080.13184,379432113538.6924,442.6066779479852,100000,False,True,max_steps,coast_arc,"{""burn_a"": 26, ""coast_arc"": 99974}","{""intercept_possible_poor_alignment"": 100000}",0.047619047619047436,0.005352598707471539,0.009127655905139585,-0.004442743340948471,0.005353877321799607,0.004443364551194418,0.9614416804209989,False,False,0,26,0,99974,0,1,0,0,0,0,0,0,0,False,0.0,,energy_angular_momentum_balanced_burn_a,26,1.050000190119326,0.050000190119326174,0.10755700832517912,-0.05199026597016237,0.005529405980885149,-0.004589599033698665,0.12098305910343395,0.8839044072123368,1.127215893406183,True,,dead_geometry,no_window
phase29_energy_angular_momentum_balanced_burn_a,0.98,175.0,8000.0,1.0,False,False,False,False,,,,,,,,,False,False,window_no_crossing,dead_window_no_crossing,0.0,,,False,0,,149556459625.1377,149556459625.1377,44.32508361957745,100000,False,True,max_steps,phase76_handoff,"{""burn_a"": 20, ""burn_b"": 46, ""coast_arc"": 1, ""phase76_handoff"": 99933}","{""insertion_window"": 99637, ""no_intercept_possible"": 363}",0.020408163265306287,1.02260424256872,-0.013817563036137981,-0.869041191167352,1.0227114041513554,0.9993169472010645,1.0215732573099787,False,False,0,20,46,1,0,1,1,1,1,1,0,1,0,True,0.0,2807960,energy_angular_momentum_balanced_burn_a,20,0.9800000849994416,-0.019999915000558463,0.0728915170473213,0.018656319814507723,0.0021577216332847584,-0.001716719996564122,0.07470483552085216,0.9272960111428493,1.0770287637841391,True,4891283,dead_geometry,no_window
phase29_energy_angular_momentum_balanced_burn_a,1.0,175.0,8000.0,1.0,True,True,True,True,-35.33209647045934,-3439.731965189568,-0.00839807571601849,-0.8175888886362344,-454.1748046875,6.0556640625e-11,3.2703555545449374,3.2972025479901705,False,False,crossing_bad_sync,no_window,8.86482222272753,0.6641488018287663,0.02482508985438676,False,1,86,265.2685546875,277.490234375,8.86631054729974,307,True,False,success,phase76_handoff,"{""phase76_handoff"": 86}","{""handoff_ready"": 215, ""insertion_window"": 52, ""intercept_possible_poor_alignment"": 40}",2.104654818683916e-16,7.398261572089514e-11,-0.0038053019082545138,-3.6991364129378737e-11,0.2861142806458803,0.2677516417374583,1.0000000000000073,False,False,0,0,0,0,0,1,0,0,0,0,0,0,86,True,0.28013029315960913,1,energy_angular_momentum_balanced_burn_a,,,,,,,,,,,,,crossing_bad_sync,no_window
phase29_energy_angular_momentum_balanced_burn_a,1.02,175.0,8000.0,1.0,False,False,False,False,,,,,,,,,False,False,window_no_crossing,dead_window_no_crossing,0.0,,,False,0,,149560206008.15625,149560206008.15625,44.317612175322616,100000,False,True,max_steps,phase76_handoff,"{""burn_a"": 20, ""burn_b"": 46, ""coast_arc"": 80, ""phase76_handoff"": 99854}","{""insertion_window"": 99534, ""intercept_possible_good_alignment"": 2, ""intercept_possible_poor_alignment"": 462, ""no_intercept_possible"": 2}",0.019607843137254777,0.9442782145340627,0.006107327294770394,-1.1313454459753516,0.9421065296440188,0.998525944231874,1.0000027225821981,False,False,0,20,46,80,0,1,1,1,1,1,0,1,0,True,0.0,2808027,energy_angular_momentum_balanced_burn_a,20,1.0200000781732534,0.020000078173253385,0.0626302183530288,-0.020959258933830337,0.0016591534682221208,-0.001378367577707001,0.06640344894645084,0.9351481052757188,1.0681757163909715,True,,dead_geometry,no_window
phase29_energy_angular_momentum_balanced_burn_a,1.05,175.0,8000.0,1.0,False,False,False,False,,,,,,,,,False,False,window_no_crossing,dead_window_no_crossing,0.0,,,False,0,,374559710410.4346,374559710410.4346,44.31746681319672,100000,False,True,max_steps,phase76_handoff,"{""burn_a"": 26, ""burn_b"": 46, ""coast_arc"": 80, ""phase76_handoff"": 99848}","{""intercept_possible_good_alignment"": 3, ""intercept_possible_poor_alignment"": 99951, ""no_intercept_possible"": 46}",0.04761904761904765,0.8869232862763953,0.020795802465610375,-1.140513570193373,0.8861360568844994,0.9984793454651132,1.0000170145768403,False,False,0,26,46,80,0,1,1,1,1,0,0,1,0,True,0.0,7008008,energy_angular_momentum_balanced_burn_a,26,1.0500000900286326,0.05000009002863255,0.046958848195580036,-0.0490213149623373,0.0018038513751461546,-0.0014722950951436304,0.06885467463902459,0.9328280084467871,1.0707862138233175,True,,dead_geometry,no_window
phase29_energy_angular_momentum_balanced_burn_a,0.98,150.0,10000.0,1.0,False,False,False,False,,,,,,,,,False,False,window_no_crossing,dead_window_no_crossing,0.0,,,False,0,,149442578892.30176,149442578892.30176,55.39658913413165,100000,False,True,max_steps,phase76_handoff,"{""burn_a"": 20, ""burn_b"": 46, ""coast_arc"": 1, ""phase76_handoff"": 99933}","{""insertion_window"": 99526, ""intercept_possible_poor_alignment"": 13, ""no_intercept_possible"": 461}",0.020408163265306076,1.0126148380631186,-0.1426785900258876,-0.8360245200014347,1.0129416055896878,0.9993331928963128,1.0623172273326105,False,False,0,20,46,1,0,1,1,1,1,1,0,1,0,True,0.0,705902,energy_angular_momentum_balanced_burn_a,20,0.9800004753532632,-0.01999952464673685,0.3861679557496425,-0.026400678847073356,0.056205991573041784,-0.04587220246651754,0.37524368649949613,0.6619625764967492,1.457143904517517,True,923241,dead_geometry,no_window
phase29_energy_angular_momentum_balanced_burn_a,1.0,150.0,10000.0,1.0,True,True,True,True,-6.276680836972505,-4026.540150778171,-0.0014919024394221608,-0.9570671553015822,-547.65234375,7.30203125e-11,3.8282686212063286,3.828995307954149,False,False,crossing_bad_sync,no_window,8.585865689396837,0.7674440072415927,0.02644763969103196,False,1,413,80.015625,399.2158203125,22.040497429913927,630,True,False,success,phase76_handoff,"{""phase76_handoff"": 413}","{""handoff_ready"": 211, ""insertion_window"": 251, ""intercept_possible_poor_alignment"": 168}",0.0,1.0644565350620334e-10,-0.13397459621556124,-5.3222465417905946e-11,0.6430051106494269,0.6187930017814905,1.000000000000006,False,False,0,0,0,0,0,1,0,0,0,0,0,0,413,True,0.6555555555555556,0,energy_angular_momentum_balanced_burn_a,,,,,,,,,,,,,crossing_bad_sync,no_window
phase29_energy_angular_momentum_balanced_burn_a,1.02,150.0,10000.0,1.0,False,False,False,False,,,,,,,,,False,False,dead_geometry,no_window,0.0,,,False,0,,150000206924.9248,164985243196.1338,1497.397592128997,100000,False,True,max_steps,coast_arc,"{""burn_a"": 20, ""coast_arc"": 99980}","{""intercept_possible_poor_alignment"": 100000}",0.01960784313725499,0.050061418488290044,-0.12535721577320472,-0.041092553405791835,0.05006459879819767,0.041097351503341976,1.0244422740738663,False,False,0,20,0,99980,0,1,0,0,0,0,0,0,0,False,0.0,,energy_angular_momentum_balanced_burn_a,20,1.0200004540395804,0.020000454039580468,0.36273742595849046,-0.061346115118083,0.051866114886367894,-0.04257261123442865,0.36176893426067935,0.6731444532887144,1.4362622786100234,True,,dead_geometry,no_window
phase29_energy_angular_momentum_balanced_burn_a,1.05,150.0,10000.0,1.0,False,False,False,False,,,,,,,,,False,False,dead_geometry,no_window,0.0,,,False,0,,375000202287.84766,387633888979.79785,1262.2168273959194,100000,False,True,max_steps,coast_arc,"{""burn_a"": 26, ""coast_arc"": 99974}","{""intercept_possible_poor_alignment"": 100000}",0.04761904761904765,0.03745362904639731,-0.11258803253505753,-0.030872187928042374,0.03746009658357462,0.03087843474662462,0.9981506266060838,False,False,0,26,0,99974,0,1,0,0,0,0,0,0,0,False,0.0,,energy_angular_momentum_balanced_burn_a,26,1.0500005442380642,0.050000544238064194,0.3064085814212491,-0.07816165348954865,0.03891123838322391,-0.03206923446450897,0.3155401431983138,0.7121713249983952,1.3688019210476123,True,,dead_geometry,no_window
phase29_energy_angular_momentum_balanced_burn_a,0.98,165.0,10000.0,1.0,False,False,False,False,,,,,,,,,False,False,window_no_crossing,dead_window_no_crossing,0.0,,,False,0,,149444637955.2246,149444637955.2246,55.396589134304065,100000,False,True,max_steps,phase76_handoff,"{""burn_a"": 20, ""burn_b"": 46, ""coast_arc"": 1, ""phase76_handoff"": 99933}","{""insertion_window"": 99526, ""intercept_possible_poor_alignment"": 13, ""no_intercept_possible"": 461}",0.020408163265306076,1.0126154095111963,-0.04378221735089306,-0.8360245653941661,1.0129326368789628,0.9993216092092871,1.0319300449585793,False,False,0,20,46,1,0,1,1,1,1,1,0,1,0,True,0.0,1363699,energy_angular_momentum_balanced_burn_a,20,0.9800002412356685,-0.01999975876433151,0.19697611331236003,0.008292077689342188,0.014636678980988988,-0.011873520628431286,0.194672097159091,0.8172903188725161,1.212417868288038,True,1810018,dead_geometry,no_window
phase29_energy_angular_momentum_balanced_burn_a,1.0,165.0,10000.0,1.0,True,True,True,True,-8.88966729674766,-3994.6531548940916,-0.0021129824297496515,-0.9494879445402064,-488.6103515625,6.5148046875e-11,3.7979517781608254,3.79942093563033,False,False,crossing_bad_sync,no_window,8.601024110919587,0.7621259346130128,0.026098185272395925,False,1,243,206.97265625,277.3115234375,17.30631244279581,460,True,False,success,phase76_handoff,"{""phase76_handoff"": 243}","{""handoff_ready"": 211, ""insertion_window"": 148, ""intercept_possible_poor_alignment"": 101}",2.104654818683916e-16,7.393778657325719e-11,-0.034074173710931875,-3.6968672685193056e-11,0.5219687416576904,0.504706529929417,1.0000000000000058,False,False,0,0,0,0,0,1,0,0,0,0,0,0,243,True,0.5282608695652173,0,energy_angular_momentum_balanced_burn_a,,,,,,,,,,,,,near_recoverable_crossing,no_window
phase29_energy_angular_momentum_balanced_burn_a,1.02,165.0,10000.0,1.0,False,False,False,False,,,,,,,,,False,False,dead_geometry,no_window,0.0,,,False,0,,150000105903.4004,157494170452.56152,748.9543638195561,100000,False,True,max_steps,coast_arc,"{""burn_a"": 20, ""coast_arc"": 99980}","{""intercept_possible_poor_alignment"": 100000}",0.019607843137254777,0.01248713984057888,-0.024462734730208335,-0.010281586200184484,0.012488317732299983,0.010282638291677677,0.9927083039953893,False,False,0,20,0,99980,0,1,0,0,0,0,0,0,0,False,0.0,,energy_angular_momentum_balanced_burn_a,20,1.0200002291360832,0.020000229136083333,0.18154699481849038,-0.03006299805568064,0.012953225819670258,-0.01066403576922862,0.1840999224188663,0.8266073087151105,1.1996391188271445,True,,dead_geometry,no_window
phase29_energy_angular_momentum_balanced_burn_a,1.05,165.0,10000.0,1.0,False,False,False,False,,,,,,,,,False,False,dead_geometry,no_window,0.0,,,False,0,,375000104169.7822,381158562282.45605,615.1643472369939,100000,False,True,max_steps,coast_arc,"{""burn_a"": 26, ""coast_arc"": 99974}","{""intercept_possible_poor_alignment"": 100000}",0.04761904761904765,0.009503260668414873,-0.010220561444707415,-0.007878301413301415,0.00950542995273118,0.007879789610071812,0.9648853143601039,False,False,0,26,0,99974,0,1,0,0,0,0,0,0,0,False,0.0,,energy_angular_momentum_balanced_burn_a,26,1.0500002743178853,0.050000274317885285,0.14981920149048947,-0.05543084133023443,0.009895281512138903,-0.008202124284532026,0.16146391635392152,0.8469165614388082,1.173071791969408,True,,dead_geometry,no_window
phase29_energy_angular_momentum_balanced_burn_a,0.98,170.0,10000.0,1.0,False,False,False,False,,,,,,,,,False,False,window_no_crossing,dead_window_no_crossing,0.0,,,False,0,,149445309966.91504,149445309966.91504,55.39658913436035,100000,False,True,max_steps,phase76_handoff,"{""burn_a"": 20, ""burn_b"": 46, ""coast_arc"": 1, ""phase76_handoff"": 99933}","{""insertion_window"": 99526, ""intercept_possible_poor_alignment"": 13, ""no_intercept_possible"": 461}",0.020408163265306496,1.0126155960134724,-0.025090063551973553,-0.8360245802088758,1.0129307722278649,0.999319552215768,1.0255703128030935,False,False,0,20,46,1,0,1,1,1,1,1,0,1,0,True,0.0,1396798,energy_angular_momentum_balanced_burn_a,20,0.9800001622046716,-0.019999837795328386,0.13337736861478539,0.014805785274447302,0.006804315540078522,-0.005490165824802514,0.13296614878517474,0.8729738406850809,1.1407280221935898,True,2673105,dead_geometry,no_window
phase29_energy_angular_momentum_balanced_burn_a,1.0,170.0,10000.0,1.0,True,True,True,True,-627.8014830847948,-3075.3016548794985,-0.1492219516037754,-0.7309675543558039,-43366.4140625,5.782188541666666e-09,7.4610975801887705,8.013550658069029,False,False,crossing_bad_sync,no_window,6.769451209905615,0.7638403911913622,0.018126425876468198,False,1,3843,15013.0810546875,48971.787109375,233.64182222797018,4059,True,False,success,phase76_handoff,"{""phase76_handoff"": 3843}","{""handoff_ready"": 212, ""insertion_window"": 1791, ""intercept_possible_poor_alignment"": 2056}",2.104654818683916e-16,1.3059133116941239e-08,-0.015192246987791962,-6.529566633759087e-09,0.9258990373606751,0.919683014238784,1.000000000000005,False,False,0,0,0,0,0,1,0,0,0,0,0,0,3843,True,0.9467849223946785,0,energy_angular_momentum_balanced_burn_a,,,,,,,,,,,,,crossing_bad_sync,no_window
phase29_energy_angular_momentum_balanced_burn_a,1.02,170.0,10000.0,1.0,False,False,False,False,,,,,,,,,False,False,dead_geometry,no_window,0.0,,,False,0,,150000071007.66113,154949600842.32324,494.62841040492003,100000,False,True,max_steps,coast_arc,"{""burn_a"": 20, ""coast_arc"": 99980}","{""intercept_possible_poor_alignment"": 100000}",0.01960784313725499,0.005511016029313172,-0.005392923511594131,-0.004552401183421921,0.005511667654881598,0.004552826927569199,0.9859788018521085,False,False,0,20,0,99980,0,1,0,0,0,0,0,0,0,False,0.0,,energy_angular_momentum_balanced_burn_a,20,1.02000015268494,0.020000152684939973,0.12002433863445638,-0.024242790872472768,0.005723952815440294,-0.004727497706491279,0.12289266443611718,0.8821567592295344,1.1293570509072952,True,,dead_geometry,no_window
phase29_energy_angular_momentum_balanced_burn_a,1.05,170.0,10000.0,1.0,False,False,False,False,,,,,,,,,False,False,dead_geometry,no_window,0.0,,,False,0,,375000069776.166,378888006587.2041,388.206983289311,100000,False,True,max_steps,coast_arc,"{""burn_a"": 26, ""coast_arc"": 99974}","{""intercept_possible_poor_alignment"": 100000}",0.047619047619047436,0.004329624223952737,0.009127655905139585,-0.003590855816654161,0.004330897062758307,0.0035915970316104237,0.9578271090602984,False,False,0,26,0,99974,0,1,0,0,0,0,0,0,0,False,0.0,,energy_angular_momentum_balanced_burn_a,26,1.0500001797019551,0.05000017970195521,0.09492945059588731,-0.051180653910105484,0.0045081733328724335,-0.003739516100919207,0.10926832945882656,0.8947654281836873,1.1142917498103615,True,,dead_geometry,no_window
phase29_energy_angular_momentum_balanced_burn_a,0.98,175.0,10000.0,1.0,False,False,False,False,,,,,,,,,False,False,window_no_crossing,dead_window_no_crossing,0.0,,,False,0,,149445960953.083,149445960953.083,55.39658913441487,100000,False,True,max_steps,phase76_handoff,"{""burn_a"": 20, ""burn_b"": 46, ""coast_arc"": 1, ""phase76_handoff"": 99933}","{""insertion_window"": 99526, ""intercept_possible_poor_alignment"": 13, ""no_intercept_possible"": 461}",0.020408163265306287,1.0126157766806068,-0.013817563036137981,-0.8360245945600827,1.0129295923104609,0.9993183457841265,1.0216338806643386,False,False,0,20,46,1,0,1,1,1,1,1,0,1,0,True,0.0,1396804,energy_angular_momentum_balanced_burn_a,20,0.9800000829986677,-0.01999991700133229,0.06963778685472523,0.018799107738614776,0.0019848895982678707,-0.0015767898571888927,0.0716221227958482,0.9302242696810982,1.0737534047600612,True,5119822,dead_geometry,no_window
phase29_energy_angular_momentum_balanced_burn_a,1.0,175.0,10000.0,1.0,True,True,True,True,-75.56244302967407,-3051.944929061562,-0.017960415068522723,-0.7254159010011462,-4019.8388671875,5.35978515625e-10,2.9016636040045847,3.037448426622083,False,True,near_recoverable_crossing,no_window,11.049168197997707,0.6018852194191227,0.016617452634956786,False,1,44,1625.736328125,2204.3291015625,8.84814968539807,260,True,False,success,phase76_handoff,"{""phase76_handoff"": 44}","{""handoff_ready"": 212, ""insertion_window"": 27, ""intercept_possible_poor_alignment"": 21}",2.104654818683916e-16,5.878098861721584e-10,-0.0038053019082545138,-2.9390490934242894e-10,0.172384283833011,0.1599501633935743,1.0000000000000058,False,False,0,0,0,0,0,1,0,0,0,0,0,0,44,True,0.16923076923076924,0,energy_angular_momentum_balanced_burn_a,,,,,,,,,,,,,near_recoverable_crossing,no_window
phase29_energy_angular_momentum_balanced_burn_a,1.02,175.0,10000.0,1.0,False,False,False,False,,,,,,,,,False,False,window_no_crossing,dead_window_no_crossing,0.0,,,False,0,,149449555271.3838,149449555271.3838,55.406564783527145,100000,False,True,max_steps,phase76_handoff,"{""burn_a"": 20, ""burn_b"": 46, ""coast_arc"": 80, ""phase76_handoff"": 99854}","{""insertion_window"": 99425, ""intercept_possible_good_alignment"": 2, ""intercept_possible_poor_alignment"": 573}",0.019607843137254777,0.9348161959402534,0.006107327294770394,-1.1637030450698296,0.9323616394850219,0.9985269691117595,1.0000027225214934,False,False,0,20,46,80,0,1,1,1,1,1,0,1,0,True,0.0,1396838,energy_angular_momentum_balanced_burn_a,20,1.0200000750475262,0.020000075047526173,0.057547050515579304,-0.02076764687384157,0.0014234949732132344,-0.0011829263223528284,0.061518960620325455,0.9398188668123129,1.0630321815871788,True,,dead_geometry,no_window
phase29_energy_angular_momentum_balanced_burn_a,1.05,175.0,10000.0,1.0,False,False,False,False,,,,,,,,,False,False,window_no_crossing,dead_window_no_crossing,0.0,,,False,0,,374448951463.69336,374448951463.69336,55.40225135383545,100000,False,True,max_steps,phase76_handoff,"{""burn_a"": 26, ""burn_b"": 46, ""coast_arc"": 80, ""phase76_handoff"": 99848}","{""intercept_possible_good_alignment"": 3, ""intercept_possible_poor_alignment"": 99951, ""no_intercept_possible"": 46}",0.04761904761904765,0.8799080267014734,0.020795802465610375,-1.1653625292439946,0.8763911630036892,0.9984808930896572,1.0000170144221259,False,False,0,26,46,80,0,1,1,1,1,0,0,1,0,True,0.0,3496785,energy_angular_momentum_balanced_burn_a,26,1.050000083617896,0.050000083617896096,0.03918798804127101,-0.048807312184123486,0.0015414746869907329,-0.0012475982565983913,0.06349228942022099,0.9379535422226887,1.0651341667765561,True,,dead_geometry,no_window
phase29_energy_angular_momentum_balanced_burn_a,0.98,150.0,12000.0,1.0,False,False,False,False,,,,,,,,,False,False,window_no_crossing,dead_window_no_crossing,0.0,,,False,0,,149331697701.34766,149331697701.34766,66.48257774085283,100000,False,True,max_steps,phase76_handoff,"{""burn_a"": 20, ""burn_b"": 46, ""coast_arc"": 1, ""phase76_handoff"": 99933}","{""insertion_window"": 99904, ""no_intercept_possible"": 96}",0.020408163265306076,0.998437922488273,-0.1426785900258876,-1.200627359751231,1.0010221843896034,0.9993337908808696,1.0638710637954283,False,False,0,20,46,1,0,1,1,1,1,1,0,1,0,True,0.0,705902,energy_angular_momentum_balanced_burn_a,20,0.9800004618294716,-0.019999538170528384,0.363935902314902,-0.021102372908702188,0.04987454053167604,-0.04067987336675427,0.35440681450831996,0.6794820400381065,1.4255031280460855,True,979640,dead_geometry,no_window
phase29_energy_angular_momentum_balanced_burn_a,1.0,150.0,12000.0,1.0,True,True,True,True,-80.49851164523518,-3051.369756909111,-0.019133667779626447,-0.7252791884998071,-3681.29296875,4.908390625e-10,2.9011167539992284,3.0547866581952734,False,True,near_recoverable_crossing,no_window,11.049441623000385,0.6031837526262365,0.014364654403677601,False,3,114,148.345703125,755.0380859375,26.347138132160573,326,True,False,success,phase76_handoff,"{""phase76_handoff"": 114}","{""handoff_ready"": 209, ""insertion_window"": 68, ""intercept_possible_poor_alignment"": 49}",0.0,2.0133359507560395e-10,-0.13397459621556124,-1.0066672571051816e-10,0.34060435774997916,0.3252353379979766,1.0000000000000049,False,False,0,0,0,0,0,1,0,0,0,0,0,0,114,True,0.3496932515337423,0,energy_angular_momentum_balanced_burn_a,,,,,,,,,,,,,near_recoverable_crossing,no_window
phase29_energy_angular_momentum_balanced_burn_a,1.02,150.0,12000.0,1.0,False,False,False,False,,,,,,,,,False,False,dead_geometry,no_window,0.0,,,False,0,,150000206652.76367,163986007405.18066,1397.5743019862646,100000,False,True,max_steps,coast_arc,"{""burn_a"": 20, ""coast_arc"": 99980}","{""intercept_possible_poor_alignment"": 100000}",0.01960784313725499,0.04355250787931136,-0.12535721577320472,-0.035748820040110804,0.0435563993956608,0.03575392016606647,1.0258397810515387,False,False,0,20,0,99980,0,1,0,0,0,0,0,0,0,False,0.0,,energy_angular_momentum_balanced_burn_a,20,1.0200004400610467,0.020000440061046745,0.33976362841326013,-0.05618115434080547,0.04544986883402307,-0.03730436208971248,0.3396163564869951,0.6918270942002287,1.4034007358530896,True,,dead_geometry,no_window
phase29_energy_angular_momentum_balanced_burn_a,1.05,150.0,12000.0,1.0,False,False,False,False,,,,,,,,,False,False,dead_geometry,no_window,0.0,,,False,0,,375000201687.68555,386412892732.9238,1140.209995426856,100000,False,True,max_steps,coast_arc,"{""burn_a"": 26, ""coast_arc"": 99974}","{""intercept_possible_poor_alignment"": 100000}",0.04761904761904765,0.0306695173528916,-0.11258803253505753,-0.025294502199874155,0.030676600312414662,0.025301121610030286,0.9983245781874867,False,False,0,26,0,99974,0,1,0,0,0,0,0,0,0,False,0.0,,energy_angular_momentum_balanced_burn_a,26,1.0500005202963854,0.050000520296385284,0.27796903444541604,-0.07284538710439535,0.032121499410060636,-0.026487174064421408,0.28760249851084657,0.7360402168814932,1.3303348485641842,True,,dead_geometry,no_window
phase29_energy_angular_momentum_balanced_burn_a,0.98,165.0,12000.0,1.0,False,False,False,False,,,,,,,,,False,False,window_no_crossing,dead_window_no_crossing,0.0,,,False,0,,149333649460.8711,149333649460.8711,66.48257773725875,100000,False,True,max_steps,phase76_handoff,"{""burn_a"": 20, ""burn_b"": 46, ""coast_arc"": 1, ""phase76_handoff"": 99933}","{""insertion_window"": 99904, ""no_intercept_possible"": 96}",0.020408163265306076,0.9984384642051525,-0.04378221735089306,-1.2006273070992988,1.001013543982965,0.9993230649413526,1.0326042852392052,False,False,0,20,46,1,0,1,1,1,1,1,0,1,0,True,0.0,1363699,energy_angular_momentum_balanced_burn_a,20,0.9800002345795156,-0.019999765420484376,0.18621319618629428,0.009573695678031605,0.01309856341196529,-0.010617541410220489,0.1842396309093359,0.8265874775812992,1.1999573483280648,True,1914635,dead_geometry,no_window
phase29_energy_angular_momentum_balanced_burn_a,1.0,165.0,12000.0,1.0,True,True,True,True,-29.385295636110204,-3791.606204635221,-0.0069845823583089784,-0.9012257740911267,-579.7763671875,7.7303515625e-11,3.604903096364507,3.621779577911722,False,False,crossing_bad_sync,no_window,8.697548451817747,0.7293621181801756,0.02031839432766244,False,2,105,135.919921875,502.3330078125,21.192783332264064,318,True,False,success,phase76_handoff,"{""phase76_handoff"": 105}","{""handoff_ready"": 209, ""insertion_window"": 63, ""intercept_possible_poor_alignment"": 46}",2.104654818683916e-16,1.3396506758790487e-10,-0.034074173710931875,6.698273464708606e-11,0.3259054175294539,0.3132262829276735,1.0000000000000049,False,False,0,0,0,0,0,1,0,0,0,0,0,0,105,True,0.330188679245283,0,energy_angular_momentum_balanced_burn_a,,,,,,,,,,,,,crossing_bad_sync,no_window
phase29_energy_angular_momentum_balanced_burn_a,1.02,165.0,12000.0,1.0,False,False,False,False,,,,,,,,,False,False,dead_geometry,no_window,0.0,,,False,0,,150000105520.75684,156953627687.33203,694.9256700173243,100000,False,True,max_steps,coast_arc,"{""burn_a"": 20, ""coast_arc"": 99980}","{""intercept_possible_poor_alignment"": 100000}",0.019607843137254777,0.010764455790122474,-0.024462734730208335,-0.00886615245168831,0.010765770875681894,0.00886730274100738,0.9932239602427235,False,False,0,20,0,99980,0,1,0,0,0,0,0,0,0,False,0.0,,energy_angular_momentum_balanced_burn_a,20,1.0200002213227688,0.02000022132276888,0.16910815731569556,-0.028692526723498875,0.01125188824498044,-0.009266162285509397,0.17172883716625045,0.8376968339930128,1.18506303398794,True,,dead_geometry,no_window
phase29_energy_angular_momentum_balanced_burn_a,1.05,165.0,12000.0,1.0,False,False,False,False,,,,,,,,,False,False,dead_geometry,no_window,0.0,,,False,0,,375000103750.69434,380468684862.64746,546.1990136133547,100000,False,True,max_steps,coast_arc,"{""burn_a"": 26, ""coast_arc"": 99974}","{""intercept_possible_poor_alignment"": 100000}",0.04761904761904765,0.007680923756150916,-0.010220561444707415,-0.0063700170991332055,0.00768318573742505,0.006371632508032329,0.9641424109630131,False,False,0,26,0,99974,0,1,0,0,0,0,0,0,0,False,0.0,,energy_angular_momentum_balanced_burn_a,26,1.0500002606760788,0.050000260676078774,0.133753023974763,-0.053988900552704264,0.00806543981962793,-0.006688098977875673,0.14590881728094546,0.8610358152696562,1.1552262248757368,True,,dead_geometry,no_window
phase29_energy_angular_momentum_balanced_burn_a,0.98,170.0,12000.0,1.0,False,False,False,False,,,,,,,,,False,False,window_no_crossing,dead_window_no_crossing,0.0,,,False,0,,149334295408.1328,149334295408.1328,66.48257773606922,100000,False,True,max_steps,phase76_handoff,"{""burn_a"": 20, ""burn_b"": 46, ""coast_arc"": 1, ""phase76_handoff"": 99933}","{""insertion_window"": 99904, ""no_intercept_possible"": 96}",0.020408163265306496,0.9984386434898698,-0.025090063551973553,-1.200627289673815,1.0010117693691813,0.9993211411865888,1.02849845138142,False,False,0,20,46,1,0,1,1,1,1,1,0,1,0,True,0.0,2032565,energy_angular_momentum_balanced_burn_a,20,0.9800001578094044,-0.019999842190595574,0.1263800790448307,0.015367906890863937,0.006127912825308672,-0.004939291012348722,0.126181269073616,0.879206431292797,1.1331249600489774,True,2821107,dead_geometry,no_window
phase29_energy_angular_momentum_balanced_burn_a,1.0,170.0,12000.0,1.0,True,True,True,True,-30.099257367256808,-2552.5823086070577,-0.007154283714171683,-0.6067225452351612,-1052.3896484375,1.4031861979166667e-10,2.426890180940645,2.4531113690583384,False,True,near_recoverable_crossing,no_window,11.286554909529677,0.49396317678545365,0.010598707260321274,False,6,1010,10.53125,67.607421875,14.814055285645287,1222,True,False,success,phase76_handoff,"{""phase76_handoff"": 1010}","{""handoff_ready"": 209, ""insertion_window"": 560, ""intercept_possible_poor_alignment"": 453}",2.104654818683916e-16,1.8038365054494238e-11,-0.015192246987791962,9.019278608507897e-12,0.7941505641062065,0.769303524146656,1.0000000000000049,False,False,0,0,0,0,0,1,0,0,0,0,0,0,1010,True,0.8265139116202946,0,energy_angular_momentum_balanced_burn_a,,,,,,,,,,,,,near_recoverable_crossing,no_window
phase29_energy_angular_momentum_balanced_burn_a,1.02,170.0,12000.0,1.0,False,False,False,False,,,,,,,,,False,False,dead_geometry,no_window,0.0,,,False,0,,150000070741.8203,154573986734.57324,457.0778340570275,100000,False,True,max_steps,coast_arc,"{""burn_a"": 20, ""coast_arc"": 99980}","{""intercept_possible_poor_alignment"": 100000}",0.01960784313725499,0.004725760187077844,-0.005392923511594131,-0.0039056933499663836,0.004726455284474493,0.003906173149611883,0.9857336437115988,False,False,0,20,0,99980,0,1,0,0,0,0,0,0,0,False,0.0,,energy_angular_momentum_balanced_burn_a,20,1.0200001472566564,0.02000014725665651,0.11138248295182074,-0.023616044981277593,0.004947654477985942,-0.004088222101866431,0.11431103881036962,0.8900928329805499,1.1198516779796055,True,,dead_geometry,no_window
phase29_energy_angular_momentum_balanced_burn_a,1.05,170.0,12000.0,1.0,False,False,False,False,,,,,,,,,False,False,dead_geometry,no_window,0.0,,,False,0,,375000069472.2002,378387554565.16113,338.17026231852464,100000,False,True,max_steps,coast_arc,"{""burn_a"": 26, ""coast_arc"": 99974}","{""intercept_possible_poor_alignment"": 100000}",0.047619047619047436,0.003508548305385284,0.009127655905139585,-0.002905174861368264,0.0035098141634728906,0.002905993886160625,0.9576328443456037,False,False,0,26,0,99974,0,1,0,0,0,0,0,0,0,False,0.0,,energy_angular_momentum_balanced_burn_a,26,1.0500001698075123,0.05000016980751224,0.08327660492458319,-0.05052274605530384,0.0036804519650102153,-0.0030487221296985755,0.09872281588264428,0.9046065450536597,1.1027815504068161,True,,dead_geometry,no_window
phase29_energy_angular_momentum_balanced_burn_a,0.98,175.0,12000.0,1.0,False,False,False,False,,,,,,,,,False,False,window_no_crossing,dead_window_no_crossing,0.0,,,False,0,,149334917214.5166,149334917214.5166,66.48257773492415,100000,False,True,max_steps,phase76_handoff,"{""burn_a"": 20, ""burn_b"": 46, ""coast_arc"": 1, ""phase76_handoff"": 99933}","{""insertion_window"": 99904, ""no_intercept_possible"": 96}",0.020408163265306287,0.9984388160742403,-0.013817563036137981,-1.200627272899567,1.0010106684170688,0.9993200162386442,1.0237924720230631,False,False,0,20,46,1,0,1,1,1,1,1,0,1,0,True,0.0,4049661,energy_angular_momentum_balanced_burn_a,20,0.980000081074374,-0.019999918925626043,0.06657430093419937,0.01892754333145129,0.0018293184083154688,-0.0014509249262650119,0.0687296044030578,0.9329771077947681,1.0706882340992623,True,5355417,dead_geometry,no_window
phase29_energy_angular_momentum_balanced_burn_a,1.0,175.0,12000.0,1.0,True,True,True,True,-67.92548656141525,-2582.702318568411,-0.016145189110617915,-0.6138817616273774,-5157.419921875,6.876559895833333e-10,2.4555270465095096,2.584817383236934,False,True,near_recoverable_crossing,no_window,11.272236476745245,0.5104796369222995,0.010969941268989187,False,1,43,1216.3447265625,2626.7353515625,7.257112147984378,255,True,False,success,phase76_handoff,"{""phase76_handoff"": 43}","{""handoff_ready"": 209, ""insertion_window"": 26, ""intercept_possible_poor_alignment"": 20}",2.104654818683916e-16,7.004529062574584e-10,-0.0038053019082545138,-3.5022646825758274e-10,0.16585029829326867,0.15445766656619989,1.0000000000000049,False,False,0,0,0,0,0,1,0,0,0,0,0,0,43,True,0.16862745098039217,0,energy_angular_momentum_balanced_burn_a,,,,,,,,,,,,,near_recoverable_crossing,no_window
phase29_energy_angular_momentum_balanced_burn_a,1.02,175.0,12000.0,1.0,False,False,False,False,,,,,,,,,False,False,window_no_crossing,dead_window_no_crossing,0.0,,,False,0,,149338385282.1543,149338385282.1543,66.48119408328098,100000,False,True,max_steps,phase76_handoff,"{""burn_a"": 20, ""burn_b"": 46, ""coast_arc"": 80, ""phase76_handoff"": 99854}","{""insertion_window"": 99804, ""intercept_possible_good_alignment"": 2, ""intercept_possible_poor_alignment"": 194}",0.019607843137254777,0.9249806363914487,0.006107327294770394,-0.8071175229062747,0.9204816429702206,0.998532265067006,1.0000027224790409,False,False,0,20,46,80,0,1,1,1,1,1,0,1,0,True,0.0,7494564,energy_angular_momentum_balanced_burn_a,20,1.0200000720412818,0.02000007204128177,0.052761093690850414,-0.02060200151384051,0.0012199972083121774,-0.001013970987030197,0.056959970294827564,0.9441919412375932,1.058251033601515,True,,dead_geometry,no_window
phase29_energy_angular_momentum_balanced_burn_a,1.05,175.0,12000.0,1.0,False,False,False,False,,,,,,,,,False,False,window_no_crossing,dead_window_no_crossing,0.0,,,False,0,,374337687710.37305,374337687710.37305,66.47549071439842,100000,False,True,max_steps,phase76_handoff,"{""burn_a"": 26, ""burn_b"": 46, ""coast_arc"": 80, ""phase76_handoff"": 99848}","{""intercept_possible_good_alignment"": 2, ""intercept_possible_poor_alignment"": 99952, ""no_intercept_possible"": 46}",0.04761904761904765,0.8663784727301125,0.020795802465610375,-0.794044566473042,0.8645112421830886,0.9984856615987734,1.000017014311707,False,False,0,26,46,80,0,1,1,1,1,0,0,1,0,True,0.0,18523216,energy_angular_momentum_balanced_burn_a,26,1.0500000775289648,0.05000007752896484,0.032016955119591614,-0.04864345317182197,0.0013426004881629647,-0.0010755520727247715,0.05907335525439845,0.942191631690252,1.060497179285002,True,,dead_geometry,no_window
phase29_avoid_dead_window_family_burn_a,0.98,150.0,8000.0,1.0,False,False,False,False,,,,,,,,,False,False,window_no_crossing,dead_window_no_crossing,0.0,,,False,0,,149553940138.6875,149553940138.6875,44.320138226214155,100000,False,True,max_steps,phase76_handoff,"{""burn_a"": 12, ""burn_b"": 46, ""coast_arc"": 1, ""phase76_handoff"": 99941}","{""insertion_window"": 99637, ""no_intercept_possible"": 363}",0.020408163265306076,1.0219907084772657,-0.1426785900258876,-0.8662947728438545,1.0227999973476687,0.999410987026562,1.075241049244956,False,False,0,12,46,1,0,1,1,1,1,1,0,1,0,True,0.0,705902,avoid_dead_window_family_burn_a,12,0.9800003097036812,-0.01999969029631875,0.4990393829828077,-0.05373660912693372,0.10363902909091341,-0.0726615838831395,0.47871549238896666,0.581556453849556,1.6496875035614926,True,714431,dead_geometry,no_window
phase29_avoid_dead_window_family_burn_a,1.0,150.0,8000.0,1.0,True,True,True,True,-25.192574395203952,-3281.9890635371144,-0.005988015668111895,-0.7800950243010297,-1460.0703125,1.9467604166666666e-10,3.120380097204119,3.134710956393185,False,False,crossing_bad_sync,no_window,8.93980995139794,0.6312616384372342,0.022897899677950195,False,1,631,473.6396484375,1334.857421875,19.644712995676638,852,True,False,success,phase76_handoff,"{""phase76_handoff"": 631}","{""handoff_ready"": 216, ""insertion_window"": 382, ""intercept_possible_poor_alignment"": 254}",0.0,3.55947010158653e-10,-0.13397459621556124,-1.7797318008717732e-10,0.730935153977333,0.7067683357255949,1.0000000000000073,False,False,0,0,0,0,0,1,0,0,0,0,0,0,631,True,0.7406103286384976,0,avoid_dead_window_family_burn_a,,,,,,,,,,,,,crossing_bad_sync,no_window
phase29_avoid_dead_window_family_burn_a,1.02,150.0,8000.0,1.0,False,False,False,False,,,,,,,,,False,False,dead_geometry,no_window,0.0,,,False,0,,150000206847.84863,169131515476.95215,1910.0228879266986,100000,False,True,max_steps,coast_arc,"{""burn_a"": 12, ""coast_arc"": 99988}","{""intercept_possible_poor_alignment"": 100000}",0.01960784313725499,0.05655150781554011,-0.12535721577320472,-0.14859673440503554,0.056547902387822604,0.1485956341026692,0.9850619349448214,False,False,0,12,0,99988,0,1,0,0,0,0,0,0,0,False,0.0,,avoid_dead_window_family_burn_a,12,1.020000293106,0.020000293106,0.45869256955847193,-0.16459563920941483,-0.0524844308808986,-0.14788730713157258,0.48558750103098947,0.4887601981327766,1.4115054412611086,True,,dead_geometry,no_window
phase29_avoid_dead_window_family_burn_a,1.05,150.0,8000.0,1.0,False,False,False,False,,,,,,,,,False,False,dead_geometry,no_window,0.0,,,False,0,,375000203770.7881,392911097239.0049,1787.906238671977,100000,False,True,max_steps,coast_arc,"{""burn_a"": 18, ""coast_arc"": 99982}","{""intercept_possible_poor_alignment"": 100000}",0.04761904761904765,0.06842525042081314,-0.11258803253505753,-0.150590934195958,0.06841918714299457,0.15058878292921518,0.9691462043990208,False,False,0,18,0,99982,0,1,0,0,0,0,0,0,0,False,0.0,,avoid_dead_window_family_burn_a,18,1.0500004354173247,0.05000043541732474,0.4297436051612679,-0.1906737143259637,-0.06507251202959873,-0.1502070476475758,0.48047887538278256,0.48778005135746083,1.3900263678400513,True,,dead_geometry,no_window
phase29_avoid_dead_window_family_burn_a,0.98,165.0,8000.0,1.0,False,False,False,False,,,,,,,,,False,False,window_no_crossing,dead_window_no_crossing,0.0,,,False,0,,149555616210.02148,149555616210.02148,44.32013822576135,100000,False,True,max_steps,phase76_handoff,"{""burn_a"": 12, ""burn_b"": 46, ""coast_arc"": 1, ""phase76_handoff"": 99941}","{""insertion_window"": 99637, ""no_intercept_possible"": 363}",0.020408163265306076,1.0219911738375236,-0.04378221735089306,-0.8662948034251179,1.0228013728945065,0.999398856609846,1.0844371362111467,False,False,0,12,46,1,0,1,1,1,1,1,0,1,0,True,0.0,1363699,avoid_dead_window_family_burn_a,12,0.98000015980927,-0.019999840190729947,0.2566428641825756,0.04727080254912508,0.12182569987437171,0.02632555386172506,0.27382520859158055,0.8269141915272807,1.4505380178050666,True,1389213,dead_geometry,no_window
phase29_avoid_dead_window_family_burn_a,1.0,165.0,8000.0,1.0,True,True,True,True,-88.06929902399378,-3143.494158607936,-0.020933166025926386,-0.7471762106990555,-2645.9189453125,3.5278919270833335e-10,2.988704842796222,3.1666781075799455,False,True,near_recoverable_crossing,no_window,11.00564757860189,0.6228607681431453,0.021398883100412866,False,1,182,2175.0126953125,2201.5400390625,24.039640678408468,403,True,False,success,phase76_handoff,"{""phase76_handoff"": 182}","{""handoff_ready"": 216, ""insertion_window"": 109, ""intercept_possible_poor_alignment"": 78}",2.104654818683916e-16,5.870625232460438e-10,-0.034074173710931875,-2.935310709686659e-10,0.4505343981162966,0.4324346135808888,1.0000000000000073,False,False,0,0,0,0,0,1,0,0,0,0,0,0,182,True,0.45161290322580644,1,avoid_dead_window_family_burn_a,,,,,,,,,,,,,near_recoverable_crossing,no_window
phase29_avoid_dead_window_family_burn_a,1.02,165.0,8000.0,1.0,False,False,False,False,,,,,,,,,False,False,dead_geometry,no_window,0.0,,,False,0,,150000107540.71484,160277490273.98438,1025.460924555121,100000,False,True,max_steps,coast_arc,"{""burn_a"": 12, ""coast_arc"": 99988}","{""intercept_possible_poor_alignment"": 100000}",0.019607843137254777,0.12805000158151483,-0.024462734730208335,-0.10333944184689235,0.12804103463266175,0.10333432995458457,0.9837140438435801,False,False,0,12,0,99988,0,1,0,0,0,0,0,0,0,False,0.0,,avoid_dead_window_family_burn_a,12,1.020000155145603,0.020000155145602994,0.2462790942033369,-0.11456005378177074,-0.11612672488275902,-0.09685111748529186,0.2993327453906845,0.6277667571152509,1.1641444617564998,True,,dead_geometry,no_window
phase29_avoid_dead_window_family_burn_a,1.05,165.0,8000.0,1.0,False,False,False,False,,,,,,,,,False,False,dead_geometry,no_window,0.0,,,False,0,,375000105895.9385,384405897027.0967,937.5978214985975,100000,False,True,max_steps,coast_arc,"{""burn_a"": 18, ""coast_arc"": 99982}","{""intercept_possible_poor_alignment"": 100000}",0.04761904761904765,0.18113559319597838,-0.010220561444707415,-0.13841711287004158,0.18111939055364132,0.1384069704534919,0.9673217993932917,False,False,0,18,0,99982,0,1,0,0,0,0,0,0,0,False,0.0,,avoid_dead_window_family_burn_a,18,1.0500002293242838,0.05000022932428386,0.22619546586744685,-0.1770441698589416,-0.17634080161207485,-0.1358961896281323,0.3487911512424264,0.5535885925789086,1.1465989697832661,True,,dead_geometry,no_window
phase29_avoid_dead_window_family_burn_a,0.98,170.0,8000.0,1.0,False,False,False,False,,,,,,,,,False,False,window_no_crossing,dead_window_no_crossing,0.0,,,False,0,,149556143708.56055,149556143708.56055,44.32013822561893,100000,False,True,max_steps,phase76_handoff,"{""burn_a"": 12, ""burn_b"": 46, ""coast_arc"": 1, ""phase76_handoff"": 99941}","{""insertion_window"": 99637, ""no_intercept_possible"": 363}",0.020408163265306496,1.021991320297228,-0.025090063551973553,-0.8662948130497211,1.0228016788670162,0.9993992585850257,1.0865518091033106,False,False,0,12,46,1,0,1,1,1,1,1,0,1,0,True,0.0,2032565,avoid_dead_window_family_burn_a,12,0.9800001071516885,-0.019999892848311458,0.17194049656629798,0.06642229739536026,0.12600394735053583,0.04509396571640298,0.21307935199864167,0.9003709405961936,1.3879689139570688,True,2073582,dead_geometry,no_window
phase29_avoid_dead_window_family_burn_a,1.0,170.0,8000.0,1.0,True,True,True,True,-26.609700880474676,-3835.407376660934,-0.006324852049514541,-0.911636861908399,-2190.5517578125,2.920735677083333e-10,3.646547447633596,3.6602346470497937,False,False,crossing_bad_sync,no_window,8.676726276183203,0.7368993122782103,0.029925929496057102,False,1,2307,470.41796875,2058.1533203125,20.503655353634183,2529,True,False,success,phase76_handoff,"{""phase76_handoff"": 2307}","{""handoff_ready"": 216, ""insertion_window"": 1096, ""intercept_possible_poor_alignment"": 1217}",2.104654818683916e-16,5.488264172930856e-10,-0.015192246987791962,-2.744130855547726e-10,0.8975993091151757,0.8706165037730679,1.0000000000000073,False,False,0,0,0,0,0,1,0,0,0,0,0,0,2307,True,0.9122182680901542,0,avoid_dead_window_family_burn_a,,,,,,,,,,,,,crossing_bad_sync,no_window
phase29_avoid_dead_window_family_burn_a,1.02,170.0,8000.0,1.0,False,False,False,False,,,,,,,,,False,False,dead_geometry,no_window,0.0,,,False,0,,150000072168.39844,156937295476.71777,691.7964713226361,100000,False,True,max_steps,coast_arc,"{""burn_a"": 12, ""coast_arc"": 99988}","{""intercept_possible_poor_alignment"": 100000}",0.01960784313725499,0.12851751189929989,-0.005392923511594131,-0.08488436090686921,0.12850852581551456,0.08487919803867047,0.9836710665370734,False,False,0,12,0,99988,0,1,0,0,0,0,0,0,0,False,0.0,,avoid_dead_window_family_burn_a,12,1.0200001043268303,0.02000010432683034,0.16613969563805503,-0.09635456460768548,-0.11660664180205474,-0.0782815616253752,0.2266499784965448,0.6925894872480527,1.0985515691693313,True,,dead_geometry,no_window
phase29_avoid_dead_window_family_burn_a,1.05,170.0,8000.0,1.0,False,False,False,False,,,,,,,,,False,False,dead_geometry,no_window,0.0,,,False,0,,375000071056.58984,381299066117.0928,627.0142420857217,100000,False,True,max_steps,coast_arc,"{""burn_a"": 18, ""coast_arc"": 99982}","{""intercept_possible_poor_alignment"": 100000}",0.047619047619047436,0.19984180298990364,0.009127655905139585,-0.13269281929142482,0.19982304175538812,0.13268098582761348,0.9672609695994746,False,False,0,18,0,99982,0,1,0,0,0,0,0,0,0,False,0.0,,avoid_dead_window_family_burn_a,18,1.0500001541974593,0.05000015419745924,0.1518365414839765,-0.17063539139057401,-0.19386163569498208,-0.1291670330741874,0.30762795935095194,0.5799432865149384,1.0952927209104455,True,,dead_geometry,no_window
phase29_avoid_dead_window_family_burn_a,0.98,175.0,8000.0,1.0,False,False,False,False,,,,,,,,,False,False,window_no_crossing,dead_window_no_crossing,0.0,,,False,0,,149556645610.1914,149556645610.1914,44.320138225483326,100000,False,True,max_steps,phase76_handoff,"{""burn_a"": 12, ""burn_b"": 46, ""coast_arc"": 1, ""phase76_handoff"": 99941}","{""insertion_window"": 99637, ""no_intercept_possible"": 363}",0.020408163265306287,1.0219914596499955,-0.013817563036137981,-0.8662948222073257,1.0228020951239565,0.9994000979085198,1.0879318997091707,False,False,0,12,46,1,0,1,1,1,1,1,0,1,0,True,0.0,2807964,avoid_dead_window_family_burn_a,12,0.9800000538292968,-0.019999946170703255,0.08644376060862645,0.07799232880117346,0.12872377026938112,0.05643254025271892,0.1661698367495631,0.9570215906248705,1.3384616691656093,True,4124457,dead_geometry,no_window
phase29_avoid_dead_window_family_burn_a,1.0,175.0,8000.0,1.0,True,True,True,True,-35.33209647045934,-3439.731965189568,-0.00839807571601849,-0.8175888886362344,-454.1748046875,6.0556640625e-11,3.2703555545449374,3.2972025479901705,False,False,crossing_bad_sync,no_window,8.86482222272753,0.6641488018287663,0.02482508985438676,False,1,86,265.2685546875,277.490234375,8.86631054729974,307,True,False,success,phase76_handoff,"{""phase76_handoff"": 86}","{""handoff_ready"": 215, ""insertion_window"": 52, ""intercept_possible_poor_alignment"": 40}",2.104654818683916e-16,7.398261572089514e-11,-0.0038053019082545138,-3.6991364129378737e-11,0.2861142806458803,0.2677516417374583,1.0000000000000073,False,False,0,0,0,0,0,1,0,0,0,0,0,0,86,True,0.28013029315960913,1,avoid_dead_window_family_burn_a,,,,,,,,,,,,,crossing_bad_sync,no_window
phase29_avoid_dead_window_family_burn_a,1.02,175.0,8000.0,1.0,False,False,False,False,,,,,,,,,False,False,dead_geometry,no_window,0.0,,,False,0,,150000036218.49512,153472287152.36426,345.5172305955343,100000,False,True,max_steps,coast_arc,"{""burn_a"": 12, ""coast_arc"": 99988}","{""intercept_possible_poor_alignment"": 100000}",0.019607843137254777,0.12901458608334532,0.006107327294770394,-0.07360226800295673,0.12900557266957782,0.07359720997407423,0.9836391498020198,False,False,0,12,0,99988,0,1,0,0,0,0,0,0,0,False,0.0,,avoid_dead_window_family_burn_a,12,1.0200000523390698,0.02000005233906979,0.08333707643787829,-0.08525951372109103,-0.11708898756514804,-0.06696465611884676,0.16586937333339422,0.746700250339689,1.0436674126334107,True,,dead_geometry,no_window
phase29_avoid_dead_window_family_burn_a,1.05,175.0,8000.0,1.0,False,False,False,False,,,,,,,,,False,False,window_no_crossing,dead_window_no_crossing,0.0,,,False,0,,374560534486.29395,374560534486.29395,44.31837135510639,100000,False,True,max_steps,phase76_handoff,"{""burn_a"": 18, ""burn_b"": 46, ""coast_arc"": 80, ""phase76_handoff"": 99856}","{""intercept_possible_good_alignment"": 5, ""intercept_possible_poor_alignment"": 99951, ""no_intercept_possible"": 44}",0.04761904761904765,0.8885404734865676,0.020795802465610375,-1.133971289198282,0.8863907109131192,0.9986714545309806,1.0000170146544367,False,False,0,18,46,80,0,1,1,1,1,0,0,1,0,True,0.0,7008024,avoid_dead_window_family_burn_a,18,1.050000076809288,0.05000007680928815,0.07461923756225453,-0.16560411872187933,-0.2029772481170741,-0.1238842605686197,0.2768035058318983,0.6011722127746509,1.0613696209386991,True,,dead_geometry,no_window
phase29_avoid_dead_window_family_burn_a,0.98,150.0,10000.0,1.0,False,False,False,False,,,,,,,,,False,False,window_no_crossing,dead_window_no_crossing,0.0,,,False,0,,149443527522.49902,149443527522.49902,55.39770280593047,100000,False,True,max_steps,phase76_handoff,"{""burn_a"": 12, ""burn_b"": 46, ""coast_arc"": 1, ""phase76_handoff"": 99941}","{""insertion_window"": 99526, ""intercept_possible_poor_alignment"": 13, ""no_intercept_possible"": 461}",0.020408163265306076,1.01514439078055,-0.1426785900258876,-0.8436622671776903,1.0130199407617797,0.9994109472658367,1.0916143445863462,False,False,0,12,46,1,0,1,1,1,1,1,0,1,0,True,0.0,705902,avoid_dead_window_family_burn_a,12,0.9800003091635512,-0.019999690836448827,0.4972801467893824,-0.035897953640115894,0.13596461747784255,-0.05517969650210124,0.4782135755492913,0.6038947420504831,1.7108252803656265,True,716958,dead_geometry,no_window
phase29_avoid_dead_window_family_burn_a,1.0,150.0,10000.0,1.0,True,True,True,True,-6.276680836972505,-4026.540150778171,-0.0014919024394221608,-0.9570671553015822,-547.65234375,7.30203125e-11,3.8282686212063286,3.828995307954149,False,False,crossing_bad_sync,no_window,8.585865689396837,0.7674440072415927,0.02644763969103196,False,1,413,80.015625,399.2158203125,22.040497429913927,630,True,False,success,phase76_handoff,"{""phase76_handoff"": 413}","{""handoff_ready"": 211, ""insertion_window"": 251, ""intercept_possible_poor_alignment"": 168}",0.0,1.0644565350620334e-10,-0.13397459621556124,-5.3222465417905946e-11,0.6430051106494269,0.6187930017814905,1.000000000000006,False,False,0,0,0,0,0,1,0,0,0,0,0,0,413,True,0.6555555555555556,0,avoid_dead_window_family_burn_a,,,,,,,,,,,,,crossing_bad_sync,no_window
phase29_avoid_dead_window_family_burn_a,1.02,150.0,10000.0,1.0,False,False,False,False,,,,,,,,,False,False,dead_geometry,no_window,0.0,,,False,0,,150000206488.38086,168733722616.5127,1870.2112077277673,100000,False,True,max_steps,coast_arc,"{""burn_a"": 12, ""coast_arc"": 99988}","{""intercept_possible_poor_alignment"": 100000}",0.01960784313725499,0.0678422055758505,-0.12535721577320472,-0.15029241681078345,0.0678380590568267,0.15029133991787771,0.983790702511922,False,False,0,12,0,99988,0,1,0,0,0,0,0,0,0,False,0.0,,avoid_dead_window_family_burn_a,12,1.0200002900950196,0.02000029009501953,0.449967263113529,-0.16641389347087912,-0.0634474211928372,-0.14974192952111895,0.4808249285418268,0.4882000380195855,1.3924759222048135,True,,dead_geometry,no_window
phase29_avoid_dead_window_family_burn_a,1.05,150.0,10000.0,1.0,False,False,False,False,,,,,,,,,False,False,dead_geometry,no_window,0.0,,,False,0,,375000203391.3203,392308975200.43555,1727.6693592286829,100000,False,True,max_steps,coast_arc,"{""burn_a"": 18, ""coast_arc"": 99982}","{""intercept_possible_poor_alignment"": 100000}",0.04761904761904765,0.08229182346024426,-0.11258803253505753,-0.15180280457618098,0.08228469065695525,0.1518008792292544,0.9674577551799866,False,False,0,18,0,99982,0,1,0,0,0,0,0,0,0,False,0.0,,avoid_dead_window_family_burn_a,18,1.0500004282629394,0.05000042826293932,0.4161296926731982,-0.19198037413301913,-0.07870149095749465,-0.15157904679481013,0.47279078606204467,0.48874430818667486,1.365336748310918,True,,dead_geometry,no_window
phase29_avoid_dead_window_family_burn_a,0.98,165.0,10000.0,1.0,False,False,False,False,,,,,,,,,False,False,window_no_crossing,dead_window_no_crossing,0.0,,,False,0,,149445125270.53418,149445125270.53418,55.39770280558612,100000,False,True,max_steps,phase76_handoff,"{""burn_a"": 12, ""burn_b"": 46, ""coast_arc"": 1, ""phase76_handoff"": 99941}","{""insertion_window"": 99526, ""intercept_possible_poor_alignment"": 13, ""no_intercept_possible"": 461}",0.020408163265306076,1.015144834242681,-0.04378221735089306,-0.8436623008204543,1.0130217495801248,0.9994015400202901,1.1029508806276702,False,False,0,12,46,1,0,1,1,1,1,1,0,1,0,True,0.0,1363699,avoid_dead_window_family_burn_a,12,0.9800001593606852,-0.019999840639314842,0.2550857123070714,0.06512800949313613,0.15875040256250092,0.04382561904280272,0.288787219977287,0.8454242143938178,1.5319914849326723,True,1397694,dead_geometry,no_window
phase29_avoid_dead_window_family_burn_a,1.0,165.0,10000.0,1.0,True,True,True,True,-8.88966729674766,-3994.6531548940916,-0.0021129824297496515,-0.9494879445402064,-488.6103515625,6.5148046875e-11,3.7979517781608254,3.79942093563033,False,False,crossing_bad_sync,no_window,8.601024110919587,0.7621259346130128,0.026098185272395925,False,1,243,206.97265625,277.3115234375,17.30631244279581,460,True,False,success,phase76_handoff,"{""phase76_handoff"": 243}","{""handoff_ready"": 211, ""insertion_window"": 148, ""intercept_possible_poor_alignment"": 101}",2.104654818683916e-16,7.393778657325719e-11,-0.034074173710931875,-3.6968672685193056e-11,0.5219687416576904,0.504706529929417,1.0000000000000058,False,False,0,0,0,0,0,1,0,0,0,0,0,0,243,True,0.5282608695652173,0,avoid_dead_window_family_burn_a,,,,,,,,,,,,,near_recoverable_crossing,no_window
phase29_avoid_dead_window_family_burn_a,1.02,165.0,10000.0,1.0,False,False,False,False,,,,,,,,,False,False,dead_geometry,no_window,0.0,,,False,0,,150000107471.7373,160065261417.5713,1003.8962450632993,100000,False,True,max_steps,coast_arc,"{""burn_a"": 12, ""coast_arc"": 99988}","{""intercept_possible_poor_alignment"": 100000}",0.019607843137254777,0.16150110628599867,-0.024462734730208335,-0.12153604603237583,0.16149006047020775,0.12152983006867016,0.9821058474428489,False,False,0,12,0,99988,0,1,0,0,0,0,0,0,0,False,0.0,,avoid_dead_window_family_burn_a,12,1.0200001541091666,0.020000154109166536,0.24208624148018998,-0.1319768537470162,-0.14871408673076167,-0.11461625705163292,0.3154647443301331,0.5959143912111786,1.1451628908581974,True,,dead_geometry,no_window
phase29_avoid_dead_window_family_burn_a,1.05,165.0,10000.0,1.0,False,False,False,False,,,,,,,,,False,False,dead_geometry,no_window,0.0,,,False,0,,375000105803.6172,384059319047.20703,902.8088862196455,100000,False,True,max_steps,coast_arc,"{""burn_a"": 18, ""coast_arc"": 99982}","{""intercept_possible_poor_alignment"": 100000}",0.04761904761904765,0.19677711129588468,-0.010220561444707415,-0.14614696491663376,0.19676149252884234,0.14613747419801737,0.9651775498942854,False,False,0,18,0,99982,0,1,0,0,0,0,0,0,0,False,0.0,,avoid_dead_window_family_burn_a,18,1.0500002255665746,0.05000022556657461,0.2183959141800201,-0.18535749309137317,-0.19342230617802886,-0.1446251839898221,0.3561086693547697,0.5395335140896703,1.1363191908971009,True,,dead_geometry,no_window
phase29_avoid_dead_window_family_burn_a,0.98,170.0,10000.0,1.0,False,False,False,False,,,,,,,,,False,False,window_no_crossing,dead_window_no_crossing,0.0,,,False,0,,149445631594.52246,149445631594.52246,55.39770280547694,100000,False,True,max_steps,phase76_handoff,"{""burn_a"": 12, ""burn_b"": 46, ""coast_arc"": 1, ""phase76_handoff"": 99941}","{""insertion_window"": 99526, ""intercept_possible_poor_alignment"": 13, ""no_intercept_possible"": 461}",0.020408163265306496,1.0151449747751888,-0.025090063551973553,-0.8436623114817138,1.0130222072425692,0.9994023760135043,1.1056062970328084,False,False,0,12,46,1,0,1,1,1,1,1,0,1,0,True,0.0,1396802,avoid_dead_window_family_burn_a,12,0.9800001068222793,-0.019999893177720704,0.1707689909489015,0.08430909490790973,0.1640721574928062,0.0626230288381205,0.23684864265094616,0.9129392736341191,1.4796117317270745,True,2087807,dead_geometry,no_window
phase29_avoid_dead_window_family_burn_a,1.0,170.0,10000.0,1.0,True,True,True,True,-627.8014830847948,-3075.3016548794985,-0.1492219516037754,-0.7309675543558039,-43366.4140625,5.782188541666666e-09,7.4610975801887705,8.013550658069029,False,False,crossing_bad_sync,no_window,6.769451209905615,0.7638403911913622,0.018126425876468198,False,1,3843,15013.0810546875,48971.787109375,233.64182222797018,4059,True,False,success,phase76_handoff,"{""phase76_handoff"": 3843}","{""handoff_ready"": 212, ""insertion_window"": 1791, ""intercept_possible_poor_alignment"": 2056}",2.104654818683916e-16,1.3059133116941239e-08,-0.015192246987791962,-6.529566633759087e-09,0.9258990373606751,0.919683014238784,1.000000000000005,False,False,0,0,0,0,0,1,0,0,0,0,0,0,3843,True,0.9467849223946785,0,avoid_dead_window_family_burn_a,,,,,,,,,,,,,crossing_bad_sync,no_window
phase29_avoid_dead_window_family_burn_a,1.02,170.0,10000.0,1.0,False,False,False,False,,,,,,,,,False,False,dead_geometry,no_window,0.0,,,False,0,,150000072126.28223,156820169323.74512,679.7059699234075,100000,False,True,max_steps,coast_arc,"{""burn_a"": 12, ""coast_arc"": 99988}","{""intercept_possible_poor_alignment"": 100000}",0.01960784313725499,0.16377338220084842,-0.005392923511594131,-0.10463724272550246,0.16376210370777236,0.10463080125415267,0.9820520363844454,False,False,0,12,0,99988,0,1,0,0,0,0,0,0,0,False,0.0,,avoid_dead_window_family_burn_a,12,1.0200001037486466,0.020000103748646615,0.16392824401223463,-0.11414090804638935,-0.1491653143037798,-0.09642363430063526,0.2485230238754171,0.653932873513385,1.086460762724842,True,,dead_geometry,no_window
phase29_avoid_dead_window_family_burn_a,1.05,170.0,10000.0,1.0,False,False,False,False,,,,,,,,,False,False,dead_geometry,no_window,0.0,,,False,0,,375000070996.74023,381040852003.86816,601.0108085618114,100000,False,True,max_steps,coast_arc,"{""burn_a"": 18, ""coast_arc"": 99982}","{""intercept_possible_poor_alignment"": 100000}",0.047619047619047436,0.21849312502830404,0.009127655905139585,-0.14347273895216242,0.2184749510205592,0.14346141585261232,0.9651013420189066,False,False,0,18,0,99982,0,1,0,0,0,0,0,0,0,False,0.0,,avoid_dead_window_family_burn_a,18,1.0500001515473973,0.0500001515473974,0.14604448795133113,-0.1822260414305283,-0.21467839007068046,-0.14133721957053966,0.32313383050843103,0.5572389984250754,1.0892873713110511,True,,dead_geometry,no_window
phase29_avoid_dead_window_family_burn_a,0.98,175.0,10000.0,1.0,False,False,False,False,,,,,,,,,False,False,window_no_crossing,dead_window_no_crossing,0.0,,,False,0,,149446121914.70117,149446121914.70117,55.397702805371225,100000,False,True,max_steps,phase76_handoff,"{""burn_a"": 12, ""burn_b"": 46, ""coast_arc"": 1, ""phase76_handoff"": 99941}","{""insertion_window"": 99526, ""intercept_possible_poor_alignment"": 13, ""no_intercept_possible"": 461}",0.020408163265306287,1.015145110865794,-0.013817563036137981,-0.8436623218060214,1.0130226228891548,0.9994033188559021,1.1073643981034813,False,False,0,12,46,1,0,1,1,1,1,1,0,1,0,True,0.0,1396806,avoid_dead_window_family_burn_a,12,0.9800000536757988,-0.01999994632420117,0.08588745440573954,0.09590908518826123,0.16757716306985773,0.07399096230829165,0.19959056960162488,0.9615418930001631,1.4410832048115658,True,4151172,dead_geometry,no_window
phase29_avoid_dead_window_family_burn_a,1.0,175.0,10000.0,1.0,True,True,True,True,-75.56244302967407,-3051.944929061562,-0.017960415068522723,-0.7254159010011462,-4019.8388671875,5.35978515625e-10,2.9016636040045847,3.037448426622083,False,True,near_recoverable_crossing,no_window,11.049168197997707,0.6018852194191227,0.016617452634956786,False,1,44,1625.736328125,2204.3291015625,8.84814968539807,260,True,False,success,phase76_handoff,"{""phase76_handoff"": 44}","{""handoff_ready"": 212, ""insertion_window"": 27, ""intercept_possible_poor_alignment"": 21}",2.104654818683916e-16,5.878098861721584e-10,-0.0038053019082545138,-2.9390490934242894e-10,0.172384283833011,0.1599501633935743,1.0000000000000058,False,False,0,0,0,0,0,1,0,0,0,0,0,0,44,True,0.16923076923076924,0,avoid_dead_window_family_burn_a,,,,,,,,,,,,,near_recoverable_crossing,no_window
phase29_avoid_dead_window_family_burn_a,1.02,175.0,10000.0,1.0,False,False,False,False,,,,,,,,,False,False,dead_geometry,no_window,0.0,,,False,0,,150000036196.47168,153413722244.56348,339.27538276704297,100000,False,True,max_steps,coast_arc,"{""burn_a"": 12, ""coast_arc"": 99988}","{""intercept_possible_poor_alignment"": 100000}",0.019607843137254777,0.16428902976480178,0.006107327294770394,-0.09350391190957229,0.16427772665944973,0.09349756140518613,0.9820120733521615,False,False,0,12,0,99988,0,1,0,0,0,0,0,0,0,False,0.0,,avoid_dead_window_family_burn_a,12,1.0200000520490755,0.020000052049075522,0.0822561516427961,-0.10315194714203846,-0.14968170927140267,-0.08521493940476726,0.1947046291753369,0.7004507111233506,1.039161203958326,True,,dead_geometry,no_window
phase29_avoid_dead_window_family_burn_a,1.05,175.0,10000.0,1.0,False,False,False,False,,,,,,,,,False,False,window_no_crossing,dead_window_no_crossing,0.0,,,False,0,,374449938628.3203,374449938628.3203,55.40718961966748,100000,False,True,max_steps,phase76_handoff,"{""burn_a"": 18, ""burn_b"": 46, ""coast_arc"": 80, ""phase76_handoff"": 99856}","{""intercept_possible_good_alignment"": 4, ""intercept_possible_poor_alignment"": 99951, ""no_intercept_possible"": 45}",0.04761904761904765,0.8781497041062257,0.020795802465610375,-1.1704800174466516,0.8766670626358627,0.9986861618330163,1.000017014515454,False,False,0,18,46,80,0,1,1,1,1,0,0,1,0,True,0.0,3496794,avoid_dead_window_family_burn_a,18,1.0500000751936096,0.05000007519360951,0.07094075923087395,-0.17973247636719084,-0.22689036670932003,-0.13871903850667458,0.2998111418869667,0.5707020587267557,1.0594354452168613,True,,dead_geometry,no_window
phase29_avoid_dead_window_family_burn_a,0.98,150.0,12000.0,1.0,False,False,False,False,,,,,,,,,False,False,window_no_crossing,dead_window_no_crossing,0.0,,,False,0,,149332537214.1963,149332537214.1963,66.47567384998167,100000,False,True,max_steps,phase76_handoff,"{""burn_a"": 12, ""burn_b"": 46, ""coast_arc"": 1, ""phase76_handoff"": 99941}","{""insertion_window"": 99904, ""no_intercept_possible"": 96}",0.020408163265306076,1.0005176200030104,-0.1426785900258876,-1.1961178042906637,1.0011024742458863,0.9994115349330203,1.1079989977767193,False,False,0,12,46,1,0,1,1,1,1,1,0,1,0,True,0.0,705902,avoid_dead_window_family_burn_a,12,0.9800003085979427,-0.01999969140205729,0.4953899382453977,-0.018072880447034676,0.1687763751421597,-0.03771111981740495,0.47988229360063506,0.6257253654073149,1.7803660162495158,True,719694,dead_geometry,no_window
phase29_avoid_dead_window_family_burn_a,1.0,150.0,12000.0,1.0,True,True,True,True,-80.49851164523518,-3051.369756909111,-0.019133667779626447,-0.7252791884998071,-3681.29296875,4.908390625e-10,2.9011167539992284,3.0547866581952734,False,True,near_recoverable_crossing,no_window,11.049441623000385,0.6031837526262365,0.014364654403677601,False,3,114,148.345703125,755.0380859375,26.347138132160573,326,True,False,success,phase76_handoff,"{""phase76_handoff"": 114}","{""handoff_ready"": 209, ""insertion_window"": 68, ""intercept_possible_poor_alignment"": 49}",0.0,2.0133359507560395e-10,-0.13397459621556124,-1.0066672571051816e-10,0.34060435774997916,0.3252353379979766,1.0000000000000049,False,False,0,0,0,0,0,1,0,0,0,0,0,0,114,True,0.3496932515337423,0,avoid_dead_window_family_burn_a,,,,,,,,,,,,,near_recoverable_crossing,no_window
phase29_avoid_dead_window_family_burn_a,1.02,150.0,12000.0,1.0,False,False,False,False,,,,,,,,,False,False,dead_geometry,no_window,0.0,,,False,0,,150000206128.91113,168343243882.98633,1831.142702813141,100000,False,True,max_steps,coast_arc,"{""burn_a"": 12, ""coast_arc"": 99988}","{""intercept_possible_poor_alignment"": 100000}",0.01960784313725499,0.07773417421186735,-0.12535721577320472,-0.15133480746236003,0.0777295780996042,0.15133378676678613,0.9825195357188464,False,False,0,12,0,99988,0,1,0,0,0,0,0,0,0,False,0.0,,avoid_dead_window_family_burn_a,12,1.0200002871168738,0.02000028711687383,0.4413855765279067,-0.16758209986392306,-0.07304297415626594,-0.1509335028599763,0.4758449189155795,0.4884753860828023,1.3753828639305308,True,,dead_geometry,no_window
phase29_avoid_dead_window_family_burn_a,1.05,150.0,12000.0,1.0,False,False,False,False,,,,,,,,,False,False,dead_geometry,no_window,0.0,,,False,0,,375000203011.8535,391723711453.92285,1669.1292333442484,100000,False,True,max_steps,coast_arc,"{""burn_a"": 18, ""coast_arc"": 99982}","{""intercept_possible_poor_alignment"": 100000}",0.04761904761904765,0.09442198542102426,-0.11258803253505753,-0.1523592922003054,0.09441398556305207,0.15235759198212778,0.9657693106327722,False,False,0,18,0,99982,0,1,0,0,0,0,0,0,0,False,0.0,,avoid_dead_window_family_burn_a,18,1.0500004212324532,0.050000421232453254,0.4028725445823558,-0.19260841528778436,-0.09057368237934202,-0.15223849595263572,0.46497867250044544,0.49058705169950567,1.3433101276607478,True,,dead_geometry,no_window
phase29_avoid_dead_window_family_burn_a,0.98,165.0,12000.0,1.0,False,False,False,False,,,,,,,,,False,False,window_no_crossing,dead_window_no_crossing,0.0,,,False,0,,149334083279.22363,149334083279.22363,66.47567384891391,100000,False,True,max_steps,phase76_handoff,"{""burn_a"": 12, ""burn_b"": 46, ""coast_arc"": 1, ""phase76_handoff"": 99941}","{""insertion_window"": 99904, ""no_intercept_possible"": 96}",0.020408163265306076,1.000518050433152,-0.04378221735089306,-1.1961177600967203,1.0011047692512365,0.9994048103876239,1.1213972642507861,False,False,0,12,46,1,0,1,1,1,1,1,0,1,0,True,0.0,1363699,avoid_dead_window_family_burn_a,12,0.9800001588721363,-0.019999841127863672,0.25330076241814636,0.08296342480868825,0.19615506003007624,0.061304328365227305,0.30753160007850844,0.8614452433418323,1.626596791325738,True,1407543,dead_geometry,no_window
phase29_avoid_dead_window_family_burn_a,1.0,165.0,12000.0,1.0,True,True,True,True,-29.385295636110204,-3791.606204635221,-0.0069845823583089784,-0.9012257740911267,-579.7763671875,7.7303515625e-11,3.604903096364507,3.621779577911722,False,False,crossing_bad_sync,no_window,8.697548451817747,0.7293621181801756,0.02031839432766244,False,2,105,135.919921875,502.3330078125,21.192783332264064,318,True,False,success,phase76_handoff,"{""phase76_handoff"": 105}","{""handoff_ready"": 209, ""insertion_window"": 63, ""intercept_possible_poor_alignment"": 46}",2.104654818683916e-16,1.3396506758790487e-10,-0.034074173710931875,6.698273464708606e-11,0.3259054175294539,0.3132262829276735,1.0000000000000049,False,False,0,0,0,0,0,1,0,0,0,0,0,0,105,True,0.330188679245283,0,avoid_dead_window_family_burn_a,,,,,,,,,,,,,crossing_bad_sync,no_window
phase29_avoid_dead_window_family_burn_a,1.02,165.0,12000.0,1.0,False,False,False,False,,,,,,,,,False,False,dead_geometry,no_window,0.0,,,False,0,,150000107402.75977,159850801916.20703,982.2243973243337,100000,False,True,max_steps,coast_arc,"{""burn_a"": 12, ""coast_arc"": 99988}","{""intercept_possible_poor_alignment"": 100000}",0.019607843137254777,0.1843738249315536,-0.024462734730208335,-0.133748108777357,0.18436186615973532,0.13374145306191812,0.9804977216881348,False,False,0,12,0,99988,0,1,0,0,0,0,0,0,0,False,0.0,,avoid_dead_window_family_burn_a,12,1.0200001529159632,0.02000015291596328,0.2374367112620049,-0.14554499744497265,-0.17431447652320556,-0.1284557667340623,0.328638447916646,0.5717050802873989,1.131416221530665,True,,dead_geometry,no_window
phase29_avoid_dead_window_family_burn_a,1.05,165.0,12000.0,1.0,False,False,False,False,,,,,,,,,False,False,dead_geometry,no_window,0.0,,,False,0,,375000105711.2959,383721191788.2793,868.9325645421941,100000,False,True,max_steps,coast_arc,"{""burn_a"": 18, ""coast_arc"": 99982}","{""intercept_possible_poor_alignment"": 100000}",0.04761904761904765,0.20588093992460774,-0.010220561444707415,-0.14983539991337907,0.20586630086845092,0.14982679633750112,0.9630334283208669,False,False,0,18,0,99982,0,1,0,0,0,0,0,0,0,False,0.0,,avoid_dead_window_family_burn_a,18,1.050000221763682,0.0500002217636819,0.2107562974312996,-0.18951072359596105,-0.2034504183967034,-0.1489860800386731,0.3583733966660397,0.5331558272161868,1.1287323315535778,True,,dead_geometry,no_window
phase29_avoid_dead_window_family_burn_a,0.98,170.0,12000.0,1.0,False,False,False,False,,,,,,,,,False,False,window_no_crossing,dead_window_no_crossing,0.0,,,False,0,,149334576517.15527,149334576517.15527,66.47567384857327,100000,False,True,max_steps,phase76_handoff,"{""burn_a"": 12, ""burn_b"": 46, ""coast_arc"": 1, ""phase76_handoff"": 99941}","{""insertion_window"": 99904, ""no_intercept_possible"": 96}",0.020408163265306496,1.0005181877524003,-0.025090063551973553,-1.1961177459976873,1.0011053752032475,0.9994059357584913,1.124608777026859,False,False,0,12,46,1,0,1,1,1,1,1,0,1,0,True,0.0,2032565,avoid_dead_window_family_burn_a,12,0.9800001064573933,-0.01999989354260664,0.16938676825825433,0.1021804701458321,0.2026775611950905,0.08013697807817532,0.2641347885376591,0.922920484421979,1.5854749935702865,True,2104844,dead_geometry,no_window
phase29_avoid_dead_window_family_burn_a,1.0,170.0,12000.0,1.0,True,True,True,True,-30.099257367256808,-2552.5823086070577,-0.007154283714171683,-0.6067225452351612,-1052.3896484375,1.4031861979166667e-10,2.426890180940645,2.4531113690583384,False,True,near_recoverable_crossing,no_window,11.286554909529677,0.49396317678545365,0.010598707260321274,False,6,1010,10.53125,67.607421875,14.814055285645287,1222,True,False,success,phase76_handoff,"{""phase76_handoff"": 1010}","{""handoff_ready"": 209, ""insertion_window"": 560, ""intercept_possible_poor_alignment"": 453}",2.104654818683916e-16,1.8038365054494238e-11,-0.015192246987791962,9.019278608507897e-12,0.7941505641062065,0.769303524146656,1.0000000000000049,False,False,0,0,0,0,0,1,0,0,0,0,0,0,1010,True,0.8265139116202946,0,avoid_dead_window_family_burn_a,,,,,,,,,,,,,near_recoverable_crossing,no_window
phase29_avoid_dead_window_family_burn_a,1.02,170.0,12000.0,1.0,False,False,False,False,,,,,,,,,False,False,dead_geometry,no_window,0.0,,,False,0,,150000072084.16504,156670548981.1289,664.4033688195558,100000,False,True,max_steps,coast_arc,"{""burn_a"": 12, ""coast_arc"": 99988}","{""intercept_possible_poor_alignment"": 100000}",0.01960784313725499,0.19583553302449502,-0.005392923511594131,-0.12280011066739259,0.19582232046803172,0.12279257906822028,0.9804330412217487,False,False,0,12,0,99988,0,1,0,0,0,0,0,0,0,False,0.0,,avoid_dead_window_family_burn_a,12,1.0200001030696113,0.02000010306961133,0.16104095961721876,-0.13182657883716126,-0.1811248357029022,-0.11446302093160743,0.2716441723978274,0.6166628671123648,1.076638246829393,True,,dead_geometry,no_window
phase29_avoid_dead_window_family_burn_a,1.05,170.0,12000.0,1.0,False,False,False,False,,,,,,,,,False,False,dead_geometry,no_window,0.0,,,False,0,,375000070936.8887,380792978630.5596,576.136903740648,100000,False,True,max_steps,coast_arc,"{""burn_a"": 18, ""coast_arc"": 99982}","{""intercept_possible_poor_alignment"": 100000}",0.047619047619047436,0.2280702719988215,0.009127655905139585,-0.14858303744295412,0.22805338255148846,0.14857266474292183,0.9629417736436197,False,False,0,18,0,99982,0,1,0,0,0,0,0,0,0,False,0.0,,avoid_dead_window_family_burn_a,18,1.050000148864313,0.05000014886431289,0.14045737484486057,-0.18797366006229452,-0.22564658381236774,-0.14737222218366616,0.33013125284456457,0.5465431520004829,1.0852486111511834,True,,dead_geometry,no_window
phase29_avoid_dead_window_family_burn_a,0.98,175.0,12000.0,1.0,False,False,False,False,,,,,,,,,False,False,window_no_crossing,dead_window_no_crossing,0.0,,,False,0,,149335058032.5664,149335058032.5664,66.47567384824082,100000,False,True,max_steps,phase76_handoff,"{""burn_a"": 12, ""burn_b"": 46, ""coast_arc"": 1, ""phase76_handoff"": 99941}","{""insertion_window"": 99904, ""intercept_possible_poor_alignment"": 1, ""no_intercept_possible"": 95}",0.020408163265306287,1.0005183218080038,-0.013817563036137981,-1.196117732233906,1.001105883260984,0.999406973279112,1.1267815017198195,False,False,0,12,46,1,0,1,1,1,1,1,0,1,0,True,0.0,4049661,avoid_dead_window_family_burn_a,12,0.9800000535033494,-0.019999946496650652,0.08521480322330753,0.11382174147764473,0.20704421936494824,0.0915453662412856,0.234980756359596,0.9647691111195705,1.5574396284374663,True,4183940,dead_geometry,no_window
phase29_avoid_dead_window_family_burn_a,1.0,175.0,12000.0,1.0,True,True,True,True,-67.92548656141525,-2582.702318568411,-0.016145189110617915,-0.6138817616273774,-5157.419921875,6.876559895833333e-10,2.4555270465095096,2.584817383236934,False,True,near_recoverable_crossing,no_window,11.272236476745245,0.5104796369222995,0.010969941268989187,False,1,43,1216.3447265625,2626.7353515625,7.257112147984378,255,True,False,success,phase76_handoff,"{""phase76_handoff"": 43}","{""handoff_ready"": 209, ""insertion_window"": 26, ""intercept_possible_poor_alignment"": 20}",2.104654818683916e-16,7.004529062574584e-10,-0.0038053019082545138,-3.5022646825758274e-10,0.16585029829326867,0.15445766656619989,1.0000000000000049,False,False,0,0,0,0,0,1,0,0,0,0,0,0,43,True,0.16862745098039217,0,avoid_dead_window_family_burn_a,,,,,,,,,,,,,near_recoverable_crossing,no_window
phase29_avoid_dead_window_family_burn_a,1.02,175.0,12000.0,1.0,False,False,False,False,,,,,,,,,False,False,window_no_crossing,dead_window_no_crossing,0.0,,,False,0,,149339151567.56152,149339151567.56152,66.48812069425192,100000,False,True,max_steps,phase76_handoff,"{""burn_a"": 12, ""burn_b"": 46, ""coast_arc"": 80, ""phase76_handoff"": 99862}","{""insertion_window"": 99811, ""intercept_possible_good_alignment"": 2, ""intercept_possible_poor_alignment"": 186, ""no_intercept_possible"": 1}",0.019607843137254777,0.9231173343937862,0.006107327294770394,-0.8029684430713314,0.9207248846165902,0.9987093695258615,1.0000027225087775,False,False,0,12,46,80,0,1,1,1,1,1,0,1,0,True,0.0,7494604,avoid_dead_window_family_burn_a,12,1.0200000517159071,0.02000005171590716,0.08089738390585278,-0.12102482671483691,-0.18164247233557096,-0.10344527779213525,0.2240168011707408,0.6566988044154275,1.035860532967654,True,,dead_geometry,no_window
phase29_avoid_dead_window_family_burn_a,1.05,175.0,12000.0,1.0,False,False,False,False,,,,,,,,,False,False,window_no_crossing,dead_window_no_crossing,0.0,,,False,0,,374338817854.3828,374338817854.3828,66.48096675945924,100000,False,True,max_steps,phase76_handoff,"{""burn_a"": 18, ""burn_b"": 46, ""coast_arc"": 80, ""phase76_handoff"": 99856}","{""intercept_possible_good_alignment"": 3, ""intercept_possible_poor_alignment"": 99952, ""no_intercept_possible"": 45}",0.04761904761904765,0.8689363684442675,0.020795802465610375,-0.8013899014059692,0.8647978199547864,0.9986989229689823,1.0000170144189988,False,False,0,18,46,80,0,1,1,1,1,0,0,1,0,True,0.0,18523273,avoid_dead_window_family_burn_a,18,1.0500000735278876,0.0500000735278875,0.06738264319491004,-0.18678126412532373,-0.23889663839645212,-0.14612026753733418,0.3109780245049414,0.5561577569432138,1.0581819208112364,True,,dead_geometry,no_window
