variant_name,sweep,predictive_horizon,replan_interval,score_mode,action_space,burn_hold_steps,controller_name,r0_over_target,initial_velocity_angle_deg,thrust_scale,target_radius_scale,success,capture_entered,lock_entered,crossing_occurs,crossing_vr,crossing_vt_error,crossing_vr_ratio,crossing_vt_error_ratio,crossing_radius_error,recoverable_crossing,crossing_score,recoverability_score,near_miss,radius_crossings_total,first_crossing_step,minimum_abs_radius_error,final_radius_error,tail_mean_abs_vr,steps,terminated,truncated,termination_reason,dominant_planner_mode,planner_mode_counts_json,initial_energy_error_ratio,final_energy_error_ratio,initial_angular_momentum_ratio,final_angular_momentum_ratio,max_speed_ratio,overspeed,turning_point_count,mean_abs_tracking_error,initial_transfer_energy_error_ratio,final_transfer_energy_error_ratio,initial_transfer_angular_momentum_error_ratio,final_transfer_angular_momentum_error_ratio,burn_steps,coast_steps,burn_ratio,event_count,burn_count,predictive_replans,candidate_eval_count,runtime_seconds,planner_choice_counts_json,planner_choice_named_counts_json,coast_chosen_pct,prograde_pct,retrograde_pct,radial_inward_pct,radial_outward_pct,diagonal_pct,avg_chosen_thrust_norm,avg_score_margin,event_steps_json,burn_steps_json
baseline_h260_r40_recoverability_base,baseline,260,40,recoverability,baseline,0,baseline_h260_r40_recoverability_base,1.0,150.0,8000.0,1.0,True,True,True,True,-38.530447607905636,-3195.2769906896274,-0.009158290866034995,-0.7594844569695679,-2413.50390625,False,0.6185775149366969,0.021872411989640565,False,1,128,1076.5029296875,2220.5693359375,28.016402607368157,349,True,False,success,phase76_handoff,"{""phase76_handoff"": 128}",0.0,5.921338994971445e-10,0.8660254037844387,1.0000000000000075,1.0000000000000073,False,0,5.993435436858285e-07,0.0,5.921338994971445e-10,0.13397459621556124,2.9606680816445473e-10,0,0,0.0,0,0,0,0,0.004202000000077533,{},{},0.0,0.0,0.0,0.0,0.0,0.0,0.0,0.0,[],[]
baseline_h260_r40_recoverability_base,baseline,260,40,recoverability,baseline,0,baseline_h260_r40_recoverability_base,1.0,165.0,8000.0,1.0,True,True,True,True,-75.5921283924204,-3183.1688515097776,-0.017967470973745035,-0.756606476895629,-6026.451171875,False,0.6268461474885241,0.02180655982767169,False,1,79,581.3896484375,5645.37109375,18.30163168160577,300,True,False,success,phase76_handoff,"{""phase76_handoff"": 79}",2.104654818683916e-16,1.5054145521914852e-09,0.9659258262890681,1.0000000000000075,1.0000000000000073,False,0,5.203974283719617e-07,2.104654818683916e-16,1.5054145521914852e-09,0.034074173710931875,7.527071491359193e-10,0,0,0.0,0,0,0,0,0.00410109999938868,{},{},0.0,0.0,0.0,0.0,0.0,0.0,0.0,0.0,[],[]
baseline_h260_r40_recoverability_base,baseline,260,40,recoverability,baseline,0,baseline_h260_r40_recoverability_base,1.02,165.0,8000.0,1.0,False,False,False,False,,,,,,False,,,False,0,,72083243341.39258,72083243341.39258,7807.331285071104,100000,False,True,max_steps,coast,"{""coast"": 99880, ""predictive_descent"": 120}",0.019607843137254777,2.512174155613607,0.956409083597835,0.22123411752543062,1.8689930297163235,False,0,0.014580116953619975,0.009803921568627437,2.5272958971697426,0.029256558656644043,0.7777371573722482,0,99880,0.0,0,0,2500,22500,6.129675700001826,"{""coast"": 2497, ""radial_inward"": 2, ""retrograde"": 1}","{""coast"": 2497, ""radial_inward"": 2, ""small_retrograde"": 1}",99.88,0.0,0.04,0.08,0.0,0.0,0.00010800000000000001,1.4206743740458982e-05,[],[]
baseline_h260_r40_recoverability_base,baseline,260,40,recoverability,baseline,0,baseline_h260_r40_recoverability_base,1.05,165.0,8000.0,1.0,False,False,False,False,,,,,,False,,,False,0,,296933726237.5176,296933726237.5176,7821.743484109974,100000,False,True,max_steps,coast,"{""coast"": 99880, ""predictive_descent"": 120}",0.04761904761904765,2.576020825782158,0.942647084338374,0.20727345511242676,1.870789681075356,False,0,0.04422289551756022,0.023809523809523878,2.615421346426712,0.022074635036229126,0.7871010140124269,0,99880,0.0,0,0,2500,22500,6.134817000001931,"{""coast"": 2497, ""radial_inward"": 2, ""retrograde"": 1}","{""coast"": 2497, ""radial_inward"": 2, ""small_retrograde"": 1}",99.88,0.0,0.04,0.08,0.0,0.0,0.00010800000000000001,1.4206746536025783e-05,[],[]
baseline_h260_r40_recoverability_base,baseline,260,40,recoverability,baseline,0,baseline_h260_r40_recoverability_base,1.0,170.0,8000.0,1.0,True,True,True,True,-69.01423483018289,-4727.470714164705,-0.01640397336941329,-1.1236711366960404,-2623.1083984375,False,0.9186216777498761,0.04348345057112868,False,1,42,1709.513671875,2275.509765625,11.434367729151932,266,True,False,success,phase76_handoff,"{""phase76_handoff"": 42}",2.104654818683916e-16,6.067846121554851e-10,0.984807753012208,1.0000000000000073,1.0000000000000073,False,0,4.632949875670622e-07,2.104654818683916e-16,6.067846121554851e-10,0.015192246987791962,3.0339234160109173e-10,0,0,0.0,0,0,0,0,0.004516500001045642,{},{},0.0,0.0,0.0,0.0,0.0,0.0,0.0,0.0,[],[]
baseline_h260_r40_recoverability_base,baseline,260,40,recoverability,baseline,0,baseline_h260_r40_recoverability_base,0.98,165.0,8000.0,1.0,False,False,False,False,,,,,,False,,,False,0,,72660148719.83887,72660148719.83887,7724.851567285684,100000,False,True,max_steps,coast,"{""coast"": 99920, ""predictive_descent"": 80}",0.020408163265306076,2.3685560288769216,0.9757324312745989,0.1315656364832687,1.8464455605206895,False,0,0.015074279360390812,0.01020408163265299,2.3548704685881523,0.03891593766554585,0.8690459246921106,0,99920,0.0,0,0,2500,22500,6.301240900000266,"{""coast"": 2498, ""diagonal"": 1, ""radial_outward"": 1}","{""coast"": 2498, ""radial_outward"": 1, ""retrograde_outward"": 1}",99.92,0.0,0.0,0.0,0.04,0.04,7.773592452822642e-05,1.4212197434726547e-05,[],[]
baseline_h260_r40_recoverability_base,baseline,260,40,recoverability,baseline,0,baseline_h260_r40_recoverability_base,0.98,150.0,8000.0,1.0,False,False,False,False,,,,,,False,,,False,0,,84468724217.98242,84468724217.98242,6551.05755757195,100000,False,True,max_steps,coast,"{""coast"": 99960, ""predictive_descent"": 40}",0.020408163265306076,2.153561336230181,0.8748177652797064,0.8670860310538518,1.7872808345631124,False,0,0.01586260116205586,0.01020408163265299,2.1420257228678796,0.1383156030192956,0.13831661624986635,0,99960,0.0,0,0,2500,22500,8.180705299997499,"{""coast"": 2499, ""radial_outward"": 1}","{""coast"": 2499, ""radial_outward"": 1}",99.96,0.0,0.0,0.0,0.04,0.0,4e-05,5.796300822158429e-09,[],[]
baseline_h260_r40_recoverability_base,baseline,260,40,recoverability,baseline,0,baseline_h260_r40_recoverability_base,1.02,150.0,8000.0,1.0,False,False,False,False,,,,,,False,,,False,0,,82108653858.16895,82108653858.16895,6803.3750686506155,100000,False,True,max_steps,coast,"{""coast"": 99880, ""predictive_descent"": 120}",0.01960784313725499,1.6517583238054399,0.8574929257125444,0.1211424073618747,1.8257690931976658,False,0,0.015247375213863884,0.009803921568627649,1.6582759070434943,0.12965524072353934,0.8781331515728964,0,99880,0.0,0,0,2500,22500,10.128899300001649,"{""coast"": 2497, ""radial_inward"": 2, ""retrograde"": 1}","{""coast"": 2497, ""radial_inward"": 2, ""small_retrograde"": 1}",99.88,0.0,0.04,0.08,0.0,0.0,0.00010800000000000001,1.7026247823892502e-08,[],[]
baseline_h260_r40_recoverability_base,baseline,260,40,recoverability,baseline,0,baseline_h260_r40_recoverability_base,1.0,175.0,8000.0,1.0,True,True,True,True,-31.058008674702325,-3664.12991433049,-0.0073821690331051645,-0.8709259717889519,-762.443359375,False,0.7055993803725469,0.02761116937756757,False,1,8,596.3916015625,607.4658203125,3.3645032623345292,230,True,False,success,phase76_handoff,"{""phase76_handoff"": 8}",2.104654818683916e-16,1.6197255112205923e-10,0.9961946980917454,1.0000000000000075,1.0000000000000075,False,0,4.020464845759737e-07,2.104654818683916e-16,1.6197255112205923e-10,0.0038053019082545138,8.098627137007804e-11,0,0,0.0,0,0,0,0,0.0034254999991389923,{},{},0.0,0.0,0.0,0.0,0.0,0.0,0.0,0.0,[],[]
baseline_h260_r40_recoverability_base,baseline,260,40,recoverability,baseline,0,baseline_h260_r40_recoverability_base,1.05,150.0,8000.0,1.0,False,False,False,False,,,,,,False,,,False,0,,306815014006.5283,306815014006.5283,6832.157363386223,100000,False,True,max_steps,coast,"{""coast"": 99880, ""predictive_descent"": 120}",0.04761904761904765,1.7279858954899665,0.8451542547285167,0.1086693973012368,1.8263186131125941,False,0,0.04488053578733844,0.023809523809523878,1.7461855428772155,0.12321610416249097,0.8882397911055445,0,99880,0.0,0,0,2500,22500,10.174564400000236,"{""coast"": 2497, ""radial_inward"": 2, ""retrograde"": 1}","{""coast"": 2497, ""radial_inward"": 2, ""small_retrograde"": 1}",99.88,0.0,0.04,0.08,0.0,0.0,0.00010800000000000001,1.7111004261671782e-08,[],[]
baseline_h260_r40_recoverability_base,baseline,260,40,recoverability,baseline,0,baseline_h260_r40_recoverability_base,0.98,170.0,8000.0,1.0,False,False,False,False,,,,,,False,,,False,0,,76241175967.17676,76241175967.17676,7370.388115220575,100000,False,True,max_steps,coast,"{""coast"": 99880, ""predictive_descent"": 120}",0.020408163265306496,2.384088968803458,0.9948060576000269,0.5795956973861693,1.8506449546822594,False,0,0.01531386761556849,0.010204081632653406,2.3702480791154237,0.020128657787653964,1.576623396987619,0,99880,0.0,0,0,2500,22500,9.94844329999978,"{""coast"": 2497, ""diagonal"": 1, ""radial_outward"": 1, ""retrograde"": 1}","{""coast"": 2497, ""radial_outward"": 1, ""retrograde_outward"": 1, ""small_retrograde"": 1}",99.88,0.0,0.04,0.0,0.04,0.04,0.00010573592452822643,1.1440971023901626e-08,[],[]
baseline_h260_r40_recoverability_base,baseline,260,40,recoverability,baseline,0,baseline_h260_r40_recoverability_base,0.98,175.0,8000.0,1.0,False,False,False,False,,,,,,False,,,False,0,,79861176468.02734,79861176468.02734,7013.651143405971,100000,False,True,max_steps,coast,"{""coast"": 99880, ""predictive_descent"": 120}",0.020408163265306287,2.553964103785982,1.0063086091467979,0.8924458705110316,1.8959860515491949,False,0,0.01555643515091612,0.010204081632653197,2.5384244627481225,0.008798790486491197,0.1125637395386414,0,99880,0.0,0,0,2500,22500,9.80662669999947,"{""coast"": 2497, ""diagonal"": 1, ""prograde"": 1, ""radial_outward"": 1}","{""coast"": 2497, ""radial_outward"": 1, ""retrograde_outward"": 1, ""small_prograde"": 1}",99.88,0.04,0.0,0.0,0.04,0.04,0.00010573592452822643,1.1496257728804692e-08,[],[]
baseline_h260_r40_recoverability_base,baseline,260,40,recoverability,baseline,0,baseline_h260_r40_recoverability_base,1.0,150.0,10000.0,1.0,True,True,True,True,-56.806558896857226,-3462.776521423222,-0.013502334433540864,-0.823066342493355,-3817.8857421875,False,0.6746558758239845,0.02052503083453011,False,1,1711,693.05859375,2453.6474609375,78.06700913583241,1927,True,False,success,phase76_handoff,"{""phase76_handoff"": 1711}",0.0,6.542913016537822e-10,0.8660254037844387,1.000000000000006,1.0000000000000058,False,0,2.9618460471386597e-06,0.0,6.542913016537822e-10,0.13397459621556124,3.271454664854056e-10,0,0,0.0,0,0,0,0,0.07085169999845675,{},{},0.0,0.0,0.0,0.0,0.0,0.0,0.0,0.0,[],[]
baseline_h260_r40_recoverability_base,baseline,260,40,recoverability,baseline,0,baseline_h260_r40_recoverability_base,1.02,170.0,8000.0,1.0,False,False,False,False,,,,,,False,,,False,0,,90669001859.67188,90669001859.67188,5947.008479442561,100000,False,True,max_steps,predictive_descent,"{""predictive_descent"": 100000}",0.01960784313725499,1.1638800771172697,0.9751049769494176,0.3761677728501608,1.7749994396937632,False,0,0.015817795097216352,0.009803921568627649,1.1655188778884424,0.010280457151176597,1.3788445216914833,0,0,0.0,0,0,2500,22500,14.00086359999841,"{""diagonal"": 1, ""radial_inward"": 1, ""retrograde"": 2498}","{""medium_retrograde"": 1, ""prograde_inward"": 1, ""radial_inward"": 1, ""small_retrograde"": 2497}",0.0,0.0,99.92,0.04,0.0,0.04,0.07004973592452823,1.1377892240371779e-08,[],[]
baseline_h260_r40_recoverability_base,baseline,260,40,recoverability,baseline,0,baseline_h260_r40_recoverability_base,1.05,170.0,8000.0,1.0,False,False,False,False,,,,,,False,,,False,0,,315583079010.0654,315583079010.0654,5953.857025871133,100000,False,True,max_steps,coast,"{""coast"": 99800, ""predictive_descent"": 200}",0.047619047619047436,1.1936766694980965,0.9610739580048949,0.33149367989975986,1.7684664604367275,False,0,0.04546453241303624,0.02380952380952366,1.1985185862355487,0.0029581412233598363,0.6586949693530337,0,99800,0.0,0,0,2500,22500,14.070165799999813,"{""coast"": 2495, ""diagonal"": 1, ""radial_inward"": 1, ""retrograde"": 3}","{""coast"": 2495, ""medium_retrograde"": 1, ""prograde_inward"": 1, ""radial_inward"": 1, ""small_retrograde"": 2}",99.8,0.0,0.12,0.04,0.0,0.04,0.00018973592452822642,1.1373006376391715e-08,[],[]
baseline_h260_r40_recoverability_base,baseline,260,40,recoverability,baseline,0,baseline_h260_r40_recoverability_base,1.05,175.0,8000.0,1.0,False,False,False,False,,,,,,False,,,False,0,,312027784650.41113,312027784650.41113,6310.285141544167,100000,False,True,max_steps,predictive_descent,"{""coast"": 39920, ""predictive_descent"": 60080}",0.04761904761904765,1.4727669350815682,0.9721864785386766,0.3779297015446338,1.8429814424934339,False,0,0.04522768418450038,0.023809523809523878,1.4845861084586074,0.008570262013884953,1.3889384316494193,0,39920,0.0,0,0,2500,22500,14.139175100001012,"{""coast"": 998, ""diagonal"": 1, ""radial_inward"": 1, ""retrograde"": 1500}","{""coast"": 998, ""medium_retrograde"": 1, ""prograde_inward"": 1, ""radial_inward"": 1, ""small_retrograde"": 1499}",39.92,0.0,60.0,0.04,0.0,0.04,0.04210573592452823,1.137465414107197e-08,[],[]
baseline_h260_r40_recoverability_base,baseline,260,40,recoverability,baseline,0,baseline_h260_r40_recoverability_base,1.0,165.0,10000.0,1.0,True,True,True,True,-44.60852682385054,-3025.2685757801814,-0.010602987744017904,-0.7190752063618795,-2523.248046875,False,0.5879837507187582,0.01630347108872191,False,1,41,1109.8916015625,1452.48828125,20.02351591027418,257,True,False,success,phase76_handoff,"{""phase76_handoff"": 41}",2.104654818683916e-16,3.8731520650728185e-10,0.9659258262890681,1.000000000000006,1.000000000000006,False,0,4.4768223066228917e-07,2.104654818683916e-16,3.8731520650728185e-10,0.034074173710931875,1.9365753166188975e-10,0,0,0.0,0,0,0,0,0.005367699999624165,{},{},0.0,0.0,0.0,0.0,0.0,0.0,0.0,0.0,[],[]
baseline_h260_r40_recoverability_base,baseline,260,40,recoverability,baseline,0,baseline_h260_r40_recoverability_base,1.02,175.0,8000.0,1.0,False,False,False,False,,,,,,False,,,False,0,,87065890060.35059,87065890060.35059,6307.331404718206,100000,False,True,max_steps,predictive_descent,"{""predictive_descent"": 100000}",0.019607843137254777,1.4040115599188268,0.9863797326419318,0.36481126107613276,1.8503131721233128,False,0,0.015577592423665633,0.009803921568627437,1.408051675518015,0.0011632810242118924,1.3672328010358115,0,0,0.0,0,0,2500,22500,14.195275400001265,"{""diagonal"": 1, ""radial_inward"": 1, ""retrograde"": 2498}","{""medium_retrograde"": 1, ""prograde_inward"": 1, ""radial_inward"": 1, ""small_retrograde"": 2497}",0.0,0.0,99.92,0.04,0.0,0.04,0.07004973592452823,1.1377894111941345e-08,[],[]
baseline_h260_r40_recoverability_base,baseline,260,40,recoverability,baseline,0,baseline_h260_r40_recoverability_base,1.02,165.0,10000.0,1.0,False,False,False,False,,,,,,False,,,False,0,,149624832579.19238,149624832579.19238,4345.678956589375,865,True,False,radial_stall,coast,"{""coast"": 785, ""predictive_descent"": 80}",0.019607843137254777,0.16522473679460892,0.956409083597835,0.03462568379020242,1.4281227921411994,False,0,0.01996973284271074,0.009803921568627437,0.15687698416255508,0.029256558656644043,0.9648570788759904,0,785,0.0,0,0,22,198,0.11609210000096937,"{""coast"": 20, ""radial_inward"": 1, ""retrograde"": 1}","{""coast"": 20, ""radial_inward"": 1, ""small_retrograde"": 1}",90.9090909090909,0.0,4.545454545454546,4.545454545454546,0.0,0.0,0.007727272727272728,1.2753891552157044e-06,[],[]
baseline_h260_r40_recoverability_base,baseline,260,40,recoverability,baseline,0,baseline_h260_r40_recoverability_base,1.05,165.0,10000.0,1.0,False,False,False,False,,,,,,False,,,False,0,,374623491045.89844,374623491045.89844,4360.936919001045,865,True,False,radial_stall,coast,"{""coast"": 785, ""predictive_descent"": 80}",0.04761904761904765,0.22831898996820993,0.942647084338374,0.020862883865299987,1.4217014470682159,False,0,0.04996066840948617,0.023809523809523878,0.20902696471741522,0.022074635036229126,0.9783573626146191,0,785,0.0,0,0,22,198,0.1153485000031651,"{""coast"": 20, ""radial_inward"": 1, ""retrograde"": 1}","{""coast"": 20, ""radial_inward"": 1, ""small_retrograde"": 1}",90.9090909090909,0.0,4.545454545454546,4.545454545454546,0.0,0.0,0.007727272727272728,1.2802791473945616e-06,[],[]
baseline_h260_r40_recoverability_base,baseline,260,40,recoverability,baseline,0,baseline_h260_r40_recoverability_base,1.0,170.0,10000.0,1.0,True,True,True,True,-14.98621570953258,-4062.7001351939803,-0.0035620692457484443,-0.9656620114621247,-1402.0849609375,False,0.7768040924515426,0.02687945836559521,False,1,26,96.537109375,1044.1005859375,8.944379745003824,243,True,False,success,phase76_handoff,"{""phase76_handoff"": 26}",2.104654818683916e-16,2.7841236850026503e-10,0.984807753012208,1.0000000000000058,1.0000000000000058,False,0,4.240856750450103e-07,2.104654818683916e-16,2.7841236850026503e-10,0.015192246987791962,1.3920605199046318e-10,0,0,0.0,0,0,0,0,0.0038168999999470543,{},{},0.0,0.0,0.0,0.0,0.0,0.0,0.0,0.0,[],[]
baseline_h260_r40_recoverability_base,baseline,260,40,recoverability,baseline,0,baseline_h260_r40_recoverability_base,0.98,150.0,10000.0,1.0,False,False,False,False,,,,,,False,,,False,0,,73503600577.52051,73503600577.52051,7641.444867204002,100000,False,True,max_steps,coast,"{""coast"": 99880, ""predictive_descent"": 120}",0.020408163265306076,2.28076684530052,0.8748177652797064,0.0464839898120614,1.8225166083328077,False,0,0.015131208993974738,0.01020408163265299,2.2679591768475147,0.1383156030192956,1.0462626624945388,0,99880,0.0,0,0,2500,22500,8.370437199999287,"{""coast"": 2497, ""diagonal"": 2, ""prograde"": 1}","{""coast"": 2497, ""retrograde_outward"": 2, ""small_prograde"": 1}",99.88,0.04,0.0,0.0,0.0,0.08,0.00010347184905645283,1.7758135364753347e-05,[],[]
baseline_h260_r40_recoverability_base,baseline,260,40,recoverability,baseline,0,baseline_h260_r40_recoverability_base,0.98,165.0,10000.0,1.0,False,False,False,False,,,,,,False,,,False,0,,83618167850.35059,83618167850.35059,6638.428136086643,100000,False,True,max_steps,coast,"{""coast"": 99960, ""predictive_descent"": 40}",0.020408163265306076,2.4022249608839545,0.9757324312745989,0.9669976051605442,1.8555422156152144,False,0,0.01580653493683591,0.01020408163265299,2.3882027112751154,0.03891593766554585,0.03891735030532278,0,99960,0.0,0,0,2500,22500,10.07645550000234,"{""coast"": 2499, ""radial_outward"": 1}","{""coast"": 2499, ""radial_outward"": 1}",99.96,0.0,0.0,0.0,0.04,0.0,4e-05,7.193714758546576e-09,[],[]
baseline_h260_r40_recoverability_base,baseline,260,40,recoverability,baseline,0,baseline_h260_r40_recoverability_base,1.02,150.0,10000.0,1.0,False,False,False,False,,,,,,False,,,False,0,,87655012837.91504,87655012837.91504,6248.7963092026885,100000,False,True,max_steps,coast,"{""coast"": 99840, ""predictive_descent"": 160}",0.01960784313725499,1.26857778710544,0.8574929257125444,0.19758999741601208,1.8548228584815822,False,0,0.0156172871730592,0.009803921568627649,1.2712635649764943,0.12965524072353934,1.1989170022235835,0,99840,0.0,0,0,2500,22500,12.467957900000329,"{""coast"": 2496, ""diagonal"": 1, ""radial_inward"": 1, ""retrograde"": 2}","{""coast"": 2496, ""prograde_inward"": 1, ""radial_inward"": 1, ""small_retrograde"": 2}",99.84,0.0,0.08,0.04,0.0,0.04,0.00013373592452822642,1.5623954651022843e-08,[],[]
baseline_h260_r40_recoverability_base,baseline,260,40,recoverability,baseline,0,baseline_h260_r40_recoverability_base,1.0,175.0,10000.0,1.0,True,True,True,True,-79.19029577566481,-3603.0741488999756,-0.01882271833073839,-0.8564136446924371,-4727.6806640625,False,0.7077181783811932,0.021957297513013917,False,1,7,2218.6337890625,2824.8642578125,3.50178163891905,224,True,False,success,phase76_handoff,"{""phase76_handoff"": 7}",2.104654818683916e-16,7.532826887231708e-10,0.9961946980917454,1.0000000000000058,1.0000000000000058,False,0,3.9194432095307846e-07,2.104654818683916e-16,7.532826887231708e-10,0.0038053019082545138,3.766413375752306e-10,0,0,0.0,0,0,0,0,0.0033358000000589527,{},{},0.0,0.0,0.0,0.0,0.0,0.0,0.0,0.0,[],[]
baseline_h260_r40_recoverability_base,baseline,260,40,recoverability,baseline,0,baseline_h260_r40_recoverability_base,1.05,150.0,10000.0,1.0,False,False,False,False,,,,,,False,,,False,0,,312362174514.38184,312362174514.38184,6277.422441779943,100000,False,True,max_steps,coast,"{""coast"": 99840, ""predictive_descent"": 160}",0.04761904761904765,1.350728068785586,0.8451542547285167,0.2099886321584733,1.8679514733463263,False,0,0.045250483416067674,0.023809523809523878,1.3594962705052256,0.12321610416249097,1.2161146500090698,0,99840,0.0,0,0,2500,22500,12.51308599999902,"{""coast"": 2496, ""diagonal"": 1, ""radial_inward"": 1, ""retrograde"": 2}","{""coast"": 2496, ""prograde_inward"": 1, ""radial_inward"": 1, ""small_retrograde"": 2}",99.84,0.0,0.08,0.04,0.0,0.04,0.00013373592452822642,1.570043893091011e-08,[],[]
baseline_h260_r40_recoverability_base,baseline,260,40,recoverability,baseline,0,baseline_h260_r40_recoverability_base,0.98,170.0,10000.0,1.0,False,False,False,False,,,,,,False,,,False,0,,87233323841.75,87233323841.75,6277.3382664235505,100000,False,True,max_steps,coast,"{""coast"": 99960, ""predictive_descent"": 40}",0.020408163265306496,2.1756347206130084,0.9948060576000269,0.9863812952385799,1.7934455875462758,False,0,0.01604764273940445,0.010204081632653406,2.163878373406878,0.020128657787653964,0.020130098041787628,0,99960,0.0,0,0,2500,22500,10.35999240000092,"{""coast"": 2499, ""radial_outward"": 1}","{""coast"": 2499, ""radial_outward"": 1}",99.96,0.0,0.0,0.0,0.04,0.0,4e-05,7.207908648432238e-09,[],[]
baseline_h260_r40_recoverability_base,baseline,260,40,recoverability,baseline,0,baseline_h260_r40_recoverability_base,1.05,170.0,10000.0,1.0,False,False,False,False,,,,,,False,,,False,0,,326631529290.91895,326631529290.91895,4848.160341868105,100000,False,True,max_steps,coast,"{""coast"": 99920, ""predictive_descent"": 80}",0.047619047619047436,0.41325421172849236,0.9610739580048949,0.039531833269951834,1.4967104971748728,False,0,0.04620003002430198,0.02380952380952366,0.3985855670217047,0.0029581412233598363,0.9592405899147458,0,99920,0.0,0,0,2500,22500,12.655392299999221,"{""coast"": 2498, ""radial_inward"": 1, ""retrograde"": 1}","{""coast"": 2498, ""radial_inward"": 1, ""small_retrograde"": 1}",99.92,0.0,0.04,0.04,0.0,0.0,6.8e-05,1.236912082207553e-08,[],[]
baseline_h260_r40_recoverability_base,baseline,260,40,recoverability,baseline,0,baseline_h260_r40_recoverability_base,1.0,150.0,12000.0,1.0,True,True,True,True,-39.80874820360246,-4852.3106761866475,-0.009462129762191896,-1.1533443108967762,-1244.0107421875,False,0.9340300045979194,0.03135376273812549,False,4,55,51.9462890625,217.6943359375,21.73237089833826,270,True,False,success,phase76_handoff,"{""phase76_handoff"": 55}",0.0,5.8064900861706823e-11,0.8660254037844387,1.000000000000005,1.0000000000000049,False,0,4.690833186853781e-07,0.0,5.8064900861706823e-11,0.13397459621556124,2.9032625308901102e-11,0,0,0.0,0,0,0,0,0.005564200000662822,{},{},0.0,0.0,0.0,0.0,0.0,0.0,0.0,0.0,[],[]
baseline_h260_r40_recoverability_base,baseline,260,40,recoverability,baseline,0,baseline_h260_r40_recoverability_base,1.02,170.0,10000.0,1.0,False,False,False,False,,,,,,False,,,False,0,,101729350874.55957,101729350874.55957,4838.9773927922815,100000,False,True,max_steps,coast,"{""coast"": 99920, ""predictive_descent"": 80}",0.01960784313725499,0.35285986933378966,0.9751049769494176,0.05365873912033832,1.503874307863091,False,0,0.01655381925165146,0.009803921568627649,0.34638846802712764,0.010280457151176597,0.9458806923893647,0,99920,0.0,0,0,2500,22500,12.721717500000523,"{""coast"": 2498, ""radial_inward"": 1, ""retrograde"": 1}","{""coast"": 2498, ""radial_inward"": 1, ""small_retrograde"": 1}",99.92,0.0,0.04,0.04,0.0,0.0,6.8e-05,1.2339186630239141e-08,[],[]
baseline_h260_r40_recoverability_base,baseline,260,40,recoverability,baseline,0,baseline_h260_r40_recoverability_base,1.02,150.0,12000.0,1.0,False,False,False,False,,,,,,False,,,False,0,,149620337131.72852,149620337131.72852,4442.661934961422,860,True,False,radial_stall,coast,"{""coast"": 780, ""predictive_descent"": 80}",0.01960784313725499,0.2785604112244225,0.8574929257125444,0.2486619065189604,1.3830460481120777,False,0,0.01996960734570092,0.009803921568627649,0.2713460153366668,0.12965524072353934,1.2523762619859795,0,780,0.0,0,0,22,198,0.11495719999948051,"{""coast"": 20, ""radial_inward"": 1, ""retrograde"": 1}","{""coast"": 20, ""radial_inward"": 1, ""small_retrograde"": 1}",90.9090909090909,0.0,4.545454545454546,4.545454545454546,0.0,0.0,0.007727272727272729,1.2817462834940392e-06,[],[]
baseline_h260_r40_recoverability_base,baseline,260,40,recoverability,baseline,0,baseline_h260_r40_recoverability_base,0.98,175.0,10000.0,1.0,False,False,False,False,,,,,,False,,,False,0,,90906380198.01855,90906380198.01855,5910.295175908834,100000,False,True,max_steps,coast,"{""coast"": 99960, ""predictive_descent"": 40}",0.020408163265306287,1.9455285563660243,1.0063086091467979,0.9982810820470072,1.7281033879145407,False,0,0.01629257217136181,0.010204081632653197,1.9360732708023638,0.008798790486491197,0.008800247393698672,0,99960,0.0,0,0,2500,22500,10.508035099999688,"{""coast"": 2499, ""radial_outward"": 1}","{""coast"": 2499, ""radial_outward"": 1}",99.96,0.0,0.0,0.0,0.04,0.0,4e-05,7.216560533596094e-09,[],[]
baseline_h260_r40_recoverability_base,baseline,260,40,recoverability,baseline,0,baseline_h260_r40_recoverability_base,1.0,165.0,12000.0,1.0,True,True,True,True,-49.89490215814327,-3804.1918098357014,-0.011859504757034702,-0.904217242924399,-3756.763671875,False,0.7376052005488627,0.020534347013872814,False,1,47,861.8408203125,1917.5859375,12.276941494087875,260,True,False,success,phase76_handoff,"{""phase76_handoff"": 47}",2.104654818683916e-16,5.113431463687706e-10,0.9659258262890681,1.0000000000000049,1.0000000000000049,False,0,4.53347220796274e-07,2.104654818683916e-16,5.113431463687706e-10,0.034074173710931875,2.556716006393791e-10,0,0,0.0,0,0,0,0,0.005391400001826696,{},{},0.0,0.0,0.0,0.0,0.0,0.0,0.0,0.0,[],[]
baseline_h260_r40_recoverability_base,baseline,260,40,recoverability,baseline,0,baseline_h260_r40_recoverability_base,1.02,175.0,10000.0,1.0,False,False,False,False,,,,,,False,,,False,0,,98126444131.70605,98126444131.70605,5199.259923677327,100000,False,True,max_steps,coast,"{""coast"": 99920, ""predictive_descent"": 80}",0.019607843137254777,0.557622752993611,0.9863797326419318,0.06503618844322666,1.5770819442013588,False,0,0.016313625613657932,0.009803921568627437,0.5531989805235472,0.0011632810242118924,0.9344366758638073,0,99920,0.0,0,0,2500,22500,12.710474900002737,"{""coast"": 2498, ""radial_inward"": 1, ""retrograde"": 1}","{""coast"": 2498, ""radial_inward"": 1, ""small_retrograde"": 1}",99.92,0.0,0.04,0.04,0.0,0.0,6.8e-05,1.3334416040233776e-08,[],[]
baseline_h260_r40_recoverability_base,baseline,260,40,recoverability,baseline,0,baseline_h260_r40_recoverability_base,0.98,150.0,12000.0,1.0,False,False,False,False,,,,,,False,,,False,0,,95577037244.05957,95577037244.05957,5437.1769959579515,100000,False,True,max_steps,coast,"{""coast"": 99920, ""predictive_descent"": 80}",0.020408163265306076,1.1504708895746707,0.8748177652797064,0.7115308592344252,1.4802962248564964,False,0,0.016602338880699084,0.01020408163265299,1.148966180678924,0.1383156030192956,0.2939617604035684,0,99920,0.0,0,0,2500,22500,9.10130659999777,"{""coast"": 2498, ""diagonal"": 1, ""retrograde"": 1}","{""coast"": 2498, ""retrograde_outward"": 1, ""small_retrograde"": 1}",99.92,0.0,0.04,0.0,0.0,0.04,6.573592452822642e-05,8.616905750447046e-09,[],[]
baseline_h260_r40_recoverability_base,baseline,260,40,recoverability,baseline,0,baseline_h260_r40_recoverability_base,1.05,175.0,10000.0,1.0,False,False,False,False,,,,,,False,,,False,0,,323080428582.16797,323080428582.16797,5203.265663194206,100000,False,True,max_steps,coast,"{""coast"": 99920, ""predictive_descent"": 80}",0.04761904761904765,0.6150707289801124,0.9721864785386766,0.050736312379990205,1.5692183820657692,False,0,0.04596329091272327,0.023809523809523878,0.6054474972046152,0.008570262013884953,0.9477119142796911,0,99920,0.0,0,0,2500,22500,12.789924499997142,"{""coast"": 2498, ""radial_inward"": 1, ""retrograde"": 1}","{""coast"": 2498, ""radial_inward"": 1, ""small_retrograde"": 1}",99.92,0.0,0.04,0.04,0.0,0.0,6.8e-05,1.3350144764778804e-08,[],[]
baseline_h260_r40_recoverability_base,baseline,260,40,recoverability,baseline,0,baseline_h260_r40_recoverability_base,1.0,170.0,12000.0,1.0,True,True,True,True,-59.11783526958399,-2644.140708489538,-0.014051701041181388,-0.628485034627588,-4974.4609375,False,0.5196500696147496,0.011302579212861713,False,1,19,567.279296875,2772.2412109375,6.334229874531584,231,True,False,success,phase76_handoff,"{""phase76_handoff"": 19}",2.104654818683916e-16,7.392509550470052e-10,0.984807753012208,1.000000000000005,1.0000000000000049,False,0,4.0389829571496205e-07,2.104654818683916e-16,7.392509550470052e-10,0.015192246987791962,3.696254979829826e-10,0,0,0.0,0,0,0,0,0.003625499997724546,{},{},0.0,0.0,0.0,0.0,0.0,0.0,0.0,0.0,[],[]
baseline_h260_r40_recoverability_base,baseline,260,40,recoverability,baseline,0,baseline_h260_r40_recoverability_base,0.98,165.0,12000.0,1.0,False,False,False,False,,,,,,False,,,False,0,,72677942589.08496,72677942589.08496,7724.837487893811,100000,False,True,max_steps,coast,"{""coast"": 99880, ""predictive_descent"": 120}",0.020408163265306076,2.3678835879240063,0.9757324312745989,0.12905249092399856,1.8462624635077896,False,0,0.015076644094676007,0.01020408163265299,2.354204752044766,0.03891593766554585,1.1284523039542778,0,99880,0.0,0,0,2500,22500,8.427615699998569,"{""coast"": 2497, ""diagonal"": 2, ""prograde"": 1}","{""coast"": 2497, ""retrograde_outward"": 2, ""small_prograde"": 1}",99.88,0.04,0.0,0.0,0.0,0.08,0.00010347184905645283,2.1309671651335195e-05,[],[]
baseline_h260_r40_recoverability_base,baseline,260,40,recoverability,baseline,0,baseline_h260_r40_recoverability_base,1.05,150.0,12000.0,1.0,False,False,False,False,,,,,,False,,,False,0,,328960131292.9336,328960131292.9336,4614.793348465388,100000,False,True,max_steps,coast,"{""coast"": 99920, ""predictive_descent"": 80}",0.04761904761904765,0.35638230980287666,0.8451542547285167,0.2625231290384845,1.3810571699195355,False,0,0.04635524418266683,0.023809523809523878,0.3402918675479486,0.12321610416249097,1.2707557564729326,0,99920,0.0,0,0,2500,22500,12.981987000002846,"{""coast"": 2498, ""radial_inward"": 1, ""retrograde"": 1}","{""coast"": 2498, ""radial_inward"": 1, ""small_retrograde"": 1}",99.92,0.0,0.04,0.04,0.0,0.0,6.8e-05,1.1465381224162741e-08,[],[]
baseline_h260_r40_recoverability_base,baseline,260,40,recoverability,baseline,0,baseline_h260_r40_recoverability_base,0.98,170.0,12000.0,1.0,False,False,False,False,,,,,,False,,,False,0,,76298194216.76562,76298194216.76562,7362.753470091987,100000,False,True,max_steps,coast,"{""coast"": 99880, ""predictive_descent"": 120}",0.020408163265306496,2.0537781927310266,0.9948060576000269,0.11023136265988735,1.7591420905655575,False,0,0.0153179783476049,0.010204081632653406,2.043240410803716,0.020128657787653964,1.109665228531562,0,99880,0.0,0,0,2500,22500,8.729451200000767,"{""coast"": 2497, ""diagonal"": 2, ""prograde"": 1}","{""coast"": 2497, ""retrograde_outward"": 2, ""small_prograde"": 1}",99.88,0.04,0.0,0.0,0.0,0.08,0.00010347184905645282,2.130968112138234e-05,[],[]
baseline_h260_r40_recoverability_base,baseline,260,40,recoverability,baseline,0,baseline_h260_r40_recoverability_base,1.0,175.0,12000.0,1.0,True,True,True,True,-49.59440466036998,-3805.3841505526866,-0.011788079594339244,-0.9045006500420295,-4449.8916015625,False,0.7377462161401496,0.02054370229463622,False,1,25,509.548828125,2621.802734375,2.228509408401243,238,True,False,success,phase76_handoff,"{""phase76_handoff"": 25}",2.104654818683916e-16,6.99134129548071e-10,0.9961946980917454,1.0000000000000049,1.0000000000000049,False,0,4.161105787678352e-07,2.104654818683916e-16,6.99134129548071e-10,0.0038053019082545138,3.4956702192990726e-10,0,0,0.0,0,0,0,0,0.004509499998675892,{},{},0.0,0.0,0.0,0.0,0.0,0.0,0.0,0.0,[],[]
baseline_h260_r40_recoverability_base,baseline,260,40,recoverability,baseline,0,baseline_h260_r40_recoverability_base,1.02,165.0,12000.0,1.0,False,False,False,False,,,,,,False,,,False,0,,94201346339.39062,94201346339.39062,5591.789594267276,100000,False,True,max_steps,coast,"{""coast"": 99920, ""predictive_descent"": 80}",0.019607843137254777,0.8144499194979767,0.956409083597835,0.15083254334560356,1.6332605340252782,False,0,0.01605205292395984,0.009803921568627437,0.8125944186929566,0.029256558656644043,1.1519765324538946,0,99920,0.0,0,0,2500,22500,12.690469900000608,"{""coast"": 2498, ""radial_inward"": 1, ""retrograde"": 1}","{""coast"": 2498, ""radial_inward"": 1, ""small_retrograde"": 1}",99.92,0.0,0.04,0.04,0.0,0.0,6.8e-05,1.4219453183805797e-08,[],[]
baseline_h260_r40_recoverability_base,baseline,260,40,recoverability,baseline,0,baseline_h260_r40_recoverability_base,1.05,165.0,12000.0,1.0,False,False,False,False,,,,,,False,,,False,0,,319053047028.8779,319053047028.8779,5605.964842304953,100000,False,True,max_steps,coast,"{""coast"": 99920, ""predictive_descent"": 80}",0.04761904761904765,0.8845608346846637,0.942647084338374,0.16466435481658614,1.6282452369472966,False,0,0.045694885666369284,0.023809523809523878,0.8816748555517804,0.022074635036229126,1.1696132622808957,0,99920,0.0,0,0,2500,22500,12.840186199999152,"{""coast"": 2498, ""radial_inward"": 1, ""retrograde"": 1}","{""coast"": 2498, ""radial_inward"": 1, ""small_retrograde"": 1}",99.92,0.0,0.04,0.04,0.0,0.0,6.8e-05,1.4252305367623564e-08,[],[]
baseline_h260_r40_recoverability_base,baseline,260,40,recoverability,baseline,0,baseline_h260_r40_recoverability_base,1.02,170.0,12000.0,1.0,False,False,False,False,,,,,,False,,,False,0,,90652729375.9082,90652729375.9082,5946.716243031799,100000,False,True,max_steps,coast,"{""coast"": 99920, ""predictive_descent"": 80}",0.01960784313725499,1.0396120557289614,0.9751049769494176,0.13206065191763178,1.712910905025318,False,0,0.015815495623123708,0.009803921568627649,1.040008176286251,0.010280457151176597,1.1330000889710408,0,99920,0.0,0,0,2500,22500,12.839126700000634,"{""coast"": 2498, ""radial_inward"": 1, ""retrograde"": 1}","{""coast"": 2498, ""radial_inward"": 1, ""small_retrograde"": 1}",99.92,0.0,0.04,0.04,0.0,0.0,6.8e-05,1.521148132814787e-08,[],[]
horizon_500,horizon,500,40,recoverability,baseline,0,horizon_500,1.0,150.0,8000.0,1.0,True,True,True,True,-38.530447607905636,-3195.2769906896274,-0.009158290866034995,-0.7594844569695679,-2413.50390625,False,0.6185775149366969,0.021872411989640565,False,1,128,1076.5029296875,2220.5693359375,28.016402607368157,349,True,False,success,phase76_handoff,"{""phase76_handoff"": 128}",0.0,5.921338994971445e-10,0.8660254037844387,1.0000000000000075,1.0000000000000073,False,0,5.993435436858285e-07,0.0,5.921338994971445e-10,0.13397459621556124,2.9606680816445473e-10,0,0,0.0,0,0,0,0,0.00901510000039707,{},{},0.0,0.0,0.0,0.0,0.0,0.0,0.0,0.0,[],[]
baseline_h260_r40_recoverability_base,baseline,260,40,recoverability,baseline,0,baseline_h260_r40_recoverability_base,1.05,170.0,12000.0,1.0,False,False,False,False,,,,,,False,,,False,0,,315555454265.1885,315555454265.1885,5955.791440419789,100000,False,True,max_steps,coast,"{""coast"": 99920, ""predictive_descent"": 80}",0.047619047619047436,1.1064830789009705,0.9610739580048949,0.14617069339136066,1.707006518231679,False,0,0.04546173053425591,0.02380952380952366,1.1091451558734948,0.0029581412233598363,1.1504964338036183,0,99920,0.0,0,0,2500,22500,12.870649699998467,"{""coast"": 2498, ""radial_inward"": 1, ""retrograde"": 1}","{""coast"": 2498, ""radial_inward"": 1, ""small_retrograde"": 1}",99.92,0.0,0.04,0.04,0.0,0.0,6.8e-05,1.5229827674101416e-08,[],[]
baseline_h260_r40_recoverability_base,baseline,260,40,recoverability,baseline,0,baseline_h260_r40_recoverability_base,0.98,175.0,12000.0,1.0,False,False,False,False,,,,,,False,,,False,0,,79974350106.51172,79974350106.51172,6995.103310573177,100000,False,True,max_steps,coast,"{""coast"": 99880, ""predictive_descent"": 120}",0.020408163265306287,1.7522032378901389,1.0063086091467979,0.09889217128570967,1.6712292375714448,False,0,0.01556304523095399,0.010204081632653197,1.7446812055112373,0.008798790486491197,1.0983355551903646,0,99880,0.0,0,0,2500,22500,9.054998200001137,"{""coast"": 2497, ""diagonal"": 2, ""prograde"": 1}","{""coast"": 2497, ""retrograde_outward"": 2, ""small_prograde"": 1}",99.88,0.04,0.0,0.0,0.0,0.08,0.00010347184905645283,2.1309686796988193e-05,[],[]
baseline_h260_r40_recoverability_base,baseline,260,40,recoverability,baseline,0,baseline_h260_r40_recoverability_base,1.02,175.0,12000.0,1.0,False,False,False,False,,,,,,False,,,False,0,,87049339120.22949,87049339120.22949,6307.093388739114,100000,False,True,max_steps,coast,"{""coast"": 99920, ""predictive_descent"": 80}",0.019607843137254777,1.285327501664824,0.9863797326419318,0.12075473754988295,1.7901740486682165,False,0,0.015575280541169845,0.009803921568627437,1.2881807766814721,0.0011632810242118924,1.121556016775449,0,99920,0.0,0,0,2500,22500,10.946472899999208,"{""coast"": 2498, ""radial_inward"": 1, ""retrograde"": 1}","{""coast"": 2498, ""radial_inward"": 1, ""small_retrograde"": 1}",99.92,0.0,0.04,0.04,0.0,0.0,6.8e-05,1.621559454783039e-08,[],[]
horizon_500,horizon,500,40,recoverability,baseline,0,horizon_500,1.0,165.0,8000.0,1.0,True,True,True,True,-75.5921283924204,-3183.1688515097776,-0.017967470973745035,-0.756606476895629,-6026.451171875,False,0.6268461474885241,0.02180655982767169,False,1,79,581.3896484375,5645.37109375,18.30163168160577,300,True,False,success,phase76_handoff,"{""phase76_handoff"": 79}",2.104654818683916e-16,1.5054145521914852e-09,0.9659258262890681,1.0000000000000075,1.0000000000000073,False,0,5.203974283719617e-07,2.104654818683916e-16,1.5054145521914852e-09,0.034074173710931875,7.527071491359193e-10,0,0,0.0,0,0,0,0,0.005832799997733673,{},{},0.0,0.0,0.0,0.0,0.0,0.0,0.0,0.0,[],[]
baseline_h260_r40_recoverability_base,baseline,260,40,recoverability,baseline,0,baseline_h260_r40_recoverability_base,1.05,175.0,12000.0,1.0,False,False,False,False,,,,,,False,,,False,0,,312003890918.2959,312003890918.2959,6310.987263919418,100000,False,True,max_steps,coast,"{""coast"": 99920, ""predictive_descent"": 80}",0.04761904761904765,1.3486628857624927,0.9721864785386766,0.1350346973777738,1.783433768459546,False,0,0.04522497090113882,0.023809523809523878,1.357379457906555,0.008570262013884953,1.1389677036890078,0,99920,0.0,0,0,2500,22500,10.950935900000331,"{""coast"": 2498, ""radial_inward"": 1, ""retrograde"": 1}","{""coast"": 2498, ""radial_inward"": 1, ""small_retrograde"": 1}",99.92,0.0,0.04,0.04,0.0,0.0,6.8e-05,1.621935065321267e-08,[],[]
horizon_500,horizon,500,40,recoverability,baseline,0,horizon_500,0.98,165.0,8000.0,1.0,False,False,False,False,,,,,,False,,,False,0,,72660148719.83887,72660148719.83887,7724.851567285684,100000,False,True,max_steps,coast,"{""coast"": 99920, ""predictive_descent"": 80}",0.020408163265306076,2.3685560288769216,0.9757324312745989,0.1315656364832687,1.8464455605206895,False,0,0.015074279360390812,0.01020408163265299,2.3548704685881523,0.03891593766554585,0.8690459246921106,0,99920,0.0,0,0,2500,22500,14.627464400000463,"{""coast"": 2498, ""diagonal"": 1, ""radial_outward"": 1}","{""coast"": 2498, ""radial_outward"": 1, ""retrograde_outward"": 1}",99.92,0.0,0.0,0.0,0.04,0.04,7.773592452822642e-05,2.839450423829124e-05,[],[]
horizon_500,horizon,500,40,recoverability,baseline,0,horizon_500,0.98,150.0,8000.0,1.0,False,False,False,False,,,,,,False,,,False,0,,84468724217.98242,84468724217.98242,6551.05755757195,100000,False,True,max_steps,coast,"{""coast"": 99960, ""predictive_descent"": 40}",0.020408163265306076,2.153561336230181,0.8748177652797064,0.8670860310538518,1.7872808345631124,False,0,0.01586260116205586,0.01020408163265299,2.1420257228678796,0.1383156030192956,0.13831661624986635,0,99960,0.0,0,0,2500,22500,18.513261899999634,"{""coast"": 2499, ""radial_outward"": 1}","{""coast"": 2499, ""radial_outward"": 1}",99.96,0.0,0.0,0.0,0.04,0.0,4e-05,1.1725778495019768e-08,[],[]
horizon_500,horizon,500,40,recoverability,baseline,0,horizon_500,1.0,170.0,8000.0,1.0,True,True,True,True,-69.01423483018289,-4727.470714164705,-0.01640397336941329,-1.1236711366960404,-2623.1083984375,False,0.9186216777498761,0.04348345057112868,False,1,42,1709.513671875,2275.509765625,11.434367729151932,266,True,False,success,phase76_handoff,"{""phase76_handoff"": 42}",2.104654818683916e-16,6.067846121554851e-10,0.984807753012208,1.0000000000000073,1.0000000000000073,False,0,4.632949875670622e-07,2.104654818683916e-16,6.067846121554851e-10,0.015192246987791962,3.0339234160109173e-10,0,0,0.0,0,0,0,0,0.005014099999243626,{},{},0.0,0.0,0.0,0.0,0.0,0.0,0.0,0.0,[],[]
horizon_500,horizon,500,40,recoverability,baseline,0,horizon_500,1.02,165.0,8000.0,1.0,False,False,False,False,,,,,,False,,,False,0,,72083243341.39258,72083243341.39258,7807.331285071104,100000,False,True,max_steps,coast,"{""coast"": 99880, ""predictive_descent"": 120}",0.019607843137254777,2.512174155613607,0.956409083597835,0.22123411752543062,1.8689930297163235,False,0,0.014580116953619975,0.009803921568627437,2.5272958971697426,0.029256558656644043,0.7777371573722482,0,99880,0.0,0,0,2500,22500,14.50130309999804,"{""coast"": 2497, ""radial_inward"": 2, ""retrograde"": 1}","{""coast"": 2497, ""radial_inward"": 2, ""small_retrograde"": 1}",99.88,0.0,0.04,0.08,0.0,0.0,0.00010800000000000001,2.8384073332418057e-05,[],[]
horizon_500,horizon,500,40,recoverability,baseline,0,horizon_500,1.05,165.0,8000.0,1.0,False,False,False,False,,,,,,False,,,False,0,,296933726237.5176,296933726237.5176,7821.743484109974,100000,False,True,max_steps,coast,"{""coast"": 99880, ""predictive_descent"": 120}",0.04761904761904765,2.576020825782158,0.942647084338374,0.20727345511242676,1.870789681075356,False,0,0.04422289551756022,0.023809523809523878,2.615421346426712,0.022074635036229126,0.7871010140124269,0,99880,0.0,0,0,2500,22500,14.36862950000068,"{""coast"": 2497, ""radial_inward"": 2, ""retrograde"": 1}","{""coast"": 2497, ""radial_inward"": 2, ""small_retrograde"": 1}",99.88,0.0,0.04,0.08,0.0,0.0,0.00010800000000000001,2.838408352583137e-05,[],[]
horizon_500,horizon,500,40,recoverability,baseline,0,horizon_500,1.02,150.0,8000.0,1.0,False,False,False,False,,,,,,False,,,False,0,,82108653858.16895,82108653858.16895,6803.3750686506155,100000,False,True,max_steps,coast,"{""coast"": 99880, ""predictive_descent"": 120}",0.01960784313725499,1.6517583238054399,0.8574929257125444,0.1211424073618747,1.8257690931976658,False,0,0.015247375213863884,0.009803921568627649,1.6582759070434943,0.12965524072353934,0.8781331515728964,0,99880,0.0,0,0,2500,22500,22.629787400001078,"{""coast"": 2497, ""radial_inward"": 2, ""retrograde"": 1}","{""coast"": 2497, ""radial_inward"": 2, ""small_retrograde"": 1}",99.88,0.0,0.04,0.08,0.0,0.0,0.00010800000000000001,3.433108115817873e-08,[],[]
horizon_500,horizon,500,40,recoverability,baseline,0,horizon_500,1.0,175.0,8000.0,1.0,True,True,True,True,-31.058008674702325,-3664.12991433049,-0.0073821690331051645,-0.8709259717889519,-762.443359375,False,0.7055993803725469,0.02761116937756757,False,1,8,596.3916015625,607.4658203125,3.3645032623345292,230,True,False,success,phase76_handoff,"{""phase76_handoff"": 8}",2.104654818683916e-16,1.6197255112205923e-10,0.9961946980917454,1.0000000000000075,1.0000000000000075,False,0,4.020464845759737e-07,2.104654818683916e-16,1.6197255112205923e-10,0.0038053019082545138,8.098627137007804e-11,0,0,0.0,0,0,0,0,0.004057199999806471,{},{},0.0,0.0,0.0,0.0,0.0,0.0,0.0,0.0,[],[]
horizon_500,horizon,500,40,recoverability,baseline,0,horizon_500,1.05,150.0,8000.0,1.0,False,False,False,False,,,,,,False,,,False,0,,306815014006.5283,306815014006.5283,6832.157363386223,100000,False,True,max_steps,coast,"{""coast"": 99880, ""predictive_descent"": 120}",0.04761904761904765,1.7279858954899665,0.8451542547285167,0.1086693973012368,1.8263186131125941,False,0,0.04488053578733844,0.023809523809523878,1.7461855428772155,0.12321610416249097,0.8882397911055445,0,99880,0.0,0,0,2500,22500,22.704647999998997,"{""coast"": 2497, ""radial_inward"": 2, ""retrograde"": 1}","{""coast"": 2497, ""radial_inward"": 2, ""small_retrograde"": 1}",99.88,0.0,0.04,0.08,0.0,0.0,0.00010800000000000001,3.433693550611849e-08,[],[]
horizon_500,horizon,500,40,recoverability,baseline,0,horizon_500,0.98,170.0,8000.0,1.0,False,False,False,False,,,,,,False,,,False,0,,76241175967.17676,76241175967.17676,7370.388115220575,100000,False,True,max_steps,coast,"{""coast"": 99880, ""predictive_descent"": 120}",0.020408163265306496,2.384088968803458,0.9948060576000269,0.5795956973861693,1.8506449546822594,False,0,0.01531386761556849,0.010204081632653406,2.3702480791154237,0.020128657787653964,1.576623396987619,0,99880,0.0,0,0,2500,22500,18.301098100000672,"{""coast"": 2497, ""diagonal"": 1, ""radial_outward"": 1, ""retrograde"": 1}","{""coast"": 2497, ""radial_outward"": 1, ""retrograde_outward"": 1, ""small_retrograde"": 1}",99.88,0.0,0.04,0.0,0.04,0.04,0.00010573592452822643,2.2974222287075463e-08,[],[]
horizon_500,horizon,500,40,recoverability,baseline,0,horizon_500,0.98,175.0,8000.0,1.0,False,False,False,False,,,,,,False,,,False,0,,79861176468.02734,79861176468.02734,7013.651143405971,100000,False,True,max_steps,coast,"{""coast"": 99880, ""predictive_descent"": 120}",0.020408163265306287,2.553964103785982,1.0063086091467979,0.8924458705110316,1.8959860515491949,False,0,0.01555643515091612,0.010204081632653197,2.5384244627481225,0.008798790486491197,0.1125637395386414,0,99880,0.0,0,0,2500,22500,17.803072800001246,"{""coast"": 2497, ""diagonal"": 1, ""prograde"": 1, ""radial_outward"": 1}","{""coast"": 2497, ""radial_outward"": 1, ""retrograde_outward"": 1, ""small_prograde"": 1}",99.88,0.04,0.0,0.0,0.04,0.04,0.00010573592452822643,2.3141592949471602e-08,[],[]
horizon_500,horizon,500,40,recoverability,baseline,0,horizon_500,1.0,150.0,10000.0,1.0,True,True,True,True,-56.806558896857226,-3462.776521423222,-0.013502334433540864,-0.823066342493355,-3817.8857421875,False,0.6746558758239845,0.02052503083453011,False,1,1711,693.05859375,2453.6474609375,78.06700913583241,1927,True,False,success,phase76_handoff,"{""phase76_handoff"": 1711}",0.0,6.542913016537822e-10,0.8660254037844387,1.000000000000006,1.0000000000000058,False,0,2.9618460471386597e-06,0.0,6.542913016537822e-10,0.13397459621556124,3.271454664854056e-10,0,0,0.0,0,0,0,0,0.07132190000265837,{},{},0.0,0.0,0.0,0.0,0.0,0.0,0.0,0.0,[],[]
horizon_500,horizon,500,40,recoverability,baseline,0,horizon_500,1.02,170.0,8000.0,1.0,False,False,False,False,,,,,,False,,,False,0,,90682196580.2832,90682196580.2832,5944.4209469797315,100000,False,True,max_steps,coast,"{""coast"": 99800, ""predictive_descent"": 200}",0.01960784313725499,1.1401090522019088,0.9751049769494176,0.34570423235786407,1.7749994396937632,False,0,0.015818379179496127,0.009803921568627649,1.1415101427239278,0.010280457151176597,0.6518351872172574,0,99800,0.0,0,0,2500,22500,26.17514889999802,"{""coast"": 2495, ""diagonal"": 1, ""radial_inward"": 1, ""retrograde"": 3}","{""coast"": 2495, ""medium_retrograde"": 1, ""prograde_inward"": 1, ""radial_inward"": 1, ""small_retrograde"": 2}",99.8,0.0,0.12,0.04,0.0,0.04,0.00018973592452822642,2.272751308849408e-08,[],[]
horizon_500,horizon,500,40,recoverability,baseline,0,horizon_500,1.05,170.0,8000.0,1.0,False,False,False,False,,,,,,False,,,False,0,,315583079010.0654,315583079010.0654,5953.857025871133,100000,False,True,max_steps,coast,"{""coast"": 99800, ""predictive_descent"": 200}",0.047619047619047436,1.1936766694980965,0.9610739580048949,0.33149367989975986,1.7684664604367275,False,0,0.04546453241303624,0.02380952380952366,1.1985185862355487,0.0029581412233598363,0.6586949693530337,0,99800,0.0,0,0,2500,22500,26.110873900001025,"{""coast"": 2495, ""diagonal"": 1, ""radial_inward"": 1, ""retrograde"": 3}","{""coast"": 2495, ""medium_retrograde"": 1, ""prograde_inward"": 1, ""radial_inward"": 1, ""small_retrograde"": 2}",99.8,0.0,0.12,0.04,0.0,0.04,0.00018973592452822642,2.2742215672710842e-08,[],[]
horizon_500,horizon,500,40,recoverability,baseline,0,horizon_500,0.98,150.0,10000.0,1.0,False,False,False,False,,,,,,False,,,False,0,,73503600577.52051,73503600577.52051,7641.444867204002,100000,False,True,max_steps,coast,"{""coast"": 99880, ""predictive_descent"": 120}",0.020408163265306076,2.28076684530052,0.8748177652797064,0.0464839898120614,1.8225166083328077,False,0,0.015131208993974738,0.01020408163265299,2.2679591768475147,0.1383156030192956,1.0462626624945388,0,99880,0.0,0,0,2500,22500,14.248568199996953,"{""coast"": 2497, ""diagonal"": 2, ""prograde"": 1}","{""coast"": 2497, ""retrograde_outward"": 2, ""small_prograde"": 1}",99.88,0.04,0.0,0.0,0.0,0.08,0.00010347184905645283,3.547890645499532e-05,[],[]
horizon_500,horizon,500,40,recoverability,baseline,0,horizon_500,1.0,165.0,10000.0,1.0,True,True,True,True,-44.60852682385054,-3025.2685757801814,-0.010602987744017904,-0.7190752063618795,-2523.248046875,False,0.5879837507187582,0.01630347108872191,False,1,41,1109.8916015625,1452.48828125,20.02351591027418,257,True,False,success,phase76_handoff,"{""phase76_handoff"": 41}",2.104654818683916e-16,3.8731520650728185e-10,0.9659258262890681,1.000000000000006,1.000000000000006,False,0,4.4768223066228917e-07,2.104654818683916e-16,3.8731520650728185e-10,0.034074173710931875,1.9365753166188975e-10,0,0,0.0,0,0,0,0,0.004937199999403674,{},{},0.0,0.0,0.0,0.0,0.0,0.0,0.0,0.0,[],[]
horizon_500,horizon,500,40,recoverability,baseline,0,horizon_500,1.02,165.0,10000.0,1.0,False,False,False,False,,,,,,False,,,False,0,,149624832579.19238,149624832579.19238,4345.678956589375,865,True,False,radial_stall,coast,"{""coast"": 785, ""predictive_descent"": 80}",0.019607843137254777,0.16522473679460892,0.956409083597835,0.03462568379020242,1.4281227921411994,False,0,0.01996973284271074,0.009803921568627437,0.15687698416255508,0.029256558656644043,0.9648570788759904,0,785,0.0,0,0,22,198,0.20231910000075004,"{""coast"": 20, ""radial_inward"": 1, ""retrograde"": 1}","{""coast"": 20, ""radial_inward"": 1, ""small_retrograde"": 1}",90.9090909090909,0.0,4.545454545454546,4.545454545454546,0.0,0.0,0.007727272727272728,2.5738256696848017e-06,[],[]
horizon_500,horizon,500,40,recoverability,baseline,0,horizon_500,1.02,175.0,8000.0,1.0,False,False,False,False,,,,,,False,,,False,0,,87066760044.3291,87066760044.3291,6307.192150221171,100000,False,True,max_steps,predictive_descent,"{""coast"": 5040, ""predictive_descent"": 94960}",0.019607843137254777,1.4037976937556418,0.9863797326419318,0.36465710112435995,1.8503131721233128,False,0,0.015577638053840517,0.009803921568627437,1.4078356706931983,0.0011632810242118924,1.3670776598937917,0,5040,0.0,0,0,2500,22500,25.81915460000164,"{""coast"": 126, ""diagonal"": 1, ""radial_inward"": 1, ""retrograde"": 2372}","{""coast"": 126, ""medium_retrograde"": 1, ""prograde_inward"": 1, ""radial_inward"": 1, ""small_retrograde"": 2371}",5.04,0.0,94.88,0.04,0.0,0.04,0.06652173592452823,2.2731538358033987e-08,[],[]
horizon_500,horizon,500,40,recoverability,baseline,0,horizon_500,1.05,165.0,10000.0,1.0,False,False,False,False,,,,,,False,,,False,0,,374623491045.89844,374623491045.89844,4360.936919001045,865,True,False,radial_stall,coast,"{""coast"": 785, ""predictive_descent"": 80}",0.04761904761904765,0.22831898996820993,0.942647084338374,0.020862883865299987,1.4217014470682159,False,0,0.04996066840948617,0.023809523809523878,0.20902696471741522,0.022074635036229126,0.9783573626146191,0,785,0.0,0,0,22,198,0.19718179999836138,"{""coast"": 20, ""radial_inward"": 1, ""retrograde"": 1}","{""coast"": 20, ""radial_inward"": 1, ""small_retrograde"": 1}",90.9090909090909,0.0,4.545454545454546,4.545454545454546,0.0,0.0,0.007727272727272728,2.5832302408167576e-06,[],[]
horizon_500,horizon,500,40,recoverability,baseline,0,horizon_500,1.0,170.0,10000.0,1.0,True,True,True,True,-14.98621570953258,-4062.7001351939803,-0.0035620692457484443,-0.9656620114621247,-1402.0849609375,False,0.7768040924515426,0.02687945836559521,False,1,26,96.537109375,1044.1005859375,8.944379745003824,243,True,False,success,phase76_handoff,"{""phase76_handoff"": 26}",2.104654818683916e-16,2.7841236850026503e-10,0.984807753012208,1.0000000000000058,1.0000000000000058,False,0,4.240856750450103e-07,2.104654818683916e-16,2.7841236850026503e-10,0.015192246987791962,1.3920605199046318e-10,0,0,0.0,0,0,0,0,0.008258400001068367,{},{},0.0,0.0,0.0,0.0,0.0,0.0,0.0,0.0,[],[]
horizon_500,horizon,500,40,recoverability,baseline,0,horizon_500,1.05,175.0,8000.0,1.0,False,False,False,False,,,,,,False,,,False,0,,312032712383.12695,312032712383.12695,6308.818075656532,100000,False,True,max_steps,coast,"{""coast"": 99800, ""predictive_descent"": 200}",0.04761904761904765,1.446392616841232,0.9721864785386766,0.3428465937471108,1.8429814424934339,False,0,0.045227825778886246,0.023809523809523878,1.4575524322622628,0.008570262013884953,0.6471663909083688,0,99800,0.0,0,0,2500,22500,25.896146099999896,"{""coast"": 2495, ""diagonal"": 1, ""radial_inward"": 1, ""retrograde"": 3}","{""coast"": 2495, ""medium_retrograde"": 1, ""prograde_inward"": 1, ""radial_inward"": 1, ""small_retrograde"": 2}",99.8,0.0,0.12,0.04,0.0,0.04,0.00018973592452822642,2.27302643461158e-08,[],[]
horizon_500,horizon,500,40,recoverability,baseline,0,horizon_500,1.02,150.0,10000.0,1.0,False,False,False,False,,,,,,False,,,False,0,,87655012837.91504,87655012837.91504,6248.7963092026885,100000,False,True,max_steps,coast,"{""coast"": 99840, ""predictive_descent"": 160}",0.01960784313725499,1.26857778710544,0.8574929257125444,0.19758999741601208,1.8548228584815822,False,0,0.0156172871730592,0.009803921568627649,1.2712635649764943,0.12965524072353934,1.1989170022235835,0,99840,0.0,0,0,2500,22500,22.014023399999132,"{""coast"": 2496, ""diagonal"": 1, ""radial_inward"": 1, ""retrograde"": 2}","{""coast"": 2496, ""prograde_inward"": 1, ""radial_inward"": 1, ""small_retrograde"": 2}",99.84,0.0,0.08,0.04,0.0,0.04,0.00013373592452822642,3.18214602404332e-08,[],[]
horizon_500,horizon,500,40,recoverability,baseline,0,horizon_500,0.98,165.0,10000.0,1.0,False,False,False,False,,,,,,False,,,False,0,,83618167850.35059,83618167850.35059,6638.428136086643,100000,False,True,max_steps,coast,"{""coast"": 99960, ""predictive_descent"": 40}",0.020408163265306076,2.4022249608839545,0.9757324312745989,0.9669976051605442,1.8555422156152144,False,0,0.01580653493683591,0.01020408163265299,2.3882027112751154,0.03891593766554585,0.03891735030532278,0,99960,0.0,0,0,2500,22500,17.90758149999965,"{""coast"": 2499, ""radial_outward"": 1}","{""coast"": 2499, ""radial_outward"": 1}",99.96,0.0,0.0,0.0,0.04,0.0,4e-05,1.4439953789491255e-08,[],[]
horizon_500,horizon,500,40,recoverability,baseline,0,horizon_500,1.0,175.0,10000.0,1.0,True,True,True,True,-79.19029577566481,-3603.0741488999756,-0.01882271833073839,-0.8564136446924371,-4727.6806640625,False,0.7077181783811932,0.021957297513013917,False,1,7,2218.6337890625,2824.8642578125,3.50178163891905,224,True,False,success,phase76_handoff,"{""phase76_handoff"": 7}",2.104654818683916e-16,7.532826887231708e-10,0.9961946980917454,1.0000000000000058,1.0000000000000058,False,0,3.9194432095307846e-07,2.104654818683916e-16,7.532826887231708e-10,0.0038053019082545138,3.766413375752306e-10,0,0,0.0,0,0,0,0,0.0035007999977096915,{},{},0.0,0.0,0.0,0.0,0.0,0.0,0.0,0.0,[],[]
horizon_500,horizon,500,40,recoverability,baseline,0,horizon_500,1.05,150.0,10000.0,1.0,False,False,False,False,,,,,,False,,,False,0,,312362174514.38184,312362174514.38184,6277.422441779943,100000,False,True,max_steps,coast,"{""coast"": 99840, ""predictive_descent"": 160}",0.04761904761904765,1.350728068785586,0.8451542547285167,0.2099886321584733,1.8679514733463263,False,0,0.045250483416067674,0.023809523809523878,1.3594962705052256,0.12321610416249097,1.2161146500090698,0,99840,0.0,0,0,2500,22500,22.034363500002655,"{""coast"": 2496, ""diagonal"": 1, ""radial_inward"": 1, ""retrograde"": 2}","{""coast"": 2496, ""prograde_inward"": 1, ""radial_inward"": 1, ""small_retrograde"": 2}",99.84,0.0,0.08,0.04,0.0,0.04,0.00013373592452822642,3.195515578147123e-08,[],[]
horizon_500,horizon,500,40,recoverability,baseline,0,horizon_500,0.98,170.0,10000.0,1.0,False,False,False,False,,,,,,False,,,False,0,,87233323841.75,87233323841.75,6277.3382664235505,100000,False,True,max_steps,coast,"{""coast"": 99960, ""predictive_descent"": 40}",0.020408163265306496,2.1756347206130084,0.9948060576000269,0.9863812952385799,1.7934455875462758,False,0,0.01604764273940445,0.010204081632653406,2.163878373406878,0.020128657787653964,0.020130098041787628,0,99960,0.0,0,0,2500,22500,18.009293200000684,"{""coast"": 2499, ""radial_outward"": 1}","{""coast"": 2499, ""radial_outward"": 1}",99.96,0.0,0.0,0.0,0.04,0.0,4e-05,1.4494464989134314e-08,[],[]
horizon_500,horizon,500,40,recoverability,baseline,0,horizon_500,1.02,170.0,10000.0,1.0,False,False,False,False,,,,,,False,,,False,0,,101729350874.55957,101729350874.55957,4838.9773927922815,100000,False,True,max_steps,coast,"{""coast"": 99920, ""predictive_descent"": 80}",0.01960784313725499,0.35285986933378966,0.9751049769494176,0.05365873912033832,1.503874307863091,False,0,0.01655381925165146,0.009803921568627649,0.34638846802712764,0.010280457151176597,0.9458806923893647,0,99920,0.0,0,0,2500,22500,22.253657600002043,"{""coast"": 2498, ""radial_inward"": 1, ""retrograde"": 1}","{""coast"": 2498, ""radial_inward"": 1, ""small_retrograde"": 1}",99.92,0.0,0.04,0.04,0.0,0.0,6.8e-05,2.507083078642225e-08,[],[]
horizon_500,horizon,500,40,recoverability,baseline,0,horizon_500,1.0,150.0,12000.0,1.0,True,True,True,True,-39.80874820360246,-4852.3106761866475,-0.009462129762191896,-1.1533443108967762,-1244.0107421875,False,0.9340300045979194,0.03135376273812549,False,4,55,51.9462890625,217.6943359375,21.73237089833826,270,True,False,success,phase76_handoff,"{""phase76_handoff"": 55}",0.0,5.8064900861706823e-11,0.8660254037844387,1.000000000000005,1.0000000000000049,False,0,4.690833186853781e-07,0.0,5.8064900861706823e-11,0.13397459621556124,2.9032625308901102e-11,0,0,0.0,0,0,0,0,0.0048583999996481,{},{},0.0,0.0,0.0,0.0,0.0,0.0,0.0,0.0,[],[]
horizon_500,horizon,500,40,recoverability,baseline,0,horizon_500,1.02,150.0,12000.0,1.0,False,False,False,False,,,,,,False,,,False,0,,149620337131.72852,149620337131.72852,4442.661934961422,860,True,False,radial_stall,coast,"{""coast"": 780, ""predictive_descent"": 80}",0.01960784313725499,0.2785604112244225,0.8574929257125444,0.2486619065189604,1.3830460481120777,False,0,0.01996960734570092,0.009803921568627649,0.2713460153366668,0.12965524072353934,1.2523762619859795,0,780,0.0,0,0,22,198,0.18679189999966184,"{""coast"": 20, ""radial_inward"": 1, ""retrograde"": 1}","{""coast"": 20, ""radial_inward"": 1, ""small_retrograde"": 1}",90.9090909090909,0.0,4.545454545454546,4.545454545454546,0.0,0.0,0.007727272727272729,2.6101893020829596e-06,[],[]
horizon_500,horizon,500,40,recoverability,baseline,0,horizon_500,1.05,170.0,10000.0,1.0,False,False,False,False,,,,,,False,,,False,0,,326631529290.91895,326631529290.91895,4848.160341868105,100000,False,True,max_steps,coast,"{""coast"": 99920, ""predictive_descent"": 80}",0.047619047619047436,0.41325421172849236,0.9610739580048949,0.039531833269951834,1.4967104971748728,False,0,0.04620003002430198,0.02380952380952366,0.3985855670217047,0.0029581412233598363,0.9592405899147458,0,99920,0.0,0,0,2500,22500,22.128096199998254,"{""coast"": 2498, ""radial_inward"": 1, ""retrograde"": 1}","{""coast"": 2498, ""radial_inward"": 1, ""small_retrograde"": 1}",99.92,0.0,0.04,0.04,0.0,0.0,6.8e-05,2.512979264386317e-08,[],[]
horizon_500,horizon,500,40,recoverability,baseline,0,horizon_500,0.98,175.0,10000.0,1.0,False,False,False,False,,,,,,False,,,False,0,,90906380198.01855,90906380198.01855,5910.295175908834,100000,False,True,max_steps,coast,"{""coast"": 99960, ""predictive_descent"": 40}",0.020408163265306287,1.9455285563660243,1.0063086091467979,0.9982810820470072,1.7281033879145407,False,0,0.01629257217136181,0.010204081632653197,1.9360732708023638,0.008798790486491197,0.008800247393698672,0,99960,0.0,0,0,2500,22500,17.868260400002328,"{""coast"": 2499, ""radial_outward"": 1}","{""coast"": 2499, ""radial_outward"": 1}",99.96,0.0,0.0,0.0,0.04,0.0,4e-05,1.4527683375753498e-08,[],[]
horizon_500,horizon,500,40,recoverability,baseline,0,horizon_500,1.0,165.0,12000.0,1.0,True,True,True,True,-49.89490215814327,-3804.1918098357014,-0.011859504757034702,-0.904217242924399,-3756.763671875,False,0.7376052005488627,0.020534347013872814,False,1,47,861.8408203125,1917.5859375,12.276941494087875,260,True,False,success,phase76_handoff,"{""phase76_handoff"": 47}",2.104654818683916e-16,5.113431463687706e-10,0.9659258262890681,1.0000000000000049,1.0000000000000049,False,0,4.53347220796274e-07,2.104654818683916e-16,5.113431463687706e-10,0.034074173710931875,2.556716006393791e-10,0,0,0.0,0,0,0,0,0.004443900001206202,{},{},0.0,0.0,0.0,0.0,0.0,0.0,0.0,0.0,[],[]
horizon_500,horizon,500,40,recoverability,baseline,0,horizon_500,0.98,150.0,12000.0,1.0,False,False,False,False,,,,,,False,,,False,0,,95577037244.05957,95577037244.05957,5437.1769959579515,100000,False,True,max_steps,coast,"{""coast"": 99920, ""predictive_descent"": 80}",0.020408163265306076,1.1504708895746707,0.8748177652797064,0.7115308592344252,1.4802962248564964,False,0,0.016602338880699084,0.01020408163265299,1.148966180678924,0.1383156030192956,0.2939617604035684,0,99920,0.0,0,0,2500,22500,14.307645400000183,"{""coast"": 2498, ""diagonal"": 1, ""retrograde"": 1}","{""coast"": 2498, ""retrograde_outward"": 1, ""small_retrograde"": 1}",99.92,0.0,0.04,0.0,0.0,0.04,6.573592452822642e-05,1.734706730065483e-08,[],[]
horizon_500,horizon,500,40,recoverability,baseline,0,horizon_500,0.98,165.0,12000.0,1.0,False,False,False,False,,,,,,False,,,False,0,,72677942589.08496,72677942589.08496,7724.837487893811,100000,False,True,max_steps,coast,"{""coast"": 99880, ""predictive_descent"": 120}",0.020408163265306076,2.3678835879240063,0.9757324312745989,0.12905249092399856,1.8462624635077896,False,0,0.015076644094676007,0.01020408163265299,2.354204752044766,0.03891593766554585,1.1284523039542778,0,99880,0.0,0,0,2500,22500,13.72084360000008,"{""coast"": 2497, ""diagonal"": 2, ""prograde"": 1}","{""coast"": 2497, ""retrograde_outward"": 2, ""small_prograde"": 1}",99.88,0.04,0.0,0.0,0.0,0.08,0.00010347184905645283,4.2574331549038294e-05,[],[]
horizon_500,horizon,500,40,recoverability,baseline,0,horizon_500,1.02,175.0,10000.0,1.0,False,False,False,False,,,,,,False,,,False,0,,98126444131.70605,98126444131.70605,5199.259923677327,100000,False,True,max_steps,coast,"{""coast"": 99920, ""predictive_descent"": 80}",0.019607843137254777,0.557622752993611,0.9863797326419318,0.06503618844322666,1.5770819442013588,False,0,0.016313625613657932,0.009803921568627437,0.5531989805235472,0.0011632810242118924,0.9344366758638073,0,99920,0.0,0,0,2500,22500,21.618179099998088,"{""coast"": 2498, ""radial_inward"": 1, ""retrograde"": 1}","{""coast"": 2498, ""radial_inward"": 1, ""small_retrograde"": 1}",99.92,0.0,0.04,0.04,0.0,0.0,6.8e-05,2.6977043327836014e-08,[],[]
horizon_500,horizon,500,40,recoverability,baseline,0,horizon_500,1.0,170.0,12000.0,1.0,True,True,True,True,-59.11783526958399,-2644.140708489538,-0.014051701041181388,-0.628485034627588,-4974.4609375,False,0.5196500696147496,0.011302579212861713,False,1,19,567.279296875,2772.2412109375,6.334229874531584,231,True,False,success,phase76_handoff,"{""phase76_handoff"": 19}",2.104654818683916e-16,7.392509550470052e-10,0.984807753012208,1.000000000000005,1.0000000000000049,False,0,4.0389829571496205e-07,2.104654818683916e-16,7.392509550470052e-10,0.015192246987791962,3.696254979829826e-10,0,0,0.0,0,0,0,0,0.0036453000029723626,{},{},0.0,0.0,0.0,0.0,0.0,0.0,0.0,0.0,[],[]
horizon_500,horizon,500,40,recoverability,baseline,0,horizon_500,1.05,175.0,10000.0,1.0,False,False,False,False,,,,,,False,,,False,0,,323080428582.16797,323080428582.16797,5203.265663194206,100000,False,True,max_steps,coast,"{""coast"": 99920, ""predictive_descent"": 80}",0.04761904761904765,0.6150707289801124,0.9721864785386766,0.050736312379990205,1.5692183820657692,False,0,0.04596329091272327,0.023809523809523878,0.6054474972046152,0.008570262013884953,0.9477119142796911,0,99920,0.0,0,0,2500,22500,21.707508899999084,"{""coast"": 2498, ""radial_inward"": 1, ""retrograde"": 1}","{""coast"": 2498, ""radial_inward"": 1, ""small_retrograde"": 1}",99.92,0.0,0.04,0.04,0.0,0.0,6.8e-05,2.7009018379509085e-08,[],[]
horizon_500,horizon,500,40,recoverability,baseline,0,horizon_500,1.05,150.0,12000.0,1.0,False,False,False,False,,,,,,False,,,False,0,,328960131292.9336,328960131292.9336,4614.793348465388,100000,False,True,max_steps,coast,"{""coast"": 99920, ""predictive_descent"": 80}",0.04761904761904765,0.35638230980287666,0.8451542547285167,0.2625231290384845,1.3810571699195355,False,0,0.04635524418266683,0.023809523809523878,0.3402918675479486,0.12321610416249097,1.2707557564729326,0,99920,0.0,0,0,2500,22500,21.94768020000265,"{""coast"": 2498, ""radial_inward"": 1, ""retrograde"": 1}","{""coast"": 2498, ""radial_inward"": 1, ""small_retrograde"": 1}",99.92,0.0,0.04,0.04,0.0,0.0,6.8e-05,2.3556376645395004e-08,[],[]
horizon_500,horizon,500,40,recoverability,baseline,0,horizon_500,0.98,170.0,12000.0,1.0,False,False,False,False,,,,,,False,,,False,0,,76298194216.76562,76298194216.76562,7362.753470091987,100000,False,True,max_steps,coast,"{""coast"": 99880, ""predictive_descent"": 120}",0.020408163265306496,2.0537781927310266,0.9948060576000269,0.11023136265988735,1.7591420905655575,False,0,0.0153179783476049,0.010204081632653406,2.043240410803716,0.020128657787653964,1.109665228531562,0,99880,0.0,0,0,2500,22500,14.207071400000132,"{""coast"": 2497, ""diagonal"": 2, ""prograde"": 1}","{""coast"": 2497, ""retrograde_outward"": 2, ""small_prograde"": 1}",99.88,0.04,0.0,0.0,0.0,0.08,0.00010347184905645282,4.257436792147233e-05,[],[]
horizon_500,horizon,500,40,recoverability,baseline,0,horizon_500,1.0,175.0,12000.0,1.0,True,True,True,True,-49.59440466036998,-3805.3841505526866,-0.011788079594339244,-0.9045006500420295,-4449.8916015625,False,0.7377462161401496,0.02054370229463622,False,1,25,509.548828125,2621.802734375,2.228509408401243,238,True,False,success,phase76_handoff,"{""phase76_handoff"": 25}",2.104654818683916e-16,6.99134129548071e-10,0.9961946980917454,1.0000000000000049,1.0000000000000049,False,0,4.161105787678352e-07,2.104654818683916e-16,6.99134129548071e-10,0.0038053019082545138,3.4956702192990726e-10,0,0,0.0,0,0,0,0,0.0044875999992655125,{},{},0.0,0.0,0.0,0.0,0.0,0.0,0.0,0.0,[],[]
horizon_500,horizon,500,40,recoverability,baseline,0,horizon_500,1.02,165.0,12000.0,1.0,False,False,False,False,,,,,,False,,,False,0,,94201346339.39062,94201346339.39062,5591.789594267276,100000,False,True,max_steps,coast,"{""coast"": 99920, ""predictive_descent"": 80}",0.019607843137254777,0.8144499194979767,0.956409083597835,0.15083254334560356,1.6332605340252782,False,0,0.01605205292395984,0.009803921568627437,0.8125944186929566,0.029256558656644043,1.1519765324538946,0,99920,0.0,0,0,2500,22500,21.592012199998862,"{""coast"": 2498, ""radial_inward"": 1, ""retrograde"": 1}","{""coast"": 2498, ""radial_inward"": 1, ""small_retrograde"": 1}",99.92,0.0,0.04,0.04,0.0,0.0,6.8e-05,2.8951214438865946e-08,[],[]
horizon_500,horizon,500,40,recoverability,baseline,0,horizon_500,1.05,165.0,12000.0,1.0,False,False,False,False,,,,,,False,,,False,0,,319053047028.8779,319053047028.8779,5605.964842304953,100000,False,True,max_steps,coast,"{""coast"": 99920, ""predictive_descent"": 80}",0.04761904761904765,0.8845608346846637,0.942647084338374,0.16466435481658614,1.6282452369472966,False,0,0.045694885666369284,0.023809523809523878,0.8816748555517804,0.022074635036229126,1.1696132622808957,0,99920,0.0,0,0,2500,22500,21.598088500002632,"{""coast"": 2498, ""radial_inward"": 1, ""retrograde"": 1}","{""coast"": 2498, ""radial_inward"": 1, ""small_retrograde"": 1}",99.92,0.0,0.04,0.04,0.0,0.0,6.8e-05,2.8993929724485668e-08,[],[]
horizon_500,horizon,500,40,recoverability,baseline,0,horizon_500,0.98,175.0,12000.0,1.0,False,False,False,False,,,,,,False,,,False,0,,79974350106.51172,79974350106.51172,6995.103310573177,100000,False,True,max_steps,coast,"{""coast"": 99880, ""predictive_descent"": 120}",0.020408163265306287,1.7522032378901389,1.0063086091467979,0.09889217128570967,1.6712292375714448,False,0,0.01556304523095399,0.010204081632653197,1.7446812055112373,0.008798790486491197,1.0983355551903646,0,99880,0.0,0,0,2500,22500,14.135854000000108,"{""coast"": 2497, ""diagonal"": 2, ""prograde"": 1}","{""coast"": 2497, ""retrograde_outward"": 2, ""small_prograde"": 1}",99.88,0.04,0.0,0.0,0.0,0.08,0.00010347184905645283,4.257438971488963e-05,[],[]
horizon_1000,horizon,1000,40,recoverability,baseline,0,horizon_1000,1.0,150.0,8000.0,1.0,True,True,True,True,-38.530447607905636,-3195.2769906896274,-0.009158290866034995,-0.7594844569695679,-2413.50390625,False,0.6185775149366969,0.021872411989640565,False,1,128,1076.5029296875,2220.5693359375,28.016402607368157,349,True,False,success,phase76_handoff,"{""phase76_handoff"": 128}",0.0,5.921338994971445e-10,0.8660254037844387,1.0000000000000075,1.0000000000000073,False,0,5.993435436858285e-07,0.0,5.921338994971445e-10,0.13397459621556124,2.9606680816445473e-10,0,0,0.0,0,0,0,0,0.009265900000173133,{},{},0.0,0.0,0.0,0.0,0.0,0.0,0.0,0.0,[],[]
horizon_500,horizon,500,40,recoverability,baseline,0,horizon_500,1.02,170.0,12000.0,1.0,False,False,False,False,,,,,,False,,,False,0,,90652729375.9082,90652729375.9082,5946.716243031799,100000,False,True,max_steps,coast,"{""coast"": 99920, ""predictive_descent"": 80}",0.01960784313725499,1.0396120557289614,0.9751049769494176,0.13206065191763178,1.712910905025318,False,0,0.015815495623123708,0.009803921568627649,1.040008176286251,0.010280457151176597,1.1330000889710408,0,99920,0.0,0,0,2500,22500,21.604633400002058,"{""coast"": 2498, ""radial_inward"": 1, ""retrograde"": 1}","{""coast"": 2498, ""radial_inward"": 1, ""small_retrograde"": 1}",99.92,0.0,0.04,0.04,0.0,0.0,6.8e-05,3.08744310905773e-08,[],[]
horizon_500,horizon,500,40,recoverability,baseline,0,horizon_500,1.05,170.0,12000.0,1.0,False,False,False,False,,,,,,False,,,False,0,,315555454265.1885,315555454265.1885,5955.791440419789,100000,False,True,max_steps,coast,"{""coast"": 99920, ""predictive_descent"": 80}",0.047619047619047436,1.1064830789009705,0.9610739580048949,0.14617069339136066,1.707006518231679,False,0,0.04546173053425591,0.02380952380952366,1.1091451558734948,0.0029581412233598363,1.1504964338036183,0,99920,0.0,0,0,2500,22500,21.545358399998804,"{""coast"": 2498, ""radial_inward"": 1, ""retrograde"": 1}","{""coast"": 2498, ""radial_inward"": 1, ""small_retrograde"": 1}",99.92,0.0,0.04,0.04,0.0,0.0,6.8e-05,3.088858290141161e-08,[],[]
horizon_500,horizon,500,40,recoverability,baseline,0,horizon_500,1.02,175.0,12000.0,1.0,False,False,False,False,,,,,,False,,,False,0,,87049339120.22949,87049339120.22949,6307.093388739114,100000,False,True,max_steps,coast,"{""coast"": 99920, ""predictive_descent"": 80}",0.019607843137254777,1.285327501664824,0.9863797326419318,0.12075473754988295,1.7901740486682165,False,0,0.015575280541169845,0.009803921568627437,1.2881807766814721,0.0011632810242118924,1.121556016775449,0,99920,0.0,0,0,2500,22500,17.446117699997558,"{""coast"": 2498, ""radial_inward"": 1, ""retrograde"": 1}","{""coast"": 2498, ""radial_inward"": 1, ""small_retrograde"": 1}",99.92,0.0,0.04,0.04,0.0,0.0,6.8e-05,3.2814779748058245e-08,[],[]
horizon_1000,horizon,1000,40,recoverability,baseline,0,horizon_1000,1.0,165.0,8000.0,1.0,True,True,True,True,-75.5921283924204,-3183.1688515097776,-0.017967470973745035,-0.756606476895629,-6026.451171875,False,0.6268461474885241,0.02180655982767169,False,1,79,581.3896484375,5645.37109375,18.30163168160577,300,True,False,success,phase76_handoff,"{""phase76_handoff"": 79}",2.104654818683916e-16,1.5054145521914852e-09,0.9659258262890681,1.0000000000000075,1.0000000000000073,False,0,5.203974283719617e-07,2.104654818683916e-16,1.5054145521914852e-09,0.034074173710931875,7.527071491359193e-10,0,0,0.0,0,0,0,0,0.0060162999980093446,{},{},0.0,0.0,0.0,0.0,0.0,0.0,0.0,0.0,[],[]
horizon_500,horizon,500,40,recoverability,baseline,0,horizon_500,1.05,175.0,12000.0,1.0,False,False,False,False,,,,,,False,,,False,0,,312003890918.2959,312003890918.2959,6310.987263919418,100000,False,True,max_steps,coast,"{""coast"": 99920, ""predictive_descent"": 80}",0.04761904761904765,1.3486628857624927,0.9721864785386766,0.1350346973777738,1.783433768459546,False,0,0.04522497090113882,0.023809523809523878,1.357379457906555,0.008570262013884953,1.1389677036890078,0,99920,0.0,0,0,2500,22500,17.508955799999967,"{""coast"": 2498, ""radial_inward"": 1, ""retrograde"": 1}","{""coast"": 2498, ""radial_inward"": 1, ""small_retrograde"": 1}",99.92,0.0,0.04,0.04,0.0,0.0,6.8e-05,3.2800466212989934e-08,[],[]
horizon_1000,horizon,1000,40,recoverability,baseline,0,horizon_1000,0.98,165.0,8000.0,1.0,False,False,False,False,,,,,,False,,,False,0,,72660148719.83887,72660148719.83887,7724.851567285684,100000,False,True,max_steps,coast,"{""coast"": 99920, ""predictive_descent"": 80}",0.020408163265306076,2.3685560288769216,0.9757324312745989,0.1315656364832687,1.8464455605206895,False,0,0.015074279360390812,0.01020408163265299,2.3548704685881523,0.03891593766554585,0.8690459246921106,0,99920,0.0,0,0,2500,22500,25.248902800001815,"{""coast"": 2498, ""diagonal"": 1, ""radial_outward"": 1}","{""coast"": 2498, ""radial_outward"": 1, ""retrograde_outward"": 1}",99.92,0.0,0.0,0.0,0.04,0.04,7.773592452822642e-05,5.793987492468595e-05,[],[]
horizon_1000,horizon,1000,40,recoverability,baseline,0,horizon_1000,0.98,150.0,8000.0,1.0,False,False,False,False,,,,,,False,,,False,0,,84468724217.98242,84468724217.98242,6551.05755757195,100000,False,True,max_steps,coast,"{""coast"": 99960, ""predictive_descent"": 40}",0.020408163265306076,2.153561336230181,0.8748177652797064,0.8670860310538518,1.7872808345631124,False,0,0.01586260116205586,0.01020408163265299,2.1420257228678796,0.1383156030192956,0.13831661624986635,0,99960,0.0,0,0,2500,22500,32.8810212999997,"{""coast"": 2499, ""radial_outward"": 1}","{""coast"": 2499, ""radial_outward"": 1}",99.96,0.0,0.0,0.0,0.04,0.0,4e-05,2.4544773231394144e-08,[],[]
horizon_1000,horizon,1000,40,recoverability,baseline,0,horizon_1000,1.0,170.0,8000.0,1.0,True,True,True,True,-69.01423483018289,-4727.470714164705,-0.01640397336941329,-1.1236711366960404,-2623.1083984375,False,0.9186216777498761,0.04348345057112868,False,1,42,1709.513671875,2275.509765625,11.434367729151932,266,True,False,success,phase76_handoff,"{""phase76_handoff"": 42}",2.104654818683916e-16,6.067846121554851e-10,0.984807753012208,1.0000000000000073,1.0000000000000073,False,0,4.632949875670622e-07,2.104654818683916e-16,6.067846121554851e-10,0.015192246987791962,3.0339234160109173e-10,0,0,0.0,0,0,0,0,0.004527600001893006,{},{},0.0,0.0,0.0,0.0,0.0,0.0,0.0,0.0,[],[]
horizon_1000,horizon,1000,40,recoverability,baseline,0,horizon_1000,1.02,165.0,8000.0,1.0,False,False,False,False,,,,,,False,,,False,0,,72083243341.39258,72083243341.39258,7807.331285071104,100000,False,True,max_steps,coast,"{""coast"": 99880, ""predictive_descent"": 120}",0.019607843137254777,2.512174155613607,0.956409083597835,0.22123411752543062,1.8689930297163235,False,0,0.014580116953619975,0.009803921568627437,2.5272958971697426,0.029256558656644043,0.7777371573722482,0,99880,0.0,0,0,2500,22500,25.16998180000155,"{""coast"": 2497, ""radial_inward"": 2, ""retrograde"": 1}","{""coast"": 2497, ""radial_inward"": 2, ""small_retrograde"": 1}",99.88,0.0,0.04,0.08,0.0,0.0,0.00010800000000000001,5.792056717086673e-05,[],[]
horizon_1000,horizon,1000,40,recoverability,baseline,0,horizon_1000,1.05,165.0,8000.0,1.0,False,False,False,False,,,,,,False,,,False,0,,296933726237.5176,296933726237.5176,7821.743484109974,100000,False,True,max_steps,coast,"{""coast"": 99880, ""predictive_descent"": 120}",0.04761904761904765,2.576020825782158,0.942647084338374,0.20727345511242676,1.870789681075356,False,0,0.04422289551756022,0.023809523809523878,2.615421346426712,0.022074635036229126,0.7871010140124269,0,99880,0.0,0,0,2500,22500,25.311218399998324,"{""coast"": 2497, ""radial_inward"": 2, ""retrograde"": 1}","{""coast"": 2497, ""radial_inward"": 2, ""small_retrograde"": 1}",99.88,0.0,0.04,0.08,0.0,0.0,0.00010800000000000001,5.792060756034871e-05,[],[]
horizon_1000,horizon,1000,40,recoverability,baseline,0,horizon_1000,1.05,150.0,8000.0,1.0,False,False,False,False,,,,,,False,,,False,0,,306815014006.5283,306815014006.5283,6832.157363386223,100000,False,True,max_steps,coast,"{""coast"": 99880, ""predictive_descent"": 120}",0.04761904761904765,1.7279858954899665,0.8451542547285167,0.1086693973012368,1.8263186131125941,False,0,0.04488053578733844,0.023809523809523878,1.7461855428772155,0.12321610416249097,0.8882397911055445,0,99880,0.0,0,0,2500,22500,40.418689000001905,"{""coast"": 2497, ""radial_inward"": 2, ""retrograde"": 1}","{""coast"": 2497, ""radial_inward"": 2, ""small_retrograde"": 1}",99.88,0.0,0.04,0.08,0.0,0.0,0.00010800000000000001,7.063478629154574e-08,[],[]
horizon_1000,horizon,1000,40,recoverability,baseline,0,horizon_1000,1.0,175.0,8000.0,1.0,True,True,True,True,-31.058008674702325,-3664.12991433049,-0.0073821690331051645,-0.8709259717889519,-762.443359375,False,0.7055993803725469,0.02761116937756757,False,1,8,596.3916015625,607.4658203125,3.3645032623345292,230,True,False,success,phase76_handoff,"{""phase76_handoff"": 8}",2.104654818683916e-16,1.6197255112205923e-10,0.9961946980917454,1.0000000000000075,1.0000000000000075,False,0,4.020464845759737e-07,2.104654818683916e-16,1.6197255112205923e-10,0.0038053019082545138,8.098627137007804e-11,0,0,0.0,0,0,0,0,0.0034959999975399114,{},{},0.0,0.0,0.0,0.0,0.0,0.0,0.0,0.0,[],[]
horizon_1000,horizon,1000,40,recoverability,baseline,0,horizon_1000,1.02,150.0,8000.0,1.0,False,False,False,False,,,,,,False,,,False,0,,82108653858.16895,82108653858.16895,6803.3750686506155,100000,False,True,max_steps,coast,"{""coast"": 99880, ""predictive_descent"": 120}",0.01960784313725499,1.6517583238054399,0.8574929257125444,0.1211424073618747,1.8257690931976658,False,0,0.015247375213863884,0.009803921568627649,1.6582759070434943,0.12965524072353934,0.8781331515728964,0,99880,0.0,0,0,2500,22500,40.511720700000296,"{""coast"": 2497, ""radial_inward"": 2, ""retrograde"": 1}","{""coast"": 2497, ""radial_inward"": 2, ""small_retrograde"": 1}",99.88,0.0,0.04,0.08,0.0,0.0,0.00010800000000000001,7.061181846577113e-08,[],[]
horizon_1000,horizon,1000,40,recoverability,baseline,0,horizon_1000,0.98,170.0,8000.0,1.0,False,False,False,False,,,,,,False,,,False,0,,76241175967.17676,76241175967.17676,7370.388115220575,100000,False,True,max_steps,coast,"{""coast"": 99880, ""predictive_descent"": 120}",0.020408163265306496,2.384088968803458,0.9948060576000269,0.5795956973861693,1.8506449546822594,False,0,0.01531386761556849,0.010204081632653406,2.3702480791154237,0.020128657787653964,1.576623396987619,0,99880,0.0,0,0,2500,22500,33.07888879999882,"{""coast"": 2497, ""diagonal"": 1, ""radial_outward"": 1, ""retrograde"": 1}","{""coast"": 2497, ""radial_outward"": 1, ""retrograde_outward"": 1, ""small_retrograde"": 1}",99.88,0.0,0.04,0.0,0.04,0.04,0.00010573592452822643,4.7374186190651815e-08,[],[]
horizon_1000,horizon,1000,40,recoverability,baseline,0,horizon_1000,0.98,175.0,8000.0,1.0,False,False,False,False,,,,,,False,,,False,0,,79861176468.02734,79861176468.02734,7013.651143405971,100000,False,True,max_steps,coast,"{""coast"": 99880, ""predictive_descent"": 120}",0.020408163265306287,2.553964103785982,1.0063086091467979,0.8924458705110316,1.8959860515491949,False,0,0.01555643515091612,0.010204081632653197,2.5384244627481225,0.008798790486491197,0.1125637395386414,0,99880,0.0,0,0,2500,22500,32.73628269999972,"{""coast"": 2497, ""diagonal"": 1, ""prograde"": 1, ""radial_outward"": 1}","{""coast"": 2497, ""radial_outward"": 1, ""retrograde_outward"": 1, ""small_prograde"": 1}",99.88,0.04,0.0,0.0,0.04,0.04,0.00010573592452822643,4.7957650690300114e-08,[],[]
horizon_1000,horizon,1000,40,recoverability,baseline,0,horizon_1000,1.0,150.0,10000.0,1.0,True,True,True,True,-56.806558896857226,-3462.776521423222,-0.013502334433540864,-0.823066342493355,-3817.8857421875,False,0.6746558758239845,0.02052503083453011,False,1,1711,693.05859375,2453.6474609375,78.06700913583241,1927,True,False,success,phase76_handoff,"{""phase76_handoff"": 1711}",0.0,6.542913016537822e-10,0.8660254037844387,1.000000000000006,1.0000000000000058,False,0,2.9618460471386597e-06,0.0,6.542913016537822e-10,0.13397459621556124,3.271454664854056e-10,0,0,0.0,0,0,0,0,0.06526369999846793,{},{},0.0,0.0,0.0,0.0,0.0,0.0,0.0,0.0,[],[]
horizon_1000,horizon,1000,40,recoverability,baseline,0,horizon_1000,1.02,170.0,8000.0,1.0,False,False,False,False,,,,,,False,,,False,0,,90682242259.6914,90682242259.6914,5944.416354672398,100000,False,True,max_steps,coast,"{""coast"": 99840, ""predictive_descent"": 160}",0.01960784313725499,1.1401075691143823,0.9751049769494176,0.34570653266129975,1.7749994396937632,False,0,0.015818382216135747,0.009803921568627649,1.141508644805526,0.010280457151176597,0.6518328684460206,0,99840,0.0,0,0,2500,22500,48.07759459999943,"{""coast"": 2496, ""diagonal"": 1, ""radial_inward"": 1, ""retrograde"": 2}","{""coast"": 2496, ""prograde_inward"": 1, ""radial_inward"": 1, ""small_retrograde"": 2}",99.84,0.0,0.08,0.04,0.0,0.04,0.00013373592452822642,4.643264704942141e-08,[],[]
horizon_1000,horizon,1000,40,recoverability,baseline,0,horizon_1000,1.05,170.0,8000.0,1.0,False,False,False,False,,,,,,False,,,False,0,,315583121514.7256,315583121514.7256,5953.852753162171,100000,False,True,max_steps,coast,"{""coast"": 99840, ""predictive_descent"": 160}",0.047619047619047436,1.1936752886417241,0.9610739580048949,0.3314959181555428,1.7684664604367275,False,0,0.04546453523873177,0.02380952380952366,1.198517170857767,0.0029581412233598363,0.6586926629945367,0,99840,0.0,0,0,2500,22500,48.14447959999961,"{""coast"": 2496, ""diagonal"": 1, ""radial_inward"": 1, ""retrograde"": 2}","{""coast"": 2496, ""prograde_inward"": 1, ""radial_inward"": 1, ""small_retrograde"": 2}",99.84,0.0,0.08,0.04,0.0,0.04,0.00013373592452822644,4.6491780808111115e-08,[],[]
horizon_1000,horizon,1000,40,recoverability,baseline,0,horizon_1000,0.98,150.0,10000.0,1.0,False,False,False,False,,,,,,False,,,False,0,,73503600577.52051,73503600577.52051,7641.444867204002,100000,False,True,max_steps,coast,"{""coast"": 99880, ""predictive_descent"": 120}",0.020408163265306076,2.28076684530052,0.8748177652797064,0.0464839898120614,1.8225166083328077,False,0,0.015131208993974738,0.01020408163265299,2.2679591768475147,0.1383156030192956,1.0462626624945388,0,99880,0.0,0,0,2500,22500,25.66754480000236,"{""coast"": 2497, ""diagonal"": 2, ""prograde"": 1}","{""coast"": 2497, ""retrograde_outward"": 2, ""small_prograde"": 1}",99.88,0.04,0.0,0.0,0.0,0.08,0.00010347184905645283,7.239575167707288e-05,[],[]
horizon_1000,horizon,1000,40,recoverability,baseline,0,horizon_1000,1.0,165.0,10000.0,1.0,True,True,True,True,-44.60852682385054,-3025.2685757801814,-0.010602987744017904,-0.7190752063618795,-2523.248046875,False,0.5879837507187582,0.01630347108872191,False,1,41,1109.8916015625,1452.48828125,20.02351591027418,257,True,False,success,phase76_handoff,"{""phase76_handoff"": 41}",2.104654818683916e-16,3.8731520650728185e-10,0.9659258262890681,1.000000000000006,1.000000000000006,False,0,4.4768223066228917e-07,2.104654818683916e-16,3.8731520650728185e-10,0.034074173710931875,1.9365753166188975e-10,0,0,0.0,0,0,0,0,0.004275799998140428,{},{},0.0,0.0,0.0,0.0,0.0,0.0,0.0,0.0,[],[]
horizon_1000,horizon,1000,40,recoverability,baseline,0,horizon_1000,1.02,165.0,10000.0,1.0,False,False,False,False,,,,,,False,,,False,0,,149624832579.19238,149624832579.19238,4345.678956589375,865,True,False,radial_stall,coast,"{""coast"": 785, ""predictive_descent"": 80}",0.019607843137254777,0.16522473679460892,0.956409083597835,0.03462568379020242,1.4281227921411994,False,0,0.01996973284271074,0.009803921568627437,0.15687698416255508,0.029256558656644043,0.9648570788759904,0,785,0.0,0,0,22,198,0.35689149999961955,"{""coast"": 20, ""radial_inward"": 1, ""retrograde"": 1}","{""coast"": 20, ""radial_inward"": 1, ""small_retrograde"": 1}",90.9090909090909,0.0,4.545454545454546,4.545454545454546,0.0,0.0,0.007727272727272728,5.279761503390096e-06,[],[]
horizon_1000,horizon,1000,40,recoverability,baseline,0,horizon_1000,1.05,165.0,10000.0,1.0,False,False,False,False,,,,,,False,,,False,0,,374623491045.89844,374623491045.89844,4360.936919001045,865,True,False,radial_stall,coast,"{""coast"": 785, ""predictive_descent"": 80}",0.04761904761904765,0.22831898996820993,0.942647084338374,0.020862883865299987,1.4217014470682159,False,0,0.04996066840948617,0.023809523809523878,0.20902696471741522,0.022074635036229126,0.9783573626146191,0,785,0.0,0,0,22,198,0.3624134000019694,"{""coast"": 20, ""radial_inward"": 1, ""retrograde"": 1}","{""coast"": 20, ""radial_inward"": 1, ""small_retrograde"": 1}",90.9090909090909,0.0,4.545454545454546,4.545454545454546,0.0,0.0,0.007727272727272728,5.298573643629613e-06,[],[]
horizon_1000,horizon,1000,40,recoverability,baseline,0,horizon_1000,1.02,175.0,8000.0,1.0,False,False,False,False,,,,,,False,,,False,0,,87080057391.38184,87080057391.38184,6304.552551616761,100000,False,True,max_steps,coast,"{""coast"": 99800, ""predictive_descent"": 200}",0.019607843137254777,1.396514462973376,0.9863797326419318,0.35723679624658666,1.8503131721233128,False,0,0.015578219490476707,0.009803921568627437,1.4004796076031096,0.0011632810242118924,0.6403912700058771,0,99800,0.0,0,0,2500,22500,48.32858370000031,"{""coast"": 2495, ""diagonal"": 1, ""radial_inward"": 1, ""retrograde"": 3}","{""coast"": 2495, ""medium_retrograde"": 1, ""prograde_inward"": 1, ""radial_inward"": 1, ""small_retrograde"": 2}",99.8,0.0,0.12,0.04,0.0,0.04,0.00018973592452822642,4.63816802449557e-08,[],[]
horizon_1000,horizon,1000,40,recoverability,baseline,0,horizon_1000,1.0,170.0,10000.0,1.0,True,True,True,True,-14.98621570953258,-4062.7001351939803,-0.0035620692457484443,-0.9656620114621247,-1402.0849609375,False,0.7768040924515426,0.02687945836559521,False,1,26,96.537109375,1044.1005859375,8.944379745003824,243,True,False,success,phase76_handoff,"{""phase76_handoff"": 26}",2.104654818683916e-16,2.7841236850026503e-10,0.984807753012208,1.0000000000000058,1.0000000000000058,False,0,4.240856750450103e-07,2.104654818683916e-16,2.7841236850026503e-10,0.015192246987791962,1.3920605199046318e-10,0,0,0.0,0,0,0,0,0.0038453000015579164,{},{},0.0,0.0,0.0,0.0,0.0,0.0,0.0,0.0,[],[]
horizon_1000,horizon,1000,40,recoverability,baseline,0,horizon_1000,1.05,175.0,8000.0,1.0,False,False,False,False,,,,,,False,,,False,0,,312032756374.93555,312032756374.93555,6308.813652465361,100000,False,True,max_steps,coast,"{""coast"": 99840, ""predictive_descent"": 160}",0.04761904761904765,1.4463911009958406,0.9721864785386766,0.3428489669809741,1.8429814424934339,False,0,0.04522782870321331,0.023809523809523878,1.4575508785207365,0.008570262013884953,0.6471639465560348,0,99840,0.0,0,0,2500,22500,48.52385400000276,"{""coast"": 2496, ""diagonal"": 1, ""radial_inward"": 1, ""retrograde"": 2}","{""coast"": 2496, ""prograde_inward"": 1, ""radial_inward"": 1, ""small_retrograde"": 2}",99.84,0.0,0.08,0.04,0.0,0.04,0.00013373592452822642,4.644297236842121e-08,[],[]
horizon_1000,horizon,1000,40,recoverability,baseline,0,horizon_1000,1.02,150.0,10000.0,1.0,False,False,False,False,,,,,,False,,,False,0,,87655012837.91504,87655012837.91504,6248.7963092026885,100000,False,True,max_steps,coast,"{""coast"": 99840, ""predictive_descent"": 160}",0.01960784313725499,1.26857778710544,0.8574929257125444,0.19758999741601208,1.8548228584815822,False,0,0.0156172871730592,0.009803921568627649,1.2712635649764943,0.12965524072353934,1.1989170022235835,0,99840,0.0,0,0,2500,22500,40.86036450000029,"{""coast"": 2496, ""diagonal"": 1, ""radial_inward"": 1, ""retrograde"": 2}","{""coast"": 2496, ""prograde_inward"": 1, ""radial_inward"": 1, ""small_retrograde"": 2}",99.84,0.0,0.08,0.04,0.0,0.04,0.00013373592452822642,6.612360553202023e-08,[],[]
horizon_1000,horizon,1000,40,recoverability,baseline,0,horizon_1000,0.98,165.0,10000.0,1.0,False,False,False,False,,,,,,False,,,False,0,,83618167850.35059,83618167850.35059,6638.428136086643,100000,False,True,max_steps,coast,"{""coast"": 99960, ""predictive_descent"": 40}",0.020408163265306076,2.4022249608839545,0.9757324312745989,0.9669976051605442,1.8555422156152144,False,0,0.01580653493683591,0.01020408163265299,2.3882027112751154,0.03891593766554585,0.03891735030532278,0,99960,0.0,0,0,2500,22500,32.8466855000006,"{""coast"": 2499, ""radial_outward"": 1}","{""coast"": 2499, ""radial_outward"": 1}",99.96,0.0,0.0,0.0,0.04,0.0,4e-05,2.9752773683533462e-08,[],[]
horizon_1000,horizon,1000,40,recoverability,baseline,0,horizon_1000,1.0,175.0,10000.0,1.0,True,True,True,True,-79.19029577566481,-3603.0741488999756,-0.01882271833073839,-0.8564136446924371,-4727.6806640625,False,0.7077181783811932,0.021957297513013917,False,1,7,2218.6337890625,2824.8642578125,3.50178163891905,224,True,False,success,phase76_handoff,"{""phase76_handoff"": 7}",2.104654818683916e-16,7.532826887231708e-10,0.9961946980917454,1.0000000000000058,1.0000000000000058,False,0,3.9194432095307846e-07,2.104654818683916e-16,7.532826887231708e-10,0.0038053019082545138,3.766413375752306e-10,0,0,0.0,0,0,0,0,0.0033145000015792903,{},{},0.0,0.0,0.0,0.0,0.0,0.0,0.0,0.0,[],[]
horizon_1000,horizon,1000,40,recoverability,baseline,0,horizon_1000,1.05,150.0,10000.0,1.0,False,False,False,False,,,,,,False,,,False,0,,312362174514.38184,312362174514.38184,6277.422441779943,100000,False,True,max_steps,coast,"{""coast"": 99840, ""predictive_descent"": 160}",0.04761904761904765,1.350728068785586,0.8451542547285167,0.2099886321584733,1.8679514733463263,False,0,0.045250483416067674,0.023809523809523878,1.3594962705052256,0.12321610416249097,1.2161146500090698,0,99840,0.0,0,0,2500,22500,40.94986449999851,"{""coast"": 2496, ""diagonal"": 1, ""radial_inward"": 1, ""retrograde"": 2}","{""coast"": 2496, ""prograde_inward"": 1, ""radial_inward"": 1, ""small_retrograde"": 2}",99.84,0.0,0.08,0.04,0.0,0.04,0.00013373592452822642,6.63351316337213e-08,[],[]
horizon_1000,horizon,1000,40,recoverability,baseline,0,horizon_1000,0.98,170.0,10000.0,1.0,False,False,False,False,,,,,,False,,,False,0,,87233323841.75,87233323841.75,6277.3382664235505,100000,False,True,max_steps,coast,"{""coast"": 99960, ""predictive_descent"": 40}",0.020408163265306496,2.1756347206130084,0.9948060576000269,0.9863812952385799,1.7934455875462758,False,0,0.01604764273940445,0.010204081632653406,2.163878373406878,0.020128657787653964,0.020130098041787628,0,99960,0.0,0,0,2500,22500,33.22632529999828,"{""coast"": 2499, ""radial_outward"": 1}","{""coast"": 2499, ""radial_outward"": 1}",99.96,0.0,0.0,0.0,0.04,0.0,4e-05,2.9975183790931226e-08,[],[]
horizon_1000,horizon,1000,40,recoverability,baseline,0,horizon_1000,1.02,170.0,10000.0,1.0,False,False,False,False,,,,,,False,,,False,0,,101729350874.55957,101729350874.55957,4838.9773927922815,100000,False,True,max_steps,coast,"{""coast"": 99920, ""predictive_descent"": 80}",0.01960784313725499,0.35285986933378966,0.9751049769494176,0.05365873912033832,1.503874307863091,False,0,0.01655381925165146,0.009803921568627649,0.34638846802712764,0.010280457151176597,0.9458806923893647,0,99920,0.0,0,0,2500,22500,40.85876530000314,"{""coast"": 2498, ""radial_inward"": 1, ""retrograde"": 1}","{""coast"": 2498, ""radial_inward"": 1, ""small_retrograde"": 1}",99.92,0.0,0.04,0.04,0.0,0.0,6.8e-05,5.245489175491613e-08,[],[]
horizon_1000,horizon,1000,40,recoverability,baseline,0,horizon_1000,1.0,150.0,12000.0,1.0,True,True,True,True,-39.80874820360246,-4852.3106761866475,-0.009462129762191896,-1.1533443108967762,-1244.0107421875,False,0.9340300045979194,0.03135376273812549,False,4,55,51.9462890625,217.6943359375,21.73237089833826,270,True,False,success,phase76_handoff,"{""phase76_handoff"": 55}",0.0,5.8064900861706823e-11,0.8660254037844387,1.000000000000005,1.0000000000000049,False,0,4.690833186853781e-07,0.0,5.8064900861706823e-11,0.13397459621556124,2.9032625308901102e-11,0,0,0.0,0,0,0,0,0.0049706999998306856,{},{},0.0,0.0,0.0,0.0,0.0,0.0,0.0,0.0,[],[]
horizon_1000,horizon,1000,40,recoverability,baseline,0,horizon_1000,1.02,150.0,12000.0,1.0,False,False,False,False,,,,,,False,,,False,0,,149620337131.72852,149620337131.72852,4442.661934961422,860,True,False,radial_stall,coast,"{""coast"": 780, ""predictive_descent"": 80}",0.01960784313725499,0.2785604112244225,0.8574929257125444,0.2486619065189604,1.3830460481120777,False,0,0.01996960734570092,0.009803921568627649,0.2713460153366668,0.12965524072353934,1.2523762619859795,0,780,0.0,0,0,22,198,0.35602920000019367,"{""coast"": 20, ""radial_inward"": 1, ""retrograde"": 1}","{""coast"": 20, ""radial_inward"": 1, ""small_retrograde"": 1}",90.9090909090909,0.0,4.545454545454546,4.545454545454546,0.0,0.0,0.007727272727272729,5.3785255145917654e-06,[],[]
horizon_1000,horizon,1000,40,recoverability,baseline,0,horizon_1000,1.05,170.0,10000.0,1.0,False,False,False,False,,,,,,False,,,False,0,,326631529290.91895,326631529290.91895,4848.160341868105,100000,False,True,max_steps,coast,"{""coast"": 99920, ""predictive_descent"": 80}",0.047619047619047436,0.41325421172849236,0.9610739580048949,0.039531833269951834,1.4967104971748728,False,0,0.04620003002430198,0.02380952380952366,0.3985855670217047,0.0029581412233598363,0.9592405899147458,0,99920,0.0,0,0,2500,22500,41.03644060000079,"{""coast"": 2498, ""radial_inward"": 1, ""retrograde"": 1}","{""coast"": 2498, ""radial_inward"": 1, ""small_retrograde"": 1}",99.92,0.0,0.04,0.04,0.0,0.0,6.8e-05,5.2578549847215326e-08,[],[]
horizon_1000,horizon,1000,40,recoverability,baseline,0,horizon_1000,0.98,175.0,10000.0,1.0,False,False,False,False,,,,,,False,,,False,0,,90906380198.01855,90906380198.01855,5910.295175908834,100000,False,True,max_steps,coast,"{""coast"": 99960, ""predictive_descent"": 40}",0.020408163265306287,1.9455285563660243,1.0063086091467979,0.9982810820470072,1.7281033879145407,False,0,0.01629257217136181,0.010204081632653197,1.9360732708023638,0.008798790486491197,0.008800247393698672,0,99960,0.0,0,0,2500,22500,32.64700340000127,"{""coast"": 2499, ""radial_outward"": 1}","{""coast"": 2499, ""radial_outward"": 1}",99.96,0.0,0.0,0.0,0.04,0.0,4e-05,3.011069874254701e-08,[],[]
horizon_1000,horizon,1000,40,recoverability,baseline,0,horizon_1000,1.0,165.0,12000.0,1.0,True,True,True,True,-49.89490215814327,-3804.1918098357014,-0.011859504757034702,-0.904217242924399,-3756.763671875,False,0.7376052005488627,0.020534347013872814,False,1,47,861.8408203125,1917.5859375,12.276941494087875,260,True,False,success,phase76_handoff,"{""phase76_handoff"": 47}",2.104654818683916e-16,5.113431463687706e-10,0.9659258262890681,1.0000000000000049,1.0000000000000049,False,0,4.53347220796274e-07,2.104654818683916e-16,5.113431463687706e-10,0.034074173710931875,2.556716006393791e-10,0,0,0.0,0,0,0,0,0.004483799999434268,{},{},0.0,0.0,0.0,0.0,0.0,0.0,0.0,0.0,[],[]
horizon_1000,horizon,1000,40,recoverability,baseline,0,horizon_1000,0.98,150.0,12000.0,1.0,False,False,False,False,,,,,,False,,,False,0,,95577037244.05957,95577037244.05957,5437.1769959579515,100000,False,True,max_steps,coast,"{""coast"": 99920, ""predictive_descent"": 80}",0.020408163265306076,1.1504708895746707,0.8748177652797064,0.7115308592344252,1.4802962248564964,False,0,0.016602338880699084,0.01020408163265299,1.148966180678924,0.1383156030192956,0.2939617604035684,0,99920,0.0,0,0,2500,22500,25.595522000003257,"{""coast"": 2498, ""diagonal"": 1, ""retrograde"": 1}","{""coast"": 2498, ""retrograde_outward"": 1, ""small_retrograde"": 1}",99.92,0.0,0.04,0.0,0.0,0.04,6.573592452822642e-05,3.595572856509577e-08,[],[]
horizon_1000,horizon,1000,40,recoverability,baseline,0,horizon_1000,0.98,165.0,12000.0,1.0,False,False,False,False,,,,,,False,,,False,0,,72677942589.08496,72677942589.08496,7724.837487893811,100000,False,True,max_steps,coast,"{""coast"": 99880, ""predictive_descent"": 120}",0.020408163265306076,2.3678835879240063,0.9757324312745989,0.12905249092399856,1.8462624635077896,False,0,0.015076644094676007,0.01020408163265299,2.354204752044766,0.03891593766554585,1.1284523039542778,0,99880,0.0,0,0,2500,22500,25.045190299999376,"{""coast"": 2497, ""diagonal"": 2, ""prograde"": 1}","{""coast"": 2497, ""retrograde_outward"": 2, ""small_prograde"": 1}",99.88,0.04,0.0,0.0,0.0,0.08,0.00010347184905645283,8.68734320174183e-05,[],[]
horizon_1000,horizon,1000,40,recoverability,baseline,0,horizon_1000,1.02,175.0,10000.0,1.0,False,False,False,False,,,,,,False,,,False,0,,98126444131.70605,98126444131.70605,5199.259923677327,100000,False,True,max_steps,coast,"{""coast"": 99920, ""predictive_descent"": 80}",0.019607843137254777,0.557622752993611,0.9863797326419318,0.06503618844322666,1.5770819442013588,False,0,0.016313625613657932,0.009803921568627437,0.5531989805235472,0.0011632810242118924,0.9344366758638073,0,99920,0.0,0,0,2500,22500,40.31092119999812,"{""coast"": 2498, ""radial_inward"": 1, ""retrograde"": 1}","{""coast"": 2498, ""radial_inward"": 1, ""small_retrograde"": 1}",99.92,0.0,0.04,0.04,0.0,0.0,6.8e-05,5.6235277778426964e-08,[],[]
horizon_1000,horizon,1000,40,recoverability,baseline,0,horizon_1000,1.0,170.0,12000.0,1.0,True,True,True,True,-59.11783526958399,-2644.140708489538,-0.014051701041181388,-0.628485034627588,-4974.4609375,False,0.5196500696147496,0.011302579212861713,False,1,19,567.279296875,2772.2412109375,6.334229874531584,231,True,False,success,phase76_handoff,"{""phase76_handoff"": 19}",2.104654818683916e-16,7.392509550470052e-10,0.984807753012208,1.000000000000005,1.0000000000000049,False,0,4.0389829571496205e-07,2.104654818683916e-16,7.392509550470052e-10,0.015192246987791962,3.696254979829826e-10,0,0,0.0,0,0,0,0,0.0037790999995195307,{},{},0.0,0.0,0.0,0.0,0.0,0.0,0.0,0.0,[],[]
horizon_1000,horizon,1000,40,recoverability,baseline,0,horizon_1000,1.05,175.0,10000.0,1.0,False,False,False,False,,,,,,False,,,False,0,,323080428582.16797,323080428582.16797,5203.265663194206,100000,False,True,max_steps,coast,"{""coast"": 99920, ""predictive_descent"": 80}",0.04761904761904765,0.6150707289801124,0.9721864785386766,0.050736312379990205,1.5692183820657692,False,0,0.04596329091272327,0.023809523809523878,0.6054474972046152,0.008570262013884953,0.9477119142796911,0,99920,0.0,0,0,2500,22500,40.53627549999874,"{""coast"": 2498, ""radial_inward"": 1, ""retrograde"": 1}","{""coast"": 2498, ""radial_inward"": 1, ""small_retrograde"": 1}",99.92,0.0,0.04,0.04,0.0,0.0,6.8e-05,5.6306342807399546e-08,[],[]
horizon_1000,horizon,1000,40,recoverability,baseline,0,horizon_1000,1.05,150.0,12000.0,1.0,False,False,False,False,,,,,,False,,,False,0,,328960131292.9336,328960131292.9336,4614.793348465388,100000,False,True,max_steps,coast,"{""coast"": 99920, ""predictive_descent"": 80}",0.04761904761904765,0.35638230980287666,0.8451542547285167,0.2625231290384845,1.3810571699195355,False,0,0.04635524418266683,0.023809523809523878,0.3402918675479486,0.12321610416249097,1.2707557564729326,0,99920,0.0,0,0,2500,22500,40.074801099999604,"{""coast"": 2498, ""radial_inward"": 1, ""retrograde"": 1}","{""coast"": 2498, ""radial_inward"": 1, ""small_retrograde"": 1}",99.92,0.0,0.04,0.04,0.0,0.0,6.8e-05,4.946256410107708e-08,[],[]
horizon_1000,horizon,1000,40,recoverability,baseline,0,horizon_1000,0.98,170.0,12000.0,1.0,False,False,False,False,,,,,,False,,,False,0,,76298194216.76562,76298194216.76562,7362.753470091987,100000,False,True,max_steps,coast,"{""coast"": 99880, ""predictive_descent"": 120}",0.020408163265306496,2.0537781927310266,0.9948060576000269,0.11023136265988735,1.7591420905655575,False,0,0.0153179783476049,0.010204081632653406,2.043240410803716,0.020128657787653964,1.109665228531562,0,99880,0.0,0,0,2500,22500,25.1674239999993,"{""coast"": 2497, ""diagonal"": 2, ""prograde"": 1}","{""coast"": 2497, ""retrograde_outward"": 2, ""small_prograde"": 1}",99.88,0.04,0.0,0.0,0.0,0.08,0.00010347184905645282,8.687358041728884e-05,[],[]
horizon_1000,horizon,1000,40,recoverability,baseline,0,horizon_1000,1.0,175.0,12000.0,1.0,True,True,True,True,-49.59440466036998,-3805.3841505526866,-0.011788079594339244,-0.9045006500420295,-4449.8916015625,False,0.7377462161401496,0.02054370229463622,False,1,25,509.548828125,2621.802734375,2.228509408401243,238,True,False,success,phase76_handoff,"{""phase76_handoff"": 25}",2.104654818683916e-16,6.99134129548071e-10,0.9961946980917454,1.0000000000000049,1.0000000000000049,False,0,4.161105787678352e-07,2.104654818683916e-16,6.99134129548071e-10,0.0038053019082545138,3.4956702192990726e-10,0,0,0.0,0,0,0,0,0.004847200001677265,{},{},0.0,0.0,0.0,0.0,0.0,0.0,0.0,0.0,[],[]
horizon_1000,horizon,1000,40,recoverability,baseline,0,horizon_1000,1.02,165.0,12000.0,1.0,False,False,False,False,,,,,,False,,,False,0,,94201346339.39062,94201346339.39062,5591.789594267276,100000,False,True,max_steps,coast,"{""coast"": 99920, ""predictive_descent"": 80}",0.019607843137254777,0.8144499194979767,0.956409083597835,0.15083254334560356,1.6332605340252782,False,0,0.01605205292395984,0.009803921568627437,0.8125944186929566,0.029256558656644043,1.1519765324538946,0,99920,0.0,0,0,2500,22500,40.18213730000207,"{""coast"": 2498, ""radial_inward"": 1, ""retrograde"": 1}","{""coast"": 2498, ""radial_inward"": 1, ""small_retrograde"": 1}",99.92,0.0,0.04,0.04,0.0,0.0,6.8e-05,6.066299892051319e-08,[],[]
horizon_1000,horizon,1000,40,recoverability,baseline,0,horizon_1000,1.05,165.0,12000.0,1.0,False,False,False,False,,,,,,False,,,False,0,,319053047028.8779,319053047028.8779,5605.964842304953,100000,False,True,max_steps,coast,"{""coast"": 99920, ""predictive_descent"": 80}",0.04761904761904765,0.8845608346846637,0.942647084338374,0.16466435481658614,1.6282452369472966,False,0,0.045694885666369284,0.023809523809523878,0.8816748555517804,0.022074635036229126,1.1696132622808957,0,99920,0.0,0,0,2500,22500,40.03910900000119,"{""coast"": 2498, ""radial_inward"": 1, ""retrograde"": 1}","{""coast"": 2498, ""radial_inward"": 1, ""small_retrograde"": 1}",99.92,0.0,0.04,0.04,0.0,0.0,6.8e-05,6.066304717595727e-08,[],[]
horizon_1000,horizon,1000,40,recoverability,baseline,0,horizon_1000,0.98,175.0,12000.0,1.0,False,False,False,False,,,,,,False,,,False,0,,79974350106.51172,79974350106.51172,6995.103310573177,100000,False,True,max_steps,coast,"{""coast"": 99880, ""predictive_descent"": 120}",0.020408163265306287,1.7522032378901389,1.0063086091467979,0.09889217128570967,1.6712292375714448,False,0,0.01556304523095399,0.010204081632653197,1.7446812055112373,0.008798790486491197,1.0983355551903646,0,99880,0.0,0,0,2500,22500,25.351015799999004,"{""coast"": 2497, ""diagonal"": 2, ""prograde"": 1}","{""coast"": 2497, ""retrograde_outward"": 2, ""small_prograde"": 1}",99.88,0.04,0.0,0.0,0.0,0.08,0.00010347184905645283,8.687366931837897e-05,[],[]
horizon_2000,horizon,2000,40,recoverability,baseline,0,horizon_2000,1.0,150.0,8000.0,1.0,True,True,True,True,-38.530447607905636,-3195.2769906896274,-0.009158290866034995,-0.7594844569695679,-2413.50390625,False,0.6185775149366969,0.021872411989640565,False,1,128,1076.5029296875,2220.5693359375,28.016402607368157,349,True,False,success,phase76_handoff,"{""phase76_handoff"": 128}",0.0,5.921338994971445e-10,0.8660254037844387,1.0000000000000075,1.0000000000000073,False,0,5.993435436858285e-07,0.0,5.921338994971445e-10,0.13397459621556124,2.9606680816445473e-10,0,0,0.0,0,0,0,0,0.007258699999511009,{},{},0.0,0.0,0.0,0.0,0.0,0.0,0.0,0.0,[],[]
horizon_1000,horizon,1000,40,recoverability,baseline,0,horizon_1000,1.02,170.0,12000.0,1.0,False,False,False,False,,,,,,False,,,False,0,,90652729375.9082,90652729375.9082,5946.716243031799,100000,False,True,max_steps,coast,"{""coast"": 99920, ""predictive_descent"": 80}",0.01960784313725499,1.0396120557289614,0.9751049769494176,0.13206065191763178,1.712910905025318,False,0,0.015815495623123708,0.009803921568627649,1.040008176286251,0.010280457151176597,1.1330000889710408,0,99920,0.0,0,0,2500,22500,40.16085700000258,"{""coast"": 2498, ""radial_inward"": 1, ""retrograde"": 1}","{""coast"": 2498, ""radial_inward"": 1, ""small_retrograde"": 1}",99.92,0.0,0.04,0.04,0.0,0.0,6.8e-05,6.457390075516045e-08,[],[]
horizon_1000,horizon,1000,40,recoverability,baseline,0,horizon_1000,1.05,170.0,12000.0,1.0,False,False,False,False,,,,,,False,,,False,0,,315555454265.1885,315555454265.1885,5955.791440419789,100000,False,True,max_steps,coast,"{""coast"": 99920, ""predictive_descent"": 80}",0.047619047619047436,1.1064830789009705,0.9610739580048949,0.14617069339136066,1.707006518231679,False,0,0.04546173053425591,0.02380952380952366,1.1091451558734948,0.0029581412233598363,1.1504964338036183,0,99920,0.0,0,0,2500,22500,40.005066000001534,"{""coast"": 2498, ""radial_inward"": 1, ""retrograde"": 1}","{""coast"": 2498, ""radial_inward"": 1, ""small_retrograde"": 1}",99.92,0.0,0.04,0.04,0.0,0.0,6.8e-05,6.45140394852639e-08,[],[]
horizon_1000,horizon,1000,40,recoverability,baseline,0,horizon_1000,1.02,175.0,12000.0,1.0,False,False,False,False,,,,,,False,,,False,0,,87049339120.22949,87049339120.22949,6307.093388739114,100000,False,True,max_steps,coast,"{""coast"": 99920, ""predictive_descent"": 80}",0.019607843137254777,1.285327501664824,0.9863797326419318,0.12075473754988295,1.7901740486682165,False,0,0.015575280541169845,0.009803921568627437,1.2881807766814721,0.0011632810242118924,1.121556016775449,0,99920,0.0,0,0,2500,22500,32.902582700000494,"{""coast"": 2498, ""radial_inward"": 1, ""retrograde"": 1}","{""coast"": 2498, ""radial_inward"": 1, ""small_retrograde"": 1}",99.92,0.0,0.04,0.04,0.0,0.0,6.8e-05,6.849361349114957e-08,[],[]
horizon_2000,horizon,2000,40,recoverability,baseline,0,horizon_2000,1.0,165.0,8000.0,1.0,True,True,True,True,-75.5921283924204,-3183.1688515097776,-0.017967470973745035,-0.756606476895629,-6026.451171875,False,0.6268461474885241,0.02180655982767169,False,1,79,581.3896484375,5645.37109375,18.30163168160577,300,True,False,success,phase76_handoff,"{""phase76_handoff"": 79}",2.104654818683916e-16,1.5054145521914852e-09,0.9659258262890681,1.0000000000000075,1.0000000000000073,False,0,5.203974283719617e-07,2.104654818683916e-16,1.5054145521914852e-09,0.034074173710931875,7.527071491359193e-10,0,0,0.0,0,0,0,0,0.005866000003152294,{},{},0.0,0.0,0.0,0.0,0.0,0.0,0.0,0.0,[],[]
horizon_1000,horizon,1000,40,recoverability,baseline,0,horizon_1000,1.05,175.0,12000.0,1.0,False,False,False,False,,,,,,False,,,False,0,,312003890918.2959,312003890918.2959,6310.987263919418,100000,False,True,max_steps,coast,"{""coast"": 99920, ""predictive_descent"": 80}",0.04761904761904765,1.3486628857624927,0.9721864785386766,0.1350346973777738,1.783433768459546,False,0,0.04522497090113882,0.023809523809523878,1.357379457906555,0.008570262013884953,1.1389677036890078,0,99920,0.0,0,0,2500,22500,33.24295879999772,"{""coast"": 2498, ""radial_inward"": 1, ""retrograde"": 1}","{""coast"": 2498, ""radial_inward"": 1, ""small_retrograde"": 1}",99.92,0.0,0.04,0.04,0.0,0.0,6.8e-05,6.837512452433359e-08,[],[]
horizon_2000,horizon,2000,40,recoverability,baseline,0,horizon_2000,0.98,165.0,8000.0,1.0,False,False,False,False,,,,,,False,,,False,0,,72660148719.83887,72660148719.83887,7724.851567285684,100000,False,True,max_steps,coast,"{""coast"": 99920, ""predictive_descent"": 80}",0.020408163265306076,2.3685560288769216,0.9757324312745989,0.1315656364832687,1.8464455605206895,False,0,0.015074279360390812,0.01020408163265299,2.3548704685881523,0.03891593766554585,0.8690459246921106,0,99920,0.0,0,0,2500,22500,48.72976710000148,"{""coast"": 2498, ""diagonal"": 1, ""radial_outward"": 1}","{""coast"": 2498, ""radial_outward"": 1, ""retrograde_outward"": 1}",99.92,0.0,0.0,0.0,0.04,0.04,7.773592452822642e-05,0.00011702615020026652,[],[]
horizon_2000,horizon,2000,40,recoverability,baseline,0,horizon_2000,0.98,150.0,8000.0,1.0,False,False,False,False,,,,,,False,,,False,0,,84468724217.98242,84468724217.98242,6551.05755757195,100000,False,True,max_steps,coast,"{""coast"": 99960, ""predictive_descent"": 40}",0.020408163265306076,2.153561336230181,0.8748177652797064,0.8670860310538518,1.7872808345631124,False,0,0.01586260116205586,0.01020408163265299,2.1420257228678796,0.1383156030192956,0.13831661624986635,0,99960,0.0,0,0,2500,22500,63.84728470000118,"{""coast"": 2499, ""radial_outward"": 1}","{""coast"": 2499, ""radial_outward"": 1}",99.96,0.0,0.0,0.0,0.04,0.0,4e-05,5.207132056037622e-08,[],[]
horizon_2000,horizon,2000,40,recoverability,baseline,0,horizon_2000,1.0,170.0,8000.0,1.0,True,True,True,True,-69.01423483018289,-4727.470714164705,-0.01640397336941329,-1.1236711366960404,-2623.1083984375,False,0.9186216777498761,0.04348345057112868,False,1,42,1709.513671875,2275.509765625,11.434367729151932,266,True,False,success,phase76_handoff,"{""phase76_handoff"": 42}",2.104654818683916e-16,6.067846121554851e-10,0.984807753012208,1.0000000000000073,1.0000000000000073,False,0,4.632949875670622e-07,2.104654818683916e-16,6.067846121554851e-10,0.015192246987791962,3.0339234160109173e-10,0,0,0.0,0,0,0,0,0.004862399997364264,{},{},0.0,0.0,0.0,0.0,0.0,0.0,0.0,0.0,[],[]
horizon_2000,horizon,2000,40,recoverability,baseline,0,horizon_2000,1.02,165.0,8000.0,1.0,False,False,False,False,,,,,,False,,,False,0,,72083243341.39258,72083243341.39258,7807.331285071104,100000,False,True,max_steps,coast,"{""coast"": 99880, ""predictive_descent"": 120}",0.019607843137254777,2.512174155613607,0.956409083597835,0.22123411752543062,1.8689930297163235,False,0,0.014580116953619975,0.009803921568627437,2.5272958971697426,0.029256558656644043,0.7777371573722482,0,99880,0.0,0,0,2500,22500,48.53331009999965,"{""coast"": 2497, ""radial_inward"": 2, ""retrograde"": 1}","{""coast"": 2497, ""radial_inward"": 2, ""small_retrograde"": 1}",99.88,0.0,0.04,0.08,0.0,0.0,0.00010800000000000001,0.00011699513838969944,[],[]
horizon_2000,horizon,2000,40,recoverability,baseline,0,horizon_2000,1.05,165.0,8000.0,1.0,False,False,False,False,,,,,,False,,,False,0,,296933726237.5176,296933726237.5176,7821.743484109974,100000,False,True,max_steps,coast,"{""coast"": 99880, ""predictive_descent"": 120}",0.04761904761904765,2.576020825782158,0.942647084338374,0.20727345511242676,1.870789681075356,False,0,0.04422289551756022,0.023809523809523878,2.615421346426712,0.022074635036229126,0.7871010140124269,0,99880,0.0,0,0,2500,22500,48.49094839999816,"{""coast"": 2497, ""radial_inward"": 2, ""retrograde"": 1}","{""coast"": 2497, ""radial_inward"": 2, ""small_retrograde"": 1}",99.88,0.0,0.04,0.08,0.0,0.0,0.00010800000000000001,0.0001169952990968297,[],[]
horizon_2000,horizon,2000,40,recoverability,baseline,0,horizon_2000,1.02,150.0,8000.0,1.0,False,False,False,False,,,,,,False,,,False,0,,82108653858.16895,82108653858.16895,6803.3750686506155,100000,False,True,max_steps,coast,"{""coast"": 99880, ""predictive_descent"": 120}",0.01960784313725499,1.6517583238054399,0.8574929257125444,0.1211424073618747,1.8257690931976658,False,0,0.015247375213863884,0.009803921568627649,1.6582759070434943,0.12965524072353934,0.8781331515728964,0,99880,0.0,0,0,2500,22500,78.90501679999943,"{""coast"": 2497, ""radial_inward"": 2, ""retrograde"": 1}","{""coast"": 2497, ""radial_inward"": 2, ""small_retrograde"": 1}",99.88,0.0,0.04,0.08,0.0,0.0,0.00010800000000000001,1.4487601251600424e-07,[],[]
horizon_2000,horizon,2000,40,recoverability,baseline,0,horizon_2000,1.0,175.0,8000.0,1.0,True,True,True,True,-31.058008674702325,-3664.12991433049,-0.0073821690331051645,-0.8709259717889519,-762.443359375,False,0.7055993803725469,0.02761116937756757,False,1,8,596.3916015625,607.4658203125,3.3645032623345292,230,True,False,success,phase76_handoff,"{""phase76_handoff"": 8}",2.104654818683916e-16,1.6197255112205923e-10,0.9961946980917454,1.0000000000000075,1.0000000000000075,False,0,4.020464845759737e-07,2.104654818683916e-16,1.6197255112205923e-10,0.0038053019082545138,8.098627137007804e-11,0,0,0.0,0,0,0,0,0.00331009999717935,{},{},0.0,0.0,0.0,0.0,0.0,0.0,0.0,0.0,[],[]
horizon_2000,horizon,2000,40,recoverability,baseline,0,horizon_2000,1.05,150.0,8000.0,1.0,False,False,False,False,,,,,,False,,,False,0,,306815014006.5283,306815014006.5283,6832.157363386223,100000,False,True,max_steps,coast,"{""coast"": 99880, ""predictive_descent"": 120}",0.04761904761904765,1.7279858954899665,0.8451542547285167,0.1086693973012368,1.8263186131125941,False,0,0.04488053578733844,0.023809523809523878,1.7461855428772155,0.12321610416249097,0.8882397911055445,0,99880,0.0,0,0,2500,22500,78.9255962999996,"{""coast"": 2497, ""radial_inward"": 2, ""retrograde"": 1}","{""coast"": 2497, ""radial_inward"": 2, ""small_retrograde"": 1}",99.88,0.0,0.04,0.08,0.0,0.0,0.00010800000000000001,1.4496692762193675e-07,[],[]
horizon_2000,horizon,2000,40,recoverability,baseline,0,horizon_2000,0.98,170.0,8000.0,1.0,False,False,False,False,,,,,,False,,,False,0,,76241175967.17676,76241175967.17676,7370.388115220575,100000,False,True,max_steps,coast,"{""coast"": 99880, ""predictive_descent"": 120}",0.020408163265306496,2.384088968803458,0.9948060576000269,0.5795956973861693,1.8506449546822594,False,0,0.01531386761556849,0.010204081632653406,2.3702480791154237,0.020128657787653964,1.576623396987619,0,99880,0.0,0,0,2500,22500,63.874794700001075,"{""coast"": 2497, ""diagonal"": 1, ""radial_outward"": 1, ""retrograde"": 1}","{""coast"": 2497, ""radial_outward"": 1, ""retrograde_outward"": 1, ""small_retrograde"": 1}",99.88,0.0,0.04,0.0,0.04,0.04,0.00010573592452822643,9.768340772904338e-08,[],[]
horizon_2000,horizon,2000,40,recoverability,baseline,0,horizon_2000,0.98,175.0,8000.0,1.0,False,False,False,False,,,,,,False,,,False,0,,79861176468.02734,79861176468.02734,7013.651143405971,100000,False,True,max_steps,coast,"{""coast"": 99880, ""predictive_descent"": 120}",0.020408163265306287,2.553964103785982,1.0063086091467979,0.8924458705110316,1.8959860515491949,False,0,0.01555643515091612,0.010204081632653197,2.5384244627481225,0.008798790486491197,0.1125637395386414,0,99880,0.0,0,0,2500,22500,64.21192529999826,"{""coast"": 2497, ""diagonal"": 1, ""prograde"": 1, ""radial_outward"": 1}","{""coast"": 2497, ""radial_outward"": 1, ""retrograde_outward"": 1, ""small_prograde"": 1}",99.88,0.04,0.0,0.0,0.04,0.04,0.00010573592452822643,9.9839162096238e-08,[],[]
horizon_2000,horizon,2000,40,recoverability,baseline,0,horizon_2000,1.0,150.0,10000.0,1.0,True,True,True,True,-56.806558896857226,-3462.776521423222,-0.013502334433540864,-0.823066342493355,-3817.8857421875,False,0.6746558758239845,0.02052503083453011,False,1,1711,693.05859375,2453.6474609375,78.06700913583241,1927,True,False,success,phase76_handoff,"{""phase76_handoff"": 1711}",0.0,6.542913016537822e-10,0.8660254037844387,1.000000000000006,1.0000000000000058,False,0,2.9618460471386597e-06,0.0,6.542913016537822e-10,0.13397459621556124,3.271454664854056e-10,0,0,0.0,0,0,0,0,0.06677069999932428,{},{},0.0,0.0,0.0,0.0,0.0,0.0,0.0,0.0,[],[]
horizon_2000,horizon,2000,40,recoverability,baseline,0,horizon_2000,1.02,170.0,8000.0,1.0,False,False,False,False,,,,,,False,,,False,0,,90682242259.6914,90682242259.6914,5944.416354672398,100000,False,True,max_steps,coast,"{""coast"": 99840, ""predictive_descent"": 160}",0.01960784313725499,1.1401075691143823,0.9751049769494176,0.34570653266129975,1.7749994396937632,False,0,0.015818382216135747,0.009803921568627649,1.141508644805526,0.010280457151176597,0.6518328684460206,0,99840,0.0,0,0,2500,22500,95.29596780000065,"{""coast"": 2496, ""diagonal"": 1, ""radial_inward"": 1, ""retrograde"": 2}","{""coast"": 2496, ""prograde_inward"": 1, ""radial_inward"": 1, ""small_retrograde"": 2}",99.84,0.0,0.08,0.04,0.0,0.04,0.00013373592452822642,9.401231822474543e-08,[],[]
horizon_2000,horizon,2000,40,recoverability,baseline,0,horizon_2000,1.05,170.0,8000.0,1.0,False,False,False,False,,,,,,False,,,False,0,,315583121514.7256,315583121514.7256,5953.852753162171,100000,False,True,max_steps,coast,"{""coast"": 99840, ""predictive_descent"": 160}",0.047619047619047436,1.1936752886417241,0.9610739580048949,0.3314959181555428,1.7684664604367275,False,0,0.04546453523873177,0.02380952380952366,1.198517170857767,0.0029581412233598363,0.6586926629945367,0,99840,0.0,0,0,2500,22500,95.81861819999904,"{""coast"": 2496, ""diagonal"": 1, ""radial_inward"": 1, ""retrograde"": 2}","{""coast"": 2496, ""prograde_inward"": 1, ""radial_inward"": 1, ""small_retrograde"": 2}",99.84,0.0,0.08,0.04,0.0,0.04,0.00013373592452822644,9.42493556975954e-08,[],[]
horizon_2000,horizon,2000,40,recoverability,baseline,0,horizon_2000,0.98,150.0,10000.0,1.0,False,False,False,False,,,,,,False,,,False,0,,73503600577.52051,73503600577.52051,7641.444867204002,100000,False,True,max_steps,coast,"{""coast"": 99880, ""predictive_descent"": 120}",0.020408163265306076,2.28076684530052,0.8748177652797064,0.0464839898120614,1.8225166083328077,False,0,0.015131208993974738,0.01020408163265299,2.2679591768475147,0.1383156030192956,1.0462626624945388,0,99880,0.0,0,0,2500,22500,49.55264840000018,"{""coast"": 2497, ""diagonal"": 2, ""prograde"": 1}","{""coast"": 2497, ""retrograde_outward"": 2, ""small_prograde"": 1}",99.88,0.04,0.0,0.0,0.0,0.08,0.00010347184905645283,0.00014622365428416462,[],[]
horizon_2000,horizon,2000,40,recoverability,baseline,0,horizon_2000,1.0,165.0,10000.0,1.0,True,True,True,True,-44.60852682385054,-3025.2685757801814,-0.010602987744017904,-0.7190752063618795,-2523.248046875,False,0.5879837507187582,0.01630347108872191,False,1,41,1109.8916015625,1452.48828125,20.02351591027418,257,True,False,success,phase76_handoff,"{""phase76_handoff"": 41}",2.104654818683916e-16,3.8731520650728185e-10,0.9659258262890681,1.000000000000006,1.000000000000006,False,0,4.4768223066228917e-07,2.104654818683916e-16,3.8731520650728185e-10,0.034074173710931875,1.9365753166188975e-10,0,0,0.0,0,0,0,0,0.005912399999942863,{},{},0.0,0.0,0.0,0.0,0.0,0.0,0.0,0.0,[],[]
horizon_2000,horizon,2000,40,recoverability,baseline,0,horizon_2000,1.02,165.0,10000.0,1.0,False,False,False,False,,,,,,False,,,False,0,,149624832579.19238,149624832579.19238,4345.678956589375,865,True,False,radial_stall,coast,"{""coast"": 785, ""predictive_descent"": 80}",0.019607843137254777,0.16522473679460892,0.956409083597835,0.03462568379020242,1.4281227921411994,False,0,0.01996973284271074,0.009803921568627437,0.15687698416255508,0.029256558656644043,0.9648570788759904,0,785,0.0,0,0,22,198,0.7964857999977539,"{""coast"": 20, ""radial_inward"": 1, ""retrograde"": 1}","{""coast"": 20, ""radial_inward"": 1, ""small_retrograde"": 1}",90.9090909090909,0.0,4.545454545454546,4.545454545454546,0.0,0.0,0.007727272727272728,1.069511903625556e-05,[],[]
horizon_2000,horizon,2000,40,recoverability,baseline,0,horizon_2000,1.05,165.0,10000.0,1.0,False,False,False,False,,,,,,False,,,False,0,,374623491045.89844,374623491045.89844,4360.936919001045,865,True,False,radial_stall,coast,"{""coast"": 785, ""predictive_descent"": 80}",0.04761904761904765,0.22831898996820993,0.942647084338374,0.020862883865299987,1.4217014470682159,False,0,0.04996066840948617,0.023809523809523878,0.20902696471741522,0.022074635036229126,0.9783573626146191,0,785,0.0,0,0,22,198,0.691768000000593,"{""coast"": 20, ""radial_inward"": 1, ""retrograde"": 1}","{""coast"": 20, ""radial_inward"": 1, ""small_retrograde"": 1}",90.9090909090909,0.0,4.545454545454546,4.545454545454546,0.0,0.0,0.007727272727272728,1.07327552143488e-05,[],[]
horizon_2000,horizon,2000,40,recoverability,baseline,0,horizon_2000,1.02,175.0,8000.0,1.0,False,False,False,False,,,,,,False,,,False,0,,87080104625.05078,87080104625.05078,6304.547801952302,100000,False,True,max_steps,coast,"{""coast"": 99840, ""predictive_descent"": 160}",0.019607843137254777,1.396512835044192,0.9863797326419318,0.357239237578684,1.8503131721233128,False,0,0.015578222630186917,0.009803921568627437,1.400477963394634,0.0011632810242118924,0.6403888102253941,0,99840,0.0,0,0,2500,22500,96.15571380000256,"{""coast"": 2496, ""diagonal"": 1, ""radial_inward"": 1, ""retrograde"": 2}","{""coast"": 2496, ""prograde_inward"": 1, ""radial_inward"": 1, ""small_retrograde"": 2}",99.84,0.0,0.08,0.04,0.0,0.04,0.00013373592452822642,9.380617302117145e-08,[],[]
horizon_2000,horizon,2000,40,recoverability,baseline,0,horizon_2000,1.0,170.0,10000.0,1.0,True,True,True,True,-14.98621570953258,-4062.7001351939803,-0.0035620692457484443,-0.9656620114621247,-1402.0849609375,False,0.7768040924515426,0.02687945836559521,False,1,26,96.537109375,1044.1005859375,8.944379745003824,243,True,False,success,phase76_handoff,"{""phase76_handoff"": 26}",2.104654818683916e-16,2.7841236850026503e-10,0.984807753012208,1.0000000000000058,1.0000000000000058,False,0,4.240856750450103e-07,2.104654818683916e-16,2.7841236850026503e-10,0.015192246987791962,1.3920605199046318e-10,0,0,0.0,0,0,0,0,0.003982999998697778,{},{},0.0,0.0,0.0,0.0,0.0,0.0,0.0,0.0,[],[]
horizon_2000,horizon,2000,40,recoverability,baseline,0,horizon_2000,1.05,175.0,8000.0,1.0,False,False,False,False,,,,,,False,,,False,0,,312032756374.93555,312032756374.93555,6308.813652465361,100000,False,True,max_steps,coast,"{""coast"": 99840, ""predictive_descent"": 160}",0.04761904761904765,1.4463911009958406,0.9721864785386766,0.3428489669809741,1.8429814424934339,False,0,0.04522782870321331,0.023809523809523878,1.4575508785207365,0.008570262013884953,0.6471639465560348,0,99840,0.0,0,0,2500,22500,95.81103190000067,"{""coast"": 2496, ""diagonal"": 1, ""radial_inward"": 1, ""retrograde"": 2}","{""coast"": 2496, ""prograde_inward"": 1, ""radial_inward"": 1, ""small_retrograde"": 2}",99.84,0.0,0.08,0.04,0.0,0.04,0.00013373592452822642,9.405218137858995e-08,[],[]
horizon_2000,horizon,2000,40,recoverability,baseline,0,horizon_2000,1.02,150.0,10000.0,1.0,False,False,False,False,,,,,,False,,,False,0,,87655012837.91504,87655012837.91504,6248.7963092026885,100000,False,True,max_steps,coast,"{""coast"": 99840, ""predictive_descent"": 160}",0.01960784313725499,1.26857778710544,0.8574929257125444,0.19758999741601208,1.8548228584815822,False,0,0.0156172871730592,0.009803921568627649,1.2712635649764943,0.12965524072353934,1.1989170022235835,0,99840,0.0,0,0,2500,22500,81.90258890000041,"{""coast"": 2496, ""diagonal"": 1, ""radial_inward"": 1, ""retrograde"": 2}","{""coast"": 2496, ""prograde_inward"": 1, ""radial_inward"": 1, ""small_retrograde"": 2}",99.84,0.0,0.08,0.04,0.0,0.04,0.00013373592452822642,1.3698772426842253e-07,[],[]
horizon_2000,horizon,2000,40,recoverability,baseline,0,horizon_2000,0.98,165.0,10000.0,1.0,False,False,False,False,,,,,,False,,,False,0,,83618167850.35059,83618167850.35059,6638.428136086643,100000,False,True,max_steps,coast,"{""coast"": 99960, ""predictive_descent"": 40}",0.020408163265306076,2.4022249608839545,0.9757324312745989,0.9669976051605442,1.8555422156152144,False,0,0.01580653493683591,0.01020408163265299,2.3882027112751154,0.03891593766554585,0.03891735030532278,0,99960,0.0,0,0,2500,22500,66.33733220000067,"{""coast"": 2499, ""radial_outward"": 1}","{""coast"": 2499, ""radial_outward"": 1}",99.96,0.0,0.0,0.0,0.04,0.0,4e-05,6.125593204773239e-08,[],[]
horizon_2000,horizon,2000,40,recoverability,baseline,0,horizon_2000,1.0,175.0,10000.0,1.0,True,True,True,True,-79.19029577566481,-3603.0741488999756,-0.01882271833073839,-0.8564136446924371,-4727.6806640625,False,0.7077181783811932,0.021957297513013917,False,1,7,2218.6337890625,2824.8642578125,3.50178163891905,224,True,False,success,phase76_handoff,"{""phase76_handoff"": 7}",2.104654818683916e-16,7.532826887231708e-10,0.9961946980917454,1.0000000000000058,1.0000000000000058,False,0,3.9194432095307846e-07,2.104654818683916e-16,7.532826887231708e-10,0.0038053019082545138,3.766413375752306e-10,0,0,0.0,0,0,0,0,0.004017699997348245,{},{},0.0,0.0,0.0,0.0,0.0,0.0,0.0,0.0,[],[]
horizon_2000,horizon,2000,40,recoverability,baseline,0,horizon_2000,1.05,150.0,10000.0,1.0,False,False,False,False,,,,,,False,,,False,0,,312362174514.38184,312362174514.38184,6277.422441779943,100000,False,True,max_steps,coast,"{""coast"": 99840, ""predictive_descent"": 160}",0.04761904761904765,1.350728068785586,0.8451542547285167,0.2099886321584733,1.8679514733463263,False,0,0.045250483416067674,0.023809523809523878,1.3594962705052256,0.12321610416249097,1.2161146500090698,0,99840,0.0,0,0,2500,22500,81.54273909999756,"{""coast"": 2496, ""diagonal"": 1, ""radial_inward"": 1, ""retrograde"": 2}","{""coast"": 2496, ""prograde_inward"": 1, ""radial_inward"": 1, ""small_retrograde"": 2}",99.84,0.0,0.08,0.04,0.0,0.04,0.00013373592452822642,1.3718719476667473e-07,[],[]
horizon_2000,horizon,2000,40,recoverability,baseline,0,horizon_2000,0.98,170.0,10000.0,1.0,False,False,False,False,,,,,,False,,,False,0,,87233323841.75,87233323841.75,6277.3382664235505,100000,False,True,max_steps,coast,"{""coast"": 99960, ""predictive_descent"": 40}",0.020408163265306496,2.1756347206130084,0.9948060576000269,0.9863812952385799,1.7934455875462758,False,0,0.01604764273940445,0.010204081632653406,2.163878373406878,0.020128657787653964,0.020130098041787628,0,99960,0.0,0,0,2500,22500,66.26596209999843,"{""coast"": 2499, ""radial_outward"": 1}","{""coast"": 2499, ""radial_outward"": 1}",99.96,0.0,0.0,0.0,0.04,0.0,4e-05,6.215425083970771e-08,[],[]
horizon_2000,horizon,2000,40,recoverability,baseline,0,horizon_2000,1.02,170.0,10000.0,1.0,False,False,False,False,,,,,,False,,,False,0,,101729350874.55957,101729350874.55957,4838.9773927922815,100000,False,True,max_steps,coast,"{""coast"": 99920, ""predictive_descent"": 80}",0.01960784313725499,0.35285986933378966,0.9751049769494176,0.05365873912033832,1.503874307863091,False,0,0.01655381925165146,0.009803921568627649,0.34638846802712764,0.010280457151176597,0.9458806923893647,0,99920,0.0,0,0,2500,22500,82.31406859999697,"{""coast"": 2498, ""radial_inward"": 1, ""retrograde"": 1}","{""coast"": 2498, ""radial_inward"": 1, ""small_retrograde"": 1}",99.92,0.0,0.04,0.04,0.0,0.0,6.8e-05,1.1070908285821801e-07,[],[]
horizon_2000,horizon,2000,40,recoverability,baseline,0,horizon_2000,1.0,150.0,12000.0,1.0,True,True,True,True,-39.80874820360246,-4852.3106761866475,-0.009462129762191896,-1.1533443108967762,-1244.0107421875,False,0.9340300045979194,0.03135376273812549,False,4,55,51.9462890625,217.6943359375,21.73237089833826,270,True,False,success,phase76_handoff,"{""phase76_handoff"": 55}",0.0,5.8064900861706823e-11,0.8660254037844387,1.000000000000005,1.0000000000000049,False,0,4.690833186853781e-07,0.0,5.8064900861706823e-11,0.13397459621556124,2.9032625308901102e-11,0,0,0.0,0,0,0,0,0.005529199999728007,{},{},0.0,0.0,0.0,0.0,0.0,0.0,0.0,0.0,[],[]
horizon_2000,horizon,2000,40,recoverability,baseline,0,horizon_2000,1.05,170.0,10000.0,1.0,False,False,False,False,,,,,,False,,,False,0,,326631529290.91895,326631529290.91895,4848.160341868105,100000,False,True,max_steps,coast,"{""coast"": 99920, ""predictive_descent"": 80}",0.047619047619047436,0.41325421172849236,0.9610739580048949,0.039531833269951834,1.4967104971748728,False,0,0.04620003002430198,0.02380952380952366,0.3985855670217047,0.0029581412233598363,0.9592405899147458,0,99920,0.0,0,0,2500,22500,82.13856320000195,"{""coast"": 2498, ""radial_inward"": 1, ""retrograde"": 1}","{""coast"": 2498, ""radial_inward"": 1, ""small_retrograde"": 1}",99.92,0.0,0.04,0.04,0.0,0.0,6.8e-05,1.1097924089513711e-07,[],[]
horizon_2000,horizon,2000,40,recoverability,baseline,0,horizon_2000,1.02,150.0,12000.0,1.0,False,False,False,False,,,,,,False,,,False,0,,149620337131.72852,149620337131.72852,4442.661934961422,860,True,False,radial_stall,coast,"{""coast"": 780, ""predictive_descent"": 80}",0.01960784313725499,0.2785604112244225,0.8574929257125444,0.2486619065189604,1.3830460481120777,False,0,0.01996960734570092,0.009803921568627649,0.2713460153366668,0.12965524072353934,1.2523762619859795,0,780,0.0,0,0,22,198,0.6972984000021825,"{""coast"": 20, ""radial_inward"": 1, ""retrograde"": 1}","{""coast"": 20, ""radial_inward"": 1, ""small_retrograde"": 1}",90.9090909090909,0.0,4.545454545454546,4.545454545454546,0.0,0.0,0.007727272727272729,1.0918224965128509e-05,[],[]
horizon_2000,horizon,2000,40,recoverability,baseline,0,horizon_2000,0.98,175.0,10000.0,1.0,False,False,False,False,,,,,,False,,,False,0,,90906380198.01855,90906380198.01855,5910.295175908834,100000,False,True,max_steps,coast,"{""coast"": 99960, ""predictive_descent"": 40}",0.020408163265306287,1.9455285563660243,1.0063086091467979,0.9982810820470072,1.7281033879145407,False,0,0.01629257217136181,0.010204081632653197,1.9360732708023638,0.008798790486491197,0.008800247393698672,0,99960,0.0,0,0,2500,22500,65.4861845000014,"{""coast"": 2499, ""radial_outward"": 1}","{""coast"": 2499, ""radial_outward"": 1}",99.96,0.0,0.0,0.0,0.04,0.0,4e-05,6.270156929941705e-08,[],[]
horizon_2000,horizon,2000,40,recoverability,baseline,0,horizon_2000,1.0,165.0,12000.0,1.0,True,True,True,True,-49.89490215814327,-3804.1918098357014,-0.011859504757034702,-0.904217242924399,-3756.763671875,False,0.7376052005488627,0.020534347013872814,False,1,47,861.8408203125,1917.5859375,12.276941494087875,260,True,False,success,phase76_handoff,"{""phase76_handoff"": 47}",2.104654818683916e-16,5.113431463687706e-10,0.9659258262890681,1.0000000000000049,1.0000000000000049,False,0,4.53347220796274e-07,2.104654818683916e-16,5.113431463687706e-10,0.034074173710931875,2.556716006393791e-10,0,0,0.0,0,0,0,0,0.005278299999190494,{},{},0.0,0.0,0.0,0.0,0.0,0.0,0.0,0.0,[],[]
horizon_2000,horizon,2000,40,recoverability,baseline,0,horizon_2000,0.98,150.0,12000.0,1.0,False,False,False,False,,,,,,False,,,False,0,,95577037244.05957,95577037244.05957,5437.1769959579515,100000,False,True,max_steps,coast,"{""coast"": 99920, ""predictive_descent"": 80}",0.020408163265306076,1.1504708895746707,0.8748177652797064,0.7115308592344252,1.4802962248564964,False,0,0.016602338880699084,0.01020408163265299,1.148966180678924,0.1383156030192956,0.2939617604035684,0,99920,0.0,0,0,2500,22500,50.02929539999968,"{""coast"": 2498, ""diagonal"": 1, ""retrograde"": 1}","{""coast"": 2498, ""retrograde_outward"": 1, ""small_retrograde"": 1}",99.92,0.0,0.04,0.0,0.0,0.04,6.573592452822642e-05,7.487887818067307e-08,[],[]
horizon_2000,horizon,2000,40,recoverability,baseline,0,horizon_2000,0.98,165.0,12000.0,1.0,False,False,False,False,,,,,,False,,,False,0,,72677942589.08496,72677942589.08496,7724.837487893811,100000,False,True,max_steps,coast,"{""coast"": 99880, ""predictive_descent"": 120}",0.020408163265306076,2.3678835879240063,0.9757324312745989,0.12905249092399856,1.8462624635077896,False,0,0.015076644094676007,0.01020408163265299,2.354204752044766,0.03891593766554585,1.1284523039542778,0,99880,0.0,0,0,2500,22500,49.10463359999994,"{""coast"": 2497, ""diagonal"": 2, ""prograde"": 1}","{""coast"": 2497, ""retrograde_outward"": 2, ""small_prograde"": 1}",99.88,0.04,0.0,0.0,0.0,0.08,0.00010347184905645283,0.00017546241394897903,[],[]
horizon_2000,horizon,2000,40,recoverability,baseline,0,horizon_2000,1.02,175.0,10000.0,1.0,False,False,False,False,,,,,,False,,,False,0,,98126444131.70605,98126444131.70605,5199.259923677327,100000,False,True,max_steps,coast,"{""coast"": 99920, ""predictive_descent"": 80}",0.019607843137254777,0.557622752993611,0.9863797326419318,0.06503618844322666,1.5770819442013588,False,0,0.016313625613657932,0.009803921568627437,0.5531989805235472,0.0011632810242118924,0.9344366758638073,0,99920,0.0,0,0,2500,22500,80.87955910000164,"{""coast"": 2498, ""radial_inward"": 1, ""retrograde"": 1}","{""coast"": 2498, ""radial_inward"": 1, ""small_retrograde"": 1}",99.92,0.0,0.04,0.04,0.0,0.0,6.8e-05,1.1814171926234352e-07,[],[]
horizon_2000,horizon,2000,40,recoverability,baseline,0,horizon_2000,1.0,170.0,12000.0,1.0,True,True,True,True,-59.11783526958399,-2644.140708489538,-0.014051701041181388,-0.628485034627588,-4974.4609375,False,0.5196500696147496,0.011302579212861713,False,1,19,567.279296875,2772.2412109375,6.334229874531584,231,True,False,success,phase76_handoff,"{""phase76_handoff"": 19}",2.104654818683916e-16,7.392509550470052e-10,0.984807753012208,1.000000000000005,1.0000000000000049,False,0,4.0389829571496205e-07,2.104654818683916e-16,7.392509550470052e-10,0.015192246987791962,3.696254979829826e-10,0,0,0.0,0,0,0,0,0.004095300002518343,{},{},0.0,0.0,0.0,0.0,0.0,0.0,0.0,0.0,[],[]
horizon_2000,horizon,2000,40,recoverability,baseline,0,horizon_2000,1.05,175.0,10000.0,1.0,False,False,False,False,,,,,,False,,,False,0,,323080428582.16797,323080428582.16797,5203.265663194206,100000,False,True,max_steps,coast,"{""coast"": 99920, ""predictive_descent"": 80}",0.04761904761904765,0.6150707289801124,0.9721864785386766,0.050736312379990205,1.5692183820657692,False,0,0.04596329091272327,0.023809523809523878,0.6054474972046152,0.008570262013884953,0.9477119142796911,0,99920,0.0,0,0,2500,22500,80.73721790000127,"{""coast"": 2498, ""radial_inward"": 1, ""retrograde"": 1}","{""coast"": 2498, ""radial_inward"": 1, ""small_retrograde"": 1}",99.92,0.0,0.04,0.04,0.0,0.0,6.8e-05,1.1831221298628237e-07,[],[]
horizon_2000,horizon,2000,40,recoverability,baseline,0,horizon_2000,1.05,150.0,12000.0,1.0,False,False,False,False,,,,,,False,,,False,0,,328960131292.9336,328960131292.9336,4614.793348465388,100000,False,True,max_steps,coast,"{""coast"": 99920, ""predictive_descent"": 80}",0.04761904761904765,0.35638230980287666,0.8451542547285167,0.2625231290384845,1.3810571699195355,False,0,0.04635524418266683,0.023809523809523878,0.3402918675479486,0.12321610416249097,1.2707557564729326,0,99920,0.0,0,0,2500,22500,79.92686909999975,"{""coast"": 2498, ""radial_inward"": 1, ""retrograde"": 1}","{""coast"": 2498, ""radial_inward"": 1, ""small_retrograde"": 1}",99.92,0.0,0.04,0.04,0.0,0.0,6.8e-05,1.0418042579320996e-07,[],[]
horizon_2000,horizon,2000,40,recoverability,baseline,0,horizon_2000,0.98,170.0,12000.0,1.0,False,False,False,False,,,,,,False,,,False,0,,76298194216.76562,76298194216.76562,7362.753470091987,100000,False,True,max_steps,coast,"{""coast"": 99880, ""predictive_descent"": 120}",0.020408163265306496,2.0537781927310266,0.9948060576000269,0.11023136265988735,1.7591420905655575,False,0,0.0153179783476049,0.010204081632653406,2.043240410803716,0.020128657787653964,1.109665228531562,0,99880,0.0,0,0,2500,22500,48.60243679999985,"{""coast"": 2497, ""diagonal"": 2, ""prograde"": 1}","{""coast"": 2497, ""retrograde_outward"": 2, ""small_prograde"": 1}",99.88,0.04,0.0,0.0,0.0,0.08,0.00010347184905645282,0.0001754630132547965,[],[]
horizon_2000,horizon,2000,40,recoverability,baseline,0,horizon_2000,1.0,175.0,12000.0,1.0,True,True,True,True,-49.59440466036998,-3805.3841505526866,-0.011788079594339244,-0.9045006500420295,-4449.8916015625,False,0.7377462161401496,0.02054370229463622,False,1,25,509.548828125,2621.802734375,2.228509408401243,238,True,False,success,phase76_handoff,"{""phase76_handoff"": 25}",2.104654818683916e-16,6.99134129548071e-10,0.9961946980917454,1.0000000000000049,1.0000000000000049,False,0,4.161105787678352e-07,2.104654818683916e-16,6.99134129548071e-10,0.0038053019082545138,3.4956702192990726e-10,0,0,0.0,0,0,0,0,0.003768799997487804,{},{},0.0,0.0,0.0,0.0,0.0,0.0,0.0,0.0,[],[]
horizon_2000,horizon,2000,40,recoverability,baseline,0,horizon_2000,1.02,165.0,12000.0,1.0,False,False,False,False,,,,,,False,,,False,0,,94201346339.39062,94201346339.39062,5591.789594267276,100000,False,True,max_steps,coast,"{""coast"": 99920, ""predictive_descent"": 80}",0.019607843137254777,0.8144499194979767,0.956409083597835,0.15083254334560356,1.6332605340252782,False,0,0.01605205292395984,0.009803921568627437,0.8125944186929566,0.029256558656644043,1.1519765324538946,0,99920,0.0,0,0,2500,22500,79.70072190000064,"{""coast"": 2498, ""radial_inward"": 1, ""retrograde"": 1}","{""coast"": 2498, ""radial_inward"": 1, ""small_retrograde"": 1}",99.92,0.0,0.04,0.04,0.0,0.0,6.8e-05,1.282247239019263e-07,[],[]
horizon_2000,horizon,2000,40,recoverability,baseline,0,horizon_2000,1.05,165.0,12000.0,1.0,False,False,False,False,,,,,,False,,,False,0,,319053047028.8779,319053047028.8779,5605.964842304953,100000,False,True,max_steps,coast,"{""coast"": 99920, ""predictive_descent"": 80}",0.04761904761904765,0.8845608346846637,0.942647084338374,0.16466435481658614,1.6282452369472966,False,0,0.045694885666369284,0.023809523809523878,0.8816748555517804,0.022074635036229126,1.1696132622808957,0,99920,0.0,0,0,2500,22500,79.47291290000067,"{""coast"": 2498, ""radial_inward"": 1, ""retrograde"": 1}","{""coast"": 2498, ""radial_inward"": 1, ""small_retrograde"": 1}",99.92,0.0,0.04,0.04,0.0,0.0,6.8e-05,1.2788311512350603e-07,[],[]
replan_20,replan_interval,260,20,recoverability,baseline,0,replan_20,0.98,150.0,8000.0,1.0,False,False,False,False,,,,,,False,,,False,0,,73460532420.93262,73460532420.93262,7646.148159868184,100000,False,True,max_steps,coast,"{""coast"": 99940, ""predictive_descent"": 60}",0.020408163265306076,2.4841621575010837,0.8748177652797064,0.44875375101822884,1.8774902501248143,False,0,0.015127619497777562,0.01020408163265299,2.469320535926073,0.1383156030192956,0.5533803400949594,0,99940,0.0,0,0,5000,45000,21.155342800000653,"{""coast"": 4997, ""diagonal"": 1, ""radial_outward"": 2}","{""coast"": 4997, ""radial_outward"": 2, ""retrograde_outward"": 1}",99.94,0.0,0.0,0.0,0.04,0.02,5.886796226411322e-05,4.470410317392037e-09,[],[]
replan_20,replan_interval,260,20,recoverability,baseline,0,replan_20,1.0,150.0,8000.0,1.0,True,True,True,True,-38.530447607905636,-3195.2769906896274,-0.009158290866034995,-0.7594844569695679,-2413.50390625,False,0.6185775149366969,0.021872411989640565,False,1,128,1076.5029296875,2220.5693359375,28.016402607368157,349,True,False,success,phase76_handoff,"{""phase76_handoff"": 128}",0.0,5.921338994971445e-10,0.8660254037844387,1.0000000000000075,1.0000000000000073,False,0,5.993435436858285e-07,0.0,5.921338994971445e-10,0.13397459621556124,2.9606680816445473e-10,0,0,0.0,0,0,0,0,0.0073101999987557065,{},{},0.0,0.0,0.0,0.0,0.0,0.0,0.0,0.0,[],[]
horizon_2000,horizon,2000,40,recoverability,baseline,0,horizon_2000,0.98,175.0,12000.0,1.0,False,False,False,False,,,,,,False,,,False,0,,79974350106.51172,79974350106.51172,6995.103310573177,100000,False,True,max_steps,coast,"{""coast"": 99880, ""predictive_descent"": 120}",0.020408163265306287,1.7522032378901389,1.0063086091467979,0.09889217128570967,1.6712292375714448,False,0,0.01556304523095399,0.010204081632653197,1.7446812055112373,0.008798790486491197,1.0983355551903646,0,99880,0.0,0,0,2500,22500,48.22510799999873,"{""coast"": 2497, ""diagonal"": 2, ""prograde"": 1}","{""coast"": 2497, ""retrograde_outward"": 2, ""small_prograde"": 1}",99.88,0.04,0.0,0.0,0.0,0.08,0.00010347184905645283,0.00017546337221088342,[],[]
horizon_2000,horizon,2000,40,recoverability,baseline,0,horizon_2000,1.02,170.0,12000.0,1.0,False,False,False,False,,,,,,False,,,False,0,,90652729375.9082,90652729375.9082,5946.716243031799,100000,False,True,max_steps,coast,"{""coast"": 99920, ""predictive_descent"": 80}",0.01960784313725499,1.0396120557289614,0.9751049769494176,0.13206065191763178,1.712910905025318,False,0,0.015815495623123708,0.009803921568627649,1.040008176286251,0.010280457151176597,1.1330000889710408,0,99920,0.0,0,0,2500,22500,78.3364075999998,"{""coast"": 2498, ""radial_inward"": 1, ""retrograde"": 1}","{""coast"": 2498, ""radial_inward"": 1, ""small_retrograde"": 1}",99.92,0.0,0.04,0.04,0.0,0.0,6.8e-05,1.3630447202244155e-07,[],[]
horizon_2000,horizon,2000,40,recoverability,baseline,0,horizon_2000,1.05,170.0,12000.0,1.0,False,False,False,False,,,,,,False,,,False,0,,315555454265.1885,315555454265.1885,5955.791440419789,100000,False,True,max_steps,coast,"{""coast"": 99920, ""predictive_descent"": 80}",0.047619047619047436,1.1064830789009705,0.9610739580048949,0.14617069339136066,1.707006518231679,False,0,0.04546173053425591,0.02380952380952366,1.1091451558734948,0.0029581412233598363,1.1504964338036183,0,99920,0.0,0,0,2500,22500,78.74308310000197,"{""coast"": 2498, ""radial_inward"": 1, ""retrograde"": 1}","{""coast"": 2498, ""radial_inward"": 1, ""small_retrograde"": 1}",99.92,0.0,0.04,0.04,0.0,0.0,6.8e-05,1.3583190755337428e-07,[],[]
replan_20,replan_interval,260,20,recoverability,baseline,0,replan_20,1.0,165.0,8000.0,1.0,True,True,True,True,-75.5921283924204,-3183.1688515097776,-0.017967470973745035,-0.756606476895629,-6026.451171875,False,0.6268461474885241,0.02180655982767169,False,1,79,581.3896484375,5645.37109375,18.30163168160577,300,True,False,success,phase76_handoff,"{""phase76_handoff"": 79}",2.104654818683916e-16,1.5054145521914852e-09,0.9659258262890681,1.0000000000000075,1.0000000000000073,False,0,5.203974283719617e-07,2.104654818683916e-16,1.5054145521914852e-09,0.034074173710931875,7.527071491359193e-10,0,0,0.0,0,0,0,0,0.005733499998314073,{},{},0.0,0.0,0.0,0.0,0.0,0.0,0.0,0.0,[],[]
replan_20,replan_interval,260,20,recoverability,baseline,0,replan_20,0.98,165.0,8000.0,1.0,False,False,False,False,,,,,,False,,,False,0,,72655625448.82129,72655625448.82129,7725.728793963493,100000,False,True,max_steps,coast,"{""coast"": 99900, ""predictive_descent"": 100}",0.020408163265306076,2.406467102996995,0.9757324312745989,0.23331176719388427,1.8566819812237725,False,0,0.015074077671129341,0.01020408163265299,2.392402431967025,0.03891593766554585,1.2322273973248545,0,99900,0.0,0,0,5000,45000,18.590562800000043,"{""coast"": 4995, ""diagonal"": 2, ""radial_outward"": 2, ""retrograde"": 1}","{""coast"": 4995, ""radial_outward"": 2, ""retrograde_outward"": 2, ""small_retrograde"": 1}",99.9,0.0,0.02,0.0,0.04,0.04,9.173592452822642e-05,5.9300101403980675e-09,[],[]
replan_20,replan_interval,260,20,recoverability,baseline,0,replan_20,1.02,165.0,8000.0,1.0,False,False,False,False,,,,,,False,,,False,0,,72067003407.62305,72067003407.62305,7807.911949050569,100000,False,True,max_steps,coast,"{""coast"": 99880, ""predictive_descent"": 120}",0.019607843137254777,2.486634642711159,0.956409083597835,0.15127308173885995,1.863588472789809,False,0,0.014578215947740744,0.009803921568627437,2.5015009891382705,0.029256558656644043,1.1519761663633612,0,99880,0.0,0,0,5000,45000,18.368715399999928,"{""coast"": 4994, ""radial_inward"": 4, ""retrograde"": 2}","{""coast"": 4994, ""medium_retrograde"": 1, ""radial_inward"": 4, ""small_retrograde"": 1}",99.88,0.0,0.04,0.08,0.0,0.0,0.000122,5.910748486837036e-09,[],[]
replan_20,replan_interval,260,20,recoverability,baseline,0,replan_20,1.02,150.0,8000.0,1.0,False,False,False,False,,,,,,False,,,False,0,,82108651763.05664,82108651763.05664,6803.375282571158,100000,False,True,max_steps,coast,"{""coast"": 99900, ""predictive_descent"": 100}",0.01960784313725499,1.6517580852213167,0.8574929257125444,0.12114074534133867,1.8257686265418187,False,0,0.015247375075210103,0.009803921568627649,1.6582756660735298,0.12965524072353934,0.878134823566119,0,99900,0.0,0,0,5000,45000,29.96102289999908,"{""coast"": 4995, ""radial_inward"": 4, ""retrograde"": 1}","{""coast"": 4995, ""medium_retrograde"": 1, ""radial_inward"": 4}",99.9,0.0,0.02,0.08,0.0,0.0,0.00010800000000000001,4.522038794618766e-09,[],[]
replan_20,replan_interval,260,20,recoverability,baseline,0,replan_20,1.0,170.0,8000.0,1.0,True,True,True,True,-69.01423483018289,-4727.470714164705,-0.01640397336941329,-1.1236711366960404,-2623.1083984375,False,0.9186216777498761,0.04348345057112868,False,1,42,1709.513671875,2275.509765625,11.434367729151932,266,True,False,success,phase76_handoff,"{""phase76_handoff"": 42}",2.104654818683916e-16,6.067846121554851e-10,0.984807753012208,1.0000000000000073,1.0000000000000073,False,0,4.632949875670622e-07,2.104654818683916e-16,6.067846121554851e-10,0.015192246987791962,3.0339234160109173e-10,0,0,0.0,0,0,0,0,0.004697399999713525,{},{},0.0,0.0,0.0,0.0,0.0,0.0,0.0,0.0,[],[]
replan_20,replan_interval,260,20,recoverability,baseline,0,replan_20,1.05,150.0,8000.0,1.0,False,False,False,False,,,,,,False,,,False,0,,306815012181.6621,306815012181.6621,6832.157549559164,100000,False,True,max_steps,coast,"{""coast"": 99900, ""predictive_descent"": 100}",0.04761904761904765,1.7279856905335595,0.8451542547285167,0.10866779429113457,1.826318172874345,False,0,0.04488053566652652,0.023809523809523878,1.7461853327968986,0.12321610416249097,0.8882414397351235,0,99900,0.0,0,0,5000,45000,29.868862800001807,"{""coast"": 4995, ""radial_inward"": 4, ""retrograde"": 1}","{""coast"": 4995, ""medium_retrograde"": 1, ""radial_inward"": 4}",99.9,0.0,0.02,0.08,0.0,0.0,0.00010800000000000001,4.565141192625077e-09,[],[]
horizon_2000,horizon,2000,40,recoverability,baseline,0,horizon_2000,1.02,175.0,12000.0,1.0,False,False,False,False,,,,,,False,,,False,0,,87049339120.22949,87049339120.22949,6307.093388739114,100000,False,True,max_steps,coast,"{""coast"": 99920, ""predictive_descent"": 80}",0.019607843137254777,1.285327501664824,0.9863797326419318,0.12075473754988295,1.7901740486682165,False,0,0.015575280541169845,0.009803921568627437,1.2881807766814721,0.0011632810242118924,1.121556016775449,0,99920,0.0,0,0,2500,22500,63.84935839999889,"{""coast"": 2498, ""radial_inward"": 1, ""retrograde"": 1}","{""coast"": 2498, ""radial_inward"": 1, ""small_retrograde"": 1}",99.92,0.0,0.04,0.04,0.0,0.0,6.8e-05,1.4430002013581245e-07,[],[]
horizon_2000,horizon,2000,40,recoverability,baseline,0,horizon_2000,1.05,175.0,12000.0,1.0,False,False,False,False,,,,,,False,,,False,0,,312003890918.2959,312003890918.2959,6310.987263919418,100000,False,True,max_steps,coast,"{""coast"": 99920, ""predictive_descent"": 80}",0.04761904761904765,1.3486628857624927,0.9721864785386766,0.1350346973777738,1.783433768459546,False,0,0.04522497090113882,0.023809523809523878,1.357379457906555,0.008570262013884953,1.1389677036890078,0,99920,0.0,0,0,2500,22500,63.17730369999845,"{""coast"": 2498, ""radial_inward"": 1, ""retrograde"": 1}","{""coast"": 2498, ""radial_inward"": 1, ""small_retrograde"": 1}",99.92,0.0,0.04,0.04,0.0,0.0,6.8e-05,1.4370340665328384e-07,[],[]
replan_20,replan_interval,260,20,recoverability,baseline,0,replan_20,1.0,175.0,8000.0,1.0,True,True,True,True,-31.058008674702325,-3664.12991433049,-0.0073821690331051645,-0.8709259717889519,-762.443359375,False,0.7055993803725469,0.02761116937756757,False,1,8,596.3916015625,607.4658203125,3.3645032623345292,230,True,False,success,phase76_handoff,"{""phase76_handoff"": 8}",2.104654818683916e-16,1.6197255112205923e-10,0.9961946980917454,1.0000000000000075,1.0000000000000075,False,0,4.020464845759737e-07,2.104654818683916e-16,1.6197255112205923e-10,0.0038053019082545138,8.098627137007804e-11,0,0,0.0,0,0,0,0,0.0033235000009881333,{},{},0.0,0.0,0.0,0.0,0.0,0.0,0.0,0.0,[],[]
replan_20,replan_interval,260,20,recoverability,baseline,0,replan_20,1.05,165.0,8000.0,1.0,False,False,False,False,,,,,,False,,,False,0,,296918720070.78125,296918720070.78125,7822.081964487744,100000,False,True,max_steps,coast,"{""coast"": 99880, ""predictive_descent"": 120}",0.04761904761904765,2.5606302723894214,0.942647084338374,0.16513144138536343,1.8666727565613142,False,0,0.0442210491043069,0.023809523809523878,2.5996460291991563,0.022074635036229126,1.1696128852776153,0,99880,0.0,0,0,5000,45000,18.268877300000895,"{""coast"": 4994, ""radial_inward"": 4, ""retrograde"": 2}","{""coast"": 4994, ""medium_retrograde"": 1, ""radial_inward"": 4, ""small_retrograde"": 1}",99.88,0.0,0.04,0.08,0.0,0.0,0.000122,5.92339181562096e-09,[],[]
replan_20,replan_interval,260,20,recoverability,baseline,0,replan_20,0.98,170.0,8000.0,1.0,False,False,False,False,,,,,,False,,,False,0,,76241150111.0332,76241150111.0332,7370.390682291793,100000,False,True,max_steps,coast,"{""coast"": 99900, ""predictive_descent"": 100}",0.020408163265306496,2.3840893037101396,0.9948060576000269,0.5795941368322172,1.8506461533333043,False,0,0.015313865888389476,0.010204081632653406,2.3702484106730384,0.020128657787653964,1.5766218464448392,0,99900,0.0,0,0,5000,45000,22.12884370000029,"{""coast"": 4995, ""diagonal"": 2, ""radial_outward"": 2, ""retrograde"": 1}","{""coast"": 4995, ""medium_retrograde"": 1, ""radial_outward"": 2, ""retrograde_outward"": 2}",99.9,0.0,0.02,0.0,0.04,0.04,0.00010573592452822643,5.983350799088072e-09,[],[]
replan_20,replan_interval,260,20,recoverability,baseline,0,replan_20,0.98,175.0,8000.0,1.0,False,False,False,False,,,,,,False,,,False,0,,79861144530.35938,79861144530.35938,7013.654342558365,100000,False,True,max_steps,coast,"{""coast"": 99900, ""predictive_descent"": 100}",0.020408163265306287,2.5539668873614154,1.0063086091467979,0.8924460046937056,1.8959878134564894,False,0,0.015556433024139305,0.010204081632653197,2.538427218487801,0.008798790486491197,0.11256360228952676,0,99900,0.0,0,0,5000,45000,17.736990499997773,"{""coast"": 4995, ""diagonal"": 2, ""prograde"": 1, ""radial_outward"": 2}","{""coast"": 4995, ""medium_prograde"": 1, ""radial_outward"": 2, ""retrograde_outward"": 2}",99.9,0.02,0.0,0.0,0.04,0.04,0.00010573592452822643,6.031558845842611e-09,[],[]
replan_20,replan_interval,260,20,recoverability,baseline,0,replan_20,1.0,150.0,10000.0,1.0,True,True,True,True,-56.806558896857226,-3462.776521423222,-0.013502334433540864,-0.823066342493355,-3817.8857421875,False,0.6746558758239845,0.02052503083453011,False,1,1711,693.05859375,2453.6474609375,78.06700913583241,1927,True,False,success,phase76_handoff,"{""phase76_handoff"": 1711}",0.0,6.542913016537822e-10,0.8660254037844387,1.000000000000006,1.0000000000000058,False,0,2.9618460471386597e-06,0.0,6.542913016537822e-10,0.13397459621556124,3.271454664854056e-10,0,0,0.0,0,0,0,0,0.05870919999870239,{},{},0.0,0.0,0.0,0.0,0.0,0.0,0.0,0.0,[],[]
replan_20,replan_interval,260,20,recoverability,baseline,0,replan_20,1.02,170.0,8000.0,1.0,False,False,False,False,,,,,,False,,,False,0,,79587636535.77148,79587636535.77148,7055.025539865603,100000,False,True,max_steps,coast,"{""coast"": 99880, ""predictive_descent"": 120}",0.01960784313725499,1.839730056758817,0.9751049769494176,0.0790897157212028,1.796873542713997,False,0,0.01507896594560327,0.009803921568627649,1.8481273573264052,0.010280457151176597,1.0795362244339453,0,99880,0.0,0,0,5000,45000,29.212269200001174,"{""coast"": 4994, ""diagonal"": 1, ""radial_inward"": 3, ""retrograde"": 2}","{""coast"": 4994, ""medium_retrograde"": 2, ""prograde_inward"": 1, ""radial_inward"": 3}",99.88,0.0,0.04,0.06,0.0,0.02,0.00013486796226411322,5.936153434804581e-09,[],[]
replan_20,replan_interval,260,20,recoverability,baseline,0,replan_20,1.05,170.0,8000.0,1.0,False,False,False,False,,,,,,False,,,False,0,,304490236451.1738,304490236451.1738,7064.123897810595,100000,False,True,max_steps,coast,"{""coast"": 99880, ""predictive_descent"": 120}",0.047619047619047436,1.9064262346345564,0.9610739580048949,0.09322766092084397,1.794082947086285,False,0,0.044725195110575613,0.02380952380952366,1.9290868905004204,0.0029581412233598363,1.0958507220169311,0,99880,0.0,0,0,5000,45000,29.499789699999383,"{""coast"": 4994, ""diagonal"": 1, ""radial_inward"": 3, ""retrograde"": 2}","{""coast"": 4994, ""medium_retrograde"": 2, ""prograde_inward"": 1, ""radial_inward"": 3}",99.88,0.0,0.04,0.06,0.0,0.02,0.00013486796226411322,5.933692671611368e-09,[],[]
replan_20,replan_interval,260,20,recoverability,baseline,0,replan_20,0.98,150.0,10000.0,1.0,False,False,False,False,,,,,,False,,,False,0,,73475012682.79688,73475012682.79688,7643.232932522599,100000,False,True,max_steps,coast,"{""coast"": 99920, ""predictive_descent"": 80}",0.020408163265306076,2.3582224440590815,0.8748177652797064,0.2793306690826168,1.8436446283166497,False,0,0.015128216121961146,0.01020408163265299,2.344640219618491,0.1383156030192956,0.721998256499751,0,99920,0.0,0,0,5000,45000,17.86354250000295,"{""coast"": 4996, ""diagonal"": 2, ""radial_outward"": 1, ""retrograde"": 1}","{""coast"": 4996, ""radial_outward"": 1, ""retrograde_outward"": 2, ""small_retrograde"": 1}",99.92,0.0,0.02,0.0,0.02,0.04,7.173592452822641e-05,5.562437880968219e-09,[],[]
replan_20,replan_interval,260,20,recoverability,baseline,0,replan_20,1.0,165.0,10000.0,1.0,True,True,True,True,-44.60852682385054,-3025.2685757801814,-0.010602987744017904,-0.7190752063618795,-2523.248046875,False,0.5879837507187582,0.01630347108872191,False,1,41,1109.8916015625,1452.48828125,20.02351591027418,257,True,False,success,phase76_handoff,"{""phase76_handoff"": 41}",2.104654818683916e-16,3.8731520650728185e-10,0.9659258262890681,1.000000000000006,1.000000000000006,False,0,4.4768223066228917e-07,2.104654818683916e-16,3.8731520650728185e-10,0.034074173710931875,1.9365753166188975e-10,0,0,0.0,0,0,0,0,0.004473900000448339,{},{},0.0,0.0,0.0,0.0,0.0,0.0,0.0,0.0,[],[]
replan_20,replan_interval,260,20,recoverability,baseline,0,replan_20,1.02,175.0,8000.0,1.0,False,False,False,False,,,,,,False,,,False,0,,75984385652.20508,75984385652.20508,7415.375669047764,100000,False,True,max_steps,coast,"{""coast"": 99880, ""predictive_descent"": 120}",0.019607843137254777,2.131742666733508,0.9863797326419318,0.06774196587943432,1.8807970193385697,False,0,0.014838757096104604,0.009803921568627437,2.1430600934008432,0.0011632810242118924,1.0680920245095766,0,99880,0.0,0,0,5000,45000,25.471863500002655,"{""coast"": 4994, ""diagonal"": 1, ""radial_inward"": 3, ""retrograde"": 2}","{""coast"": 4994, ""medium_retrograde"": 2, ""prograde_inward"": 1, ""radial_inward"": 3}",99.88,0.0,0.04,0.06,0.0,0.02,0.00013486796226411322,5.9378401926935e-09,[],[]
replan_20,replan_interval,260,20,recoverability,baseline,0,replan_20,1.05,175.0,8000.0,1.0,False,False,False,False,,,,,,False,,,False,0,,300938806419.60254,300938806419.60254,7419.293889859236,100000,False,True,max_steps,coast,"{""coast"": 99880, ""predictive_descent"": 120}",0.04761904761904765,2.1942370434812317,0.9721864785386766,0.0820516428783208,1.8769484124269795,False,0,0.044488441440452296,0.023809523809523878,2.224092969568262,0.008570262013884953,1.0843218669049373,0,99880,0.0,0,0,5000,45000,25.264574900000298,"{""coast"": 4994, ""diagonal"": 1, ""radial_inward"": 3, ""retrograde"": 2}","{""coast"": 4994, ""medium_retrograde"": 2, ""prograde_inward"": 1, ""radial_inward"": 3}",99.88,0.0,0.04,0.06,0.0,0.02,0.00013486796226411322,5.935306353510583e-09,[],[]
replan_20,replan_interval,260,20,recoverability,baseline,0,replan_20,0.98,165.0,10000.0,1.0,False,False,False,False,,,,,,False,,,False,0,,83618167679.14453,83618167679.14453,6638.428169339281,100000,False,True,max_steps,coast,"{""coast"": 99960, ""predictive_descent"": 40}",0.020408163265306076,2.402226396129979,0.9757324312745989,0.966998334027686,1.8555426023609374,False,0,0.01580653492921122,0.01020408163265299,2.388204132168679,0.03891593766554585,0.03891662587434806,0,99960,0.0,0,0,5000,45000,17.65992229999756,"{""coast"": 4998, ""radial_outward"": 2}","{""coast"": 4998, ""radial_outward"": 2}",99.96,0.0,0.0,0.0,0.04,0.0,4e-05,3.844634984062623e-09,[],[]
replan_20,replan_interval,260,20,recoverability,baseline,0,replan_20,1.0,170.0,10000.0,1.0,True,True,True,True,-14.98621570953258,-4062.7001351939803,-0.0035620692457484443,-0.9656620114621247,-1402.0849609375,False,0.7768040924515426,0.02687945836559521,False,1,26,96.537109375,1044.1005859375,8.944379745003824,243,True,False,success,phase76_handoff,"{""phase76_handoff"": 26}",2.104654818683916e-16,2.7841236850026503e-10,0.984807753012208,1.0000000000000058,1.0000000000000058,False,0,4.240856750450103e-07,2.104654818683916e-16,2.7841236850026503e-10,0.015192246987791962,1.3920605199046318e-10,0,0,0.0,0,0,0,0,0.003881000000546919,{},{},0.0,0.0,0.0,0.0,0.0,0.0,0.0,0.0,[],[]
replan_20,replan_interval,260,20,recoverability,baseline,0,replan_20,1.02,150.0,10000.0,1.0,False,False,False,False,,,,,,False,,,False,0,,87637138828.0039,87637138828.0039,6249.581465139256,100000,False,True,max_steps,coast,"{""coast"": 99920, ""predictive_descent"": 80}",0.01960784313725499,1.2343018392552703,0.8574929257125444,0.06482068549162678,1.7106296944455688,False,0,0.015615262831539571,0.009803921568627649,1.236644857647823,0.12965524072353934,1.065255864340174,0,99920,0.0,0,0,5000,45000,29.107611200000974,"{""coast"": 4996, ""radial_inward"": 3, ""retrograde"": 1}","{""coast"": 4996, ""medium_retrograde"": 1, ""radial_inward"": 3}",99.92,0.0,0.02,0.06,0.0,0.0,8.800000000000001e-05,4.542806836482782e-09,[],[]
replan_20,replan_interval,260,20,recoverability,baseline,0,replan_20,1.02,165.0,10000.0,1.0,False,False,False,False,,,,,,False,,,False,0,,77595310678.99219,77595310678.99219,7254.369777362177,100000,False,True,max_steps,coast,"{""coast"": 99920, ""predictive_descent"": 80}",0.019607843137254777,1.9953475961035223,0.956409083597835,0.034953590053774485,1.7247803924530114,False,0,0.014946194213146045,0.009803921568627437,2.0053010720645577,0.029256558656644043,0.9648583155125294,0,99920,0.0,0,0,5000,45000,21.59543230000054,"{""coast"": 4996, ""radial_inward"": 3, ""retrograde"": 1}","{""coast"": 4996, ""medium_retrograde"": 1, ""radial_inward"": 3}",99.92,0.0,0.02,0.06,0.0,0.0,8.800000000000001e-05,5.586189008077724e-09,[],[]
replan_20,replan_interval,260,20,recoverability,baseline,0,replan_20,1.05,165.0,10000.0,1.0,False,False,False,False,,,,,,False,,,False,0,,302446522377.83984,302446522377.83984,7268.639458687918,100000,False,True,max_steps,coast,"{""coast"": 99920, ""predictive_descent"": 80}",0.04761904761904765,2.063297622435985,0.942647084338374,0.021054685103434022,1.7279385257167887,False,0,0.04458900511635515,0.023809523809523878,2.089880062996885,0.022074635036229126,0.9783585870851199,0,99920,0.0,0,0,5000,45000,21.82311899999695,"{""coast"": 4996, ""radial_inward"": 3, ""retrograde"": 1}","{""coast"": 4996, ""medium_retrograde"": 1, ""radial_inward"": 3}",99.92,0.0,0.02,0.06,0.0,0.0,8.800000000000001e-05,5.587682066421351e-09,[],[]
replan_20,replan_interval,260,20,recoverability,baseline,0,replan_20,1.0,175.0,10000.0,1.0,True,True,True,True,-79.19029577566481,-3603.0741488999756,-0.01882271833073839,-0.8564136446924371,-4727.6806640625,False,0.7077181783811932,0.021957297513013917,False,1,7,2218.6337890625,2824.8642578125,3.50178163891905,224,True,False,success,phase76_handoff,"{""phase76_handoff"": 7}",2.104654818683916e-16,7.532826887231708e-10,0.9961946980917454,1.0000000000000058,1.0000000000000058,False,0,3.9194432095307846e-07,2.104654818683916e-16,7.532826887231708e-10,0.0038053019082545138,3.766413375752306e-10,0,0,0.0,0,0,0,0,0.0033456000019214116,{},{},0.0,0.0,0.0,0.0,0.0,0.0,0.0,0.0,[],[]
replan_20,replan_interval,260,20,recoverability,baseline,0,replan_20,1.05,150.0,10000.0,1.0,False,False,False,False,,,,,,False,,,False,0,,312344045966.2031,312344045966.2031,6278.257208984121,100000,False,True,max_steps,coast,"{""coast"": 99920, ""predictive_descent"": 80}",0.04761904761904765,1.3132027710460457,0.8451542547285167,0.07724560484481419,1.7106679687201762,False,0,0.045248447743994794,0.023809523809523878,1.321032840322197,0.12321610416249097,1.0794989135661137,0,99920,0.0,0,0,5000,45000,28.824498400001175,"{""coast"": 4996, ""radial_inward"": 3, ""retrograde"": 1}","{""coast"": 4996, ""medium_retrograde"": 1, ""radial_inward"": 3}",99.92,0.0,0.02,0.06,0.0,0.0,8.800000000000001e-05,4.581287436256076e-09,[],[]
replan_20,replan_interval,260,20,recoverability,baseline,0,replan_20,0.98,170.0,10000.0,1.0,False,False,False,False,,,,,,False,,,False,0,,73481577821.77051,73481577821.77051,7644.548014180779,100000,False,True,max_steps,coast,"{""coast"": 99940, ""predictive_descent"": 60}",0.020408163265306496,2.4959968892098052,0.9948060576000269,0.463244876590869,1.8806396132321632,False,0,0.01512929342041076,0.010204081632653406,2.481036920317707,0.020128657787653964,0.5389594349424933,0,99940,0.0,0,0,5000,45000,21.22951810000086,"{""coast"": 4997, ""diagonal"": 1, ""radial_outward"": 2}","{""coast"": 4997, ""radial_outward"": 2, ""retrograde_outward"": 1}",99.94,0.0,0.0,0.0,0.04,0.02,5.886796226411322e-05,5.559557360079737e-09,[],[]
replan_20,replan_interval,260,20,recoverability,baseline,0,replan_20,1.02,170.0,10000.0,1.0,False,False,False,False,,,,,,False,,,False,0,,74047495393.53418,74047495393.53418,7609.13950509873,100000,False,True,max_steps,coast,"{""coast"": 99920, ""predictive_descent"": 80}",0.01960784313725499,2.294034013678646,0.9751049769494176,0.053853569750677545,1.8095527240715803,False,0,0.014709672456098522,0.009803921568627649,2.3069743538154324,0.010280457151176597,0.9458819796327357,0,99920,0.0,0,0,5000,45000,21.385282999999617,"{""coast"": 4996, ""radial_inward"": 3, ""retrograde"": 1}","{""coast"": 4996, ""medium_retrograde"": 1, ""radial_inward"": 3}",99.92,0.0,0.02,0.06,0.0,0.0,8.800000000000001e-05,5.582703847162307e-09,[],[]
replan_20,replan_interval,260,20,recoverability,baseline,0,replan_20,1.0,150.0,12000.0,1.0,True,True,True,True,-39.80874820360246,-4852.3106761866475,-0.009462129762191896,-1.1533443108967762,-1244.0107421875,False,0.9340300045979194,0.03135376273812549,False,4,55,51.9462890625,217.6943359375,21.73237089833826,270,True,False,success,phase76_handoff,"{""phase76_handoff"": 55}",0.0,5.8064900861706823e-11,0.8660254037844387,1.000000000000005,1.0000000000000049,False,0,4.690833186853781e-07,0.0,5.8064900861706823e-11,0.13397459621556124,2.9032625308901102e-11,0,0,0.0,0,0,0,0,0.006730499997502193,{},{},0.0,0.0,0.0,0.0,0.0,0.0,0.0,0.0,[],[]
replan_20,replan_interval,260,20,recoverability,baseline,0,replan_20,1.02,175.0,10000.0,1.0,False,False,False,False,,,,,,False,,,False,0,,70444588775.5127,70444588775.5127,7969.421971621114,100000,False,True,max_steps,coast,"{""coast"": 99920, ""predictive_descent"": 80}",0.019607843137254777,2.6115713848885975,0.9863797326419318,0.06527266560373786,1.8955107390084245,False,0,0.014469478815452805,0.009803921568627437,2.6276870987374834,0.0011632810242118924,0.9344380115234725,0,99920,0.0,0,0,5000,45000,13.526663399999961,"{""coast"": 4996, ""radial_inward"": 3, ""retrograde"": 1}","{""coast"": 4996, ""medium_retrograde"": 1, ""radial_inward"": 3}",99.92,0.0,0.02,0.06,0.0,0.0,8.800000000000001e-05,9.25026742177284e-06,[],[]
replan_20,replan_interval,260,20,recoverability,baseline,0,replan_20,1.05,175.0,10000.0,1.0,False,False,False,False,,,,,,False,,,False,0,,295398595953.7949,295398595953.7949,7973.421253455667,100000,False,True,max_steps,coast,"{""coast"": 99920, ""predictive_descent"": 80}",0.04761904761904765,2.6706544626540203,0.9721864785386766,0.05091519091234403,1.8960133237477195,False,0,0.04411914488021865,0.023809523809523878,2.7124208242203705,0.008570262013884953,0.9477132356557763,0,99920,0.0,0,0,5000,45000,13.610017200000584,"{""coast"": 4996, ""radial_inward"": 3, ""retrograde"": 1}","{""coast"": 4996, ""medium_retrograde"": 1, ""radial_inward"": 3}",99.92,0.0,0.02,0.06,0.0,0.0,8.800000000000001e-05,9.250269211028916e-06,[],[]
replan_20,replan_interval,260,20,recoverability,baseline,0,replan_20,1.05,170.0,10000.0,1.0,False,False,False,False,,,,,,False,,,False,0,,298949696668.9629,298949696668.9629,7618.315958877432,100000,False,True,max_steps,coast,"{""coast"": 99920, ""predictive_descent"": 80}",0.047619047619047436,2.357686192642067,0.9610739580048949,0.03967090734935712,1.8113591861135279,False,0,0.04435588399861554,0.02380952380952366,2.3916283474581186,0.0029581412233598363,0.9592418639098858,0,99920,0.0,0,0,5000,45000,21.482379100001708,"{""coast"": 4996, ""radial_inward"": 3, ""retrograde"": 1}","{""coast"": 4996, ""medium_retrograde"": 1, ""radial_inward"": 3}",99.92,0.0,0.02,0.06,0.0,0.0,8.800000000000001e-05,5.584347214826479e-09,[],[]
replan_20,replan_interval,260,20,recoverability,baseline,0,replan_20,1.0,165.0,12000.0,1.0,True,True,True,True,-49.89490215814327,-3804.1918098357014,-0.011859504757034702,-0.904217242924399,-3756.763671875,False,0.7376052005488627,0.020534347013872814,False,1,47,861.8408203125,1917.5859375,12.276941494087875,260,True,False,success,phase76_handoff,"{""phase76_handoff"": 47}",2.104654818683916e-16,5.113431463687706e-10,0.9659258262890681,1.0000000000000049,1.0000000000000049,False,0,4.53347220796274e-07,2.104654818683916e-16,5.113431463687706e-10,0.034074173710931875,2.556716006393791e-10,0,0,0.0,0,0,0,0,0.004676300002756761,{},{},0.0,0.0,0.0,0.0,0.0,0.0,0.0,0.0,[],[]
replan_20,replan_interval,260,20,recoverability,baseline,0,replan_20,0.98,150.0,12000.0,1.0,False,False,False,False,,,,,,False,,,False,0,,78930397053.91992,78930397053.91992,7104.60833787114,100000,False,True,max_steps,coast,"{""coast"": 99940, ""predictive_descent"": 60}",0.020408163265306076,2.561555322048775,0.8748177652797064,0.8551488053852879,1.8979889467384472,False,0,0.01549329178543725,0.01020408163265299,2.545939768828287,0.1383156030192956,1.850455223145532,0,99940,0.0,0,0,5000,45000,17.553167699999904,"{""coast"": 4997, ""diagonal"": 1, ""radial_outward"": 1, ""retrograde"": 1}","{""coast"": 4997, ""medium_retrograde"": 1, ""radial_outward"": 1, ""retrograde_outward"": 1}",99.94,0.0,0.02,0.0,0.02,0.02,6.686796226411321e-05,4.577395881133483e-09,[],[]
replan_20,replan_interval,260,20,recoverability,baseline,0,replan_20,0.98,175.0,10000.0,1.0,False,False,False,False,,,,,,False,,,False,0,,77156128287.24121,77156128287.24121,7277.210233664946,100000,False,True,max_steps,coast,"{""coast"": 99940, ""predictive_descent"": 60}",0.020408163265306287,2.1962464529859624,1.0063086091467979,0.4748639873000571,1.7991819059799465,False,0,0.015374288828614765,0.010204081632653197,2.184283988456103,0.008798790486491197,0.5276294493439113,0,99940,0.0,0,0,5000,45000,21.650587399999495,"{""coast"": 4997, ""diagonal"": 1, ""radial_outward"": 2}","{""coast"": 4997, ""radial_outward"": 2, ""retrograde_outward"": 1}",99.94,0.0,0.0,0.0,0.04,0.02,5.886796226411322e-05,5.563992553270225e-09,[],[]
replan_20,replan_interval,260,20,recoverability,baseline,0,replan_20,1.02,150.0,12000.0,1.0,False,False,False,False,,,,,,False,,,False,0,,71034726403.04688,71034726403.04688,7910.361619938552,100000,False,True,max_steps,coast,"{""coast"": 99920, ""predictive_descent"": 80}",0.01960784313725499,2.6175684207371215,0.8574929257125444,0.2512444727342755,1.8970512788659084,False,0,0.014509070711074303,0.009803921568627649,2.6337441049444927,0.12965524072353934,1.2523777925529946,0,99920,0.0,0,0,5000,45000,14.254348300000856,"{""coast"": 4996, ""radial_inward"": 3, ""retrograde"": 1}","{""coast"": 4996, ""medium_retrograde"": 1, ""radial_inward"": 3}",99.92,0.0,0.02,0.06,0.0,0.0,8.800000000000001e-05,1.0624431721730065e-05,[],[]
replan_20,replan_interval,260,20,recoverability,baseline,0,replan_20,1.0,170.0,12000.0,1.0,True,True,True,True,-59.11783526958399,-2644.140708489538,-0.014051701041181388,-0.628485034627588,-4974.4609375,False,0.5196500696147496,0.011302579212861713,False,1,19,567.279296875,2772.2412109375,6.334229874531584,231,True,False,success,phase76_handoff,"{""phase76_handoff"": 19}",2.104654818683916e-16,7.392509550470052e-10,0.984807753012208,1.000000000000005,1.0000000000000049,False,0,4.0389829571496205e-07,2.104654818683916e-16,7.392509550470052e-10,0.015192246987791962,3.696254979829826e-10,0,0,0.0,0,0,0,0,0.004125199997361051,{},{},0.0,0.0,0.0,0.0,0.0,0.0,0.0,0.0,[],[]
replan_20,replan_interval,260,20,recoverability,baseline,0,replan_20,0.98,165.0,12000.0,1.0,False,False,False,False,,,,,,False,,,False,0,,72646852113.48633,72646852113.48633,7726.361580838624,100000,False,True,max_steps,coast,"{""coast"": 99940, ""predictive_descent"": 60}",0.020408163265306076,2.434074082300448,0.9757324312745989,0.2854339464738965,1.864103544812698,False,0,0.015073196465400597,0.01020408163265299,2.419733341477443,0.03891593766554585,1.2841076624312033,0,99940,0.0,0,0,5000,45000,17.987800299997616,"{""coast"": 4997, ""diagonal"": 2, ""radial_outward"": 1}","{""coast"": 4997, ""radial_outward"": 1, ""retrograde_outward"": 2}",99.94,0.0,0.0,0.0,0.02,0.04,5.773592452822641e-05,6.666122434184629e-09,[],[]
replan_20,replan_interval,260,20,recoverability,baseline,0,replan_20,1.05,165.0,12000.0,1.0,False,False,False,False,,,,,,False,,,False,0,,302447610259.6084,302447610259.6084,7267.3420823313545,100000,False,True,max_steps,coast,"{""coast"": 99900, ""predictive_descent"": 100}",0.04761904761904765,2.12166998475836,0.942647084338374,0.24476230340648142,1.8975191323976797,False,0,0.04458856080005708,0.023809523809523878,2.1497117343773193,0.022074635036229126,1.2515830935706738,0,99900,0.0,0,0,5000,45000,20.22133699999904,"{""coast"": 4995, ""diagonal"": 1, ""radial_inward"": 2, ""retrograde"": 2}","{""coast"": 4995, ""medium_retrograde"": 1, ""prograde_inward"": 1, ""radial_inward"": 2, ""small_retrograde"": 1}",99.9,0.0,0.04,0.04,0.0,0.02,0.00010086796226411321,6.666542526589936e-09,[],[]
replan_20,replan_interval,260,20,recoverability,baseline,0,replan_20,0.98,170.0,12000.0,1.0,False,False,False,False,,,,,,False,,,False,0,,76267810304.17676,76267810304.17676,7364.139982143531,100000,False,True,max_steps,coast,"{""coast"": 99940, ""predictive_descent"": 60}",0.020408163265306496,2.1139411539782835,0.9948060576000269,0.26668874976047185,1.776161507375682,False,0,0.015314562059033724,0.010204081632653406,2.1028017424385004,0.020128657787653964,1.2653201564758454,0,99940,0.0,0,0,5000,45000,18.41079240000181,"{""coast"": 4997, ""diagonal"": 2, ""radial_outward"": 1}","{""coast"": 4997, ""radial_outward"": 1, ""retrograde_outward"": 2}",99.94,0.0,0.0,0.0,0.02,0.04,5.7735924528226425e-05,6.661771241756043e-09,[],[]
replan_20,replan_interval,260,20,recoverability,baseline,0,replan_20,1.0,175.0,12000.0,1.0,True,True,True,True,-49.59440466036998,-3805.3841505526866,-0.011788079594339244,-0.9045006500420295,-4449.8916015625,False,0.7377462161401496,0.02054370229463622,False,1,25,509.548828125,2621.802734375,2.228509408401243,238,True,False,success,phase76_handoff,"{""phase76_handoff"": 25}",2.104654818683916e-16,6.99134129548071e-10,0.9961946980917454,1.0000000000000049,1.0000000000000049,False,0,4.161105787678352e-07,2.104654818683916e-16,6.99134129548071e-10,0.0038053019082545138,3.4956702192990726e-10,0,0,0.0,0,0,0,0,0.003758000002562767,{},{},0.0,0.0,0.0,0.0,0.0,0.0,0.0,0.0,[],[]
replan_20,replan_interval,260,20,recoverability,baseline,0,replan_20,1.05,150.0,12000.0,1.0,False,False,False,False,,,,,,False,,,False,0,,312348501336.89746,312348501336.89746,6277.383045189155,100000,False,True,max_steps,coast,"{""coast"": 99900, ""predictive_descent"": 100}",0.04761904761904765,1.3527305789985196,0.8451542547285167,0.21477862560879377,1.7348433378426524,False,0,0.045248644746139884,0.023809523809523878,1.3615488434734826,0.12321610416249097,0.7789560044886545,0,99900,0.0,0,0,5000,45000,25.904855900000257,"{""coast"": 4995, ""diagonal"": 1, ""radial_inward"": 2, ""retrograde"": 2}","{""coast"": 4995, ""medium_retrograde"": 2, ""prograde_inward"": 1, ""radial_inward"": 2}",99.9,0.0,0.04,0.04,0.0,0.02,0.00011486796226411322,6.046740683673946e-09,[],[]
replan_20,replan_interval,260,20,recoverability,baseline,0,replan_20,1.02,165.0,12000.0,1.0,False,False,False,False,,,,,,False,,,False,0,,77595748745.3086,77595748745.3086,7253.19955666188,100000,False,True,max_steps,coast,"{""coast"": 99900, ""predictive_descent"": 100}",0.019607843137254777,2.046470912765219,0.956409083597835,0.23093091602408225,1.8884331450543617,False,0,0.014945721074464176,0.009803921568627437,2.0569356218928716,0.029256558656644043,1.2321736292569294,0,99900,0.0,0,0,5000,45000,22.023901500000648,"{""coast"": 4995, ""diagonal"": 1, ""radial_inward"": 2, ""retrograde"": 2}","{""coast"": 4995, ""medium_retrograde"": 1, ""prograde_inward"": 1, ""radial_inward"": 2, ""small_retrograde"": 1}",99.9,0.0,0.04,0.04,0.0,0.02,0.00010086796226411323,6.6697730080278465e-09,[],[]
replan_80,replan_interval,260,80,recoverability,baseline,0,replan_80,0.98,150.0,8000.0,1.0,False,False,False,False,,,,,,False,,,False,0,,84490607972.97266,84490607972.97266,6548.541368646702,100000,False,True,max_steps,coast,"{""coast"": 99920, ""predictive_descent"": 80}",0.020408163265306076,2.04554895988091,0.8748177652797064,0.8035799619398071,1.7568026593801016,False,0,0.015864365380976908,0.01020408163265299,2.0350934702821006,0.1383156030192956,1.7985706521950402,0,99920,0.0,0,0,1250,11250,5.039426999999705,"{""coast"": 1249, ""diagonal"": 1}","{""coast"": 1249, ""retrograde_outward"": 1}",99.92,0.0,0.0,0.0,0.0,0.08,7.547184905645283e-05,2.0946849240921496e-08,[],[]
replan_80,replan_interval,260,80,recoverability,baseline,0,replan_80,1.0,150.0,8000.0,1.0,True,True,True,True,-38.530447607905636,-3195.2769906896274,-0.009158290866034995,-0.7594844569695679,-2413.50390625,False,0.6185775149366969,0.021872411989640565,False,1,128,1076.5029296875,2220.5693359375,28.016402607368157,349,True,False,success,phase76_handoff,"{""phase76_handoff"": 128}",0.0,5.921338994971445e-10,0.8660254037844387,1.0000000000000075,1.0000000000000073,False,0,5.993435436858285e-07,0.0,5.921338994971445e-10,0.13397459621556124,2.9606680816445473e-10,0,0,0.0,0,0,0,0,0.007334700003411854,{},{},0.0,0.0,0.0,0.0,0.0,0.0,0.0,0.0,[],[]
replan_80,replan_interval,260,80,recoverability,baseline,0,replan_80,1.02,150.0,8000.0,1.0,False,False,False,False,,,,,,False,,,False,0,,82151302261.46289,82151302261.46289,6795.00927277835,100000,False,True,max_steps,coast,"{""coast"": 99840, ""predictive_descent"": 160}",0.01960784313725499,2.018478659703785,0.8574929257125444,0.6228799626313922,1.8257700265095076,False,0,0.015249262989817911,0.009803921568627649,2.0286634463008224,0.12965524072353934,1.6266083579976727,0,99840,0.0,0,0,1250,11250,5.971346000002086,"{""coast"": 1248, ""radial_inward"": 1, ""retrograde"": 1}","{""coast"": 1248, ""radial_inward"": 1, ""small_retrograde"": 1}",99.84,0.0,0.08,0.08,0.0,0.0,0.000136,3.014749424679053e-08,[],[]
replan_80,replan_interval,260,80,recoverability,baseline,0,replan_80,1.05,150.0,8000.0,1.0,False,False,False,False,,,,,,False,,,False,0,,306815767632.43066,306815767632.43066,6832.0089979445665,100000,False,True,max_steps,predictive_descent,"{""predictive_descent"": 100000}",0.04761904761904765,2.0885565304458327,0.8451542547285167,0.6103248566279721,1.831209674519988,False,0,0.0448805689788758,0.023809523809523878,2.115770443706978,0.12321610416249097,1.6276839823231777,0,0,0.0,0,0,1250,11250,5.726152600000205,"{""radial_inward"": 1, ""retrograde"": 1249}","{""radial_inward"": 1, ""small_retrograde"": 1249}",0.0,0.0,99.92,0.08,0.0,0.0,0.07002400000000002,3.0367892102667325e-08,[],[]
replan_20,replan_interval,260,20,recoverability,baseline,0,replan_20,0.98,175.0,12000.0,1.0,False,False,False,False,,,,,,False,,,False,0,,79866609816.05566,79866609816.05566,7011.51917109916,100000,False,True,max_steps,coast,"{""coast"": 99920, ""predictive_descent"": 80}",0.020408163265306287,2.4618278670708222,1.0063086091467979,0.8402718994881886,1.8715322940823016,False,0,0.015556185269406634,0.010204081632653197,2.447209588400114,0.008798790486491197,0.16444545166362695,0,99920,0.0,0,0,5000,45000,18.173818200000824,"{""coast"": 4996, ""diagonal"": 2, ""radial_outward"": 1, ""retrograde"": 1}","{""coast"": 4996, ""medium_retrograde"": 1, ""radial_outward"": 1, ""retrograde_outward"": 2}",99.92,0.0,0.02,0.0,0.02,0.04,8.573592452822641e-05,6.7943302747064395e-09,[],[]
replan_80,replan_interval,260,80,recoverability,baseline,0,replan_80,1.0,165.0,8000.0,1.0,True,True,True,True,-75.5921283924204,-3183.1688515097776,-0.017967470973745035,-0.756606476895629,-6026.451171875,False,0.6268461474885241,0.02180655982767169,False,1,79,581.3896484375,5645.37109375,18.30163168160577,300,True,False,success,phase76_handoff,"{""phase76_handoff"": 79}",2.104654818683916e-16,1.5054145521914852e-09,0.9659258262890681,1.0000000000000075,1.0000000000000073,False,0,5.203974283719617e-07,2.104654818683916e-16,1.5054145521914852e-09,0.034074173710931875,7.527071491359193e-10,0,0,0.0,0,0,0,0,0.006153999998787185,{},{},0.0,0.0,0.0,0.0,0.0,0.0,0.0,0.0,[],[]
replan_20,replan_interval,260,20,recoverability,baseline,0,replan_20,1.02,170.0,12000.0,1.0,False,False,False,False,,,,,,False,,,False,0,,90652732776.12793,90652732776.12793,5946.71589747598,100000,False,True,max_steps,coast,"{""coast"": 99940, ""predictive_descent"": 60}",0.01960784313725499,1.0396122778202384,0.9751049769494176,0.13206236928948317,1.7129104226213168,False,0,0.015815495848276986,0.009803921568627649,1.0400084005984407,0.010280457151176597,1.133001818619301,0,99940,0.0,0,0,5000,45000,29.546222099997976,"{""coast"": 4997, ""radial_inward"": 2, ""retrograde"": 1}","{""coast"": 4997, ""medium_retrograde"": 1, ""radial_inward"": 2}",99.94,0.0,0.02,0.04,0.0,0.0,6.8e-05,4.4712127510226905e-09,[],[]
replan_80,replan_interval,260,80,recoverability,baseline,0,replan_80,0.98,165.0,8000.0,1.0,False,False,False,False,,,,,,False,,,False,0,,94758834157.97656,94758834157.97656,5519.988068386263,100000,False,True,max_steps,coast,"{""coast"": 99920, ""predictive_descent"": 80}",0.020408163265306076,1.192040332179744,0.9757324312745989,0.7045316483491916,1.494272141439457,False,0,0.01654850079724928,0.01020408163265299,1.1901199288579465,0.03891593766554585,1.6991703090599048,0,99920,0.0,0,0,1250,11250,5.471367100002681,"{""coast"": 1249, ""diagonal"": 1}","{""coast"": 1249, ""retrograde_outward"": 1}",99.92,0.0,0.0,0.0,0.0,0.08,7.547184905645283e-05,2.0892826152696388e-08,[],[]
replan_20,replan_interval,260,20,recoverability,baseline,0,replan_20,1.05,170.0,12000.0,1.0,False,False,False,False,,,,,,False,,,False,0,,315555457920.42773,315555457920.42773,5955.791069175107,100000,False,True,max_steps,coast,"{""coast"": 99940, ""predictive_descent"": 60}",0.047619047619047436,1.1064833143106387,0.9610739580048949,0.14617235087054145,1.7070060614252234,False,0,0.04546173077636755,0.02380952380952366,1.1091453971684047,0.0029581412233598363,1.1504981404042254,0,99940,0.0,0,0,5000,45000,29.79716620000181,"{""coast"": 4997, ""radial_inward"": 2, ""retrograde"": 1}","{""coast"": 4997, ""medium_retrograde"": 1, ""radial_inward"": 2}",99.94,0.0,0.02,0.04,0.0,0.0,6.8e-05,4.467296897248119e-09,[],[]
replan_80,replan_interval,260,80,recoverability,baseline,0,replan_80,1.0,170.0,8000.0,1.0,True,True,True,True,-69.01423483018289,-4727.470714164705,-0.01640397336941329,-1.1236711366960404,-2623.1083984375,False,0.9186216777498761,0.04348345057112868,False,1,42,1709.513671875,2275.509765625,11.434367729151932,266,True,False,success,phase76_handoff,"{""phase76_handoff"": 42}",2.104654818683916e-16,6.067846121554851e-10,0.984807753012208,1.0000000000000073,1.0000000000000073,False,0,4.632949875670622e-07,2.104654818683916e-16,6.067846121554851e-10,0.015192246987791962,3.0339234160109173e-10,0,0,0.0,0,0,0,0,0.0045502000029955525,{},{},0.0,0.0,0.0,0.0,0.0,0.0,0.0,0.0,[],[]
replan_80,replan_interval,260,80,recoverability,baseline,0,replan_80,1.02,165.0,8000.0,1.0,False,False,False,False,,,,,,False,,,False,0,,150000107816.6211,160774022069.2666,1076.6726775479326,100000,False,True,max_steps,coast,"{""coast"": 100000}",0.019607843137254777,0.019607843078840295,0.956409083597835,0.9550640145853833,0.9901475290218554,False,0,0.02048701249227391,0.009803921568627437,0.009803921509628808,0.029256558656644043,0.029256558656642277,0,100000,0.0,0,0,1250,11250,5.719217099998787,"{""coast"": 1250}","{""coast"": 1250}",100.0,0.0,0.0,0.0,0.0,0.0,0.0,0.0,[],[]
replan_80,replan_interval,260,80,recoverability,baseline,0,replan_80,1.05,165.0,8000.0,1.0,False,False,False,False,,,,,,False,,,False,0,,375000106265.22266,385619314241.02734,1061.2433008992634,100000,False,True,max_steps,coast,"{""coast"": 100000}",0.04761904761904765,0.04761904756701995,0.942647084338374,0.9413776639785437,0.9759000597797406,False,0,0.05012956102188568,0.023809523809523878,0.023809523756195484,0.022074635036229126,0.02207463503623276,0,100000,0.0,0,0,1250,11250,5.691796799997974,"{""coast"": 1250}","{""coast"": 1250}",100.0,0.0,0.0,0.0,0.0,0.0,0.0,0.0,[],[]
replan_20,replan_interval,260,20,recoverability,baseline,0,replan_20,1.02,175.0,12000.0,1.0,False,False,False,False,,,,,,False,,,False,0,,87049342229.2666,87049342229.2666,6307.093072572986,100000,False,True,max_steps,coast,"{""coast"": 99940, ""predictive_descent"": 60}",0.019607843137254777,1.2853277069946278,0.9863797326419318,0.12075651815655142,1.7901735763485709,False,0,0.015575280746979798,0.009803921568627437,1.288180984064574,0.0011632810242118924,1.1215578092473093,0,99940,0.0,0,0,5000,45000,26.168258400000923,"{""coast"": 4997, ""radial_inward"": 2, ""retrograde"": 1}","{""coast"": 4997, ""medium_retrograde"": 1, ""radial_inward"": 2}",99.94,0.0,0.02,0.04,0.0,0.0,6.8e-05,6.694132637363737e-09,[],[]
replan_80,replan_interval,260,80,recoverability,baseline,0,replan_80,1.0,175.0,8000.0,1.0,True,True,True,True,-31.058008674702325,-3664.12991433049,-0.0073821690331051645,-0.8709259717889519,-762.443359375,False,0.7055993803725469,0.02761116937756757,False,1,8,596.3916015625,607.4658203125,3.3645032623345292,230,True,False,success,phase76_handoff,"{""phase76_handoff"": 8}",2.104654818683916e-16,1.6197255112205923e-10,0.9961946980917454,1.0000000000000075,1.0000000000000075,False,0,4.020464845759737e-07,2.104654818683916e-16,1.6197255112205923e-10,0.0038053019082545138,8.098627137007804e-11,0,0,0.0,0,0,0,0,0.00389290000020992,{},{},0.0,0.0,0.0,0.0,0.0,0.0,0.0,0.0,[],[]
replan_20,replan_interval,260,20,recoverability,baseline,0,replan_20,1.05,175.0,12000.0,1.0,False,False,False,False,,,,,,False,,,False,0,,312003894295.03906,312003894295.03906,6310.986920755993,100000,False,True,max_steps,coast,"{""coast"": 99940, ""predictive_descent"": 60}",0.04761904761904765,1.3486631056532865,0.9721864785386766,0.13503641536068361,1.7834333210595088,False,0,0.0452249711247434,0.023809523809523878,1.3573796832946186,0.008570262013884953,1.1389694717697754,0,99940,0.0,0,0,5000,45000,26.074086399999942,"{""coast"": 4997, ""radial_inward"": 2, ""retrograde"": 1}","{""coast"": 4997, ""medium_retrograde"": 1, ""radial_inward"": 2}",99.94,0.0,0.02,0.04,0.0,0.0,6.8e-05,6.690112020546479e-09,[],[]
replan_80,replan_interval,260,80,recoverability,baseline,0,replan_80,0.98,170.0,8000.0,1.0,False,False,False,False,,,,,,False,,,False,0,,98381694782.77148,98381694782.77148,5157.398622659096,100000,False,True,max_steps,coast,"{""coast"": 99920, ""predictive_descent"": 80}",0.020408163265306496,0.9464688158967363,0.9948060576000269,0.6859356009695817,1.4097086650411488,False,0,0.01678995133983583,0.010204081632653406,0.9470041277377689,0.020128657787653964,1.6803827509695166,0,99920,0.0,0,0,1250,11250,5.465436300000874,"{""coast"": 1249, ""diagonal"": 1}","{""coast"": 1249, ""retrograde_outward"": 1}",99.92,0.0,0.0,0.0,0.0,0.08,7.547184905645283e-05,2.088264489206182e-08,[],[]
replan_80,replan_interval,260,80,recoverability,baseline,0,replan_80,1.02,170.0,8000.0,1.0,False,False,False,False,,,,,,False,,,False,0,,150000072336.8672,157230234270.02344,722.6926267480444,100000,False,True,max_steps,coast,"{""coast"": 100000}",0.01960784313725499,0.019607843110938175,0.9751049769494176,0.9741842566885089,0.9901475336140375,False,0,0.020250669165157918,0.009803921568627649,0.009803921542047667,0.010280457151176597,0.010280457151147332,0,100000,0.0,0,0,1250,11250,5.712287800000922,"{""coast"": 1250}","{""coast"": 1250}",100.0,0.0,0.0,0.0,0.0,0.0,0.0,0.0,[],[]
replan_80,replan_interval,260,80,recoverability,baseline,0,replan_80,1.0,150.0,10000.0,1.0,True,True,True,True,-56.806558896857226,-3462.776521423222,-0.013502334433540864,-0.823066342493355,-3817.8857421875,False,0.6746558758239845,0.02052503083453011,False,1,1711,693.05859375,2453.6474609375,78.06700913583241,1927,True,False,success,phase76_handoff,"{""phase76_handoff"": 1711}",0.0,6.542913016537822e-10,0.8660254037844387,1.000000000000006,1.0000000000000058,False,0,2.9618460471386597e-06,0.0,6.542913016537822e-10,0.13397459621556124,3.271454664854056e-10,0,0,0.0,0,0,0,0,0.059014800001023104,{},{},0.0,0.0,0.0,0.0,0.0,0.0,0.0,0.0,[],[]
replan_80,replan_interval,260,80,recoverability,baseline,0,replan_80,1.05,170.0,8000.0,1.0,False,False,False,False,,,,,,False,,,False,0,,375000071295.9951,382126342834.4971,712.322356722633,100000,False,True,max_steps,coast,"{""coast"": 100000}",0.047619047619047436,0.04761904759556496,0.9610739580048949,0.96020504601082,0.9759000641132609,False,0,0.04989661068161473,0.02380952380952366,0.023809523785454124,0.0029581412233598363,0.0029581412233603372,0,100000,0.0,0,0,1250,11250,5.666088699999818,"{""coast"": 1250}","{""coast"": 1250}",100.0,0.0,0.0,0.0,0.0,0.0,0.0,0.0,[],[]
replan_80,replan_interval,260,80,recoverability,baseline,0,replan_80,0.98,175.0,8000.0,1.0,False,False,False,False,,,,,,False,,,False,0,,102059414367.62305,102059414367.62305,4789.4464089660105,100000,False,True,max_steps,coast,"{""coast"": 99920, ""predictive_descent"": 80}",0.020408163265306287,0.7236074988824299,1.0063086091467979,0.6748482786743675,1.3283139763065748,False,0,0.01703508802897208,0.010204081632653197,0.7263714238936056,0.008798790486491197,1.6690525826818323,0,99920,0.0,0,0,1250,11250,5.452104800002417,"{""coast"": 1249, ""diagonal"": 1}","{""coast"": 1249, ""retrograde_outward"": 1}",99.92,0.0,0.0,0.0,0.0,0.08,7.547184905645283e-05,2.0876539778136304e-08,[],[]
replan_80,replan_interval,260,80,recoverability,baseline,0,replan_80,1.02,175.0,8000.0,1.0,False,False,False,False,,,,,,False,,,False,0,,150000036306.58496,153629779494.32227,362.892970562137,100000,False,True,max_steps,coast,"{""coast"": 100000}",0.019607843137254777,0.019607843130489785,0.9863797326419318,0.9859119408551551,0.9901475382774748,False,0,0.020010583894501086,0.009803921568627437,0.009803921561794795,0.0011632810242118924,0.0011632810241710215,0,100000,0.0,0,0,1250,11250,5.7018605999983265,"{""coast"": 1250}","{""coast"": 1250}",100.0,0.0,0.0,0.0,0.0,0.0,0.0,0.0,[],[]
replan_80,replan_interval,260,80,recoverability,baseline,0,replan_80,1.0,165.0,10000.0,1.0,True,True,True,True,-44.60852682385054,-3025.2685757801814,-0.010602987744017904,-0.7190752063618795,-2523.248046875,False,0.5879837507187582,0.01630347108872191,False,1,41,1109.8916015625,1452.48828125,20.02351591027418,257,True,False,success,phase76_handoff,"{""phase76_handoff"": 41}",2.104654818683916e-16,3.8731520650728185e-10,0.9659258262890681,1.000000000000006,1.000000000000006,False,0,4.4768223066228917e-07,2.104654818683916e-16,3.8731520650728185e-10,0.034074173710931875,1.9365753166188975e-10,0,0,0.0,0,0,0,0,0.005517400000826456,{},{},0.0,0.0,0.0,0.0,0.0,0.0,0.0,0.0,[],[]
replan_80,replan_interval,260,80,recoverability,baseline,0,replan_80,1.05,175.0,8000.0,1.0,False,False,False,False,,,,,,False,,,False,0,,375000035784.1621,378577587344.44434,357.67867225170767,100000,False,True,max_steps,coast,"{""coast"": 100000}",0.04761904761904765,0.04761904761310705,0.9721864785386766,0.9717450222927188,0.975900068514023,False,0,0.04965997524592907,0.023809523809523878,0.023809523803434762,0.008570262013884953,0.008570262013890714,0,100000,0.0,0,0,1250,11250,5.6557275999984995,"{""coast"": 1250}","{""coast"": 1250}",100.0,0.0,0.0,0.0,0.0,0.0,0.0,0.0,[],[]
replan_80,replan_interval,260,80,recoverability,baseline,0,replan_80,0.98,150.0,10000.0,1.0,False,False,False,False,,,,,,False,,,False,0,,128781351434.66016,128781351434.66016,2118.9414439504335,100000,False,True,max_steps,coast,"{""coast"": 100000}",0.020408163265306076,0.02040816351982577,0.8748177652797064,0.8722995567197066,1.0101525153479516,False,0,0.01881617271839726,0.01020408163265299,0.010204081884627488,0.1383156030192956,0.13831560301929435,0,100000,0.0,0,0,1250,11250,4.740078300001187,"{""coast"": 1250}","{""coast"": 1250}",100.0,0.0,0.0,0.0,0.0,0.0,0.0,6.222565005487013e-11,[],[]
replan_80,replan_interval,260,80,recoverability,baseline,0,replan_80,1.02,150.0,10000.0,1.0,False,False,False,False,,,,,,False,,,False,0,,150000208285.72754,170800192612.2871,2077.3209271602605,100000,False,True,max_steps,coast,"{""coast"": 100000}",0.01960784313725499,0.019607842920304434,0.8574929257125444,0.8551677653724149,0.9901475160180329,False,0,0.02115587788296759,0.009803921568627649,0.009803921349507588,0.12965524072353934,0.12965524072354653,0,100000,0.0,0,0,1250,11250,4.715678699998534,"{""coast"": 1250}","{""coast"": 1250}",100.0,0.0,0.0,0.0,0.0,0.0,0.0,0.0,[],[]
replan_80,replan_interval,260,80,recoverability,baseline,0,replan_80,1.0,170.0,10000.0,1.0,True,True,True,True,-14.98621570953258,-4062.7001351939803,-0.0035620692457484443,-0.9656620114621247,-1402.0849609375,False,0.7768040924515426,0.02687945836559521,False,1,26,96.537109375,1044.1005859375,8.944379745003824,243,True,False,success,phase76_handoff,"{""phase76_handoff"": 26}",2.104654818683916e-16,2.7841236850026503e-10,0.984807753012208,1.0000000000000058,1.0000000000000058,False,0,4.240856750450103e-07,2.104654818683916e-16,2.7841236850026503e-10,0.015192246987791962,1.3920605199046318e-10,0,0,0.0,0,0,0,0,0.003955600001063431,{},{},0.0,0.0,0.0,0.0,0.0,0.0,0.0,0.0,[],[]
replan_80,replan_interval,260,80,recoverability,baseline,0,replan_80,1.05,150.0,10000.0,1.0,False,False,False,False,,,,,,False,,,False,0,,375000205288.6543,395502084920.6846,2047.6623324287825,100000,False,True,max_steps,coast,"{""coast"": 100000}",0.04761904761904765,0.04761904742580982,0.8451542547285167,0.842959682234363,0.9759000475083783,False,0,0.050788840590254396,0.023809523809523878,0.0238095236114551,0.12321610416249097,0.12321610416248382,0,100000,0.0,0,0,1250,11250,4.755915900001128,"{""coast"": 1250}","{""coast"": 1250}",100.0,0.0,0.0,0.0,0.0,0.0,0.0,0.0,[],[]
replan_80,replan_interval,260,80,recoverability,baseline,0,replan_80,0.98,165.0,10000.0,1.0,False,False,False,False,,,,,,False,,,False,0,,139008783888.27637,139008783888.27637,1098.3307887656276,100000,False,True,max_steps,coast,"{""coast"": 100000}",0.020408163265306076,0.020408163333968336,0.9757324312745989,0.9742755107728206,1.0101525294349747,False,0,0.019498493773499517,0.01020408163265299,0.010204081700628625,0.03891593766554585,0.03891593766559898,0,100000,0.0,0,0,1250,11250,4.7451435000002675,"{""coast"": 1250}","{""coast"": 1250}",100.0,0.0,0.0,0.0,0.0,0.0,0.0,1.3107272831547334e-10,[],[]
replan_80,replan_interval,260,80,recoverability,baseline,0,replan_80,1.02,165.0,10000.0,1.0,False,False,False,False,,,,,,False,,,False,0,,150000107816.6211,160774022069.2666,1076.6726775479326,100000,False,True,max_steps,coast,"{""coast"": 100000}",0.019607843137254777,0.019607843078840295,0.956409083597835,0.9550640145853833,0.9901475290218554,False,0,0.02048701249227391,0.009803921568627437,0.009803921509628808,0.029256558656644043,0.029256558656642277,0,100000,0.0,0,0,1250,11250,4.802189299996826,"{""coast"": 1250}","{""coast"": 1250}",100.0,0.0,0.0,0.0,0.0,0.0,0.0,0.0,[],[]
replan_80,replan_interval,260,80,recoverability,baseline,0,replan_80,1.0,175.0,10000.0,1.0,True,True,True,True,-79.19029577566481,-3603.0741488999756,-0.01882271833073839,-0.8564136446924371,-4727.6806640625,False,0.7077181783811932,0.021957297513013917,False,1,7,2218.6337890625,2824.8642578125,3.50178163891905,224,True,False,success,phase76_handoff,"{""phase76_handoff"": 7}",2.104654818683916e-16,7.532826887231708e-10,0.9961946980917454,1.0000000000000058,1.0000000000000058,False,0,3.9194432095307846e-07,2.104654818683916e-16,7.532826887231708e-10,0.0038053019082545138,3.766413375752306e-10,0,0,0.0,0,0,0,0,0.0035611999992397614,{},{},0.0,0.0,0.0,0.0,0.0,0.0,0.0,0.0,[],[]
replan_80,replan_interval,260,80,recoverability,baseline,0,replan_80,1.05,165.0,10000.0,1.0,False,False,False,False,,,,,,False,,,False,0,,375000106265.22266,385619314241.02734,1061.2433008992634,100000,False,True,max_steps,coast,"{""coast"": 100000}",0.04761904761904765,0.04761904756701995,0.942647084338374,0.9413776639785437,0.9759000597797406,False,0,0.05012956102188568,0.023809523809523878,0.023809523756195484,0.022074635036229126,0.02207463503623276,0,100000,0.0,0,0,1250,11250,4.781786200001079,"{""coast"": 1250}","{""coast"": 1250}",100.0,0.0,0.0,0.0,0.0,0.0,0.0,0.0,[],[]
replan_80,replan_interval,260,80,recoverability,baseline,0,replan_80,0.98,170.0,10000.0,1.0,False,False,False,False,,,,,,False,,,False,0,,87215110503.16211,87215110503.16211,6283.04912785524,100000,False,True,max_steps,coast,"{""coast"": 99920, ""predictive_descent"": 80}",0.020408163265306496,2.422845102659296,0.9948060576000269,1.1027229818209259,1.8610893480085962,False,0,0.0160478197612757,0.010204081632653406,2.408616651632703,0.020128657787653964,2.0954462742649946,0,99920,0.0,0,0,1250,11250,4.813532399999531,"{""coast"": 1249, ""diagonal"": 1}","{""coast"": 1249, ""retrograde_outward"": 1}",99.92,0.0,0.0,0.0,0.0,0.08,7.547184905645283e-05,2.6280812510215413e-08,[],[]
replan_80,replan_interval,260,80,recoverability,baseline,0,replan_80,1.02,170.0,10000.0,1.0,False,False,False,False,,,,,,False,,,False,0,,150000072336.8672,157230234270.02344,722.6926267480444,100000,False,True,max_steps,coast,"{""coast"": 100000}",0.01960784313725499,0.019607843110938175,0.9751049769494176,0.9741842566885089,0.9901475336140375,False,0,0.020250669165157918,0.009803921568627649,0.009803921542047667,0.010280457151176597,0.010280457151147332,0,100000,0.0,0,0,1250,11250,5.428167300000496,"{""coast"": 1250}","{""coast"": 1250}",100.0,0.0,0.0,0.0,0.0,0.0,0.0,0.0,[],[]
replan_80,replan_interval,260,80,recoverability,baseline,0,replan_80,1.0,150.0,12000.0,1.0,True,True,True,True,-39.80874820360246,-4852.3106761866475,-0.009462129762191896,-1.1533443108967762,-1244.0107421875,False,0.9340300045979194,0.03135376273812549,False,4,55,51.9462890625,217.6943359375,21.73237089833826,270,True,False,success,phase76_handoff,"{""phase76_handoff"": 55}",0.0,5.8064900861706823e-11,0.8660254037844387,1.000000000000005,1.0000000000000049,False,0,4.690833186853781e-07,0.0,5.8064900861706823e-11,0.13397459621556124,2.9032625308901102e-11,0,0,0.0,0,0,0,0,0.004844000002776738,{},{},0.0,0.0,0.0,0.0,0.0,0.0,0.0,0.0,[],[]
replan_80,replan_interval,260,80,recoverability,baseline,0,replan_80,0.98,175.0,10000.0,1.0,False,False,False,False,,,,,,False,,,False,0,,90893939790.61621,90893939790.61621,5914.885566433002,100000,False,True,max_steps,coast,"{""coast"": 99920, ""predictive_descent"": 80}",0.020408163265306287,2.1442684563858463,1.0063086091467979,1.091859339419201,1.7846786072968843,False,0,0.016293006389252834,0.010204081632653197,2.132825771821988,0.008798790486491197,2.0841160307306286,0,99920,0.0,0,0,1250,11250,4.832496200000605,"{""coast"": 1249, ""diagonal"": 1}","{""coast"": 1249, ""retrograde_outward"": 1}",99.92,0.0,0.0,0.0,0.0,0.08,7.547184905645283e-05,2.6273306944624154e-08,[],[]
replan_80,replan_interval,260,80,recoverability,baseline,0,replan_80,1.05,170.0,10000.0,1.0,False,False,False,False,,,,,,False,,,False,0,,375000071295.9951,382126342834.4971,712.322356722633,100000,False,True,max_steps,coast,"{""coast"": 100000}",0.047619047619047436,0.04761904759556496,0.9610739580048949,0.96020504601082,0.9759000641132609,False,0,0.04989661068161473,0.02380952380952366,0.023809523785454124,0.0029581412233598363,0.0029581412233603372,0,100000,0.0,0,0,1250,11250,5.470841700000165,"{""coast"": 1250}","{""coast"": 1250}",100.0,0.0,0.0,0.0,0.0,0.0,0.0,0.0,[],[]
replan_80,replan_interval,260,80,recoverability,baseline,0,replan_80,1.02,175.0,10000.0,1.0,False,False,False,False,,,,,,False,,,False,0,,150000036306.58496,153629779494.32227,362.892970562137,100000,False,True,max_steps,coast,"{""coast"": 100000}",0.019607843137254777,0.019607843130489785,0.9863797326419318,0.9859119408551551,0.9901475382774748,False,0,0.020010583894501086,0.009803921568627437,0.009803921561794795,0.0011632810242118924,0.0011632810241710215,0,100000,0.0,0,0,1250,11250,5.398690400001215,"{""coast"": 1250}","{""coast"": 1250}",100.0,0.0,0.0,0.0,0.0,0.0,0.0,0.0,[],[]
replan_80,replan_interval,260,80,recoverability,baseline,0,replan_80,1.0,165.0,12000.0,1.0,True,True,True,True,-49.89490215814327,-3804.1918098357014,-0.011859504757034702,-0.904217242924399,-3756.763671875,False,0.7376052005488627,0.020534347013872814,False,1,47,861.8408203125,1917.5859375,12.276941494087875,260,True,False,success,phase76_handoff,"{""phase76_handoff"": 47}",2.104654818683916e-16,5.113431463687706e-10,0.9659258262890681,1.0000000000000049,1.0000000000000049,False,0,4.53347220796274e-07,2.104654818683916e-16,5.113431463687706e-10,0.034074173710931875,2.556716006393791e-10,0,0,0.0,0,0,0,0,0.004456600003322819,{},{},0.0,0.0,0.0,0.0,0.0,0.0,0.0,0.0,[],[]
replan_80,replan_interval,260,80,recoverability,baseline,0,replan_80,0.98,150.0,12000.0,1.0,False,False,False,False,,,,,,False,,,False,0,,128658744900.4082,128658744900.4082,2142.844436095637,100000,False,True,max_steps,coast,"{""coast"": 99920, ""predictive_descent"": 80}",0.020408163265306076,1.0031231100494522,0.8748177652797064,1.3336046079177724,1.4296624484147902,False,0,0.01881072591155766,0.01020408163265299,1.0030918789489576,0.1383156030192956,2.317397661233097,0,99920,0.0,0,0,1250,11250,4.4467543000027945,"{""coast"": 1249, ""retrograde"": 1}","{""coast"": 1249, ""small_retrograde"": 1}",99.92,0.0,0.08,0.0,0.0,0.0,5.6000000000000006e-05,3.230267108023099e-10,[],[]
replan_80,replan_interval,260,80,recoverability,baseline,0,replan_80,1.05,175.0,10000.0,1.0,False,False,False,False,,,,,,False,,,False,0,,375000035784.1621,378577587344.44434,357.67867225170767,100000,False,True,max_steps,coast,"{""coast"": 100000}",0.04761904761904765,0.04761904761310705,0.9721864785386766,0.9717450222927188,0.975900068514023,False,0,0.04965997524592907,0.023809523809523878,0.023809523803434762,0.008570262013884953,0.008570262013890714,0,100000,0.0,0,0,1250,11250,5.437462099998811,"{""coast"": 1250}","{""coast"": 1250}",100.0,0.0,0.0,0.0,0.0,0.0,0.0,0.0,[],[]
replan_80,replan_interval,260,80,recoverability,baseline,0,replan_80,1.02,150.0,12000.0,1.0,False,False,False,False,,,,,,False,,,False,0,,150000208285.72754,170800192612.2871,2077.3209271602605,100000,False,True,max_steps,coast,"{""coast"": 100000}",0.01960784313725499,0.019607842920304434,0.8574929257125444,0.8551677653724149,0.9901475160180329,False,0,0.02115587788296759,0.009803921568627649,0.009803921349507588,0.12965524072353934,0.12965524072354653,0,100000,0.0,0,0,1250,11250,4.643291000000318,"{""coast"": 1250}","{""coast"": 1250}",100.0,0.0,0.0,0.0,0.0,0.0,0.0,0.0,[],[]
replan_80,replan_interval,260,80,recoverability,baseline,0,replan_80,1.0,170.0,12000.0,1.0,True,True,True,True,-59.11783526958399,-2644.140708489538,-0.014051701041181388,-0.628485034627588,-4974.4609375,False,0.5196500696147496,0.011302579212861713,False,1,19,567.279296875,2772.2412109375,6.334229874531584,231,True,False,success,phase76_handoff,"{""phase76_handoff"": 19}",2.104654818683916e-16,7.392509550470052e-10,0.984807753012208,1.000000000000005,1.0000000000000049,False,0,4.0389829571496205e-07,2.104654818683916e-16,7.392509550470052e-10,0.015192246987791962,3.696254979829826e-10,0,0,0.0,0,0,0,0,0.005895300000702264,{},{},0.0,0.0,0.0,0.0,0.0,0.0,0.0,0.0,[],[]
replan_80,replan_interval,260,80,recoverability,baseline,0,replan_80,1.05,150.0,12000.0,1.0,False,False,False,False,,,,,,False,,,False,0,,375000205288.6543,395502084920.6846,2047.6623324287825,100000,False,True,max_steps,coast,"{""coast"": 100000}",0.04761904761904765,0.04761904742580982,0.8451542547285167,0.842959682234363,0.9759000475083783,False,0,0.050788840590254396,0.023809523809523878,0.0238095236114551,0.12321610416249097,0.12321610416248382,0,100000,0.0,0,0,1250,11250,4.634678400001576,"{""coast"": 1250}","{""coast"": 1250}",100.0,0.0,0.0,0.0,0.0,0.0,0.0,0.0,[],[]
replan_80,replan_interval,260,80,recoverability,baseline,0,replan_80,0.98,165.0,12000.0,1.0,False,False,False,False,,,,,,False,,,False,0,,139008783888.27637,139008783888.27637,1098.3307887656276,100000,False,True,max_steps,coast,"{""coast"": 100000}",0.020408163265306076,0.020408163333968336,0.9757324312745989,0.9742755107728206,1.0101525294349747,False,0,0.019498493773499517,0.01020408163265299,0.010204081700628625,0.03891593766554585,0.03891593766559898,0,100000,0.0,0,0,1250,11250,4.689285699998436,"{""coast"": 1250}","{""coast"": 1250}",100.0,0.0,0.0,0.0,0.0,0.0,0.0,3.0037996268106323e-11,[],[]
replan_80,replan_interval,260,80,recoverability,baseline,0,replan_80,1.02,165.0,12000.0,1.0,False,False,False,False,,,,,,False,,,False,0,,150000107816.6211,160774022069.2666,1076.6726775479326,100000,False,True,max_steps,coast,"{""coast"": 100000}",0.019607843137254777,0.019607843078840295,0.956409083597835,0.9550640145853833,0.9901475290218554,False,0,0.02048701249227391,0.009803921568627437,0.009803921509628808,0.029256558656644043,0.029256558656642277,0,100000,0.0,0,0,1250,11250,4.519422199999099,"{""coast"": 1250}","{""coast"": 1250}",100.0,0.0,0.0,0.0,0.0,0.0,0.0,0.0,[],[]
replan_80,replan_interval,260,80,recoverability,baseline,0,replan_80,1.0,175.0,12000.0,1.0,True,True,True,True,-49.59440466036998,-3805.3841505526866,-0.011788079594339244,-0.9045006500420295,-4449.8916015625,False,0.7377462161401496,0.02054370229463622,False,1,25,509.548828125,2621.802734375,2.228509408401243,238,True,False,success,phase76_handoff,"{""phase76_handoff"": 25}",2.104654818683916e-16,6.99134129548071e-10,0.9961946980917454,1.0000000000000049,1.0000000000000049,False,0,4.161105787678352e-07,2.104654818683916e-16,6.99134129548071e-10,0.0038053019082545138,3.4956702192990726e-10,0,0,0.0,0,0,0,0,0.00397020000309567,{},{},0.0,0.0,0.0,0.0,0.0,0.0,0.0,0.0,[],[]
replan_80,replan_interval,260,80,recoverability,baseline,0,replan_80,1.05,165.0,12000.0,1.0,False,False,False,False,,,,,,False,,,False,0,,375000106265.22266,385619314241.02734,1061.2433008992634,100000,False,True,max_steps,coast,"{""coast"": 100000}",0.04761904761904765,0.04761904756701995,0.942647084338374,0.9413776639785437,0.9759000597797406,False,0,0.05012956102188568,0.023809523809523878,0.023809523756195484,0.022074635036229126,0.02207463503623276,0,100000,0.0,0,0,1250,11250,4.612872300000163,"{""coast"": 1250}","{""coast"": 1250}",100.0,0.0,0.0,0.0,0.0,0.0,0.0,0.0,[],[]
replan_80,replan_interval,260,80,recoverability,baseline,0,replan_80,0.98,170.0,12000.0,1.0,False,False,False,False,,,,,,False,,,False,0,,142623905708.91504,142623905708.91504,737.2506721456506,100000,False,True,max_steps,coast,"{""coast"": 100000}",0.020408163265306496,0.02040816329620283,0.9948060576000269,0.9938087305745711,1.0101525344096787,False,0,0.01973960043754916,0.010204081632653406,0.010204081663240775,0.020128657787653964,0.020128657787625553,0,100000,0.0,0,0,1250,11250,4.552635300002294,"{""coast"": 1250}","{""coast"": 1250}",100.0,0.0,0.0,0.0,0.0,0.0,0.0,4.5759920652699294e-11,[],[]
replan_80,replan_interval,260,80,recoverability,baseline,0,replan_80,1.02,170.0,12000.0,1.0,False,False,False,False,,,,,,False,,,False,0,,150000072336.8672,157230234270.02344,722.6926267480444,100000,False,True,max_steps,coast,"{""coast"": 100000}",0.01960784313725499,0.019607843110938175,0.9751049769494176,0.9741842566885089,0.9901475336140375,False,0,0.020250669165157918,0.009803921568627649,0.009803921542047667,0.010280457151176597,0.010280457151147332,0,100000,0.0,0,0,1250,11250,4.54852640000172,"{""coast"": 1250}","{""coast"": 1250}",100.0,0.0,0.0,0.0,0.0,0.0,0.0,0.0,[],[]
replan_150,replan_interval,260,150,recoverability,baseline,0,replan_150,1.0,150.0,8000.0,1.0,True,True,True,True,-38.530447607905636,-3195.2769906896274,-0.009158290866034995,-0.7594844569695679,-2413.50390625,False,0.6185775149366969,0.021872411989640565,False,1,128,1076.5029296875,2220.5693359375,28.016402607368157,349,True,False,success,phase76_handoff,"{""phase76_handoff"": 128}",0.0,5.921338994971445e-10,0.8660254037844387,1.0000000000000075,1.0000000000000073,False,0,5.993435436858285e-07,0.0,5.921338994971445e-10,0.13397459621556124,2.9606680816445473e-10,0,0,0.0,0,0,0,0,0.007099900001776405,{},{},0.0,0.0,0.0,0.0,0.0,0.0,0.0,0.0,[],[]
replan_80,replan_interval,260,80,recoverability,baseline,0,replan_80,1.05,170.0,12000.0,1.0,False,False,False,False,,,,,,False,,,False,0,,375000071295.9951,382126342834.4971,712.322356722633,100000,False,True,max_steps,coast,"{""coast"": 100000}",0.047619047619047436,0.04761904759556496,0.9610739580048949,0.96020504601082,0.9759000641132609,False,0,0.04989661068161473,0.02380952380952366,0.023809523785454124,0.0029581412233598363,0.0029581412233603372,0,100000,0.0,0,0,1250,11250,4.606589000002714,"{""coast"": 1250}","{""coast"": 1250}",100.0,0.0,0.0,0.0,0.0,0.0,0.0,0.0,[],[]
replan_80,replan_interval,260,80,recoverability,baseline,0,replan_80,0.98,175.0,12000.0,1.0,False,False,False,False,,,,,,False,,,False,0,,146296940927.1504,146296940927.1504,370.2136327112391,100000,False,True,max_steps,coast,"{""coast"": 100000}",0.020408163265306287,0.020408163273148018,1.0063086091467979,1.0058018735661556,1.010152539461574,False,0,0.019984529166611156,0.010204081632653197,0.010204081640416513,0.008798790486491197,0.00879879048648712,0,100000,0.0,0,0,1250,11250,4.545764000002237,"{""coast"": 1250}","{""coast"": 1250}",100.0,0.0,0.0,0.0,0.0,0.0,0.0,5.533745390806644e-11,[],[]
replan_150,replan_interval,260,150,recoverability,baseline,0,replan_150,0.98,150.0,8000.0,1.0,False,False,False,False,,,,,,False,,,False,0,,128781351434.66016,128781351434.66016,2118.9414439504335,100000,False,True,max_steps,coast,"{""coast"": 100000}",0.020408163265306076,0.02040816351982577,0.8748177652797064,0.8722995567197066,1.0101525153479516,False,0,0.01881617271839726,0.01020408163265299,0.010204081884627488,0.1383156030192956,0.13831560301929435,0,100000,0.0,0,0,667,6003,3.197949299999891,"{""coast"": 667}","{""coast"": 667}",100.0,0.0,0.0,0.0,0.0,0.0,0.0,6.000004133451604,[],[]
replan_150,replan_interval,260,150,recoverability,baseline,0,replan_150,1.0,165.0,8000.0,1.0,True,True,True,True,-75.5921283924204,-3183.1688515097776,-0.017967470973745035,-0.756606476895629,-6026.451171875,False,0.6268461474885241,0.02180655982767169,False,1,79,581.3896484375,5645.37109375,18.30163168160577,300,True,False,success,phase76_handoff,"{""phase76_handoff"": 79}",2.104654818683916e-16,1.5054145521914852e-09,0.9659258262890681,1.0000000000000075,1.0000000000000073,False,0,5.203974283719617e-07,2.104654818683916e-16,1.5054145521914852e-09,0.034074173710931875,7.527071491359193e-10,0,0,0.0,0,0,0,0,0.009119400001509348,{},{},0.0,0.0,0.0,0.0,0.0,0.0,0.0,0.0,[],[]
replan_80,replan_interval,260,80,recoverability,baseline,0,replan_80,1.02,175.0,12000.0,1.0,False,False,False,False,,,,,,False,,,False,0,,150000036306.58496,153629779494.32227,362.892970562137,100000,False,True,max_steps,coast,"{""coast"": 100000}",0.019607843137254777,0.019607843130489785,0.9863797326419318,0.9859119408551551,0.9901475382774748,False,0,0.020010583894501086,0.009803921568627437,0.009803921561794795,0.0011632810242118924,0.0011632810241710215,0,100000,0.0,0,0,1250,11250,4.6482829000015045,"{""coast"": 1250}","{""coast"": 1250}",100.0,0.0,0.0,0.0,0.0,0.0,0.0,0.0,[],[]
replan_150,replan_interval,260,150,recoverability,baseline,0,replan_150,1.02,150.0,8000.0,1.0,False,False,False,False,,,,,,False,,,False,0,,150000208285.72754,170800192612.2871,2077.3209271602605,100000,False,True,max_steps,coast,"{""coast"": 100000}",0.01960784313725499,0.019607842920304434,0.8574929257125444,0.8551677653724149,0.9901475160180329,False,0,0.02115587788296759,0.009803921568627649,0.009803921349507588,0.12965524072353934,0.12965524072354653,0,100000,0.0,0,0,667,6003,3.1196378999993613,"{""coast"": 667}","{""coast"": 667}",100.0,0.0,0.0,0.0,0.0,0.0,0.0,5.999994110767706,[],[]
replan_150,replan_interval,260,150,recoverability,baseline,0,replan_150,1.05,150.0,8000.0,1.0,False,False,False,False,,,,,,False,,,False,0,,375000205288.6543,395502084920.6846,2047.6623324287825,100000,False,True,max_steps,coast,"{""coast"": 100000}",0.04761904761904765,0.04761904742580982,0.8451542547285167,0.842959682234363,0.9759000475083783,False,0,0.050788840590254396,0.023809523809523878,0.0238095236114551,0.12321610416249097,0.12321610416248382,0,100000,0.0,0,0,667,6003,3.1830527000020084,"{""coast"": 667}","{""coast"": 667}",100.0,0.0,0.0,0.0,0.0,0.0,0.0,5.999994043991527,[],[]
replan_150,replan_interval,260,150,recoverability,baseline,0,replan_150,1.0,170.0,8000.0,1.0,True,True,True,True,-69.01423483018289,-4727.470714164705,-0.01640397336941329,-1.1236711366960404,-2623.1083984375,False,0.9186216777498761,0.04348345057112868,False,1,42,1709.513671875,2275.509765625,11.434367729151932,266,True,False,success,phase76_handoff,"{""phase76_handoff"": 42}",2.104654818683916e-16,6.067846121554851e-10,0.984807753012208,1.0000000000000073,1.0000000000000073,False,0,4.632949875670622e-07,2.104654818683916e-16,6.067846121554851e-10,0.015192246987791962,3.0339234160109173e-10,0,0,0.0,0,0,0,0,0.006336099999316502,{},{},0.0,0.0,0.0,0.0,0.0,0.0,0.0,0.0,[],[]
replan_150,replan_interval,260,150,recoverability,baseline,0,replan_150,0.98,165.0,8000.0,1.0,False,False,False,False,,,,,,False,,,False,0,,138739070182.28516,138739070182.28516,1150.9720368738688,100000,False,True,max_steps,coast,"{""coast"": 99850, ""predictive_descent"": 150}",0.020408163265306076,2.2303229033228313,0.9757324312745989,1.7868980060484274,1.8086278356907237,False,0,0.019486521771739256,0.01020408163265299,2.218019674289603,0.03891593766554585,2.7627684367027574,0,99850,0.0,0,0,667,6003,3.09702119999929,"{""coast"": 666, ""retrograde"": 1}","{""coast"": 666, ""small_retrograde"": 1}",99.85007496251875,0.0,0.14992503748125938,0.0,0.0,0.0,0.00010494752623688157,6.851946260086484e-10,[],[]
replan_80,replan_interval,260,80,recoverability,baseline,0,replan_80,1.05,175.0,12000.0,1.0,False,False,False,False,,,,,,False,,,False,0,,375000035784.1621,378577587344.44434,357.67867225170767,100000,False,True,max_steps,coast,"{""coast"": 100000}",0.04761904761904765,0.04761904761310705,0.9721864785386766,0.9717450222927188,0.975900068514023,False,0,0.04965997524592907,0.023809523809523878,0.023809523803434762,0.008570262013884953,0.008570262013890714,0,100000,0.0,0,0,1250,11250,4.632851700000174,"{""coast"": 1250}","{""coast"": 1250}",100.0,0.0,0.0,0.0,0.0,0.0,0.0,0.0,[],[]
replan_150,replan_interval,260,150,recoverability,baseline,0,replan_150,1.02,165.0,8000.0,1.0,False,False,False,False,,,,,,False,,,False,0,,150000107816.6211,160774022069.2666,1076.6726775479326,100000,False,True,max_steps,coast,"{""coast"": 100000}",0.019607843137254777,0.019607843078840295,0.956409083597835,0.9550640145853833,0.9901475290218554,False,0,0.02048701249227391,0.009803921568627437,0.009803921509628808,0.029256558656644043,0.029256558656642277,0,100000,0.0,0,0,667,6003,3.390470700000151,"{""coast"": 667}","{""coast"": 667}",100.0,0.0,0.0,0.0,0.0,0.0,0.0,0.0,[],[]
replan_150,replan_interval,260,150,recoverability,baseline,0,replan_150,1.0,175.0,8000.0,1.0,True,True,True,True,-31.058008674702325,-3664.12991433049,-0.0073821690331051645,-0.8709259717889519,-762.443359375,False,0.7055993803725469,0.02761116937756757,False,1,8,596.3916015625,607.4658203125,3.3645032623345292,230,True,False,success,phase76_handoff,"{""phase76_handoff"": 8}",2.104654818683916e-16,1.6197255112205923e-10,0.9961946980917454,1.0000000000000075,1.0000000000000075,False,0,4.020464845759737e-07,2.104654818683916e-16,1.6197255112205923e-10,0.0038053019082545138,8.098627137007804e-11,0,0,0.0,0,0,0,0,0.003337399997690227,{},{},0.0,0.0,0.0,0.0,0.0,0.0,0.0,0.0,[],[]
replan_150,replan_interval,260,150,recoverability,baseline,0,replan_150,1.05,165.0,8000.0,1.0,False,False,False,False,,,,,,False,,,False,0,,375000106265.22266,385619314241.02734,1061.2433008992634,100000,False,True,max_steps,coast,"{""coast"": 100000}",0.04761904761904765,0.04761904756701995,0.942647084338374,0.9413776639785437,0.9759000597797406,False,0,0.05012956102188568,0.023809523809523878,0.023809523756195484,0.022074635036229126,0.02207463503623276,0,100000,0.0,0,0,667,6003,3.3539593999994395,"{""coast"": 667}","{""coast"": 667}",100.0,0.0,0.0,0.0,0.0,0.0,0.0,0.0,[],[]
replan_150,replan_interval,260,150,recoverability,baseline,0,replan_150,0.98,170.0,8000.0,1.0,False,False,False,False,,,,,,False,,,False,0,,142623905708.91504,142623905708.91504,737.2506721456506,100000,False,True,max_steps,coast,"{""coast"": 100000}",0.020408163265306496,0.02040816329620283,0.9948060576000269,0.9938087305745711,1.0101525344096787,False,0,0.01973960043754916,0.010204081632653406,0.010204081663240775,0.020128657787653964,0.020128657787625553,0,100000,0.0,0,0,667,6003,3.3814779999993334,"{""coast"": 667}","{""coast"": 667}",100.0,0.0,0.0,0.0,0.0,0.0,0.0,6.6919207140487624e-12,[],[]
replan_150,replan_interval,260,150,recoverability,baseline,0,replan_150,1.02,170.0,8000.0,1.0,False,False,False,False,,,,,,False,,,False,0,,150000072336.8672,157230234270.02344,722.6926267480444,100000,False,True,max_steps,coast,"{""coast"": 100000}",0.01960784313725499,0.019607843110938175,0.9751049769494176,0.9741842566885089,0.9901475336140375,False,0,0.020250669165157918,0.009803921568627649,0.009803921542047667,0.010280457151176597,0.010280457151147332,0,100000,0.0,0,0,667,6003,3.3640754999978526,"{""coast"": 667}","{""coast"": 667}",100.0,0.0,0.0,0.0,0.0,0.0,0.0,0.0,[],[]
replan_150,replan_interval,260,150,recoverability,baseline,0,replan_150,1.0,150.0,10000.0,1.0,True,True,True,True,-56.806558896857226,-3462.776521423222,-0.013502334433540864,-0.823066342493355,-3817.8857421875,False,0.6746558758239845,0.02052503083453011,False,1,1711,693.05859375,2453.6474609375,78.06700913583241,1927,True,False,success,phase76_handoff,"{""phase76_handoff"": 1711}",0.0,6.542913016537822e-10,0.8660254037844387,1.000000000000006,1.0000000000000058,False,0,2.9618460471386597e-06,0.0,6.542913016537822e-10,0.13397459621556124,3.271454664854056e-10,0,0,0.0,0,0,0,0,0.0712667000007059,{},{},0.0,0.0,0.0,0.0,0.0,0.0,0.0,0.0,[],[]
replan_150,replan_interval,260,150,recoverability,baseline,0,replan_150,0.98,175.0,8000.0,1.0,False,False,False,False,,,,,,False,,,False,0,,146296940927.1504,146296940927.1504,370.2136327112391,100000,False,True,max_steps,coast,"{""coast"": 100000}",0.020408163265306287,0.020408163273148018,1.0063086091467979,1.0058018735661556,1.010152539461574,False,0,0.019984529166611156,0.010204081632653197,0.010204081640416513,0.008798790486491197,0.00879879048648712,0,100000,0.0,0,0,667,6003,3.3946600000017497,"{""coast"": 667}","{""coast"": 667}",100.0,0.0,0.0,0.0,0.0,0.0,0.0,1.675300344893383e-11,[],[]
replan_150,replan_interval,260,150,recoverability,baseline,0,replan_150,1.05,170.0,8000.0,1.0,False,False,False,False,,,,,,False,,,False,0,,375000071295.9951,382126342834.4971,712.322356722633,100000,False,True,max_steps,coast,"{""coast"": 100000}",0.047619047619047436,0.04761904759556496,0.9610739580048949,0.96020504601082,0.9759000641132609,False,0,0.04989661068161473,0.02380952380952366,0.023809523785454124,0.0029581412233598363,0.0029581412233603372,0,100000,0.0,0,0,667,6003,3.4445492000013473,"{""coast"": 667}","{""coast"": 667}",100.0,0.0,0.0,0.0,0.0,0.0,0.0,0.0,[],[]
replan_150,replan_interval,260,150,recoverability,baseline,0,replan_150,1.02,175.0,8000.0,1.0,False,False,False,False,,,,,,False,,,False,0,,150000036306.58496,153629779494.32227,362.892970562137,100000,False,True,max_steps,coast,"{""coast"": 100000}",0.019607843137254777,0.019607843130489785,0.9863797326419318,0.9859119408551551,0.9901475382774748,False,0,0.020010583894501086,0.009803921568627437,0.009803921561794795,0.0011632810242118924,0.0011632810241710215,0,100000,0.0,0,0,667,6003,3.4460929999986547,"{""coast"": 667}","{""coast"": 667}",100.0,0.0,0.0,0.0,0.0,0.0,0.0,0.0,[],[]
replan_150,replan_interval,260,150,recoverability,baseline,0,replan_150,1.0,165.0,10000.0,1.0,True,True,True,True,-44.60852682385054,-3025.2685757801814,-0.010602987744017904,-0.7190752063618795,-2523.248046875,False,0.5879837507187582,0.01630347108872191,False,1,41,1109.8916015625,1452.48828125,20.02351591027418,257,True,False,success,phase76_handoff,"{""phase76_handoff"": 41}",2.104654818683916e-16,3.8731520650728185e-10,0.9659258262890681,1.000000000000006,1.000000000000006,False,0,4.4768223066228917e-07,2.104654818683916e-16,3.8731520650728185e-10,0.034074173710931875,1.9365753166188975e-10,0,0,0.0,0,0,0,0,0.004379900001367787,{},{},0.0,0.0,0.0,0.0,0.0,0.0,0.0,0.0,[],[]
replan_150,replan_interval,260,150,recoverability,baseline,0,replan_150,0.98,150.0,10000.0,1.0,False,False,False,False,,,,,,False,,,False,0,,128781351434.66016,128781351434.66016,2118.9414439504335,100000,False,True,max_steps,coast,"{""coast"": 100000}",0.020408163265306076,0.02040816351982577,0.8748177652797064,0.8722995567197066,1.0101525153479516,False,0,0.01881617271839726,0.01020408163265299,0.010204081884627488,0.1383156030192956,0.13831560301929435,0,100000,0.0,0,0,667,6003,2.94973889999892,"{""coast"": 667}","{""coast"": 667}",100.0,0.0,0.0,0.0,0.0,0.0,0.0,6.000006161653679,[],[]
replan_150,replan_interval,260,150,recoverability,baseline,0,replan_150,1.05,175.0,8000.0,1.0,False,False,False,False,,,,,,False,,,False,0,,375000035784.1621,378577587344.44434,357.67867225170767,100000,False,True,max_steps,coast,"{""coast"": 100000}",0.04761904761904765,0.04761904761310705,0.9721864785386766,0.9717450222927188,0.975900068514023,False,0,0.04965997524592907,0.023809523809523878,0.023809523803434762,0.008570262013884953,0.008570262013890714,0,100000,0.0,0,0,667,6003,3.4909090000001015,"{""coast"": 667}","{""coast"": 667}",100.0,0.0,0.0,0.0,0.0,0.0,0.0,0.0,[],[]
replan_150,replan_interval,260,150,recoverability,baseline,0,replan_150,1.05,150.0,10000.0,1.0,False,False,False,False,,,,,,False,,,False,0,,375000205288.6543,395502084920.6846,2047.6623324287825,100000,False,True,max_steps,coast,"{""coast"": 100000}",0.04761904761904765,0.04761904742580982,0.8451542547285167,0.842959682234363,0.9759000475083783,False,0,0.050788840590254396,0.023809523809523878,0.0238095236114551,0.12321610416249097,0.12321610416248382,0,100000,0.0,0,0,667,6003,2.967189700000745,"{""coast"": 667}","{""coast"": 667}",100.0,0.0,0.0,0.0,0.0,0.0,0.0,5.999995249375008,[],[]
replan_150,replan_interval,260,150,recoverability,baseline,0,replan_150,1.0,170.0,10000.0,1.0,True,True,True,True,-14.98621570953258,-4062.7001351939803,-0.0035620692457484443,-0.9656620114621247,-1402.0849609375,False,0.7768040924515426,0.02687945836559521,False,1,26,96.537109375,1044.1005859375,8.944379745003824,243,True,False,success,phase76_handoff,"{""phase76_handoff"": 26}",2.104654818683916e-16,2.7841236850026503e-10,0.984807753012208,1.0000000000000058,1.0000000000000058,False,0,4.240856750450103e-07,2.104654818683916e-16,2.7841236850026503e-10,0.015192246987791962,1.3920605199046318e-10,0,0,0.0,0,0,0,0,0.004020399999717483,{},{},0.0,0.0,0.0,0.0,0.0,0.0,0.0,0.0,[],[]
replan_150,replan_interval,260,150,recoverability,baseline,0,replan_150,1.02,150.0,10000.0,1.0,False,False,False,False,,,,,,False,,,False,0,,150000208285.72754,170800192612.2871,2077.3209271602605,100000,False,True,max_steps,coast,"{""coast"": 100000}",0.01960784313725499,0.019607842920304434,0.8574929257125444,0.8551677653724149,0.9901475160180329,False,0,0.02115587788296759,0.009803921568627649,0.009803921349507588,0.12965524072353934,0.12965524072354653,0,100000,0.0,0,0,667,6003,3.006192299999384,"{""coast"": 667}","{""coast"": 667}",100.0,0.0,0.0,0.0,0.0,0.0,0.0,5.99999530263701,[],[]
replan_150,replan_interval,260,150,recoverability,baseline,0,replan_150,0.98,165.0,10000.0,1.0,False,False,False,False,,,,,,False,,,False,0,,139008783888.27637,139008783888.27637,1098.3307887656276,100000,False,True,max_steps,coast,"{""coast"": 100000}",0.020408163265306076,0.020408163333968336,0.9757324312745989,0.9742755107728206,1.0101525294349747,False,0,0.019498493773499517,0.01020408163265299,0.010204081700628625,0.03891593766554585,0.03891593766559898,0,100000,0.0,0,0,667,6003,2.9912987999996403,"{""coast"": 667}","{""coast"": 667}",100.0,0.0,0.0,0.0,0.0,0.0,0.0,5.999999469461235,[],[]
replan_150,replan_interval,260,150,recoverability,baseline,0,replan_150,1.02,165.0,10000.0,1.0,False,False,False,False,,,,,,False,,,False,0,,150000107816.6211,160774022069.2666,1076.6726775479326,100000,False,True,max_steps,coast,"{""coast"": 100000}",0.019607843137254777,0.019607843078840295,0.956409083597835,0.9550640145853833,0.9901475290218554,False,0,0.02048701249227391,0.009803921568627437,0.009803921509628808,0.029256558656644043,0.029256558656642277,0,100000,0.0,0,0,667,6003,3.0228777999982412,"{""coast"": 667}","{""coast"": 667}",100.0,0.0,0.0,0.0,0.0,0.0,0.0,5.9999953468996585,[],[]
replan_150,replan_interval,260,150,recoverability,baseline,0,replan_150,1.0,175.0,10000.0,1.0,True,True,True,True,-79.19029577566481,-3603.0741488999756,-0.01882271833073839,-0.8564136446924371,-4727.6806640625,False,0.7077181783811932,0.021957297513013917,False,1,7,2218.6337890625,2824.8642578125,3.50178163891905,224,True,False,success,phase76_handoff,"{""phase76_handoff"": 7}",2.104654818683916e-16,7.532826887231708e-10,0.9961946980917454,1.0000000000000058,1.0000000000000058,False,0,3.9194432095307846e-07,2.104654818683916e-16,7.532826887231708e-10,0.0038053019082545138,3.766413375752306e-10,0,0,0.0,0,0,0,0,0.003297499999462161,{},{},0.0,0.0,0.0,0.0,0.0,0.0,0.0,0.0,[],[]
replan_150,replan_interval,260,150,recoverability,baseline,0,replan_150,1.05,165.0,10000.0,1.0,False,False,False,False,,,,,,False,,,False,0,,375000106265.22266,385619314241.02734,1061.2433008992634,100000,False,True,max_steps,coast,"{""coast"": 100000}",0.04761904761904765,0.04761904756701995,0.942647084338374,0.9413776639785437,0.9759000597797406,False,0,0.05012956102188568,0.023809523809523878,0.023809523756195484,0.022074635036229126,0.02207463503623276,0,100000,0.0,0,0,667,6003,3.0363925999990897,"{""coast"": 667}","{""coast"": 667}",100.0,0.0,0.0,0.0,0.0,0.0,0.0,5.999995322971487,[],[]
replan_150,replan_interval,260,150,recoverability,baseline,0,replan_150,0.98,170.0,10000.0,1.0,False,False,False,False,,,,,,False,,,False,0,,142623905708.91504,142623905708.91504,737.2506721456506,100000,False,True,max_steps,coast,"{""coast"": 100000}",0.020408163265306496,0.02040816329620283,0.9948060576000269,0.9938087305745711,1.0101525344096787,False,0,0.01973960043754916,0.010204081632653406,0.010204081663240775,0.020128657787653964,0.020128657787625553,0,100000,0.0,0,0,667,6003,2.9757037999988825,"{""coast"": 667}","{""coast"": 667}",100.0,0.0,0.0,0.0,0.0,0.0,0.0,5.999997216807692,[],[]
replan_150,replan_interval,260,150,recoverability,baseline,0,replan_150,1.05,170.0,10000.0,1.0,False,False,False,False,,,,,,False,,,False,0,,375000071295.9951,382126342834.4971,712.322356722633,100000,False,True,max_steps,coast,"{""coast"": 100000}",0.047619047619047436,0.04761904759556496,0.9610739580048949,0.96020504601082,0.9759000641132609,False,0,0.04989661068161473,0.02380952380952366,0.023809523785454124,0.0029581412233598363,0.0029581412233603372,0,100000,0.0,0,0,667,6003,3.016738999998779,"{""coast"": 667}","{""coast"": 667}",100.0,0.0,0.0,0.0,0.0,0.0,0.0,5.999995357293193,[],[]
replan_150,replan_interval,260,150,recoverability,baseline,0,replan_150,1.0,150.0,12000.0,1.0,True,True,True,True,-39.80874820360246,-4852.3106761866475,-0.009462129762191896,-1.1533443108967762,-1244.0107421875,False,0.9340300045979194,0.03135376273812549,False,4,55,51.9462890625,217.6943359375,21.73237089833826,270,True,False,success,phase76_handoff,"{""phase76_handoff"": 55}",0.0,5.8064900861706823e-11,0.8660254037844387,1.000000000000005,1.0000000000000049,False,0,4.690833186853781e-07,0.0,5.8064900861706823e-11,0.13397459621556124,2.9032625308901102e-11,0,0,0.0,0,0,0,0,0.0050115000012738165,{},{},0.0,0.0,0.0,0.0,0.0,0.0,0.0,0.0,[],[]
replan_150,replan_interval,260,150,recoverability,baseline,0,replan_150,0.98,175.0,10000.0,1.0,False,False,False,False,,,,,,False,,,False,0,,146296940927.1504,146296940927.1504,370.2136327112391,100000,False,True,max_steps,coast,"{""coast"": 100000}",0.020408163265306287,0.020408163273148018,1.0063086091467979,1.0058018735661556,1.010152539461574,False,0,0.019984529166611156,0.010204081632653197,0.010204081640416513,0.008798790486491197,0.00879879048648712,0,100000,0.0,0,0,667,6003,3.0090880999996443,"{""coast"": 667}","{""coast"": 667}",100.0,0.0,0.0,0.0,0.0,0.0,0.0,5.999995145192804,[],[]
replan_150,replan_interval,260,150,recoverability,baseline,0,replan_150,1.02,170.0,10000.0,1.0,False,False,False,False,,,,,,False,,,False,0,,150000072336.8672,157230234270.02344,722.6926267480444,100000,False,True,max_steps,coast,"{""coast"": 100000}",0.01960784313725499,0.019607843110938175,0.9751049769494176,0.9741842566885089,0.9901475336140375,False,0,0.020250669165157918,0.009803921568627649,0.009803921542047667,0.010280457151176597,0.010280457151147332,0,100000,0.0,0,0,667,6003,3.0556964999996126,"{""coast"": 667}","{""coast"": 667}",100.0,0.0,0.0,0.0,0.0,0.0,0.0,5.999995372530616,[],[]
replan_150,replan_interval,260,150,recoverability,baseline,0,replan_150,1.02,175.0,10000.0,1.0,False,False,False,False,,,,,,False,,,False,0,,150000036306.58496,153629779494.32227,362.892970562137,100000,False,True,max_steps,coast,"{""coast"": 100000}",0.019607843137254777,0.019607843130489785,0.9863797326419318,0.9859119408551551,0.9901475382774748,False,0,0.020010583894501086,0.009803921568627437,0.009803921561794795,0.0011632810242118924,0.0011632810241710215,0,100000,0.0,0,0,667,6003,2.929942900002061,"{""coast"": 667}","{""coast"": 667}",100.0,0.0,0.0,0.0,0.0,0.0,0.0,5.999995413763462,[],[]
replan_150,replan_interval,260,150,recoverability,baseline,0,replan_150,1.0,165.0,12000.0,1.0,True,True,True,True,-49.89490215814327,-3804.1918098357014,-0.011859504757034702,-0.904217242924399,-3756.763671875,False,0.7376052005488627,0.020534347013872814,False,1,47,861.8408203125,1917.5859375,12.276941494087875,260,True,False,success,phase76_handoff,"{""phase76_handoff"": 47}",2.104654818683916e-16,5.113431463687706e-10,0.9659258262890681,1.0000000000000049,1.0000000000000049,False,0,4.53347220796274e-07,2.104654818683916e-16,5.113431463687706e-10,0.034074173710931875,2.556716006393791e-10,0,0,0.0,0,0,0,0,0.0045243999993545,{},{},0.0,0.0,0.0,0.0,0.0,0.0,0.0,0.0,[],[]
replan_150,replan_interval,260,150,recoverability,baseline,0,replan_150,1.05,175.0,10000.0,1.0,False,False,False,False,,,,,,False,,,False,0,,375000035784.1621,378577587344.44434,357.67867225170767,100000,False,True,max_steps,coast,"{""coast"": 100000}",0.04761904761904765,0.04761904761310705,0.9721864785386766,0.9717450222927188,0.975900068514023,False,0,0.04965997524592907,0.023809523809523878,0.023809523803434762,0.008570262013884953,0.008570262013890714,0,100000,0.0,0,0,667,6003,2.9475727999997616,"{""coast"": 667}","{""coast"": 667}",100.0,0.0,0.0,0.0,0.0,0.0,0.0,5.99999522031384,[],[]
replan_150,replan_interval,260,150,recoverability,baseline,0,replan_150,0.98,150.0,12000.0,1.0,False,False,False,False,,,,,,False,,,False,0,,128781351434.66016,128781351434.66016,2118.9414439504335,100000,False,True,max_steps,coast,"{""coast"": 100000}",0.020408163265306076,0.02040816351982577,0.8748177652797064,0.8722995567197066,1.0101525153479516,False,0,0.01881617271839726,0.01020408163265299,0.010204081884627488,0.1383156030192956,0.13831560301929435,0,100000,0.0,0,0,667,6003,2.7894513000028383,"{""coast"": 667}","{""coast"": 667}",100.0,0.0,0.0,0.0,0.0,0.0,0.0,6.000007638061011,[],[]
replan_150,replan_interval,260,150,recoverability,baseline,0,replan_150,1.02,150.0,12000.0,1.0,False,False,False,False,,,,,,False,,,False,0,,150000208285.72754,170800192612.2871,2077.3209271602605,100000,False,True,max_steps,coast,"{""coast"": 100000}",0.01960784313725499,0.019607842920304434,0.8574929257125444,0.8551677653724149,0.9901475160180329,False,0,0.02115587788296759,0.009803921568627649,0.009803921349507588,0.12965524072353934,0.12965524072354653,0,100000,0.0,0,0,667,6003,2.785229699999036,"{""coast"": 667}","{""coast"": 667}",100.0,0.0,0.0,0.0,0.0,0.0,0.0,5.999996032479752,[],[]
replan_150,replan_interval,260,150,recoverability,baseline,0,replan_150,1.0,170.0,12000.0,1.0,True,True,True,True,-59.11783526958399,-2644.140708489538,-0.014051701041181388,-0.628485034627588,-4974.4609375,False,0.5196500696147496,0.011302579212861713,False,1,19,567.279296875,2772.2412109375,6.334229874531584,231,True,False,success,phase76_handoff,"{""phase76_handoff"": 19}",2.104654818683916e-16,7.392509550470052e-10,0.984807753012208,1.000000000000005,1.0000000000000049,False,0,4.0389829571496205e-07,2.104654818683916e-16,7.392509550470052e-10,0.015192246987791962,3.696254979829826e-10,0,0,0.0,0,0,0,0,0.006110300000727875,{},{},0.0,0.0,0.0,0.0,0.0,0.0,0.0,0.0,[],[]
replan_150,replan_interval,260,150,recoverability,baseline,0,replan_150,1.05,150.0,12000.0,1.0,False,False,False,False,,,,,,False,,,False,0,,375000205288.6543,395502084920.6846,2047.6623324287825,100000,False,True,max_steps,coast,"{""coast"": 100000}",0.04761904761904765,0.04761904742580982,0.8451542547285167,0.842959682234363,0.9759000475083783,False,0,0.050788840590254396,0.023809523809523878,0.0238095236114551,0.12321610416249097,0.12321610416248382,0,100000,0.0,0,0,667,6003,2.801075800001854,"{""coast"": 667}","{""coast"": 667}",100.0,0.0,0.0,0.0,0.0,0.0,0.0,5.99999598796223,[],[]
replan_150,replan_interval,260,150,recoverability,baseline,0,replan_150,0.98,165.0,12000.0,1.0,False,False,False,False,,,,,,False,,,False,0,,139008783888.27637,139008783888.27637,1098.3307887656276,100000,False,True,max_steps,coast,"{""coast"": 100000}",0.020408163265306076,0.020408163333968336,0.9757324312745989,0.9742755107728206,1.0101525294349747,False,0,0.019498493773499517,0.01020408163265299,0.010204081700628625,0.03891593766554585,0.03891593766559898,0,100000,0.0,0,0,667,6003,2.8355962999994517,"{""coast"": 667}","{""coast"": 667}",100.0,0.0,0.0,0.0,0.0,0.0,0.0,6.000000786402951,[],[]
replan_150,replan_interval,260,150,recoverability,baseline,0,replan_150,1.02,165.0,12000.0,1.0,False,False,False,False,,,,,,False,,,False,0,,150000107816.6211,160774022069.2666,1076.6726775479326,100000,False,True,max_steps,coast,"{""coast"": 100000}",0.019607843137254777,0.019607843078840295,0.956409083597835,0.9550640145853833,0.9901475290218554,False,0,0.02048701249227391,0.009803921568627437,0.009803921509628808,0.029256558656644043,0.029256558656642277,0,100000,0.0,0,0,667,6003,2.8224535000008473,"{""coast"": 667}","{""coast"": 667}",100.0,0.0,0.0,0.0,0.0,0.0,0.0,5.999995978443178,[],[]
replan_150,replan_interval,260,150,recoverability,baseline,0,replan_150,1.0,175.0,12000.0,1.0,True,True,True,True,-49.59440466036998,-3805.3841505526866,-0.011788079594339244,-0.9045006500420295,-4449.8916015625,False,0.7377462161401496,0.02054370229463622,False,1,25,509.548828125,2621.802734375,2.228509408401243,238,True,False,success,phase76_handoff,"{""phase76_handoff"": 25}",2.104654818683916e-16,6.99134129548071e-10,0.9961946980917454,1.0000000000000049,1.0000000000000049,False,0,4.161105787678352e-07,2.104654818683916e-16,6.99134129548071e-10,0.0038053019082545138,3.4956702192990726e-10,0,0,0.0,0,0,0,0,0.004382799997983966,{},{},0.0,0.0,0.0,0.0,0.0,0.0,0.0,0.0,[],[]
replan_150,replan_interval,260,150,recoverability,baseline,0,replan_150,0.98,170.0,12000.0,1.0,False,False,False,False,,,,,,False,,,False,0,,142623905708.91504,142623905708.91504,737.2506721456506,100000,False,True,max_steps,coast,"{""coast"": 100000}",0.020408163265306496,0.02040816329620283,0.9948060576000269,0.9938087305745711,1.0101525344096787,False,0,0.01973960043754916,0.010204081632653406,0.010204081663240775,0.020128657787653964,0.020128657787625553,0,100000,0.0,0,0,667,6003,2.7839578999992227,"{""coast"": 667}","{""coast"": 667}",100.0,0.0,0.0,0.0,0.0,0.0,0.0,5.99999857767845,[],[]
replan_150,replan_interval,260,150,recoverability,baseline,0,replan_150,1.05,165.0,12000.0,1.0,False,False,False,False,,,,,,False,,,False,0,,375000106265.22266,385619314241.02734,1061.2433008992634,100000,False,True,max_steps,coast,"{""coast"": 100000}",0.04761904761904765,0.04761904756701995,0.942647084338374,0.9413776639785437,0.9759000597797406,False,0,0.05012956102188568,0.023809523809523878,0.023809523756195484,0.022074635036229126,0.02207463503623276,0,100000,0.0,0,0,667,6003,2.8112153000001854,"{""coast"": 667}","{""coast"": 667}",100.0,0.0,0.0,0.0,0.0,0.0,0.0,5.999995958227994,[],[]
replan_150,replan_interval,260,150,recoverability,baseline,0,replan_150,1.05,170.0,12000.0,1.0,False,False,False,False,,,,,,False,,,False,0,,375000071295.9951,382126342834.4971,712.322356722633,100000,False,True,max_steps,coast,"{""coast"": 100000}",0.047619047619047436,0.04761904759556496,0.9610739580048949,0.96020504601082,0.9759000641132609,False,0,0.04989661068161473,0.02380952380952366,0.023809523785454124,0.0029581412233598363,0.0029581412233603372,0,100000,0.0,0,0,667,6003,2.7898198000002594,"{""coast"": 667}","{""coast"": 667}",100.0,0.0,0.0,0.0,0.0,0.0,0.0,5.9999960830292025,[],[]
replan_150,replan_interval,260,150,recoverability,baseline,0,replan_150,1.02,170.0,12000.0,1.0,False,False,False,False,,,,,,False,,,False,0,,150000072336.8672,157230234270.02344,722.6926267480444,100000,False,True,max_steps,coast,"{""coast"": 100000}",0.01960784313725499,0.019607843110938175,0.9751049769494176,0.9741842566885089,0.9901475336140375,False,0,0.020250669165157918,0.009803921568627649,0.009803921542047667,0.010280457151176597,0.010280457151147332,0,100000,0.0,0,0,667,6003,2.811670299997786,"{""coast"": 667}","{""coast"": 667}",100.0,0.0,0.0,0.0,0.0,0.0,0.0,5.999996095773232,[],[]
score_crossing_only,score,260,40,crossing_only,baseline,0,score_crossing_only,1.0,150.0,8000.0,1.0,True,True,True,True,-38.530447607905636,-3195.2769906896274,-0.009158290866034995,-0.7594844569695679,-2413.50390625,False,0.6185775149366969,0.021872411989640565,False,1,128,1076.5029296875,2220.5693359375,28.016402607368157,349,True,False,success,phase76_handoff,"{""phase76_handoff"": 128}",0.0,5.921338994971445e-10,0.8660254037844387,1.0000000000000075,1.0000000000000073,False,0,5.993435436858285e-07,0.0,5.921338994971445e-10,0.13397459621556124,2.9606680816445473e-10,0,0,0.0,0,0,0,0,0.009648900002503069,{},{},0.0,0.0,0.0,0.0,0.0,0.0,0.0,0.0,[],[]
replan_150,replan_interval,260,150,recoverability,baseline,0,replan_150,0.98,175.0,12000.0,1.0,False,False,False,False,,,,,,False,,,False,0,,146296940927.1504,146296940927.1504,370.2136327112391,100000,False,True,max_steps,coast,"{""coast"": 100000}",0.020408163265306287,0.020408163273148018,1.0063086091467979,1.0058018735661556,1.010152539461574,False,0,0.019984529166611156,0.010204081632653197,0.010204081640416513,0.008798790486491197,0.00879879048648712,0,100000,0.0,0,0,667,6003,2.8287936999986414,"{""coast"": 667}","{""coast"": 667}",100.0,0.0,0.0,0.0,0.0,0.0,0.0,5.999996369305973,[],[]
replan_150,replan_interval,260,150,recoverability,baseline,0,replan_150,1.02,175.0,12000.0,1.0,False,False,False,False,,,,,,False,,,False,0,,150000036306.58496,153629779494.32227,362.892970562137,100000,False,True,max_steps,coast,"{""coast"": 100000}",0.019607843137254777,0.019607843130489785,0.9863797326419318,0.9859119408551551,0.9901475382774748,False,0,0.020010583894501086,0.009803921568627437,0.009803921561794795,0.0011632810242118924,0.0011632810241710215,0,100000,0.0,0,0,667,6003,2.7791245999978855,"{""coast"": 667}","{""coast"": 667}",100.0,0.0,0.0,0.0,0.0,0.0,0.0,5.99999603808255,[],[]
score_crossing_only,score,260,40,crossing_only,baseline,0,score_crossing_only,1.0,165.0,8000.0,1.0,True,True,True,True,-75.5921283924204,-3183.1688515097776,-0.017967470973745035,-0.756606476895629,-6026.451171875,False,0.6268461474885241,0.02180655982767169,False,1,79,581.3896484375,5645.37109375,18.30163168160577,300,True,False,success,phase76_handoff,"{""phase76_handoff"": 79}",2.104654818683916e-16,1.5054145521914852e-09,0.9659258262890681,1.0000000000000075,1.0000000000000073,False,0,5.203974283719617e-07,2.104654818683916e-16,1.5054145521914852e-09,0.034074173710931875,7.527071491359193e-10,0,0,0.0,0,0,0,0,0.006429000000935048,{},{},0.0,0.0,0.0,0.0,0.0,0.0,0.0,0.0,[],[]
replan_150,replan_interval,260,150,recoverability,baseline,0,replan_150,1.05,175.0,12000.0,1.0,False,False,False,False,,,,,,False,,,False,0,,375000035784.1621,378577587344.44434,357.67867225170767,100000,False,True,max_steps,coast,"{""coast"": 100000}",0.04761904761904765,0.04761904761310705,0.9721864785386766,0.9717450222927188,0.975900068514023,False,0,0.04965997524592907,0.023809523809523878,0.023809523803434762,0.008570262013884953,0.008570262013890714,0,100000,0.0,0,0,667,6003,2.8030210999968403,"{""coast"": 667}","{""coast"": 667}",100.0,0.0,0.0,0.0,0.0,0.0,0.0,5.999996031958669,[],[]
score_crossing_only,score,260,40,crossing_only,baseline,0,score_crossing_only,0.98,165.0,8000.0,1.0,False,False,False,False,,,,,,False,,,False,0,,72660148719.83887,72660148719.83887,7724.851567285684,100000,False,True,max_steps,coast,"{""coast"": 99920, ""predictive_descent"": 80}",0.020408163265306076,2.3685560288769216,0.9757324312745989,0.1315656364832687,1.8464455605206895,False,0,0.015074279360390812,0.01020408163265299,2.3548704685881523,0.03891593766554585,0.8690459246921106,0,99920,0.0,0,0,2500,22500,8.446339899997838,"{""coast"": 2498, ""diagonal"": 1, ""radial_outward"": 1}","{""coast"": 2498, ""radial_outward"": 1, ""retrograde_outward"": 1}",99.92,0.0,0.0,0.0,0.04,0.04,7.773592452822642e-05,7.10609871736525e-06,[],[]
score_crossing_only,score,260,40,crossing_only,baseline,0,score_crossing_only,0.98,150.0,8000.0,1.0,False,False,False,False,,,,,,False,,,False,0,,84468724217.98242,84468724217.98242,6551.05755757195,100000,False,True,max_steps,coast,"{""coast"": 99960, ""predictive_descent"": 40}",0.020408163265306076,2.153561336230181,0.8748177652797064,0.8670860310538518,1.7872808345631124,False,0,0.01586260116205586,0.01020408163265299,2.1420257228678796,0.1383156030192956,0.13831661624986635,0,99960,0.0,0,0,2500,22500,10.404720400001679,"{""coast"": 2499, ""radial_outward"": 1}","{""coast"": 2499, ""radial_outward"": 1}",99.96,0.0,0.0,0.0,0.04,0.0,4e-05,2.898150411745348e-09,[],[]
score_crossing_only,score,260,40,crossing_only,baseline,0,score_crossing_only,1.0,170.0,8000.0,1.0,True,True,True,True,-69.01423483018289,-4727.470714164705,-0.01640397336941329,-1.1236711366960404,-2623.1083984375,False,0.9186216777498761,0.04348345057112868,False,1,42,1709.513671875,2275.509765625,11.434367729151932,266,True,False,success,phase76_handoff,"{""phase76_handoff"": 42}",2.104654818683916e-16,6.067846121554851e-10,0.984807753012208,1.0000000000000073,1.0000000000000073,False,0,4.632949875670622e-07,2.104654818683916e-16,6.067846121554851e-10,0.015192246987791962,3.0339234160109173e-10,0,0,0.0,0,0,0,0,0.004693000002589542,{},{},0.0,0.0,0.0,0.0,0.0,0.0,0.0,0.0,[],[]
score_crossing_only,score,260,40,crossing_only,baseline,0,score_crossing_only,1.02,165.0,8000.0,1.0,False,False,False,False,,,,,,False,,,False,0,,72083243341.39258,72083243341.39258,7807.331285071104,100000,False,True,max_steps,coast,"{""coast"": 99880, ""predictive_descent"": 120}",0.019607843137254777,2.512174155613607,0.956409083597835,0.22123411752543062,1.8689930297163235,False,0,0.014580116953619975,0.009803921568627437,2.5272958971697426,0.029256558656644043,0.7777371573722482,0,99880,0.0,0,0,2500,22500,8.320868899998459,"{""coast"": 2497, ""radial_inward"": 2, ""retrograde"": 1}","{""coast"": 2497, ""radial_inward"": 2, ""small_retrograde"": 1}",99.88,0.0,0.04,0.08,0.0,0.0,0.00010800000000000001,7.103371870229291e-06,[],[]
score_crossing_only,score,260,40,crossing_only,baseline,0,score_crossing_only,1.05,165.0,8000.0,1.0,False,False,False,False,,,,,,False,,,False,0,,296933726237.5176,296933726237.5176,7821.743484109974,100000,False,True,max_steps,coast,"{""coast"": 99880, ""predictive_descent"": 120}",0.04761904761904765,2.576020825782158,0.942647084338374,0.20727345511242676,1.870789681075356,False,0,0.04422289551756022,0.023809523809523878,2.615421346426712,0.022074635036229126,0.7871010140124269,0,99880,0.0,0,0,2500,22500,8.313407500001631,"{""coast"": 2497, ""radial_inward"": 2, ""retrograde"": 1}","{""coast"": 2497, ""radial_inward"": 2, ""small_retrograde"": 1}",99.88,0.0,0.04,0.08,0.0,0.0,0.00010800000000000001,7.1033732680130465e-06,[],[]
score_crossing_only,score,260,40,crossing_only,baseline,0,score_crossing_only,1.05,150.0,8000.0,1.0,False,False,False,False,,,,,,False,,,False,0,,306815014006.5283,306815014006.5283,6832.157363386223,100000,False,True,max_steps,coast,"{""coast"": 99880, ""predictive_descent"": 120}",0.04761904761904765,1.7279858954899665,0.8451542547285167,0.1086693973012368,1.8263186131125941,False,0,0.04488053578733844,0.023809523809523878,1.7461855428772155,0.12321610416249097,0.8882397911055445,0,99880,0.0,0,0,2500,22500,12.443506499999785,"{""coast"": 2497, ""radial_inward"": 2, ""retrograde"": 1}","{""coast"": 2497, ""radial_inward"": 2, ""small_retrograde"": 1}",99.88,0.0,0.04,0.08,0.0,0.0,0.00010800000000000001,8.555502131746273e-09,[],[]
score_crossing_only,score,260,40,crossing_only,baseline,0,score_crossing_only,1.0,175.0,8000.0,1.0,True,True,True,True,-31.058008674702325,-3664.12991433049,-0.0073821690331051645,-0.8709259717889519,-762.443359375,False,0.7055993803725469,0.02761116937756757,False,1,8,596.3916015625,607.4658203125,3.3645032623345292,230,True,False,success,phase76_handoff,"{""phase76_handoff"": 8}",2.104654818683916e-16,1.6197255112205923e-10,0.9961946980917454,1.0000000000000075,1.0000000000000075,False,0,4.020464845759737e-07,2.104654818683916e-16,1.6197255112205923e-10,0.0038053019082545138,8.098627137007804e-11,0,0,0.0,0,0,0,0,0.003400499997951556,{},{},0.0,0.0,0.0,0.0,0.0,0.0,0.0,0.0,[],[]
score_crossing_only,score,260,40,crossing_only,baseline,0,score_crossing_only,1.02,150.0,8000.0,1.0,False,False,False,False,,,,,,False,,,False,0,,82108653858.16895,82108653858.16895,6803.3750686506155,100000,False,True,max_steps,coast,"{""coast"": 99880, ""predictive_descent"": 120}",0.01960784313725499,1.6517583238054399,0.8574929257125444,0.1211424073618747,1.8257690931976658,False,0,0.015247375213863884,0.009803921568627649,1.6582759070434943,0.12965524072353934,0.8781331515728964,0,99880,0.0,0,0,2500,22500,12.5095524999997,"{""coast"": 2497, ""radial_inward"": 2, ""retrograde"": 1}","{""coast"": 2497, ""radial_inward"": 2, ""small_retrograde"": 1}",99.88,0.0,0.04,0.08,0.0,0.0,0.00010800000000000001,8.513123912679e-09,[],[]
score_crossing_only,score,260,40,crossing_only,baseline,0,score_crossing_only,0.98,170.0,8000.0,1.0,False,False,False,False,,,,,,False,,,False,0,,76241175967.17676,76241175967.17676,7370.388115220575,100000,False,True,max_steps,coast,"{""coast"": 99880, ""predictive_descent"": 120}",0.020408163265306496,2.384088968803458,0.9948060576000269,0.5795956973861693,1.8506449546822594,False,0,0.01531386761556849,0.010204081632653406,2.3702480791154237,0.020128657787653964,1.576623396987619,0,99880,0.0,0,0,2500,22500,10.199948400000721,"{""coast"": 2497, ""diagonal"": 1, ""radial_outward"": 1, ""retrograde"": 1}","{""coast"": 2497, ""radial_outward"": 1, ""retrograde_outward"": 1, ""small_retrograde"": 1}",99.88,0.0,0.04,0.0,0.04,0.04,0.00010573592452822643,5.720485512261675e-09,[],[]
score_crossing_only,score,260,40,crossing_only,baseline,0,score_crossing_only,0.98,175.0,8000.0,1.0,False,False,False,False,,,,,,False,,,False,0,,79861176468.02734,79861176468.02734,7013.651143405971,100000,False,True,max_steps,coast,"{""coast"": 99880, ""predictive_descent"": 120}",0.020408163265306287,2.553964103785982,1.0063086091467979,0.8924458705110316,1.8959860515491949,False,0,0.01555643515091612,0.010204081632653197,2.5384244627481225,0.008798790486491197,0.1125637395386414,0,99880,0.0,0,0,2500,22500,9.921105000001262,"{""coast"": 2497, ""diagonal"": 1, ""prograde"": 1, ""radial_outward"": 1}","{""coast"": 2497, ""radial_outward"": 1, ""retrograde_outward"": 1, ""small_prograde"": 1}",99.88,0.04,0.0,0.0,0.04,0.04,0.00010573592452822643,5.748128864935253e-09,[],[]
score_crossing_only,score,260,40,crossing_only,baseline,0,score_crossing_only,1.0,150.0,10000.0,1.0,True,True,True,True,-56.806558896857226,-3462.776521423222,-0.013502334433540864,-0.823066342493355,-3817.8857421875,False,0.6746558758239845,0.02052503083453011,False,1,1711,693.05859375,2453.6474609375,78.06700913583241,1927,True,False,success,phase76_handoff,"{""phase76_handoff"": 1711}",0.0,6.542913016537822e-10,0.8660254037844387,1.000000000000006,1.0000000000000058,False,0,2.9618460471386597e-06,0.0,6.542913016537822e-10,0.13397459621556124,3.271454664854056e-10,0,0,0.0,0,0,0,0,0.06489549999969313,{},{},0.0,0.0,0.0,0.0,0.0,0.0,0.0,0.0,[],[]
score_crossing_only,score,260,40,crossing_only,baseline,0,score_crossing_only,1.02,170.0,8000.0,1.0,False,False,False,False,,,,,,False,,,False,0,,90669001859.67188,90669001859.67188,5947.008479442561,100000,False,True,max_steps,predictive_descent,"{""predictive_descent"": 100000}",0.01960784313725499,1.1638800771172697,0.9751049769494176,0.3761677728501608,1.7749994396937632,False,0,0.015817795097216352,0.009803921568627649,1.1655188778884424,0.010280457151176597,1.3788445216914833,0,0,0.0,0,0,2500,22500,14.24318889999995,"{""diagonal"": 1, ""radial_inward"": 1, ""retrograde"": 2498}","{""medium_retrograde"": 1, ""prograde_inward"": 1, ""radial_inward"": 1, ""small_retrograde"": 2497}",0.0,0.0,99.92,0.04,0.0,0.04,0.07004973592452823,5.688946119319916e-09,[],[]
score_crossing_only,score,260,40,crossing_only,baseline,0,score_crossing_only,1.05,170.0,8000.0,1.0,False,False,False,False,,,,,,False,,,False,0,,315583079010.0654,315583079010.0654,5953.857025871133,100000,False,True,max_steps,coast,"{""coast"": 99800, ""predictive_descent"": 200}",0.047619047619047436,1.1936766694980965,0.9610739580048949,0.33149367989975986,1.7684664604367275,False,0,0.04546453241303624,0.02380952380952366,1.1985185862355487,0.0029581412233598363,0.6586949693530337,0,99800,0.0,0,0,2500,22500,14.134936399997969,"{""coast"": 2495, ""diagonal"": 1, ""radial_inward"": 1, ""retrograde"": 3}","{""coast"": 2495, ""medium_retrograde"": 1, ""prograde_inward"": 1, ""radial_inward"": 1, ""small_retrograde"": 2}",99.8,0.0,0.12,0.04,0.0,0.04,0.00018973592452822642,5.686503187329883e-09,[],[]
score_crossing_only,score,260,40,crossing_only,baseline,0,score_crossing_only,1.05,175.0,8000.0,1.0,False,False,False,False,,,,,,False,,,False,0,,312027784626.3926,312027784626.3926,6310.285222724317,100000,False,True,max_steps,predictive_descent,"{""coast"": 39920, ""predictive_descent"": 60080}",0.04761904761904765,1.472766935054778,0.9721864785386766,0.37792970153508065,1.8429814424934339,False,0,0.045227684180925744,0.023809523809523878,1.4845861084311476,0.008570262013884953,1.3889384316383924,0,39920,0.0,0,0,2500,22500,13.916420499997912,"{""coast"": 998, ""diagonal"": 1, ""radial_inward"": 1, ""retrograde"": 1500}","{""coast"": 998, ""medium_retrograde"": 1, ""prograde_inward"": 1, ""radial_inward"": 1, ""small_retrograde"": 1499}",39.92,0.0,60.0,0.04,0.0,0.04,0.04210573592452823,5.687327077685822e-09,[],[]
score_crossing_only,score,260,40,crossing_only,baseline,0,score_crossing_only,1.0,165.0,10000.0,1.0,True,True,True,True,-44.60852682385054,-3025.2685757801814,-0.010602987744017904,-0.7190752063618795,-2523.248046875,False,0.5879837507187582,0.01630347108872191,False,1,41,1109.8916015625,1452.48828125,20.02351591027418,257,True,False,success,phase76_handoff,"{""phase76_handoff"": 41}",2.104654818683916e-16,3.8731520650728185e-10,0.9659258262890681,1.000000000000006,1.000000000000006,False,0,4.4768223066228917e-07,2.104654818683916e-16,3.8731520650728185e-10,0.034074173710931875,1.9365753166188975e-10,0,0,0.0,0,0,0,0,0.004954399999405723,{},{},0.0,0.0,0.0,0.0,0.0,0.0,0.0,0.0,[],[]
score_crossing_only,score,260,40,crossing_only,baseline,0,score_crossing_only,1.02,175.0,8000.0,1.0,False,False,False,False,,,,,,False,,,False,0,,87065890060.35059,87065890060.35059,6307.331404718206,100000,False,True,max_steps,predictive_descent,"{""predictive_descent"": 100000}",0.019607843137254777,1.4040115599188268,0.9863797326419318,0.36481126107613276,1.8503131721233128,False,0,0.015577592423665633,0.009803921568627437,1.408051675518015,0.0011632810242118924,1.3672328010358115,0,0,0.0,0,0,2500,22500,14.029537599999458,"{""diagonal"": 1, ""radial_inward"": 1, ""retrograde"": 2498}","{""medium_retrograde"": 1, ""prograde_inward"": 1, ""radial_inward"": 1, ""small_retrograde"": 2497}",0.0,0.0,99.92,0.04,0.0,0.04,0.07004973592452823,5.6889470586130034e-09,[],[]
score_crossing_only,score,260,40,crossing_only,baseline,0,score_crossing_only,1.02,165.0,10000.0,1.0,False,False,False,False,,,,,,False,,,False,0,,149624832579.19238,149624832579.19238,4345.678956589375,865,True,False,radial_stall,coast,"{""coast"": 785, ""predictive_descent"": 80}",0.019607843137254777,0.16522473679460892,0.956409083597835,0.03462568379020242,1.4281227921411994,False,0,0.01996973284271074,0.009803921568627437,0.15687698416255508,0.029256558656644043,0.9648570788759904,0,785,0.0,0,0,22,198,0.10754380000071251,"{""coast"": 20, ""radial_inward"": 1, ""retrograde"": 1}","{""coast"": 20, ""radial_inward"": 1, ""small_retrograde"": 1}",90.9090909090909,0.0,4.545454545454546,4.545454545454546,0.0,0.0,0.007727272727272728,6.376945776002825e-07,[],[]
score_crossing_only,score,260,40,crossing_only,baseline,0,score_crossing_only,1.05,165.0,10000.0,1.0,False,False,False,False,,,,,,False,,,False,0,,374623491045.89844,374623491045.89844,4360.936919001045,865,True,False,radial_stall,coast,"{""coast"": 785, ""predictive_descent"": 80}",0.04761904761904765,0.22831898996820993,0.942647084338374,0.020862883865299987,1.4217014470682159,False,0,0.04996066840948617,0.023809523809523878,0.20902696471741522,0.022074635036229126,0.9783573626146191,0,785,0.0,0,0,22,198,0.10105750000002445,"{""coast"": 20, ""radial_inward"": 1, ""retrograde"": 1}","{""coast"": 20, ""radial_inward"": 1, ""small_retrograde"": 1}",90.9090909090909,0.0,4.545454545454546,4.545454545454546,0.0,0.0,0.007727272727272728,6.40139573699804e-07,[],[]
score_crossing_only,score,260,40,crossing_only,baseline,0,score_crossing_only,1.0,170.0,10000.0,1.0,True,True,True,True,-14.98621570953258,-4062.7001351939803,-0.0035620692457484443,-0.9656620114621247,-1402.0849609375,False,0.7768040924515426,0.02687945836559521,False,1,26,96.537109375,1044.1005859375,8.944379745003824,243,True,False,success,phase76_handoff,"{""phase76_handoff"": 26}",2.104654818683916e-16,2.7841236850026503e-10,0.984807753012208,1.0000000000000058,1.0000000000000058,False,0,4.240856750450103e-07,2.104654818683916e-16,2.7841236850026503e-10,0.015192246987791962,1.3920605199046318e-10,0,0,0.0,0,0,0,0,0.0038430999993579462,{},{},0.0,0.0,0.0,0.0,0.0,0.0,0.0,0.0,[],[]
score_crossing_only,score,260,40,crossing_only,baseline,0,score_crossing_only,0.98,150.0,10000.0,1.0,False,False,False,False,,,,,,False,,,False,0,,73503600577.52051,73503600577.52051,7641.444867204002,100000,False,True,max_steps,coast,"{""coast"": 99880, ""predictive_descent"": 120}",0.020408163265306076,2.28076684530052,0.8748177652797064,0.0464839898120614,1.8225166083328077,False,0,0.015131208993974738,0.01020408163265299,2.2679591768475147,0.1383156030192956,1.0462626624945388,0,99880,0.0,0,0,2500,22500,8.270493600000918,"{""coast"": 2497, ""diagonal"": 2, ""prograde"": 1}","{""coast"": 2497, ""retrograde_outward"": 2, ""small_prograde"": 1}",99.88,0.04,0.0,0.0,0.0,0.08,0.00010347184905645283,8.879067682376162e-06,[],[]
score_crossing_only,score,260,40,crossing_only,baseline,0,score_crossing_only,1.02,150.0,10000.0,1.0,False,False,False,False,,,,,,False,,,False,0,,87655012837.91504,87655012837.91504,6248.7963092026885,100000,False,True,max_steps,coast,"{""coast"": 99840, ""predictive_descent"": 160}",0.01960784313725499,1.26857778710544,0.8574929257125444,0.19758999741601208,1.8548228584815822,False,0,0.0156172871730592,0.009803921568627649,1.2712635649764943,0.12965524072353934,1.1989170022235835,0,99840,0.0,0,0,2500,22500,12.036904900000081,"{""coast"": 2496, ""diagonal"": 1, ""radial_inward"": 1, ""retrograde"": 2}","{""coast"": 2496, ""prograde_inward"": 1, ""radial_inward"": 1, ""small_retrograde"": 2}",99.84,0.0,0.08,0.04,0.0,0.04,0.00013373592452822642,7.811977324911901e-09,[],[]
score_crossing_only,score,260,40,crossing_only,baseline,0,score_crossing_only,0.98,165.0,10000.0,1.0,False,False,False,False,,,,,,False,,,False,0,,83618167850.35059,83618167850.35059,6638.428136086643,100000,False,True,max_steps,coast,"{""coast"": 99960, ""predictive_descent"": 40}",0.020408163265306076,2.4022249608839545,0.9757324312745989,0.9669976051605442,1.8555422156152144,False,0,0.01580653493683591,0.01020408163265299,2.3882027112751154,0.03891593766554585,0.03891735030532278,0,99960,0.0,0,0,2500,22500,9.735923099997308,"{""coast"": 2499, ""radial_outward"": 1}","{""coast"": 2499, ""radial_outward"": 1}",99.96,0.0,0.0,0.0,0.04,0.0,4e-05,3.5968573799172177e-09,[],[]
score_crossing_only,score,260,40,crossing_only,baseline,0,score_crossing_only,1.0,175.0,10000.0,1.0,True,True,True,True,-79.19029577566481,-3603.0741488999756,-0.01882271833073839,-0.8564136446924371,-4727.6806640625,False,0.7077181783811932,0.021957297513013917,False,1,7,2218.6337890625,2824.8642578125,3.50178163891905,224,True,False,success,phase76_handoff,"{""phase76_handoff"": 7}",2.104654818683916e-16,7.532826887231708e-10,0.9961946980917454,1.0000000000000058,1.0000000000000058,False,0,3.9194432095307846e-07,2.104654818683916e-16,7.532826887231708e-10,0.0038053019082545138,3.766413375752306e-10,0,0,0.0,0,0,0,0,0.003688600001623854,{},{},0.0,0.0,0.0,0.0,0.0,0.0,0.0,0.0,[],[]
score_crossing_only,score,260,40,crossing_only,baseline,0,score_crossing_only,1.05,150.0,10000.0,1.0,False,False,False,False,,,,,,False,,,False,0,,312362174514.38184,312362174514.38184,6277.422441779943,100000,False,True,max_steps,coast,"{""coast"": 99840, ""predictive_descent"": 160}",0.04761904761904765,1.350728068785586,0.8451542547285167,0.2099886321584733,1.8679514733463263,False,0,0.045250483416067674,0.023809523809523878,1.3594962705052256,0.12321610416249097,1.2161146500090698,0,99840,0.0,0,0,2500,22500,11.886488799998915,"{""coast"": 2496, ""diagonal"": 1, ""radial_inward"": 1, ""retrograde"": 2}","{""coast"": 2496, ""prograde_inward"": 1, ""radial_inward"": 1, ""small_retrograde"": 2}",99.84,0.0,0.08,0.04,0.0,0.04,0.00013373592452822642,7.850219466631891e-09,[],[]
score_crossing_only,score,260,40,crossing_only,baseline,0,score_crossing_only,0.98,170.0,10000.0,1.0,False,False,False,False,,,,,,False,,,False,0,,87233323841.75,87233323841.75,6277.3382664235505,100000,False,True,max_steps,coast,"{""coast"": 99960, ""predictive_descent"": 40}",0.020408163265306496,2.1756347206130084,0.9948060576000269,0.9863812952385799,1.7934455875462758,False,0,0.01604764273940445,0.010204081632653406,2.163878373406878,0.020128657787653964,0.020130098041787628,0,99960,0.0,0,0,2500,22500,9.816041900001437,"{""coast"": 2499, ""radial_outward"": 1}","{""coast"": 2499, ""radial_outward"": 1}",99.96,0.0,0.0,0.0,0.04,0.0,4e-05,3.6039543246602077e-09,[],[]
score_crossing_only,score,260,40,crossing_only,baseline,0,score_crossing_only,1.02,170.0,10000.0,1.0,False,False,False,False,,,,,,False,,,False,0,,101729350874.55957,101729350874.55957,4838.9773927922815,100000,False,True,max_steps,coast,"{""coast"": 99920, ""predictive_descent"": 80}",0.01960784313725499,0.35285986933378966,0.9751049769494176,0.05365873912033832,1.503874307863091,False,0,0.01655381925165146,0.009803921568627649,0.34638846802712764,0.010280457151176597,0.9458806923893647,0,99920,0.0,0,0,2500,22500,12.416952499999752,"{""coast"": 2498, ""radial_inward"": 1, ""retrograde"": 1}","{""coast"": 2498, ""radial_inward"": 1, ""small_retrograde"": 1}",99.92,0.0,0.04,0.04,0.0,0.0,6.8e-05,6.16959331536382e-09,[],[]
score_crossing_only,score,260,40,crossing_only,baseline,0,score_crossing_only,1.0,150.0,12000.0,1.0,True,True,True,True,-39.80874820360246,-4852.3106761866475,-0.009462129762191896,-1.1533443108967762,-1244.0107421875,False,0.9340300045979194,0.03135376273812549,False,4,55,51.9462890625,217.6943359375,21.73237089833826,270,True,False,success,phase76_handoff,"{""phase76_handoff"": 55}",0.0,5.8064900861706823e-11,0.8660254037844387,1.000000000000005,1.0000000000000049,False,0,4.690833186853781e-07,0.0,5.8064900861706823e-11,0.13397459621556124,2.9032625308901102e-11,0,0,0.0,0,0,0,0,0.00499850000051083,{},{},0.0,0.0,0.0,0.0,0.0,0.0,0.0,0.0,[],[]
score_crossing_only,score,260,40,crossing_only,baseline,0,score_crossing_only,1.02,150.0,12000.0,1.0,False,False,False,False,,,,,,False,,,False,0,,149620337131.72852,149620337131.72852,4442.661934961422,860,True,False,radial_stall,coast,"{""coast"": 780, ""predictive_descent"": 80}",0.01960784313725499,0.2785604112244225,0.8574929257125444,0.2486619065189604,1.3830460481120777,False,0,0.01996960734570092,0.009803921568627649,0.2713460153366668,0.12965524072353934,1.2523762619859795,0,780,0.0,0,0,22,198,0.10602800000197021,"{""coast"": 20, ""radial_inward"": 1, ""retrograde"": 1}","{""coast"": 20, ""radial_inward"": 1, ""small_retrograde"": 1}",90.9090909090909,0.0,4.545454545454546,4.545454545454546,0.0,0.0,0.007727272727272729,6.408731417571125e-07,[],[]
score_crossing_only,score,260,40,crossing_only,baseline,0,score_crossing_only,1.05,170.0,10000.0,1.0,False,False,False,False,,,,,,False,,,False,0,,326631529290.91895,326631529290.91895,4848.160341868105,100000,False,True,max_steps,coast,"{""coast"": 99920, ""predictive_descent"": 80}",0.047619047619047436,0.41325421172849236,0.9610739580048949,0.039531833269951834,1.4967104971748728,False,0,0.04620003002430198,0.02380952380952366,0.3985855670217047,0.0029581412233598363,0.9592405899147458,0,99920,0.0,0,0,2500,22500,12.280274200002168,"{""coast"": 2498, ""radial_inward"": 1, ""retrograde"": 1}","{""coast"": 2498, ""radial_inward"": 1, ""small_retrograde"": 1}",99.92,0.0,0.04,0.04,0.0,0.0,6.8e-05,6.184560412036965e-09,[],[]
score_crossing_only,score,260,40,crossing_only,baseline,0,score_crossing_only,0.98,175.0,10000.0,1.0,False,False,False,False,,,,,,False,,,False,0,,90906380198.01855,90906380198.01855,5910.295175908834,100000,False,True,max_steps,coast,"{""coast"": 99960, ""predictive_descent"": 40}",0.020408163265306287,1.9455285563660243,1.0063086091467979,0.9982810820470072,1.7281033879145407,False,0,0.01629257217136181,0.010204081632653197,1.9360732708023638,0.008798790486491197,0.008800247393698672,0,99960,0.0,0,0,2500,22500,10.180571500000951,"{""coast"": 2499, ""radial_outward"": 1}","{""coast"": 2499, ""radial_outward"": 1}",99.96,0.0,0.0,0.0,0.04,0.0,4e-05,3.6082802666204118e-09,[],[]
score_crossing_only,score,260,40,crossing_only,baseline,0,score_crossing_only,1.0,165.0,12000.0,1.0,True,True,True,True,-49.89490215814327,-3804.1918098357014,-0.011859504757034702,-0.904217242924399,-3756.763671875,False,0.7376052005488627,0.020534347013872814,False,1,47,861.8408203125,1917.5859375,12.276941494087875,260,True,False,success,phase76_handoff,"{""phase76_handoff"": 47}",2.104654818683916e-16,5.113431463687706e-10,0.9659258262890681,1.0000000000000049,1.0000000000000049,False,0,4.53347220796274e-07,2.104654818683916e-16,5.113431463687706e-10,0.034074173710931875,2.556716006393791e-10,0,0,0.0,0,0,0,0,0.004620799998519942,{},{},0.0,0.0,0.0,0.0,0.0,0.0,0.0,0.0,[],[]
score_crossing_only,score,260,40,crossing_only,baseline,0,score_crossing_only,0.98,150.0,12000.0,1.0,False,False,False,False,,,,,,False,,,False,0,,95577037244.05957,95577037244.05957,5437.1769959579515,100000,False,True,max_steps,coast,"{""coast"": 99920, ""predictive_descent"": 80}",0.020408163265306076,1.1504708895746707,0.8748177652797064,0.7115308592344252,1.4802962248564964,False,0,0.016602338880699084,0.01020408163265299,1.148966180678924,0.1383156030192956,0.2939617604035684,0,99920,0.0,0,0,2500,22500,8.688713600000483,"{""coast"": 2498, ""diagonal"": 1, ""retrograde"": 1}","{""coast"": 2498, ""retrograde_outward"": 1, ""small_retrograde"": 1}",99.92,0.0,0.04,0.0,0.0,0.04,6.573592452822642e-05,4.3084528766224035e-09,[],[]
score_crossing_only,score,260,40,crossing_only,baseline,0,score_crossing_only,1.02,175.0,10000.0,1.0,False,False,False,False,,,,,,False,,,False,0,,98126444131.70605,98126444131.70605,5199.259923677327,100000,False,True,max_steps,coast,"{""coast"": 99920, ""predictive_descent"": 80}",0.019607843137254777,0.557622752993611,0.9863797326419318,0.06503618844322666,1.5770819442013588,False,0,0.016313625613657932,0.009803921568627437,0.5531989805235472,0.0011632810242118924,0.9344366758638073,0,99920,0.0,0,0,2500,22500,12.456862099999853,"{""coast"": 2498, ""radial_inward"": 1, ""retrograde"": 1}","{""coast"": 2498, ""radial_inward"": 1, ""small_retrograde"": 1}",99.92,0.0,0.04,0.04,0.0,0.0,6.8e-05,6.667208020716409e-09,[],[]
score_crossing_only,score,260,40,crossing_only,baseline,0,score_crossing_only,0.98,165.0,12000.0,1.0,False,False,False,False,,,,,,False,,,False,0,,72677942589.08496,72677942589.08496,7724.837487893811,100000,False,True,max_steps,coast,"{""coast"": 99880, ""predictive_descent"": 120}",0.020408163265306076,2.3678835879240063,0.9757324312745989,0.12905249092399856,1.8462624635077896,False,0,0.015076644094676007,0.01020408163265299,2.354204752044766,0.03891593766554585,1.1284523039542778,0,99880,0.0,0,0,2500,22500,8.149401000002399,"{""coast"": 2497, ""diagonal"": 2, ""prograde"": 1}","{""coast"": 2497, ""retrograde_outward"": 2, ""small_prograde"": 1}",99.88,0.04,0.0,0.0,0.0,0.08,0.00010347184905645283,1.0654835825668063e-05,[],[]
score_crossing_only,score,260,40,crossing_only,baseline,0,score_crossing_only,1.0,170.0,12000.0,1.0,True,True,True,True,-59.11783526958399,-2644.140708489538,-0.014051701041181388,-0.628485034627588,-4974.4609375,False,0.5196500696147496,0.011302579212861713,False,1,19,567.279296875,2772.2412109375,6.334229874531584,231,True,False,success,phase76_handoff,"{""phase76_handoff"": 19}",2.104654818683916e-16,7.392509550470052e-10,0.984807753012208,1.000000000000005,1.0000000000000049,False,0,4.0389829571496205e-07,2.104654818683916e-16,7.392509550470052e-10,0.015192246987791962,3.696254979829826e-10,0,0,0.0,0,0,0,0,0.003992900001321686,{},{},0.0,0.0,0.0,0.0,0.0,0.0,0.0,0.0,[],[]
score_crossing_only,score,260,40,crossing_only,baseline,0,score_crossing_only,1.05,175.0,10000.0,1.0,False,False,False,False,,,,,,False,,,False,0,,323080428582.16797,323080428582.16797,5203.265663194206,100000,False,True,max_steps,coast,"{""coast"": 99920, ""predictive_descent"": 80}",0.04761904761904765,0.6150707289801124,0.9721864785386766,0.050736312379990205,1.5692183820657692,False,0,0.04596329091272327,0.023809523809523878,0.6054474972046152,0.008570262013884953,0.9477119142796911,0,99920,0.0,0,0,2500,22500,12.476730999998836,"{""coast"": 2498, ""radial_inward"": 1, ""retrograde"": 1}","{""coast"": 2498, ""radial_inward"": 1, ""small_retrograde"": 1}",99.92,0.0,0.04,0.04,0.0,0.0,6.8e-05,6.675072382189562e-09,[],[]
score_crossing_only,score,260,40,crossing_only,baseline,0,score_crossing_only,1.05,150.0,12000.0,1.0,False,False,False,False,,,,,,False,,,False,0,,328960131292.9336,328960131292.9336,4614.793348465388,100000,False,True,max_steps,coast,"{""coast"": 99920, ""predictive_descent"": 80}",0.04761904761904765,0.35638230980287666,0.8451542547285167,0.2625231290384845,1.3810571699195355,False,0,0.04635524418266683,0.023809523809523878,0.3402918675479486,0.12321610416249097,1.2707557564729326,0,99920,0.0,0,0,2500,22500,12.50480090000201,"{""coast"": 2498, ""radial_inward"": 1, ""retrograde"": 1}","{""coast"": 2498, ""radial_inward"": 1, ""small_retrograde"": 1}",99.92,0.0,0.04,0.04,0.0,0.0,6.8e-05,5.732690611903734e-09,[],[]
score_crossing_only,score,260,40,crossing_only,baseline,0,score_crossing_only,0.98,170.0,12000.0,1.0,False,False,False,False,,,,,,False,,,False,0,,76298194216.76562,76298194216.76562,7362.753470091987,100000,False,True,max_steps,coast,"{""coast"": 99880, ""predictive_descent"": 120}",0.020408163265306496,2.0537781927310266,0.9948060576000269,0.11023136265988735,1.7591420905655575,False,0,0.0153179783476049,0.010204081632653406,2.043240410803716,0.020128657787653964,1.109665228531562,0,99880,0.0,0,0,2500,22500,8.432236000000557,"{""coast"": 2497, ""diagonal"": 2, ""prograde"": 1}","{""coast"": 2497, ""retrograde_outward"": 2, ""small_prograde"": 1}",99.88,0.04,0.0,0.0,0.0,0.08,0.00010347184905645282,1.0654840560691814e-05,[],[]
score_crossing_only,score,260,40,crossing_only,baseline,0,score_crossing_only,1.0,175.0,12000.0,1.0,True,True,True,True,-49.59440466036998,-3805.3841505526866,-0.011788079594339244,-0.9045006500420295,-4449.8916015625,False,0.7377462161401496,0.02054370229463622,False,1,25,509.548828125,2621.802734375,2.228509408401243,238,True,False,success,phase76_handoff,"{""phase76_handoff"": 25}",2.104654818683916e-16,6.99134129548071e-10,0.9961946980917454,1.0000000000000049,1.0000000000000049,False,0,4.161105787678352e-07,2.104654818683916e-16,6.99134129548071e-10,0.0038053019082545138,3.4956702192990726e-10,0,0,0.0,0,0,0,0,0.004164400001172908,{},{},0.0,0.0,0.0,0.0,0.0,0.0,0.0,0.0,[],[]
score_crossing_only,score,260,40,crossing_only,baseline,0,score_crossing_only,1.02,165.0,12000.0,1.0,False,False,False,False,,,,,,False,,,False,0,,94201346339.39062,94201346339.39062,5591.789594267276,100000,False,True,max_steps,coast,"{""coast"": 99920, ""predictive_descent"": 80}",0.019607843137254777,0.8144499194979767,0.956409083597835,0.15083254334560356,1.6332605340252782,False,0,0.01605205292395984,0.009803921568627437,0.8125944186929566,0.029256558656644043,1.1519765324538946,0,99920,0.0,0,0,2500,22500,12.185887199997524,"{""coast"": 2498, ""radial_inward"": 1, ""retrograde"": 1}","{""coast"": 2498, ""radial_inward"": 1, ""small_retrograde"": 1}",99.92,0.0,0.04,0.04,0.0,0.0,6.8e-05,7.1097265917252625e-09,[],[]
score_crossing_only,score,260,40,crossing_only,baseline,0,score_crossing_only,1.05,165.0,12000.0,1.0,False,False,False,False,,,,,,False,,,False,0,,319053047028.8779,319053047028.8779,5605.964842304953,100000,False,True,max_steps,coast,"{""coast"": 99920, ""predictive_descent"": 80}",0.04761904761904765,0.8845608346846637,0.942647084338374,0.16466435481658614,1.6282452369472966,False,0,0.045694885666369284,0.023809523809523878,0.8816748555517804,0.022074635036229126,1.1696132622808957,0,99920,0.0,0,0,2500,22500,12.23932579999746,"{""coast"": 2498, ""radial_inward"": 1, ""retrograde"": 1}","{""coast"": 2498, ""radial_inward"": 1, ""small_retrograde"": 1}",99.92,0.0,0.04,0.04,0.0,0.0,6.8e-05,7.12615268469996e-09,[],[]
score_crossing_only,score,260,40,crossing_only,baseline,0,score_crossing_only,1.02,170.0,12000.0,1.0,False,False,False,False,,,,,,False,,,False,0,,90652729375.9082,90652729375.9082,5946.716243031799,100000,False,True,max_steps,coast,"{""coast"": 99920, ""predictive_descent"": 80}",0.01960784313725499,1.0396120557289614,0.9751049769494176,0.13206065191763178,1.712910905025318,False,0,0.015815495623123708,0.009803921568627649,1.040008176286251,0.010280457151176597,1.1330000889710408,0,99920,0.0,0,0,2500,22500,12.27270370000042,"{""coast"": 2498, ""radial_inward"": 1, ""retrograde"": 1}","{""coast"": 2498, ""radial_inward"": 1, ""small_retrograde"": 1}",99.92,0.0,0.04,0.04,0.0,0.0,6.8e-05,7.605740664207161e-09,[],[]
action_expanded,action_space,260,40,recoverability,expanded,0,action_expanded,1.0,150.0,8000.0,1.0,True,True,True,True,-38.530447607905636,-3195.2769906896274,-0.009158290866034995,-0.7594844569695679,-2413.50390625,False,0.6185775149366969,0.021872411989640565,False,1,128,1076.5029296875,2220.5693359375,28.016402607368157,349,True,False,success,phase76_handoff,"{""phase76_handoff"": 128}",0.0,5.921338994971445e-10,0.8660254037844387,1.0000000000000075,1.0000000000000073,False,0,5.993435436858285e-07,0.0,5.921338994971445e-10,0.13397459621556124,2.9606680816445473e-10,0,0,0.0,0,0,0,0,0.0074194000007992145,{},{},0.0,0.0,0.0,0.0,0.0,0.0,0.0,0.0,[],[]
score_crossing_only,score,260,40,crossing_only,baseline,0,score_crossing_only,0.98,175.0,12000.0,1.0,False,False,False,False,,,,,,False,,,False,0,,79974350106.51172,79974350106.51172,6995.103310573177,100000,False,True,max_steps,coast,"{""coast"": 99880, ""predictive_descent"": 120}",0.020408163265306287,1.7522032378901389,1.0063086091467979,0.09889217128570967,1.6712292375714448,False,0,0.01556304523095399,0.010204081632653197,1.7446812055112373,0.008798790486491197,1.0983355551903646,0,99880,0.0,0,0,2500,22500,8.610509300000558,"{""coast"": 2497, ""diagonal"": 2, ""prograde"": 1}","{""coast"": 2497, ""retrograde_outward"": 2, ""small_prograde"": 1}",99.88,0.04,0.0,0.0,0.0,0.08,0.00010347184905645283,1.0654843398492363e-05,[],[]
score_crossing_only,score,260,40,crossing_only,baseline,0,score_crossing_only,1.05,170.0,12000.0,1.0,False,False,False,False,,,,,,False,,,False,0,,315555454265.1885,315555454265.1885,5955.791440419789,100000,False,True,max_steps,coast,"{""coast"": 99920, ""predictive_descent"": 80}",0.047619047619047436,1.1064830789009705,0.9610739580048949,0.14617069339136066,1.707006518231679,False,0,0.04546173053425591,0.02380952380952366,1.1091451558734948,0.0029581412233598363,1.1504964338036183,0,99920,0.0,0,0,2500,22500,12.314520100000664,"{""coast"": 2498, ""radial_inward"": 1, ""retrograde"": 1}","{""coast"": 2498, ""radial_inward"": 1, ""small_retrograde"": 1}",99.92,0.0,0.04,0.04,0.0,0.0,6.8e-05,7.614913837072911e-09,[],[]
score_crossing_only,score,260,40,crossing_only,baseline,0,score_crossing_only,1.02,175.0,12000.0,1.0,False,False,False,False,,,,,,False,,,False,0,,87049339120.22949,87049339120.22949,6307.093388739114,100000,False,True,max_steps,coast,"{""coast"": 99920, ""predictive_descent"": 80}",0.019607843137254777,1.285327501664824,0.9863797326419318,0.12075473754988295,1.7901740486682165,False,0,0.015575280541169845,0.009803921568627437,1.2881807766814721,0.0011632810242118924,1.121556016775449,0,99920,0.0,0,0,2500,22500,10.562040400000114,"{""coast"": 2498, ""radial_inward"": 1, ""retrograde"": 1}","{""coast"": 2498, ""radial_inward"": 1, ""small_retrograde"": 1}",99.92,0.0,0.04,0.04,0.0,0.0,6.8e-05,8.107797273759765e-09,[],[]
action_expanded,action_space,260,40,recoverability,expanded,0,action_expanded,1.0,165.0,8000.0,1.0,True,True,True,True,-75.5921283924204,-3183.1688515097776,-0.017967470973745035,-0.756606476895629,-6026.451171875,False,0.6268461474885241,0.02180655982767169,False,1,79,581.3896484375,5645.37109375,18.30163168160577,300,True,False,success,phase76_handoff,"{""phase76_handoff"": 79}",2.104654818683916e-16,1.5054145521914852e-09,0.9659258262890681,1.0000000000000075,1.0000000000000073,False,0,5.203974283719617e-07,2.104654818683916e-16,1.5054145521914852e-09,0.034074173710931875,7.527071491359193e-10,0,0,0.0,0,0,0,0,0.00781260000076145,{},{},0.0,0.0,0.0,0.0,0.0,0.0,0.0,0.0,[],[]
score_crossing_only,score,260,40,crossing_only,baseline,0,score_crossing_only,1.05,175.0,12000.0,1.0,False,False,False,False,,,,,,False,,,False,0,,312003890918.2959,312003890918.2959,6310.987263919418,100000,False,True,max_steps,coast,"{""coast"": 99920, ""predictive_descent"": 80}",0.04761904761904765,1.3486628857624927,0.9721864785386766,0.1350346973777738,1.783433768459546,False,0,0.04522497090113882,0.023809523809523878,1.357379457906555,0.008570262013884953,1.1389677036890078,0,99920,0.0,0,0,2500,22500,10.5734709999997,"{""coast"": 2498, ""radial_inward"": 1, ""retrograde"": 1}","{""coast"": 2498, ""radial_inward"": 1, ""small_retrograde"": 1}",99.92,0.0,0.04,0.04,0.0,0.0,6.8e-05,8.109675327760967e-09,[],[]
action_expanded,action_space,260,40,recoverability,expanded,0,action_expanded,0.98,150.0,8000.0,1.0,False,False,False,False,,,,,,False,,,False,0,,84468724217.98242,84468724217.98242,6551.05755757195,100000,False,True,max_steps,coast,"{""coast"": 99960, ""predictive_descent"": 40}",0.020408163265306076,2.153561336230181,0.8748177652797064,0.8670860310538518,1.7872808345631124,False,0,0.01586260116205586,0.01020408163265299,2.1420257228678796,0.1383156030192956,0.13831661624986635,0,99960,0.0,0,0,2500,42500,14.971936199999618,"{""coast"": 2499, ""radial_outward"": 1}","{""coast"": 2499, ""radial_outward"": 1}",99.96,0.0,0.0,0.0,0.04,0.0,4e-05,5.796300822158429e-09,[],[]
action_expanded,action_space,260,40,recoverability,expanded,0,action_expanded,0.98,165.0,8000.0,1.0,False,False,False,False,,,,,,False,,,False,0,,72660148719.83887,72660148719.83887,7724.851567285684,100000,False,True,max_steps,coast,"{""coast"": 99920, ""predictive_descent"": 80}",0.020408163265306076,2.3685560288769216,0.9757324312745989,0.1315656364832687,1.8464455605206895,False,0,0.015074279360390812,0.01020408163265299,2.3548704685881523,0.03891593766554585,0.8690459246921106,0,99920,0.0,0,0,2500,42500,11.60083780000059,"{""coast"": 2498, ""diagonal"": 1, ""radial_outward"": 1}","{""coast"": 2498, ""radial_outward"": 1, ""retrograde_outward"": 1}",99.92,0.0,0.0,0.0,0.04,0.04,7.773592452822642e-05,1.4212197434726547e-05,[],[]
action_expanded,action_space,260,40,recoverability,expanded,0,action_expanded,1.0,170.0,8000.0,1.0,True,True,True,True,-69.01423483018289,-4727.470714164705,-0.01640397336941329,-1.1236711366960404,-2623.1083984375,False,0.9186216777498761,0.04348345057112868,False,1,42,1709.513671875,2275.509765625,11.434367729151932,266,True,False,success,phase76_handoff,"{""phase76_handoff"": 42}",2.104654818683916e-16,6.067846121554851e-10,0.984807753012208,1.0000000000000073,1.0000000000000073,False,0,4.632949875670622e-07,2.104654818683916e-16,6.067846121554851e-10,0.015192246987791962,3.0339234160109173e-10,0,0,0.0,0,0,0,0,0.00449049999951967,{},{},0.0,0.0,0.0,0.0,0.0,0.0,0.0,0.0,[],[]
action_expanded,action_space,260,40,recoverability,expanded,0,action_expanded,1.02,150.0,8000.0,1.0,False,False,False,False,,,,,,False,,,False,0,,99820279382.32812,99820279382.32812,5029.656603951787,100000,False,True,max_steps,coast,"{""coast"": 99920, ""predictive_descent"": 80}",0.01960784313725499,0.5072744786982906,0.8574929257125444,0.22689513217262952,1.7257991233397099,False,0,0.01642662680279316,0.009803921568627649,0.5023472234852735,0.12965524072353934,0.7712148313847169,0,99920,0.0,0,0,2500,42500,17.979680600001302,"{""coast"": 2498, ""diagonal"": 1, ""retrograde"": 1}","{""coast"": 2498, ""medium_retrograde"": 1, ""strong_retrograde_inward"": 1}",99.92,0.0,0.04,0.0,0.0,0.04,0.0001584499877989256,6.8547022116227654e-09,[],[]
action_expanded,action_space,260,40,recoverability,expanded,0,action_expanded,1.05,150.0,8000.0,1.0,False,False,False,False,,,,,,False,,,False,0,,324526220347.49805,324526220347.49805,5058.523192211264,100000,False,True,max_steps,coast,"{""coast"": 99920, ""predictive_descent"": 80}",0.04761904761904765,0.5748984748158156,0.8451542547285167,0.2144426353656878,1.7396493475795296,False,0,0.04605976916822804,0.023809523809523878,0.564270936686211,0.12321610416249097,0.7789577799093951,0,99920,0.0,0,0,2500,42500,18.09136370000124,"{""coast"": 2498, ""diagonal"": 1, ""retrograde"": 1}","{""coast"": 2498, ""medium_retrograde"": 1, ""strong_retrograde_inward"": 1}",99.92,0.0,0.04,0.0,0.0,0.04,0.0001584499877989256,6.857195372589331e-09,[],[]
action_expanded,action_space,260,40,recoverability,expanded,0,action_expanded,1.02,165.0,8000.0,1.0,False,False,False,False,,,,,,False,,,False,0,,89779592482.16016,89779592482.16016,6033.135614574299,100000,False,True,max_steps,coast,"{""coast"": 99920, ""predictive_descent"": 80}",0.019607843137254777,1.187265930181245,0.956409083597835,0.3268958472801989,1.8348294980189903,False,0,0.015757116001747576,0.009803921568627437,1.1891385894830575,0.029256558656644043,0.6708165899342,0,99920,0.0,0,0,2500,42500,19.479093199999625,"{""coast"": 2498, ""diagonal"": 1, ""retrograde"": 1}","{""coast"": 2498, ""medium_retrograde"": 1, ""strong_retrograde_inward"": 1}",99.92,0.0,0.04,0.0,0.0,0.04,0.0001584499877989256,6.8263585816907835e-09,[],[]
action_expanded,action_space,260,40,recoverability,expanded,0,action_expanded,1.0,175.0,8000.0,1.0,True,True,True,True,-31.058008674702325,-3664.12991433049,-0.0073821690331051645,-0.8709259717889519,-762.443359375,False,0.7055993803725469,0.02761116937756757,False,1,8,596.3916015625,607.4658203125,3.3645032623345292,230,True,False,success,phase76_handoff,"{""phase76_handoff"": 8}",2.104654818683916e-16,1.6197255112205923e-10,0.9961946980917454,1.0000000000000075,1.0000000000000075,False,0,4.020464845759737e-07,2.104654818683916e-16,1.6197255112205923e-10,0.0038053019082545138,8.098627137007804e-11,0,0,0.0,0,0,0,0,0.00479799999811803,{},{},0.0,0.0,0.0,0.0,0.0,0.0,0.0,0.0,[],[]
action_expanded,action_space,260,40,recoverability,expanded,0,action_expanded,1.05,165.0,8000.0,1.0,False,False,False,False,,,,,,False,,,False,0,,314629551039.9375,314629551039.9375,6047.652518183056,100000,False,True,max_steps,coast,"{""coast"": 99920, ""predictive_descent"": 80}",0.04761904761904765,1.2451053343740572,0.942647084338374,0.3129597745397953,1.846350542391873,False,0,0.04539987165357044,0.023809523809523878,1.2512329677334086,0.022074635036229126,0.6778167419771868,0,99920,0.0,0,0,2500,42500,19.45077350000065,"{""coast"": 2498, ""diagonal"": 1, ""retrograde"": 1}","{""coast"": 2498, ""medium_retrograde"": 1, ""strong_retrograde_inward"": 1}",99.92,0.0,0.04,0.0,0.0,0.04,0.00015844998779892557,6.8300682547040025e-09,[],[]
action_expanded,action_space,260,40,recoverability,expanded,0,action_expanded,0.98,170.0,8000.0,1.0,False,False,False,False,,,,,,False,,,False,0,,76241175967.17676,76241175967.17676,7370.388115220575,100000,False,True,max_steps,coast,"{""coast"": 99880, ""predictive_descent"": 120}",0.020408163265306496,2.384088968803458,0.9948060576000269,0.5795956973861693,1.8506449546822594,False,0,0.01531386761556849,0.010204081632653406,2.3702480791154237,0.020128657787653964,1.576623396987619,0,99880,0.0,0,0,2500,42500,15.140934200000629,"{""coast"": 2497, ""diagonal"": 1, ""radial_outward"": 1, ""retrograde"": 1}","{""coast"": 2497, ""radial_outward"": 1, ""retrograde_outward"": 1, ""small_retrograde"": 1}",99.88,0.0,0.04,0.0,0.04,0.04,0.00010573592452822643,1.1440971023901626e-08,[],[]
action_expanded,action_space,260,40,recoverability,expanded,0,action_expanded,1.02,170.0,8000.0,1.0,False,False,False,False,,,,,,False,,,False,0,,86219804468.74512,86219804468.74512,6390.2500808095965,100000,False,True,max_steps,predictive_descent,"{""predictive_descent"": 100000}",0.01960784313725499,1.4354070515106494,0.9751049769494176,0.3243682398643836,1.8900023497810177,False,0,0.0155200635038223,0.009803921568627649,1.4397611220257558,0.010280457151176597,0.6735150846591481,0,0,0.0,0,0,2500,42500,19.08820889999697,"{""diagonal"": 1, ""retrograde"": 2499}","{""medium_retrograde"": 1, ""small_retrograde"": 2498, ""strong_retrograde_inward"": 1}",0.0,0.0,99.96,0.0,0.0,0.04,0.07010244998779894,6.829846190203881e-09,[],[]
action_expanded,action_space,260,40,recoverability,expanded,0,action_expanded,1.0,150.0,10000.0,1.0,True,True,True,True,-56.806558896857226,-3462.776521423222,-0.013502334433540864,-0.823066342493355,-3817.8857421875,False,0.6746558758239845,0.02052503083453011,False,1,1711,693.05859375,2453.6474609375,78.06700913583241,1927,True,False,success,phase76_handoff,"{""phase76_handoff"": 1711}",0.0,6.542913016537822e-10,0.8660254037844387,1.000000000000006,1.0000000000000058,False,0,2.9618460471386597e-06,0.0,6.542913016537822e-10,0.13397459621556124,3.271454664854056e-10,0,0,0.0,0,0,0,0,0.06224080000174581,{},{},0.0,0.0,0.0,0.0,0.0,0.0,0.0,0.0,[],[]
action_expanded,action_space,260,40,recoverability,expanded,0,action_expanded,0.98,175.0,8000.0,1.0,False,False,False,False,,,,,,False,,,False,0,,79861176468.02734,79861176468.02734,7013.651143405971,100000,False,True,max_steps,coast,"{""coast"": 99880, ""predictive_descent"": 120}",0.020408163265306287,2.553964103785982,1.0063086091467979,0.8924458705110316,1.8959860515491949,False,0,0.01555643515091612,0.010204081632653197,2.5384244627481225,0.008798790486491197,0.1125637395386414,0,99880,0.0,0,0,2500,42500,14.733188499998505,"{""coast"": 2497, ""diagonal"": 1, ""prograde"": 1, ""radial_outward"": 1}","{""coast"": 2497, ""radial_outward"": 1, ""retrograde_outward"": 1, ""small_prograde"": 1}",99.88,0.04,0.0,0.0,0.04,0.04,0.00010573592452822643,1.1496257728804692e-08,[],[]
action_expanded,action_space,260,40,recoverability,expanded,0,action_expanded,1.05,170.0,8000.0,1.0,False,False,False,False,,,,,,False,,,False,0,,315583079010.0654,315583079010.0654,5953.857025871133,100000,False,True,max_steps,coast,"{""coast"": 99800, ""predictive_descent"": 200}",0.047619047619047436,1.1936766694980965,0.9610739580048949,0.33149367989975986,1.7684664604367275,False,0,0.04546453241303624,0.02380952380952366,1.1985185862355487,0.0029581412233598363,0.6586949693530337,0,99800,0.0,0,0,2500,42500,19.497633799997857,"{""coast"": 2495, ""diagonal"": 1, ""radial_inward"": 1, ""retrograde"": 3}","{""coast"": 2495, ""medium_retrograde"": 1, ""prograde_inward"": 1, ""radial_inward"": 1, ""small_retrograde"": 2}",99.8,0.0,0.12,0.04,0.0,0.04,0.00018973592452822642,1.1373006376391715e-08,[],[]
action_expanded,action_space,260,40,recoverability,expanded,0,action_expanded,0.98,150.0,10000.0,1.0,False,False,False,False,,,,,,False,,,False,0,,73503600577.52051,73503600577.52051,7641.444867204002,100000,False,True,max_steps,coast,"{""coast"": 99880, ""predictive_descent"": 120}",0.020408163265306076,2.28076684530052,0.8748177652797064,0.0464839898120614,1.8225166083328077,False,0,0.015131208993974738,0.01020408163265299,2.2679591768475147,0.1383156030192956,1.0462626624945388,0,99880,0.0,0,0,2500,42500,11.103946899998846,"{""coast"": 2497, ""diagonal"": 2, ""prograde"": 1}","{""coast"": 2497, ""retrograde_outward"": 2, ""small_prograde"": 1}",99.88,0.04,0.0,0.0,0.0,0.08,0.00010347184905645283,1.7758135364753347e-05,[],[]
action_expanded,action_space,260,40,recoverability,expanded,0,action_expanded,1.0,165.0,10000.0,1.0,True,True,True,True,-44.60852682385054,-3025.2685757801814,-0.010602987744017904,-0.7190752063618795,-2523.248046875,False,0.5879837507187582,0.01630347108872191,False,1,41,1109.8916015625,1452.48828125,20.02351591027418,257,True,False,success,phase76_handoff,"{""phase76_handoff"": 41}",2.104654818683916e-16,3.8731520650728185e-10,0.9659258262890681,1.000000000000006,1.000000000000006,False,0,4.4768223066228917e-07,2.104654818683916e-16,3.8731520650728185e-10,0.034074173710931875,1.9365753166188975e-10,0,0,0.0,0,0,0,0,0.00459950000004028,{},{},0.0,0.0,0.0,0.0,0.0,0.0,0.0,0.0,[],[]
action_expanded,action_space,260,40,recoverability,expanded,0,action_expanded,1.02,165.0,10000.0,1.0,False,False,False,False,,,,,,False,,,False,0,,149624832579.19238,149624832579.19238,4345.678956589375,865,True,False,radial_stall,coast,"{""coast"": 785, ""predictive_descent"": 80}",0.019607843137254777,0.16522473679460892,0.956409083597835,0.03462568379020242,1.4281227921411994,False,0,0.01996973284271074,0.009803921568627437,0.15687698416255508,0.029256558656644043,0.9648570788759904,0,785,0.0,0,0,22,374,0.12933630000043195,"{""coast"": 20, ""radial_inward"": 1, ""retrograde"": 1}","{""coast"": 20, ""radial_inward"": 1, ""small_retrograde"": 1}",90.9090909090909,0.0,4.545454545454546,4.545454545454546,0.0,0.0,0.007727272727272728,1.2753891552157044e-06,[],[]
action_expanded,action_space,260,40,recoverability,expanded,0,action_expanded,1.05,165.0,10000.0,1.0,False,False,False,False,,,,,,False,,,False,0,,374623491045.89844,374623491045.89844,4360.936919001045,865,True,False,radial_stall,coast,"{""coast"": 785, ""predictive_descent"": 80}",0.04761904761904765,0.22831898996820993,0.942647084338374,0.020862883865299987,1.4217014470682159,False,0,0.04996066840948617,0.023809523809523878,0.20902696471741522,0.022074635036229126,0.9783573626146191,0,785,0.0,0,0,22,374,0.13435570000001462,"{""coast"": 20, ""radial_inward"": 1, ""retrograde"": 1}","{""coast"": 20, ""radial_inward"": 1, ""small_retrograde"": 1}",90.9090909090909,0.0,4.545454545454546,4.545454545454546,0.0,0.0,0.007727272727272728,1.2802791473945616e-06,[],[]
action_expanded,action_space,260,40,recoverability,expanded,0,action_expanded,1.02,175.0,8000.0,1.0,False,False,False,False,,,,,,False,,,False,0,,87065890060.35059,87065890060.35059,6307.331404718206,100000,False,True,max_steps,predictive_descent,"{""predictive_descent"": 100000}",0.019607843137254777,1.4040115599188268,0.9863797326419318,0.36481126107613276,1.8503131721233128,False,0,0.015577592423665633,0.009803921568627437,1.408051675518015,0.0011632810242118924,1.3672328010358115,0,0,0.0,0,0,2500,42500,19.279939599997306,"{""diagonal"": 1, ""radial_inward"": 1, ""retrograde"": 2498}","{""medium_retrograde"": 1, ""prograde_inward"": 1, ""radial_inward"": 1, ""small_retrograde"": 2497}",0.0,0.0,99.92,0.04,0.0,0.04,0.07004973592452823,1.1377894111941345e-08,[],[]
action_expanded,action_space,260,40,recoverability,expanded,0,action_expanded,1.0,170.0,10000.0,1.0,True,True,True,True,-14.98621570953258,-4062.7001351939803,-0.0035620692457484443,-0.9656620114621247,-1402.0849609375,False,0.7768040924515426,0.02687945836559521,False,1,26,96.537109375,1044.1005859375,8.944379745003824,243,True,False,success,phase76_handoff,"{""phase76_handoff"": 26}",2.104654818683916e-16,2.7841236850026503e-10,0.984807753012208,1.0000000000000058,1.0000000000000058,False,0,4.240856750450103e-07,2.104654818683916e-16,2.7841236850026503e-10,0.015192246987791962,1.3920605199046318e-10,0,0,0.0,0,0,0,0,0.005660999999236083,{},{},0.0,0.0,0.0,0.0,0.0,0.0,0.0,0.0,[],[]
action_expanded,action_space,260,40,recoverability,expanded,0,action_expanded,1.05,175.0,8000.0,1.0,False,False,False,False,,,,,,False,,,False,0,,312027784650.41113,312027784650.41113,6310.285141544167,100000,False,True,max_steps,predictive_descent,"{""coast"": 39920, ""predictive_descent"": 60080}",0.04761904761904765,1.4727669350815682,0.9721864785386766,0.3779297015446338,1.8429814424934339,False,0,0.04522768418450038,0.023809523809523878,1.4845861084586074,0.008570262013884953,1.3889384316494193,0,39920,0.0,0,0,2500,42500,19.24005770000076,"{""coast"": 998, ""diagonal"": 1, ""radial_inward"": 1, ""retrograde"": 1500}","{""coast"": 998, ""medium_retrograde"": 1, ""prograde_inward"": 1, ""radial_inward"": 1, ""small_retrograde"": 1499}",39.92,0.0,60.0,0.04,0.0,0.04,0.04210573592452823,1.137465414107197e-08,[],[]
action_expanded,action_space,260,40,recoverability,expanded,0,action_expanded,1.02,150.0,10000.0,1.0,False,False,False,False,,,,,,False,,,False,0,,87655012837.91504,87655012837.91504,6248.7963092026885,100000,False,True,max_steps,coast,"{""coast"": 99840, ""predictive_descent"": 160}",0.01960784313725499,1.26857778710544,0.8574929257125444,0.19758999741601208,1.8548228584815822,False,0,0.0156172871730592,0.009803921568627649,1.2712635649764943,0.12965524072353934,1.1989170022235835,0,99840,0.0,0,0,2500,42500,15.523099900001398,"{""coast"": 2496, ""diagonal"": 1, ""radial_inward"": 1, ""retrograde"": 2}","{""coast"": 2496, ""prograde_inward"": 1, ""radial_inward"": 1, ""small_retrograde"": 2}",99.84,0.0,0.08,0.04,0.0,0.04,0.00013373592452822642,1.5623954651022843e-08,[],[]
action_expanded,action_space,260,40,recoverability,expanded,0,action_expanded,1.05,150.0,10000.0,1.0,False,False,False,False,,,,,,False,,,False,0,,312362174514.38184,312362174514.38184,6277.422441779943,100000,False,True,max_steps,coast,"{""coast"": 99840, ""predictive_descent"": 160}",0.04761904761904765,1.350728068785586,0.8451542547285167,0.2099886321584733,1.8679514733463263,False,0,0.045250483416067674,0.023809523809523878,1.3594962705052256,0.12321610416249097,1.2161146500090698,0,99840,0.0,0,0,2500,42500,15.59623069999725,"{""coast"": 2496, ""diagonal"": 1, ""radial_inward"": 1, ""retrograde"": 2}","{""coast"": 2496, ""prograde_inward"": 1, ""radial_inward"": 1, ""small_retrograde"": 2}",99.84,0.0,0.08,0.04,0.0,0.04,0.00013373592452822642,1.570043893091011e-08,[],[]
action_expanded,action_space,260,40,recoverability,expanded,0,action_expanded,1.0,175.0,10000.0,1.0,True,True,True,True,-79.19029577566481,-3603.0741488999756,-0.01882271833073839,-0.8564136446924371,-4727.6806640625,False,0.7077181783811932,0.021957297513013917,False,1,7,2218.6337890625,2824.8642578125,3.50178163891905,224,True,False,success,phase76_handoff,"{""phase76_handoff"": 7}",2.104654818683916e-16,7.532826887231708e-10,0.9961946980917454,1.0000000000000058,1.0000000000000058,False,0,3.9194432095307846e-07,2.104654818683916e-16,7.532826887231708e-10,0.0038053019082545138,3.766413375752306e-10,0,0,0.0,0,0,0,0,0.003226099997846177,{},{},0.0,0.0,0.0,0.0,0.0,0.0,0.0,0.0,[],[]
action_expanded,action_space,260,40,recoverability,expanded,0,action_expanded,0.98,170.0,10000.0,1.0,False,False,False,False,,,,,,False,,,False,0,,87233323841.75,87233323841.75,6277.3382664235505,100000,False,True,max_steps,coast,"{""coast"": 99960, ""predictive_descent"": 40}",0.020408163265306496,2.1756347206130084,0.9948060576000269,0.9863812952385799,1.7934455875462758,False,0,0.01604764273940445,0.010204081632653406,2.163878373406878,0.020128657787653964,0.020130098041787628,0,99960,0.0,0,0,2500,42500,13.122388699997828,"{""coast"": 2499, ""radial_outward"": 1}","{""coast"": 2499, ""radial_outward"": 1}",99.96,0.0,0.0,0.0,0.04,0.0,4e-05,7.207908648432238e-09,[],[]
action_expanded,action_space,260,40,recoverability,expanded,0,action_expanded,0.98,165.0,10000.0,1.0,False,False,False,False,,,,,,False,,,False,0,,83618167850.35059,83618167850.35059,6638.428136086643,100000,False,True,max_steps,coast,"{""coast"": 99960, ""predictive_descent"": 40}",0.020408163265306076,2.4022249608839545,0.9757324312745989,0.9669976051605442,1.8555422156152144,False,0,0.01580653493683591,0.01020408163265299,2.3882027112751154,0.03891593766554585,0.03891735030532278,0,99960,0.0,0,0,2500,42500,14.777774899997894,"{""coast"": 2499, ""radial_outward"": 1}","{""coast"": 2499, ""radial_outward"": 1}",99.96,0.0,0.0,0.0,0.04,0.0,4e-05,7.193714758546576e-09,[],[]
action_expanded,action_space,260,40,recoverability,expanded,0,action_expanded,1.02,170.0,10000.0,1.0,False,False,False,False,,,,,,False,,,False,0,,101729350874.55957,101729350874.55957,4838.9773927922815,100000,False,True,max_steps,coast,"{""coast"": 99920, ""predictive_descent"": 80}",0.01960784313725499,0.35285986933378966,0.9751049769494176,0.05365873912033832,1.503874307863091,False,0,0.01655381925165146,0.009803921568627649,0.34638846802712764,0.010280457151176597,0.9458806923893647,0,99920,0.0,0,0,2500,42500,14.114831300001242,"{""coast"": 2498, ""radial_inward"": 1, ""retrograde"": 1}","{""coast"": 2498, ""radial_inward"": 1, ""small_retrograde"": 1}",99.92,0.0,0.04,0.04,0.0,0.0,6.8e-05,1.2339186630239141e-08,[],[]
action_expanded,action_space,260,40,recoverability,expanded,0,action_expanded,1.0,150.0,12000.0,1.0,True,True,True,True,-39.80874820360246,-4852.3106761866475,-0.009462129762191896,-1.1533443108967762,-1244.0107421875,False,0.9340300045979194,0.03135376273812549,False,4,55,51.9462890625,217.6943359375,21.73237089833826,270,True,False,success,phase76_handoff,"{""phase76_handoff"": 55}",0.0,5.8064900861706823e-11,0.8660254037844387,1.000000000000005,1.0000000000000049,False,0,4.690833186853781e-07,0.0,5.8064900861706823e-11,0.13397459621556124,2.9032625308901102e-11,0,0,0.0,0,0,0,0,0.008431300000665942,{},{},0.0,0.0,0.0,0.0,0.0,0.0,0.0,0.0,[],[]
action_expanded,action_space,260,40,recoverability,expanded,0,action_expanded,1.02,150.0,12000.0,1.0,False,False,False,False,,,,,,False,,,False,0,,149620337131.72852,149620337131.72852,4442.661934961422,860,True,False,radial_stall,coast,"{""coast"": 780, ""predictive_descent"": 80}",0.01960784313725499,0.2785604112244225,0.8574929257125444,0.2486619065189604,1.3830460481120777,False,0,0.01996960734570092,0.009803921568627649,0.2713460153366668,0.12965524072353934,1.2523762619859795,0,780,0.0,0,0,22,374,0.12139240000033169,"{""coast"": 20, ""radial_inward"": 1, ""retrograde"": 1}","{""coast"": 20, ""radial_inward"": 1, ""small_retrograde"": 1}",90.9090909090909,0.0,4.545454545454546,4.545454545454546,0.0,0.0,0.007727272727272729,1.2817462834940392e-06,[],[]
action_expanded,action_space,260,40,recoverability,expanded,0,action_expanded,1.05,170.0,10000.0,1.0,False,False,False,False,,,,,,False,,,False,0,,326631529290.91895,326631529290.91895,4848.160341868105,100000,False,True,max_steps,coast,"{""coast"": 99920, ""predictive_descent"": 80}",0.047619047619047436,0.41325421172849236,0.9610739580048949,0.039531833269951834,1.4967104971748728,False,0,0.04620003002430198,0.02380952380952366,0.3985855670217047,0.0029581412233598363,0.9592405899147458,0,99920,0.0,0,0,2500,42500,14.182536500000424,"{""coast"": 2498, ""radial_inward"": 1, ""retrograde"": 1}","{""coast"": 2498, ""radial_inward"": 1, ""small_retrograde"": 1}",99.92,0.0,0.04,0.04,0.0,0.0,6.8e-05,1.236912082207553e-08,[],[]
action_expanded,action_space,260,40,recoverability,expanded,0,action_expanded,0.98,175.0,10000.0,1.0,False,False,False,False,,,,,,False,,,False,0,,90906380198.01855,90906380198.01855,5910.295175908834,100000,False,True,max_steps,coast,"{""coast"": 99960, ""predictive_descent"": 40}",0.020408163265306287,1.9455285563660243,1.0063086091467979,0.9982810820470072,1.7281033879145407,False,0,0.01629257217136181,0.010204081632653197,1.9360732708023638,0.008798790486491197,0.008800247393698672,0,99960,0.0,0,0,2500,42500,13.347709300000133,"{""coast"": 2499, ""radial_outward"": 1}","{""coast"": 2499, ""radial_outward"": 1}",99.96,0.0,0.0,0.0,0.04,0.0,4e-05,7.216560533596094e-09,[],[]
action_expanded,action_space,260,40,recoverability,expanded,0,action_expanded,1.0,165.0,12000.0,1.0,True,True,True,True,-49.89490215814327,-3804.1918098357014,-0.011859504757034702,-0.904217242924399,-3756.763671875,False,0.7376052005488627,0.020534347013872814,False,1,47,861.8408203125,1917.5859375,12.276941494087875,260,True,False,success,phase76_handoff,"{""phase76_handoff"": 47}",2.104654818683916e-16,5.113431463687706e-10,0.9659258262890681,1.0000000000000049,1.0000000000000049,False,0,4.53347220796274e-07,2.104654818683916e-16,5.113431463687706e-10,0.034074173710931875,2.556716006393791e-10,0,0,0.0,0,0,0,0,0.005370900002162671,{},{},0.0,0.0,0.0,0.0,0.0,0.0,0.0,0.0,[],[]
action_expanded,action_space,260,40,recoverability,expanded,0,action_expanded,0.98,150.0,12000.0,1.0,False,False,False,False,,,,,,False,,,False,0,,95577037244.05957,95577037244.05957,5437.1769959579515,100000,False,True,max_steps,coast,"{""coast"": 99920, ""predictive_descent"": 80}",0.020408163265306076,1.1504708895746707,0.8748177652797064,0.7115308592344252,1.4802962248564964,False,0,0.016602338880699084,0.01020408163265299,1.148966180678924,0.1383156030192956,0.2939617604035684,0,99920,0.0,0,0,2500,42500,10.264473300001555,"{""coast"": 2498, ""diagonal"": 1, ""retrograde"": 1}","{""coast"": 2498, ""retrograde_outward"": 1, ""small_retrograde"": 1}",99.92,0.0,0.04,0.0,0.0,0.04,6.573592452822642e-05,8.616905750447046e-09,[],[]
action_expanded,action_space,260,40,recoverability,expanded,0,action_expanded,1.02,175.0,10000.0,1.0,False,False,False,False,,,,,,False,,,False,0,,98126444131.70605,98126444131.70605,5199.259923677327,100000,False,True,max_steps,coast,"{""coast"": 99920, ""predictive_descent"": 80}",0.019607843137254777,0.557622752993611,0.9863797326419318,0.06503618844322666,1.5770819442013588,False,0,0.016313625613657932,0.009803921568627437,0.5531989805235472,0.0011632810242118924,0.9344366758638073,0,99920,0.0,0,0,2500,42500,14.213739899998473,"{""coast"": 2498, ""radial_inward"": 1, ""retrograde"": 1}","{""coast"": 2498, ""radial_inward"": 1, ""small_retrograde"": 1}",99.92,0.0,0.04,0.04,0.0,0.0,6.8e-05,1.3334416040233776e-08,[],[]
action_expanded,action_space,260,40,recoverability,expanded,0,action_expanded,1.05,175.0,10000.0,1.0,False,False,False,False,,,,,,False,,,False,0,,323080428582.16797,323080428582.16797,5203.265663194206,100000,False,True,max_steps,coast,"{""coast"": 99920, ""predictive_descent"": 80}",0.04761904761904765,0.6150707289801124,0.9721864785386766,0.050736312379990205,1.5692183820657692,False,0,0.04596329091272327,0.023809523809523878,0.6054474972046152,0.008570262013884953,0.9477119142796911,0,99920,0.0,0,0,2500,42500,14.152936700000282,"{""coast"": 2498, ""radial_inward"": 1, ""retrograde"": 1}","{""coast"": 2498, ""radial_inward"": 1, ""small_retrograde"": 1}",99.92,0.0,0.04,0.04,0.0,0.0,6.8e-05,1.3350144764778804e-08,[],[]
action_expanded,action_space,260,40,recoverability,expanded,0,action_expanded,1.0,170.0,12000.0,1.0,True,True,True,True,-59.11783526958399,-2644.140708489538,-0.014051701041181388,-0.628485034627588,-4974.4609375,False,0.5196500696147496,0.011302579212861713,False,1,19,567.279296875,2772.2412109375,6.334229874531584,231,True,False,success,phase76_handoff,"{""phase76_handoff"": 19}",2.104654818683916e-16,7.392509550470052e-10,0.984807753012208,1.000000000000005,1.0000000000000049,False,0,4.0389829571496205e-07,2.104654818683916e-16,7.392509550470052e-10,0.015192246987791962,3.696254979829826e-10,0,0,0.0,0,0,0,0,0.004035199999634642,{},{},0.0,0.0,0.0,0.0,0.0,0.0,0.0,0.0,[],[]
action_expanded,action_space,260,40,recoverability,expanded,0,action_expanded,0.98,165.0,12000.0,1.0,False,False,False,False,,,,,,False,,,False,0,,72677942589.08496,72677942589.08496,7724.837487893811,100000,False,True,max_steps,coast,"{""coast"": 99880, ""predictive_descent"": 120}",0.020408163265306076,2.3678835879240063,0.9757324312745989,0.12905249092399856,1.8462624635077896,False,0,0.015076644094676007,0.01020408163265299,2.354204752044766,0.03891593766554585,1.1284523039542778,0,99880,0.0,0,0,2500,42500,9.106604900000093,"{""coast"": 2497, ""diagonal"": 2, ""prograde"": 1}","{""coast"": 2497, ""retrograde_outward"": 2, ""small_prograde"": 1}",99.88,0.04,0.0,0.0,0.0,0.08,0.00010347184905645283,2.1309671651335195e-05,[],[]
action_expanded,action_space,260,40,recoverability,expanded,0,action_expanded,0.98,170.0,12000.0,1.0,False,False,False,False,,,,,,False,,,False,0,,76298194216.76562,76298194216.76562,7362.753470091987,100000,False,True,max_steps,coast,"{""coast"": 99880, ""predictive_descent"": 120}",0.020408163265306496,2.0537781927310266,0.9948060576000269,0.11023136265988735,1.7591420905655575,False,0,0.0153179783476049,0.010204081632653406,2.043240410803716,0.020128657787653964,1.109665228531562,0,99880,0.0,0,0,2500,42500,9.345893099998648,"{""coast"": 2497, ""diagonal"": 2, ""prograde"": 1}","{""coast"": 2497, ""retrograde_outward"": 2, ""small_prograde"": 1}",99.88,0.04,0.0,0.0,0.0,0.08,0.00010347184905645282,2.130968112138234e-05,[],[]
action_expanded,action_space,260,40,recoverability,expanded,0,action_expanded,1.05,150.0,12000.0,1.0,False,False,False,False,,,,,,False,,,False,0,,328960131292.9336,328960131292.9336,4614.793348465388,100000,False,True,max_steps,coast,"{""coast"": 99920, ""predictive_descent"": 80}",0.04761904761904765,0.35638230980287666,0.8451542547285167,0.2625231290384845,1.3810571699195355,False,0,0.04635524418266683,0.023809523809523878,0.3402918675479486,0.12321610416249097,1.2707557564729326,0,99920,0.0,0,0,2500,42500,13.785423699999228,"{""coast"": 2498, ""radial_inward"": 1, ""retrograde"": 1}","{""coast"": 2498, ""radial_inward"": 1, ""small_retrograde"": 1}",99.92,0.0,0.04,0.04,0.0,0.0,6.8e-05,1.1465381224162741e-08,[],[]
action_expanded,action_space,260,40,recoverability,expanded,0,action_expanded,1.0,175.0,12000.0,1.0,True,True,True,True,-49.59440466036998,-3805.3841505526866,-0.011788079594339244,-0.9045006500420295,-4449.8916015625,False,0.7377462161401496,0.02054370229463622,False,1,25,509.548828125,2621.802734375,2.228509408401243,238,True,False,success,phase76_handoff,"{""phase76_handoff"": 25}",2.104654818683916e-16,6.99134129548071e-10,0.9961946980917454,1.0000000000000049,1.0000000000000049,False,0,4.161105787678352e-07,2.104654818683916e-16,6.99134129548071e-10,0.0038053019082545138,3.4956702192990726e-10,0,0,0.0,0,0,0,0,0.003851500001474051,{},{},0.0,0.0,0.0,0.0,0.0,0.0,0.0,0.0,[],[]
action_expanded,action_space,260,40,recoverability,expanded,0,action_expanded,1.02,165.0,12000.0,1.0,False,False,False,False,,,,,,False,,,False,0,,94201346339.39062,94201346339.39062,5591.789594267276,100000,False,True,max_steps,coast,"{""coast"": 99920, ""predictive_descent"": 80}",0.019607843137254777,0.8144499194979767,0.956409083597835,0.15083254334560356,1.6332605340252782,False,0,0.01605205292395984,0.009803921568627437,0.8125944186929566,0.029256558656644043,1.1519765324538946,0,99920,0.0,0,0,2500,42500,13.587254599999142,"{""coast"": 2498, ""radial_inward"": 1, ""retrograde"": 1}","{""coast"": 2498, ""radial_inward"": 1, ""small_retrograde"": 1}",99.92,0.0,0.04,0.04,0.0,0.0,6.8e-05,1.4219453183805797e-08,[],[]
action_expanded,action_space,260,40,recoverability,expanded,0,action_expanded,1.05,165.0,12000.0,1.0,False,False,False,False,,,,,,False,,,False,0,,319053047028.8779,319053047028.8779,5605.964842304953,100000,False,True,max_steps,coast,"{""coast"": 99920, ""predictive_descent"": 80}",0.04761904761904765,0.8845608346846637,0.942647084338374,0.16466435481658614,1.6282452369472966,False,0,0.045694885666369284,0.023809523809523878,0.8816748555517804,0.022074635036229126,1.1696132622808957,0,99920,0.0,0,0,2500,42500,13.424723099997209,"{""coast"": 2498, ""radial_inward"": 1, ""retrograde"": 1}","{""coast"": 2498, ""radial_inward"": 1, ""small_retrograde"": 1}",99.92,0.0,0.04,0.04,0.0,0.0,6.8e-05,1.4252305367623564e-08,[],[]
action_expanded,action_space,260,40,recoverability,expanded,0,action_expanded,1.02,170.0,12000.0,1.0,False,False,False,False,,,,,,False,,,False,0,,90652729375.9082,90652729375.9082,5946.716243031799,100000,False,True,max_steps,coast,"{""coast"": 99920, ""predictive_descent"": 80}",0.01960784313725499,1.0396120557289614,0.9751049769494176,0.13206065191763178,1.712910905025318,False,0,0.015815495623123708,0.009803921568627649,1.040008176286251,0.010280457151176597,1.1330000889710408,0,99920,0.0,0,0,2500,42500,13.36676979999902,"{""coast"": 2498, ""radial_inward"": 1, ""retrograde"": 1}","{""coast"": 2498, ""radial_inward"": 1, ""small_retrograde"": 1}",99.92,0.0,0.04,0.04,0.0,0.0,6.8e-05,1.521148132814787e-08,[],[]
action_expanded_burn_hold,action_space,260,40,recoverability,expanded,2,action_expanded_burn_hold,1.0,150.0,8000.0,1.0,True,True,True,True,-38.530447607905636,-3195.2769906896274,-0.009158290866034995,-0.7594844569695679,-2413.50390625,False,0.6185775149366969,0.021872411989640565,False,1,128,1076.5029296875,2220.5693359375,28.016402607368157,349,True,False,success,phase76_handoff,"{""phase76_handoff"": 128}",0.0,5.921338994971445e-10,0.8660254037844387,1.0000000000000075,1.0000000000000073,False,0,5.993435436858285e-07,0.0,5.921338994971445e-10,0.13397459621556124,2.9606680816445473e-10,0,0,0.0,0,0,0,0,0.009143500003119698,{},{},0.0,0.0,0.0,0.0,0.0,0.0,0.0,0.0,[],[]
action_expanded,action_space,260,40,recoverability,expanded,0,action_expanded,1.05,170.0,12000.0,1.0,False,False,False,False,,,,,,False,,,False,0,,315555454265.1885,315555454265.1885,5955.791440419789,100000,False,True,max_steps,coast,"{""coast"": 99920, ""predictive_descent"": 80}",0.047619047619047436,1.1064830789009705,0.9610739580048949,0.14617069339136066,1.707006518231679,False,0,0.04546173053425591,0.02380952380952366,1.1091451558734948,0.0029581412233598363,1.1504964338036183,0,99920,0.0,0,0,2500,42500,13.37584589999824,"{""coast"": 2498, ""radial_inward"": 1, ""retrograde"": 1}","{""coast"": 2498, ""radial_inward"": 1, ""small_retrograde"": 1}",99.92,0.0,0.04,0.04,0.0,0.0,6.8e-05,1.5229827674101416e-08,[],[]
action_expanded,action_space,260,40,recoverability,expanded,0,action_expanded,0.98,175.0,12000.0,1.0,False,False,False,False,,,,,,False,,,False,0,,79974350106.51172,79974350106.51172,6995.103310573177,100000,False,True,max_steps,coast,"{""coast"": 99880, ""predictive_descent"": 120}",0.020408163265306287,1.7522032378901389,1.0063086091467979,0.09889217128570967,1.6712292375714448,False,0,0.01556304523095399,0.010204081632653197,1.7446812055112373,0.008798790486491197,1.0983355551903646,0,99880,0.0,0,0,2500,42500,9.715882799999235,"{""coast"": 2497, ""diagonal"": 2, ""prograde"": 1}","{""coast"": 2497, ""retrograde_outward"": 2, ""small_prograde"": 1}",99.88,0.04,0.0,0.0,0.0,0.08,0.00010347184905645283,2.1309686796988193e-05,[],[]
action_expanded,action_space,260,40,recoverability,expanded,0,action_expanded,1.02,175.0,12000.0,1.0,False,False,False,False,,,,,,False,,,False,0,,87049339120.22949,87049339120.22949,6307.093388739114,100000,False,True,max_steps,coast,"{""coast"": 99920, ""predictive_descent"": 80}",0.019607843137254777,1.285327501664824,0.9863797326419318,0.12075473754988295,1.7901740486682165,False,0,0.015575280541169845,0.009803921568627437,1.2881807766814721,0.0011632810242118924,1.121556016775449,0,99920,0.0,0,0,2500,42500,11.664599100000487,"{""coast"": 2498, ""radial_inward"": 1, ""retrograde"": 1}","{""coast"": 2498, ""radial_inward"": 1, ""small_retrograde"": 1}",99.92,0.0,0.04,0.04,0.0,0.0,6.8e-05,1.621559454783039e-08,[],[]
action_expanded_burn_hold,action_space,260,40,recoverability,expanded,2,action_expanded_burn_hold,1.0,165.0,8000.0,1.0,True,True,True,True,-75.5921283924204,-3183.1688515097776,-0.017967470973745035,-0.756606476895629,-6026.451171875,False,0.6268461474885241,0.02180655982767169,False,1,79,581.3896484375,5645.37109375,18.30163168160577,300,True,False,success,phase76_handoff,"{""phase76_handoff"": 79}",2.104654818683916e-16,1.5054145521914852e-09,0.9659258262890681,1.0000000000000075,1.0000000000000073,False,0,5.203974283719617e-07,2.104654818683916e-16,1.5054145521914852e-09,0.034074173710931875,7.527071491359193e-10,0,0,0.0,0,0,0,0,0.00567120000050636,{},{},0.0,0.0,0.0,0.0,0.0,0.0,0.0,0.0,[],[]
action_expanded,action_space,260,40,recoverability,expanded,0,action_expanded,1.05,175.0,12000.0,1.0,False,False,False,False,,,,,,False,,,False,0,,312003890918.2959,312003890918.2959,6310.987263919418,100000,False,True,max_steps,coast,"{""coast"": 99920, ""predictive_descent"": 80}",0.04761904761904765,1.3486628857624927,0.9721864785386766,0.1350346973777738,1.783433768459546,False,0,0.04522497090113882,0.023809523809523878,1.357379457906555,0.008570262013884953,1.1389677036890078,0,99920,0.0,0,0,2500,42500,11.678285500001948,"{""coast"": 2498, ""radial_inward"": 1, ""retrograde"": 1}","{""coast"": 2498, ""radial_inward"": 1, ""small_retrograde"": 1}",99.92,0.0,0.04,0.04,0.0,0.0,6.8e-05,1.621935065321267e-08,[],[]
action_expanded_burn_hold,action_space,260,40,recoverability,expanded,2,action_expanded_burn_hold,0.98,150.0,8000.0,1.0,False,False,False,False,,,,,,False,,,False,0,,76382652958.22168,76382652958.22168,7365.5521780634,100000,False,True,max_steps,coast,"{""coast"": 99978, ""predictive_descent"": 22}",0.020408163265306076,2.562750214815083,0.8748177652797064,0.7201153954538234,1.89829142019494,False,0,0.015328589773292097,0.01020408163265299,2.547122712666932,0.1383156030192956,0.2835911754144487,0,99978,0.0,0,0,2500,42500,20.410934699997597,"{""coast"": 2489, ""diagonal"": 2, ""radial_outward"": 9}","{""coast"": 2489, ""retrograde_outward"": 1, ""strong_radial_outward"": 9, ""strong_retrograde_outward"": 1}",99.56,0.0,0.0,0.0,0.36,0.08,0.001004185912327152,5.408978651910701e-09,[],[]
action_expanded_burn_hold,action_space,260,40,recoverability,expanded,2,action_expanded_burn_hold,0.98,165.0,8000.0,1.0,False,False,False,False,,,,,,False,,,False,0,,75390273304.75684,75390273304.75684,7468.619316280175,100000,False,True,max_steps,coast,"{""coast"": 99974, ""predictive_descent"": 26}",0.020408163265306076,2.5572615676438324,0.9757324312745989,0.6530534923995017,1.8968440703493483,False,0,0.015265424450883004,0.01020408163265299,2.541688951967394,0.03891593766554585,0.35022104898744716,0,99974,0.0,0,0,2500,42500,20.654637999999977,"{""coast"": 2487, ""diagonal"": 3, ""radial_outward"": 10}","{""coast"": 2487, ""strong_radial_outward"": 10, ""strong_retrograde_outward"": 3}",99.48,0.0,0.0,0.0,0.4,0.12,0.001267349963396777,6.327954267515423e-09,[],[]
action_expanded_burn_hold,action_space,260,40,recoverability,expanded,2,action_expanded_burn_hold,1.0,170.0,8000.0,1.0,True,True,True,True,-69.01423483018289,-4727.470714164705,-0.01640397336941329,-1.1236711366960404,-2623.1083984375,False,0.9186216777498761,0.04348345057112868,False,1,42,1709.513671875,2275.509765625,11.434367729151932,266,True,False,success,phase76_handoff,"{""phase76_handoff"": 42}",2.104654818683916e-16,6.067846121554851e-10,0.984807753012208,1.0000000000000073,1.0000000000000073,False,0,4.632949875670622e-07,2.104654818683916e-16,6.067846121554851e-10,0.015192246987791962,3.0339234160109173e-10,0,0,0.0,0,0,0,0,0.004406399999425048,{},{},0.0,0.0,0.0,0.0,0.0,0.0,0.0,0.0,[],[]
action_expanded_burn_hold,action_space,260,40,recoverability,expanded,2,action_expanded_burn_hold,1.02,150.0,8000.0,1.0,False,False,False,False,,,,,,False,,,False,0,,150000208285.72754,170800192612.2871,2077.3209271602605,100000,False,True,max_steps,coast,"{""coast"": 100000}",0.01960784313725499,0.019607842920304434,0.8574929257125444,0.8551677653724149,0.9901475160180329,False,0,0.02115587788296759,0.009803921568627649,0.009803921349507588,0.12965524072353934,0.12965524072354653,0,100000,0.0,0,0,2500,42500,36.55212140000003,"{""coast"": 2500}","{""coast"": 2500}",100.0,0.0,0.0,0.0,0.0,0.0,0.0,0.0,[],[]
action_expanded_burn_hold,action_space,260,40,recoverability,expanded,2,action_expanded_burn_hold,0.98,170.0,8000.0,1.0,False,False,False,False,,,,,,False,,,False,0,,76354582215.88477,76354582215.88477,7374.537714633063,100000,False,True,max_steps,coast,"{""coast"": 99968, ""predictive_descent"": 32}",0.020408163265306496,2.5610996419055794,0.9948060576000269,0.7137436433788128,1.8978503814016667,False,0,0.015330863186654017,0.010204081632653406,2.545488645486523,0.020128657787653964,0.28992744598579373,0,99968,0.0,0,0,2500,42500,20.106155900000886,"{""coast"": 2484, ""diagonal"": 5, ""radial_outward"": 11}","{""coast"": 2484, ""retrograde_outward"": 4, ""strong_radial_outward"": 11, ""strong_retrograde_outward"": 1}",99.36,0.0,0.0,0.0,0.44,0.2,0.001309393685911831,7.003612571931939e-09,[],[]
action_expanded_burn_hold,action_space,260,40,recoverability,expanded,2,action_expanded_burn_hold,1.05,150.0,8000.0,1.0,False,False,False,False,,,,,,False,,,False,0,,375000205288.6543,395502084920.6846,2047.6623324287825,100000,False,True,max_steps,coast,"{""coast"": 100000}",0.04761904761904765,0.04761904742580982,0.8451542547285167,0.842959682234363,0.9759000475083783,False,0,0.050788840590254396,0.023809523809523878,0.0238095236114551,0.12321610416249097,0.12321610416248382,0,100000,0.0,0,0,2500,42500,36.41450800000166,"{""coast"": 2500}","{""coast"": 2500}",100.0,0.0,0.0,0.0,0.0,0.0,0.0,0.0,[],[]
action_expanded_burn_hold,action_space,260,40,recoverability,expanded,2,action_expanded_burn_hold,1.0,175.0,8000.0,1.0,True,True,True,True,-31.058008674702325,-3664.12991433049,-0.0073821690331051645,-0.8709259717889519,-762.443359375,False,0.7055993803725469,0.02761116937756757,False,1,8,596.3916015625,607.4658203125,3.3645032623345292,230,True,False,success,phase76_handoff,"{""phase76_handoff"": 8}",2.104654818683916e-16,1.6197255112205923e-10,0.9961946980917454,1.0000000000000075,1.0000000000000075,False,0,4.020464845759737e-07,2.104654818683916e-16,1.6197255112205923e-10,0.0038053019082545138,8.098627137007804e-11,0,0,0.0,0,0,0,0,0.0037089000034029596,{},{},0.0,0.0,0.0,0.0,0.0,0.0,0.0,0.0,[],[]
action_expanded_burn_hold,action_space,260,40,recoverability,expanded,2,action_expanded_burn_hold,1.02,165.0,8000.0,1.0,False,False,False,False,,,,,,False,,,False,0,,150000107816.6211,160774022069.2666,1076.6726775479326,100000,False,True,max_steps,coast,"{""coast"": 100000}",0.019607843137254777,0.019607843078840295,0.956409083597835,0.9550640145853833,0.9901475290218554,False,0,0.02048701249227391,0.009803921568627437,0.009803921509628808,0.029256558656644043,0.029256558656642277,0,100000,0.0,0,0,2500,42500,36.495103199998994,"{""coast"": 2500}","{""coast"": 2500}",100.0,0.0,0.0,0.0,0.0,0.0,0.0,0.0,[],[]
action_expanded_burn_hold,action_space,260,40,recoverability,expanded,2,action_expanded_burn_hold,1.05,165.0,8000.0,1.0,False,False,False,False,,,,,,False,,,False,0,,375000106265.22266,385619314241.02734,1061.2433008992634,100000,False,True,max_steps,coast,"{""coast"": 100000}",0.04761904761904765,0.04761904756701995,0.942647084338374,0.9413776639785437,0.9759000597797406,False,0,0.05012956102188568,0.023809523809523878,0.023809523756195484,0.022074635036229126,0.02207463503623276,0,100000,0.0,0,0,2500,42500,36.57014220000201,"{""coast"": 2500}","{""coast"": 2500}",100.0,0.0,0.0,0.0,0.0,0.0,0.0,0.0,[],[]
action_expanded_burn_hold,action_space,260,40,recoverability,expanded,2,action_expanded_burn_hold,0.98,175.0,8000.0,1.0,False,False,False,False,,,,,,False,,,False,0,,79256768835.84473,79256768835.84473,7190.025735396856,100000,False,True,max_steps,coast,"{""coast"": 99968, ""predictive_descent"": 32}",0.020408163265306287,2.5870360998306015,1.0063086091467979,0.8293908109666399,1.899999817071108,False,0,0.015531315230098838,0.010204081632653197,2.571165738832295,0.008798790486491197,0.1751976721602578,0,99968,0.0,0,0,2500,42500,20.33854699999938,"{""coast"": 2484, ""diagonal"": 4, ""radial_outward"": 12}","{""coast"": 2484, ""retrograde_outward"": 4, ""strong_radial_outward"": 12}",99.36,0.0,0.0,0.0,0.48,0.16,0.0013029436981129056,7.1287962779997826e-09,[],[]
action_expanded_burn_hold,action_space,260,40,recoverability,expanded,2,action_expanded_burn_hold,1.0,150.0,10000.0,1.0,True,True,True,True,-56.806558896857226,-3462.776521423222,-0.013502334433540864,-0.823066342493355,-3817.8857421875,False,0.6746558758239845,0.02052503083453011,False,1,1711,693.05859375,2453.6474609375,78.06700913583241,1927,True,False,success,phase76_handoff,"{""phase76_handoff"": 1711}",0.0,6.542913016537822e-10,0.8660254037844387,1.000000000000006,1.0000000000000058,False,0,2.9618460471386597e-06,0.0,6.542913016537822e-10,0.13397459621556124,3.271454664854056e-10,0,0,0.0,0,0,0,0,0.06203050000112853,{},{},0.0,0.0,0.0,0.0,0.0,0.0,0.0,0.0,[],[]
action_expanded_burn_hold,action_space,260,40,recoverability,expanded,2,action_expanded_burn_hold,1.02,170.0,8000.0,1.0,False,False,False,False,,,,,,False,,,False,0,,150000072336.8672,157230234270.02344,722.6926267480444,100000,False,True,max_steps,coast,"{""coast"": 100000}",0.01960784313725499,0.019607843110938175,0.9751049769494176,0.9741842566885089,0.9901475336140375,False,0,0.020250669165157918,0.009803921568627649,0.009803921542047667,0.010280457151176597,0.010280457151147332,0,100000,0.0,0,0,2500,42500,36.47860020000007,"{""coast"": 2500}","{""coast"": 2500}",100.0,0.0,0.0,0.0,0.0,0.0,0.0,0.0,[],[]
action_expanded_burn_hold,action_space,260,40,recoverability,expanded,2,action_expanded_burn_hold,0.98,150.0,10000.0,1.0,False,False,False,False,,,,,,False,,,False,0,,75162227784.3252,75162227784.3252,7484.613822511527,100000,False,True,max_steps,coast,"{""coast"": 99980, ""predictive_descent"": 20}",0.020408163265306076,2.5429490831309214,0.8748177652797064,0.6313531173473157,1.8930693808623662,False,0,0.01524583812595151,0.01020408163265299,2.527519592299612,0.1383156030192956,0.37179331947363337,0,99980,0.0,0,0,2500,42500,20.407703500000935,"{""coast"": 2490, ""diagonal"": 3, ""radial_outward"": 7}","{""coast"": 2490, ""retrograde_outward"": 2, ""strong_radial_outward"": 7, ""strong_retrograde_outward"": 1}",99.6,0.0,0.0,0.0,0.28,0.12,0.0008499218368553784,5.5325734184208386e-09,[],[]
action_expanded_burn_hold,action_space,260,40,recoverability,expanded,2,action_expanded_burn_hold,1.02,175.0,8000.0,1.0,False,False,False,False,,,,,,False,,,False,0,,70669765578.35156,70669765578.35156,7969.379809520346,100000,False,True,max_steps,coast,"{""coast"": 99950, ""predictive_descent"": 50}",0.019607843137254777,2.6075450190316203,0.9863797326419318,0.014529034279682074,1.8944328076625745,False,0,0.014499380861603434,0.009803921568627437,2.6236204692219363,0.0011632810242118924,1.014593868690849,0,99950,0.0,0,0,2500,42500,25.578531699997257,"{""coast"": 2475, ""diagonal"": 6, ""radial_inward"": 13, ""retrograde"": 6}","{""coast"": 2475, ""large_retrograde"": 5, ""medium_retrograde"": 1, ""prograde_inward"": 3, ""strong_radial_inward"": 13, ""strong_retrograde_inward"": 3}",99.0,0.0,0.24,0.52,0.0,0.24,0.002284557736981456,8.991523119306067e-09,[],[]
action_expanded_burn_hold,action_space,260,40,recoverability,expanded,2,action_expanded_burn_hold,1.0,165.0,10000.0,1.0,True,True,True,True,-44.60852682385054,-3025.2685757801814,-0.010602987744017904,-0.7190752063618795,-2523.248046875,False,0.5879837507187582,0.01630347108872191,False,1,41,1109.8916015625,1452.48828125,20.02351591027418,257,True,False,success,phase76_handoff,"{""phase76_handoff"": 41}",2.104654818683916e-16,3.8731520650728185e-10,0.9659258262890681,1.000000000000006,1.000000000000006,False,0,4.4768223066228917e-07,2.104654818683916e-16,3.8731520650728185e-10,0.034074173710931875,1.9365753166188975e-10,0,0,0.0,0,0,0,0,0.00466230000165524,{},{},0.0,0.0,0.0,0.0,0.0,0.0,0.0,0.0,[],[]
action_expanded_burn_hold,action_space,260,40,recoverability,expanded,2,action_expanded_burn_hold,1.05,175.0,8000.0,1.0,False,False,False,False,,,,,,False,,,False,0,,295622083992.16504,295622083992.16504,7973.353907151878,100000,False,True,max_steps,coast,"{""coast"": 99952, ""predictive_descent"": 48}",0.04761904761904765,2.6680630009478796,0.9721864785386766,0.00226187974304931,1.8985534732879958,False,0,0.04414881420452856,0.023809523809523878,2.709764575971576,0.008570262013884953,1.0023228777420918,0,99952,0.0,0,0,2500,42500,25.261913300000742,"{""coast"": 2476, ""diagonal"": 4, ""radial_inward"": 14, ""retrograde"": 6}","{""coast"": 2476, ""large_retrograde"": 4, ""medium_retrograde"": 1, ""prograde_inward"": 1, ""radial_inward"": 1, ""small_retrograde"": 1, ""strong_radial_inward"": 13, ""strong_retrograde_inward"": 3}",99.04,0.0,0.24,0.56,0.0,0.16,0.0021650858879250032,8.699510749554661e-09,[],[]
action_expanded_burn_hold,action_space,260,40,recoverability,expanded,2,action_expanded_burn_hold,1.05,170.0,8000.0,1.0,False,False,False,False,,,,,,False,,,False,0,,375000071295.9951,382126342834.4971,712.322356722633,100000,False,True,max_steps,coast,"{""coast"": 100000}",0.047619047619047436,0.04761904759556496,0.9610739580048949,0.96020504601082,0.9759000641132609,False,0,0.04989661068161473,0.02380952380952366,0.023809523785454124,0.0029581412233598363,0.0029581412233603372,0,100000,0.0,0,0,2500,42500,36.30688320000263,"{""coast"": 2500}","{""coast"": 2500}",100.0,0.0,0.0,0.0,0.0,0.0,0.0,0.0,[],[]
action_expanded_burn_hold,action_space,260,40,recoverability,expanded,2,action_expanded_burn_hold,0.98,165.0,10000.0,1.0,False,False,False,False,,,,,,False,,,False,0,,74795545238.19238,74795545238.19238,7567.2825323139205,100000,False,True,max_steps,coast,"{""coast"": 99976, ""predictive_descent"": 24}",0.020408163265306076,2.575558566065475,0.9757324312745989,0.6006991234339515,1.8999987487157324,False,0,0.015243285455255443,0.01020408163265299,2.559802980404821,0.03891593766554585,0.4022650273288,0,99976,0.0,0,0,2500,42500,19.975315799998498,"{""coast"": 2488, ""diagonal"": 4, ""radial_outward"": 8}","{""coast"": 2488, ""retrograde_outward"": 2, ""strong_radial_outward"": 8, ""strong_retrograde_outward"": 2}",99.52,0.0,0.0,0.0,0.32,0.16,0.001048371824654304,6.605686866656413e-09,[],[]
action_expanded_burn_hold,action_space,260,40,recoverability,expanded,2,action_expanded_burn_hold,1.0,170.0,10000.0,1.0,True,True,True,True,-14.98621570953258,-4062.7001351939803,-0.0035620692457484443,-0.9656620114621247,-1402.0849609375,False,0.7768040924515426,0.02687945836559521,False,1,26,96.537109375,1044.1005859375,8.944379745003824,243,True,False,success,phase76_handoff,"{""phase76_handoff"": 26}",2.104654818683916e-16,2.7841236850026503e-10,0.984807753012208,1.0000000000000058,1.0000000000000058,False,0,4.240856750450103e-07,2.104654818683916e-16,2.7841236850026503e-10,0.015192246987791962,1.3920605199046318e-10,0,0,0.0,0,0,0,0,0.004058700000314275,{},{},0.0,0.0,0.0,0.0,0.0,0.0,0.0,0.0,[],[]
action_expanded_burn_hold,action_space,260,40,recoverability,expanded,2,action_expanded_burn_hold,0.98,170.0,10000.0,1.0,False,False,False,False,,,,,,False,,,False,0,,77413913753.62988,77413913753.62988,7265.917004030814,100000,False,True,max_steps,coast,"{""coast"": 99974, ""predictive_descent"": 26}",0.020408163265306496,2.5644433580654935,0.9948060576000269,0.7764383831416141,1.8987352246631068,False,0,0.015399246299068284,0.010204081632653406,2.548798924484838,0.020128657787653964,0.22766539653151502,0,99974,0.0,0,0,2500,42500,20.037806000000273,"{""coast"": 2487, ""diagonal"": 4, ""radial_outward"": 9}","{""coast"": 2487, ""retrograde_outward"": 4, ""strong_radial_outward"": 9}",99.48,0.0,0.0,0.0,0.36,0.16,0.0010149436981129057,7.068946930299802e-09,[],[]
action_expanded_burn_hold,action_space,260,40,recoverability,expanded,2,action_expanded_burn_hold,1.02,150.0,10000.0,1.0,False,False,False,False,,,,,,False,,,False,0,,150000208285.72754,170800192612.2871,2077.3209271602605,100000,False,True,max_steps,coast,"{""coast"": 100000}",0.01960784313725499,0.019607842920304434,0.8574929257125444,0.8551677653724149,0.9901475160180329,False,0,0.02115587788296759,0.009803921568627649,0.009803921349507588,0.12965524072353934,0.12965524072354653,0,100000,0.0,0,0,2500,42500,36.34049059999961,"{""coast"": 2500}","{""coast"": 2500}",100.0,0.0,0.0,0.0,0.0,0.0,0.0,0.0,[],[]
action_expanded_burn_hold,action_space,260,40,recoverability,expanded,2,action_expanded_burn_hold,1.05,150.0,10000.0,1.0,False,False,False,False,,,,,,False,,,False,0,,375000205288.6543,395502084920.6846,2047.6623324287825,100000,False,True,max_steps,coast,"{""coast"": 100000}",0.04761904761904765,0.04761904742580982,0.8451542547285167,0.842959682234363,0.9759000475083783,False,0,0.050788840590254396,0.023809523809523878,0.0238095236114551,0.12321610416249097,0.12321610416248382,0,100000,0.0,0,0,2500,42500,36.27574149999782,"{""coast"": 2500}","{""coast"": 2500}",100.0,0.0,0.0,0.0,0.0,0.0,0.0,0.0,[],[]
action_expanded_burn_hold,action_space,260,40,recoverability,expanded,2,action_expanded_burn_hold,1.0,175.0,10000.0,1.0,True,True,True,True,-79.19029577566481,-3603.0741488999756,-0.01882271833073839,-0.8564136446924371,-4727.6806640625,False,0.7077181783811932,0.021957297513013917,False,1,7,2218.6337890625,2824.8642578125,3.50178163891905,224,True,False,success,phase76_handoff,"{""phase76_handoff"": 7}",2.104654818683916e-16,7.532826887231708e-10,0.9961946980917454,1.0000000000000058,1.0000000000000058,False,0,3.9194432095307846e-07,2.104654818683916e-16,7.532826887231708e-10,0.0038053019082545138,3.766413375752306e-10,0,0,0.0,0,0,0,0,0.003190700001141522,{},{},0.0,0.0,0.0,0.0,0.0,0.0,0.0,0.0,[],[]
action_expanded_burn_hold,action_space,260,40,recoverability,expanded,2,action_expanded_burn_hold,1.02,165.0,10000.0,1.0,False,False,False,False,,,,,,False,,,False,0,,150000107816.6211,160774022069.2666,1076.6726775479326,100000,False,True,max_steps,coast,"{""coast"": 100000}",0.019607843137254777,0.019607843078840295,0.956409083597835,0.9550640145853833,0.9901475290218554,False,0,0.02048701249227391,0.009803921568627437,0.009803921509628808,0.029256558656644043,0.029256558656642277,0,100000,0.0,0,0,2500,42500,36.16017789999751,"{""coast"": 2500}","{""coast"": 2500}",100.0,0.0,0.0,0.0,0.0,0.0,0.0,0.0,[],[]
action_expanded_burn_hold,action_space,260,40,recoverability,expanded,2,action_expanded_burn_hold,1.05,165.0,10000.0,1.0,False,False,False,False,,,,,,False,,,False,0,,375000106265.22266,385619314241.02734,1061.2433008992634,100000,False,True,max_steps,coast,"{""coast"": 100000}",0.04761904761904765,0.04761904756701995,0.942647084338374,0.9413776639785437,0.9759000597797406,False,0,0.05012956102188568,0.023809523809523878,0.023809523756195484,0.022074635036229126,0.02207463503623276,0,100000,0.0,0,0,2500,42500,36.3341311999975,"{""coast"": 2500}","{""coast"": 2500}",100.0,0.0,0.0,0.0,0.0,0.0,0.0,0.0,[],[]
action_expanded_burn_hold,action_space,260,40,recoverability,expanded,2,action_expanded_burn_hold,0.98,175.0,10000.0,1.0,False,False,False,False,,,,,,False,,,False,0,,75043366534.7207,75043366534.7207,7502.954900660384,100000,False,True,max_steps,coast,"{""coast"": 99974, ""predictive_descent"": 26}",0.020408163265306287,2.558252468365657,1.0063086091467979,0.6311485442917919,1.8971051013673992,False,0,0.015242202529245985,0.010204081632653197,2.542669943682,0.008798790486491197,0.3719868197146041,0,99974,0.0,0,0,2500,42500,20.15863829999944,"{""coast"": 2487, ""diagonal"": 4, ""radial_outward"": 9}","{""coast"": 2487, ""retrograde_outward"": 2, ""strong_radial_outward"": 9, ""strong_retrograde_outward"": 2}",99.48,0.0,0.0,0.0,0.36,0.16,0.001144371824654304,7.2193387488539425e-09,[],[]
action_expanded_burn_hold,action_space,260,40,recoverability,expanded,2,action_expanded_burn_hold,1.0,150.0,12000.0,1.0,True,True,True,True,-39.80874820360246,-4852.3106761866475,-0.009462129762191896,-1.1533443108967762,-1244.0107421875,False,0.9340300045979194,0.03135376273812549,False,4,55,51.9462890625,217.6943359375,21.73237089833826,270,True,False,success,phase76_handoff,"{""phase76_handoff"": 55}",0.0,5.8064900861706823e-11,0.8660254037844387,1.000000000000005,1.0000000000000049,False,0,4.690833186853781e-07,0.0,5.8064900861706823e-11,0.13397459621556124,2.9032625308901102e-11,0,0,0.0,0,0,0,0,0.00575080000271555,{},{},0.0,0.0,0.0,0.0,0.0,0.0,0.0,0.0,[],[]
action_expanded_burn_hold,action_space,260,40,recoverability,expanded,2,action_expanded_burn_hold,1.02,170.0,10000.0,1.0,False,False,False,False,,,,,,False,,,False,0,,150000072336.8672,157230234270.02344,722.6926267480444,100000,False,True,max_steps,coast,"{""coast"": 100000}",0.01960784313725499,0.019607843110938175,0.9751049769494176,0.9741842566885089,0.9901475336140375,False,0,0.020250669165157918,0.009803921568627649,0.009803921542047667,0.010280457151176597,0.010280457151147332,0,100000,0.0,0,0,2500,42500,35.80994009999995,"{""coast"": 2500}","{""coast"": 2500}",100.0,0.0,0.0,0.0,0.0,0.0,0.0,0.0,[],[]
action_expanded_burn_hold,action_space,260,40,recoverability,expanded,2,action_expanded_burn_hold,1.02,175.0,10000.0,1.0,False,False,False,False,,,,,,False,,,False,0,,71166602830.64746,71166602830.64746,7914.01289991242,100000,False,True,max_steps,coast,"{""coast"": 99960, ""predictive_descent"": 40}",0.019607843137254777,2.557805979059941,0.9863797326419318,0.00541929611582147,1.8993442221778178,False,0,0.014528743188003589,0.009803921568627437,2.57338403885054,0.0011632810242118924,0.9945561635660971,0,99960,0.0,0,0,2500,42500,25.90759529999923,"{""coast"": 2480, ""diagonal"": 5, ""radial_inward"": 10, ""retrograde"": 5}","{""coast"": 2480, ""large_retrograde"": 4, ""prograde_inward"": 2, ""small_retrograde"": 1, ""strong_radial_inward"": 10, ""strong_retrograde_inward"": 3}",99.2,0.0,0.2,0.4,0.0,0.2,0.0018188218124532295,8.28118113238574e-09,[],[]
action_expanded_burn_hold,action_space,260,40,recoverability,expanded,2,action_expanded_burn_hold,0.98,150.0,12000.0,1.0,False,False,False,False,,,,,,False,,,False,0,,76025396491.10449,76025396491.10449,7397.4148742487405,100000,False,True,max_steps,coast,"{""coast"": 99982, ""predictive_descent"": 18}",0.020408163265306076,2.53100080168794,0.8748177652797064,0.6783615692895106,1.8899121988610748,False,0,0.015302494295667771,0.01020408163265299,2.5156907936710606,0.1383156030192956,0.3250976093329102,0,99982,0.0,0,0,2500,42500,19.763781800000288,"{""coast"": 2491, ""diagonal"": 3, ""radial_outward"": 6}","{""coast"": 2491, ""retrograde_outward"": 3, ""strong_radial_outward"": 6}",99.64,0.0,0.0,0.0,0.24,0.12,0.0006892077735846792,5.8120399151206925e-09,[],[]
action_expanded_burn_hold,action_space,260,40,recoverability,expanded,2,action_expanded_burn_hold,1.0,165.0,12000.0,1.0,True,True,True,True,-49.89490215814327,-3804.1918098357014,-0.011859504757034702,-0.904217242924399,-3756.763671875,False,0.7376052005488627,0.020534347013872814,False,1,47,861.8408203125,1917.5859375,12.276941494087875,260,True,False,success,phase76_handoff,"{""phase76_handoff"": 47}",2.104654818683916e-16,5.113431463687706e-10,0.9659258262890681,1.0000000000000049,1.0000000000000049,False,0,4.53347220796274e-07,2.104654818683916e-16,5.113431463687706e-10,0.034074173710931875,2.556716006393791e-10,0,0,0.0,0,0,0,0,0.004516799999692012,{},{},0.0,0.0,0.0,0.0,0.0,0.0,0.0,0.0,[],[]
action_expanded_burn_hold,action_space,260,40,recoverability,expanded,2,action_expanded_burn_hold,1.05,175.0,10000.0,1.0,False,False,False,False,,,,,,False,,,False,0,,296121462509.92285,296121462509.92285,7917.973870595649,100000,False,True,max_steps,coast,"{""coast"": 99960, ""predictive_descent"": 40}",0.04761904761904765,2.6185368026530225,0.9721864785386766,0.00891803659694712,1.8982183383356739,False,0,0.04417850534222781,0.023809523809523878,2.6590002227193485,0.008570262013884953,1.0091591234125081,0,99960,0.0,0,0,2500,42500,25.797709599999507,"{""coast"": 2480, ""diagonal"": 5, ""radial_inward"": 10, ""retrograde"": 5}","{""coast"": 2480, ""large_retrograde"": 3, ""medium_retrograde"": 1, ""prograde_inward"": 2, ""small_retrograde"": 1, ""strong_radial_inward"": 10, ""strong_retrograde_inward"": 3}",99.2,0.0,0.2,0.4,0.0,0.2,0.0017628218124532296,8.281103449370164e-09,[],[]
action_expanded_burn_hold,action_space,260,40,recoverability,expanded,2,action_expanded_burn_hold,1.05,170.0,10000.0,1.0,False,False,False,False,,,,,,False,,,False,0,,375000071295.9951,382126342834.4971,712.322356722633,100000,False,True,max_steps,coast,"{""coast"": 100000}",0.047619047619047436,0.04761904759556496,0.9610739580048949,0.96020504601082,0.9759000641132609,False,0,0.04989661068161473,0.02380952380952366,0.023809523785454124,0.0029581412233598363,0.0029581412233603372,0,100000,0.0,0,0,2500,42500,36.171815600002446,"{""coast"": 2500}","{""coast"": 2500}",100.0,0.0,0.0,0.0,0.0,0.0,0.0,0.0,[],[]
action_expanded_burn_hold,action_space,260,40,recoverability,expanded,2,action_expanded_burn_hold,0.98,165.0,12000.0,1.0,False,False,False,False,,,,,,False,,,False,0,,76378506102.63477,76378506102.63477,7503.56743548159,100000,False,True,max_steps,coast,"{""coast"": 99976, ""predictive_descent"": 24}",0.020408163265306076,2.5859907337635386,0.9757324312745989,0.6526231778300363,1.8999991105569005,False,0,0.015343465450826436,0.01020408163265299,2.570130826425903,0.03891593766554585,0.35073563628634974,0,99976,0.0,0,0,2500,42500,20.16009589999885,"{""coast"": 2488, ""diagonal"": 5, ""radial_outward"": 7}","{""coast"": 2488, ""retrograde_outward"": 5, ""strong_radial_outward"": 7}",99.52,0.0,0.0,0.0,0.28,0.2,0.000860679622641132,7.46884002742476e-09,[],[]
action_expanded_burn_hold,action_space,260,40,recoverability,expanded,2,action_expanded_burn_hold,1.0,170.0,12000.0,1.0,True,True,True,True,-59.11783526958399,-2644.140708489538,-0.014051701041181388,-0.628485034627588,-4974.4609375,False,0.5196500696147496,0.011302579212861713,False,1,19,567.279296875,2772.2412109375,6.334229874531584,231,True,False,success,phase76_handoff,"{""phase76_handoff"": 19}",2.104654818683916e-16,7.392509550470052e-10,0.984807753012208,1.000000000000005,1.0000000000000049,False,0,4.0389829571496205e-07,2.104654818683916e-16,7.392509550470052e-10,0.015192246987791962,3.696254979829826e-10,0,0,0.0,0,0,0,0,0.0036032000025443267,{},{},0.0,0.0,0.0,0.0,0.0,0.0,0.0,0.0,[],[]
action_expanded_burn_hold,action_space,260,40,recoverability,expanded,2,action_expanded_burn_hold,0.98,170.0,12000.0,1.0,False,False,False,False,,,,,,False,,,False,0,,74657792494.3125,74657792494.3125,7537.476062697254,100000,False,True,max_steps,coast,"{""coast"": 99980, ""predictive_descent"": 20}",0.020408163265306496,2.5605781882600973,0.9948060576000269,0.6093035044224155,1.8977217472839212,False,0,0.015213951907496333,0.010204081632653406,2.5449724063774966,0.020128657787653964,0.3936918563786357,0,99980,0.0,0,0,2500,42500,20.053981699998985,"{""coast"": 2490, ""diagonal"": 3, ""radial_outward"": 7}","{""coast"": 2490, ""retrograde_outward"": 1, ""strong_radial_outward"": 7, ""strong_retrograde_outward"": 2}",99.6,0.0,0.0,0.0,0.28,0.12,0.0009146359001260776,7.190500843456959e-09,[],[]
action_expanded_burn_hold,action_space,260,40,recoverability,expanded,2,action_expanded_burn_hold,1.02,150.0,12000.0,1.0,False,False,False,False,,,,,,False,,,False,0,,150000208285.72754,170800192612.2871,2077.3209271602605,100000,False,True,max_steps,coast,"{""coast"": 100000}",0.01960784313725499,0.019607842920304434,0.8574929257125444,0.8551677653724149,0.9901475160180329,False,0,0.02115587788296759,0.009803921568627649,0.009803921349507588,0.12965524072353934,0.12965524072354653,0,100000,0.0,0,0,2500,42500,36.18834419999985,"{""coast"": 2500}","{""coast"": 2500}",100.0,0.0,0.0,0.0,0.0,0.0,0.0,0.0,[],[]
action_expanded_burn_hold,action_space,260,40,recoverability,expanded,2,action_expanded_burn_hold,1.05,150.0,12000.0,1.0,False,False,False,False,,,,,,False,,,False,0,,375000205288.6543,395502084920.6846,2047.6623324287825,100000,False,True,max_steps,coast,"{""coast"": 100000}",0.04761904761904765,0.04761904742580982,0.8451542547285167,0.842959682234363,0.9759000475083783,False,0,0.050788840590254396,0.023809523809523878,0.0238095236114551,0.12321610416249097,0.12321610416248382,0,100000,0.0,0,0,2500,42500,36.05629399999816,"{""coast"": 2500}","{""coast"": 2500}",100.0,0.0,0.0,0.0,0.0,0.0,0.0,0.0,[],[]
action_expanded_burn_hold,action_space,260,40,recoverability,expanded,2,action_expanded_burn_hold,1.0,175.0,12000.0,1.0,True,True,True,True,-49.59440466036998,-3805.3841505526866,-0.011788079594339244,-0.9045006500420295,-4449.8916015625,False,0.7377462161401496,0.02054370229463622,False,1,25,509.548828125,2621.802734375,2.228509408401243,238,True,False,success,phase76_handoff,"{""phase76_handoff"": 25}",2.104654818683916e-16,6.99134129548071e-10,0.9961946980917454,1.0000000000000049,1.0000000000000049,False,0,4.161105787678352e-07,2.104654818683916e-16,6.99134129548071e-10,0.0038053019082545138,3.4956702192990726e-10,0,0,0.0,0,0,0,0,0.0037899000017205253,{},{},0.0,0.0,0.0,0.0,0.0,0.0,0.0,0.0,[],[]
action_expanded_burn_hold,action_space,260,40,recoverability,expanded,2,action_expanded_burn_hold,1.02,165.0,12000.0,1.0,False,False,False,False,,,,,,False,,,False,0,,150000107816.6211,160774022069.2666,1076.6726775479326,100000,False,True,max_steps,coast,"{""coast"": 100000}",0.019607843137254777,0.019607843078840295,0.956409083597835,0.9550640145853833,0.9901475290218554,False,0,0.02048701249227391,0.009803921568627437,0.009803921509628808,0.029256558656644043,0.029256558656642277,0,100000,0.0,0,0,2500,42500,36.1879583000009,"{""coast"": 2500}","{""coast"": 2500}",100.0,0.0,0.0,0.0,0.0,0.0,0.0,0.0,[],[]
action_expanded_burn_hold,action_space,260,40,recoverability,expanded,2,action_expanded_burn_hold,1.05,165.0,12000.0,1.0,False,False,False,False,,,,,,False,,,False,0,,375000106265.22266,385619314241.02734,1061.2433008992634,100000,False,True,max_steps,coast,"{""coast"": 100000}",0.04761904761904765,0.04761904756701995,0.942647084338374,0.9413776639785437,0.9759000597797406,False,0,0.05012956102188568,0.023809523809523878,0.023809523756195484,0.022074635036229126,0.02207463503623276,0,100000,0.0,0,0,2500,42500,35.69922719999886,"{""coast"": 2500}","{""coast"": 2500}",100.0,0.0,0.0,0.0,0.0,0.0,0.0,0.0,[],[]
action_expanded_burn_hold,action_space,260,40,recoverability,expanded,2,action_expanded_burn_hold,1.02,170.0,12000.0,1.0,False,False,False,False,,,,,,False,,,False,0,,71533820331.92285,71533820331.92285,7875.050622281287,100000,False,True,max_steps,coast,"{""coast"": 99966, ""predictive_descent"": 34}",0.01960784313725499,2.5232428663005737,0.9751049769494176,0.011320333938593954,1.8978038786663125,False,0,0.014551742204489751,0.009803921568627649,2.538475294963579,0.010280457151176597,0.9886278524032389,0,99966,0.0,0,0,2500,42500,25.566831700001785,"{""coast"": 2483, ""diagonal"": 4, ""radial_inward"": 9, ""retrograde"": 4}","{""coast"": 2483, ""large_retrograde"": 3, ""medium_retrograde"": 1, ""prograde_inward"": 2, ""strong_radial_inward"": 9, ""strong_retrograde_inward"": 2}",99.32,0.0,0.16,0.36,0.0,0.16,0.001536371824654304,8.115298130206839e-09,[],[]
action_expanded_burn_hold,action_space,260,40,recoverability,expanded,2,action_expanded_burn_hold,0.98,175.0,12000.0,1.0,False,False,False,False,,,,,,False,,,False,0,,79298027105.17773,79298027105.17773,7079.322358278698,100000,False,True,max_steps,coast,"{""coast"": 99980, ""predictive_descent"": 20}",0.020408163265306287,2.5694385605138024,1.0063086091467979,0.8714996473518999,1.8999991010872315,False,0,0.015525275111854765,0.010204081632653197,2.5537441749086645,0.008798790486491197,0.13332661405658505,0,99980,0.0,0,0,2500,42500,19.844024800000625,"{""coast"": 2490, ""diagonal"": 2, ""radial_outward"": 8}","{""coast"": 2490, ""retrograde_outward"": 2, ""strong_radial_outward"": 8}",99.6,0.0,0.0,0.0,0.32,0.08,0.0008434718490564528,6.8287778234754625e-09,[],[]
action_expanded_burn_hold,action_space,260,40,recoverability,expanded,2,action_expanded_burn_hold,1.05,170.0,12000.0,1.0,False,False,False,False,,,,,,False,,,False,0,,296436115427.3867,296436115427.3867,7884.20358128604,100000,False,True,max_steps,coast,"{""coast"": 99966, ""predictive_descent"": 34}",0.047619047619047436,2.5883920248922747,0.9610739580048949,0.0028559843447765396,1.8977537110768445,False,0,0.0441979567439199,0.02380952380952366,2.6281018255145807,0.0029581412233598363,1.0029333103241487,0,99966,0.0,0,0,2500,42500,25.61896390000038,"{""coast"": 2483, ""diagonal"": 4, ""radial_inward"": 9, ""retrograde"": 4}","{""coast"": 2483, ""large_retrograde"": 3, ""medium_retrograde"": 1, ""prograde_inward"": 2, ""strong_radial_inward"": 9, ""strong_retrograde_inward"": 2}",99.32,0.0,0.16,0.36,0.0,0.16,0.001536371824654304,8.144349298788712e-09,[],[]
action_expanded_burn_hold,action_space,260,40,recoverability,expanded,2,action_expanded_burn_hold,1.02,175.0,12000.0,1.0,False,False,False,False,,,,,,False,,,False,0,,71241802664.68164,71241802664.68164,7902.949169017239,100000,False,True,max_steps,coast,"{""coast"": 99972, ""predictive_descent"": 28}",0.019607843137254777,2.5479544625111696,0.9863797326419318,0.006743981930298521,1.8969560450861478,False,0,0.01453140873005651,0.009803921568627437,2.563434007136281,0.0011632810242118924,0.9932254118614059,0,99972,0.0,0,0,2500,42500,26.170201400000224,"{""coast"": 2486, ""diagonal"": 2, ""radial_inward"": 9, ""retrograde"": 3}","{""coast"": 2486, ""large_retrograde"": 3, ""strong_radial_inward"": 9, ""strong_retrograde_inward"": 2}",99.44,0.0,0.12,0.36,0.0,0.08,0.0014048999755978512,7.729247215948476e-09,[],[]
action_expanded_burn_hold,action_space,260,40,recoverability,expanded,2,action_expanded_burn_hold,1.05,175.0,12000.0,1.0,False,False,False,False,,,,,,False,,,False,0,,296195961141.51855,296195961141.51855,7906.9142154401225,100000,False,True,max_steps,coast,"{""coast"": 99972, ""predictive_descent"": 28}",0.04761904761904765,2.6086447910589174,0.9721864785386766,0.007595369059094243,1.8906791321524121,False,0,0.04418108043339174,0.023809523809523878,2.6488609108353898,0.008570262013884953,1.0078007739238612,0,99972,0.0,0,0,2500,42500,26.68987570000172,"{""coast"": 2486, ""diagonal"": 2, ""radial_inward"": 9, ""retrograde"": 3}","{""coast"": 2486, ""large_retrograde"": 3, ""strong_radial_inward"": 9, ""strong_retrograde_inward"": 2}",99.44,0.0,0.12,0.36,0.0,0.08,0.0014048999755978512,7.729220868490927e-09,[],[]
