{
  "name": "random_15",
  "rt": 4868855537837.845,
  "e": 0.36637721804762013,
  "mass": 600.0,
  "thrust": 137.34194306225976
}