{
  "name": "random_7",
  "rt": 361239700959.1134,
  "e": 0.21579368902590268,
  "mass": 720.0,
  "thrust": 123.46694018390126
}