Epoch,Return,Loss_pi,Loss_v,Entropy
1,-10331.6522794078,0.13652648031711578,0.10130468010902405
2,-8144.713890229752,-0.0236392542719841,0.5981272459030151
1,-10331.6522794078,0.13652648031711578,0.10130468010902405
2,-8144.713890229752,-0.0236392542719841,0.5981272459030151
3,-10932.195291029777,0.261146605014801,1.0233513116836548
4,-11595.327245621806,-0.07286900281906128,0.31943172216415405
5,-10250.064632406584,-0.19783399999141693,0.3796202838420868
6,-11404.962838876463,0.16664107143878937,0.04112023115158081
7,-8137.6095700545275,-0.13888218998908997,0.5661150217056274
8,-11821.590315597858,0.06230192631483078,0.7558588981628418
9,-10421.416032008265,-0.18071603775024414,0.9695160984992981
10,-10253.218984964418,-0.049894481897354126,0.19756925106048584
11,-11405.008332261648,-0.17522725462913513,0.1517311930656433
12,-11242.242723319892,0.2241428792476654,0.6087572574615479
13,-11590.459603175785,0.13052737712860107,0.06152913719415665
14,-10474.313702564266,0.040386348962783813,0.24682854115962982
15,-10310.477651758594,0.12023377418518066,0.1415414661169052
16,-11497.503329477953,0.31767889857292175,0.3914429247379303
17,-10621.198582771549,0.25991877913475037,0.14299826323986053
18,-9940.395086833823,0.1116628646850586,0.23750683665275574
19,-9503.075964613843,0.05044045299291611,0.10631915926933289
20,-11541.860838008193,0.05148434266448021,0.25040265917778015
21,-11314.003751128117,-0.08718574047088623,0.3771980106830597
22,-10405.338645169062,-0.1852085143327713,0.3605610728263855
23,-10046.382575392807,-0.02574850618839264,0.30470842123031616
24,-10800.403510442784,0.30275028944015503,0.14272534847259521
25,-11546.692818637322,0.1204516813158989,0.12451981008052826
26,-11150.369946500561,-0.10075780004262924,1.0450420379638672
27,-11946.587966952691,0.09245710074901581,0.2670789062976837
28,-10577.004268647774,0.17081403732299805,0.2590632140636444
29,-10521.663685236104,0.06843739002943039,0.1949186623096466
30,-10423.840190193116,0.09671282768249512,0.21850323677062988
31,-12030.786747965929,-0.1623380482196808,0.5214310884475708
32,-12367.837023039465,-0.0015355180948972702,0.8275063633918762
33,-12332.56870620485,-0.12084342539310455,0.4221935570240021
34,-11676.886385988731,-0.12779270112514496,0.4688878655433655
35,-11405.151286355054,-0.04675009846687317,0.2574406862258911
36,-11960.82414110074,0.4606899321079254,0.7165625095367432
37,-11717.489685365392,0.1806689202785492,0.33464765548706055
38,-11238.06853890114,-0.05080762505531311,0.1791636347770691
39,-10736.503206038678,0.13603731989860535,0.20975281298160553
40,-11416.079432334196,0.20480749011039734,0.16844746470451355
41,-12338.056229252941,0.07631099224090576,0.096233069896698
42,-12480.53402443185,0.05324898660182953,0.09322389215230942
43,-12377.101666243025,-0.16807609796524048,0.23007072508335114
44,-10542.126207504907,-0.06697050482034683,0.572091817855835
45,-11312.07383745103,0.09079340845346451,0.3036142885684967
46,-12348.177798414825,-0.27065837383270264,1.0783212184906006
47,-12249.382746693489,0.02107023261487484,0.4147178530693054
48,-12284.906941643629,0.09294106066226959,0.11153003573417664
49,-12219.431062368747,0.22319048643112183,0.05840975418686867
50,-12169.331631931323,0.01523219421505928,0.10412169247865677
51,-12110.705587205455,-0.2773941159248352,0.14179876446723938
52,-11465.306572540027,-0.02051641047000885,0.17067869007587433
53,-11909.64233840981,-0.020338820293545723,0.18663431704044342
54,-11420.859978501667,0.21667519211769104,0.0698380097746849
55,-11994.564506624321,0.06016378104686737,0.3690120577812195
56,-11502.021236804885,-0.11455200612545013,0.15777042508125305
57,-11665.975292311377,-0.043967366218566895,0.28141307830810547
58,-11322.283877599095,0.04184205085039139,0.12870851159095764
59,-11571.305442433517,0.12718141078948975,0.06405766308307648
60,-11752.883200347007,0.11478617787361145,0.050377361476421356
61,-11541.05937243944,-0.10274583846330643,0.11763886362314224
62,-11495.88230514401,-0.10805641114711761,0.14857155084609985
63,-11308.787211371871,-0.31563347578048706,0.1732657253742218
64,-11316.667719792127,-0.10899018496274948,0.06819568574428558
65,-11354.479904893351,0.1385032832622528,0.035679806023836136
66,-11162.760156835975,-0.3011893332004547,0.3411431610584259
67,-11767.504476480932,0.07170537859201431,0.2418501377105713
68,-12272.587926901086,0.12007676064968109,0.20373810827732086
69,-11933.060145239922,0.045251354575157166,0.1481090784072876
70,-11730.525324426959,0.04502825438976288,0.0540786013007164
71,-11837.98948517414,-0.13706737756729126,0.13633501529693604
72,-11398.649066507673,0.02404169738292694,0.12529844045639038
73,-11618.586379638464,0.0835457593202591,0.26501405239105225
74,-11806.441895285589,-0.07589510083198547,0.17990531027317047
75,-11464.636732357701,0.22078385949134827,0.07637284696102142
76,-11672.125514793119,-0.015142224729061127,0.11193106323480606
77,-11524.950504367178,-0.07912023365497589,0.23706388473510742
78,-11475.959539392628,0.0010741502046585083,0.08791140466928482
79,-11968.602890601056,-0.1992345154285431,0.36131560802459717
80,-12356.518232622686,0.11485318094491959,0.13896489143371582
81,-11758.503676163728,-0.22402657568454742,0.3077617287635803
82,-11545.269680180732,-0.09363970905542374,0.2539226710796356
83,-11673.564550312887,-0.44321829080581665,0.07507750391960144
84,-11224.816898648889,0.098992720246315,0.04860733449459076
85,-11249.300097713734,0.24920135736465454,0.014148896560072899
86,-11603.055123124117,0.059175968170166016,0.484531044960022
87,-11711.093209535891,0.07035976648330688,0.11096051335334778
88,-11625.33288202519,0.13043367862701416,0.07946479320526123
89,-11302.40448901905,0.08151207119226456,0.08693093061447144
90,-11415.99477083706,0.07746367156505585,0.018575239926576614
91,-11604.366881343154,0.34296661615371704,0.14733146131038666
92,-11458.375539236782,0.2727082669734955,0.01001761481165886
93,-11700.244193971987,-0.019266203045845032,0.14744549989700317
94,-11501.933839454594,-0.29344937205314636,0.17735911905765533
95,-11402.593087681085,0.07300081849098206,0.0511648990213871
96,-11584.125459728491,-0.14004571735858917,0.16952481865882874
97,-11302.356063057245,0.11205966770648956,0.0905788466334343
98,-11478.98978978635,0.34357279539108276,0.4026619791984558
99,-11342.695150917223,-0.05163896828889847,0.44885361194610596
100,-11382.732735370293,0.12434536218643188,0.03260541707277298
101,-11580.528283215457,0.042946506291627884,0.02384335733950138
102,-11387.854773452696,0.12429698556661606,0.061738789081573486
103,-11414.412712673366,-0.09578157216310501,0.19436508417129517
104,-11621.023938510341,-0.007965750992298126,0.0495012104511261
105,-11629.767670182799,0.23492062091827393,0.187627911567688
106,-11945.767664667577,-0.41037672758102417,0.6618069410324097
107,-11947.10623371218,0.05269954353570938,0.08539385348558426
108,-12052.243857350431,-0.07834399491548538,0.2323824167251587
109,-12155.712208901583,0.014425136148929596,0.14312274754047394
110,-11758.131855790243,0.03551887348294258,0.16198301315307617
111,-11655.50810210575,0.09533649682998657,0.02908926084637642
112,-12006.9195578456,-0.09388639032840729,0.36320585012435913
113,-11840.349956662092,0.10103753209114075,0.4079046845436096
114,-11475.62397609166,0.292959600687027,0.01794755831360817
115,-11922.29450772756,0.04247238114476204,0.17889165878295898
116,-11465.976693208266,0.5511872172355652,0.4476322531700134
117,-11536.56986994549,0.04982256889343262,0.01937682181596756
118,-11593.268596378408,0.14539958536624908,0.017696009948849678
119,-11627.471876135438,-0.09300622344017029,0.06443507969379425
120,-11718.96174260951,-0.347463458776474,0.12502339482307434
121,-11632.900404972042,0.025886915624141693,0.09853481501340866
122,-11349.350623371669,0.15231198072433472,0.1565742790699005
123,-11475.960456067804,0.08372993767261505,0.2471405565738678
124,-11260.727879400887,-0.08550319075584412,0.17931215465068817
125,-11447.736748962612,0.130191832780838,0.04965866357088089
126,-11093.436541402561,-0.24892085790634155,0.21015647053718567
127,-11625.391347059693,-0.2058815062046051,0.2951943278312683
128,-11553.827921363934,-0.07726042717695236,0.08214648813009262
129,-11674.872133408988,0.20408037304878235,0.11061842739582062
130,-11376.361329186984,-0.16731253266334534,0.28493255376815796
131,-11882.20804448811,-0.07194254547357559,0.0649615004658699
132,-11182.517978143584,0.08799105882644653,0.15857329964637756
133,-11042.292831854491,-0.09047624468803406,0.08371850848197937
134,-11114.70816235297,-0.009051382541656494,0.05886644124984741
135,-11488.26564637845,0.0666934996843338,0.41213464736938477
136,-11612.400286214051,0.0690711960196495,0.023155391216278076
137,-11976.145585317823,0.21672816574573517,0.7384431958198547
138,-11460.827332033636,-0.08607009053230286,0.1547498255968094
139,-11710.202431193185,-0.20501592755317688,0.018281282857060432
140,-11600.076931567228,-0.13317415118217468,0.10726036131381989
141,-11657.211523180293,0.17856229841709137,0.08683356642723083
142,-12180.209894026077,0.043334562331438065,0.32169008255004883
143,-11690.945915790673,0.0805351510643959,0.19969597458839417
144,-12179.865042681518,-0.20006728172302246,0.019057780504226685
145,-12092.096062317629,-0.3096742331981659,0.26669809222221375
146,-11711.798746510716,-0.2932681143283844,0.4031779170036316
147,-11299.638870232344,-0.23151791095733643,0.3347931504249573
148,-12118.226907018667,0.002926785498857498,0.09908432513475418
149,-11643.08684680511,0.020103231072425842,0.013896290212869644
150,-12174.900817038426,0.004365444183349609,0.3228931427001953
151,-12119.829084098486,0.02904142439365387,0.09409017860889435
152,-12022.38989678806,0.11404936015605927,0.013710647821426392
153,-11700.128539625224,0.23106752336025238,0.019445640966296196
154,-12074.56093131514,-0.17887616157531738,0.02522556483745575
155,-11506.825237793868,-0.1517738699913025,0.14339075982570648
156,-11490.509322162301,-0.30844593048095703,0.21251913905143738
157,-11967.386097455053,-0.22385284304618835,0.0048788925632834435
158,-11300.364899058535,0.10456538200378418,0.06663959473371506
159,-11283.423412039188,0.1841687113046646,0.005731353536248207
160,-11265.515271047889,-0.0005879774689674377,0.05098792165517807
161,-11580.579872443512,0.004745259881019592,0.011679070070385933
162,-11176.015633595007,0.07439272850751877,0.2285531908273697
163,-11492.103535360196,-0.11751573532819748,0.30393779277801514
164,-11583.84153854151,0.21405258774757385,0.045174796134233475
165,-11198.376893871877,0.04429800063371658,0.09730030596256256
166,-11370.650752471109,0.1211516410112381,0.20082320272922516
167,-11204.034476325438,0.16873799264431,0.13866770267486572
168,-11170.490471327072,0.22650092840194702,0.04357738047838211
169,-11214.818971787134,-0.35204198956489563,0.26232054829597473
170,-11698.536788830335,-0.27706560492515564,0.24937191605567932
171,-11268.66431110946,0.39209121465682983,0.06124714016914368
172,-11583.037566208524,0.010597322136163712,0.011219141073524952
173,-11750.144885515787,0.14010575413703918,0.0198654867708683
174,-11517.391065665448,0.017206542193889618,0.15330493450164795
175,-11231.248084808312,0.15941078960895538,0.04487818479537964
176,-11514.18402452336,0.013709347695112228,0.03297542780637741
177,-11213.60146829418,0.10540537536144257,0.035188864916563034
178,-11665.362082601678,0.16291218996047974,0.36010390520095825
179,-10688.209827062483,-0.059769950807094574,0.16361103951931
180,-11650.41968285731,-0.20003165304660797,0.03442475199699402
181,-10335.644411913681,-0.2406274974346161,0.3191966414451599
182,-11149.510086969345,0.09865760058164597,0.20715583860874176
183,-10169.853583872024,-0.1029956042766571,0.5599534511566162
184,-12308.517599848676,0.08935760706663132,2.437962055206299
185,-11666.034488562875,-0.003936775028705597,0.872674286365509
186,-12453.111302902375,-0.18531925976276398,0.35795220732688904
187,-12380.527429059706,0.08515867590904236,0.120586097240448
188,-12216.720349078625,0.2155209630727768,0.018172185868024826
189,-12244.493409796052,-0.10719390213489532,0.2233085334300995
190,-12308.647720626352,-0.1321651041507721,0.16297022998332977
191,-11512.84439954031,0.1074422299861908,0.24930576980113983
192,-11845.875646048637,0.13405224680900574,0.13074378669261932
193,-10620.25302041928,0.194451242685318,0.16418980062007904
194,-10399.49228121666,0.1182086169719696,0.331045925617218
195,-11500.349154526017,-0.1713879555463791,0.6793286800384521
196,-11272.485034015064,-0.18617209792137146,0.47171202301979065
197,-11598.199763229446,-0.10593684017658234,0.18348681926727295
198,-11314.531564958423,-0.3007633090019226,0.1372075080871582
199,-11463.132247569287,-0.1364898681640625,0.22222691774368286
200,-11384.661378663486,-0.084474578499794,0.11128170788288116
1,-10331.6522794078,0.13674959540367126,0.09866282343864441
2,-8460.738253881353,0.033937275409698486,0.4165297746658325
3,-11523.14799219844,-0.7232565879821777,1.032381296157837
4,-9628.351173418287,-0.25855010747909546,0.4962124824523926
5,-9161.375937952482,-0.12144260853528976,0.24878853559494019
6,-10682.898565435673,0.16064810752868652,0.12158644199371338
7,-10473.52956550047,0.2572444677352905,0.3866097927093506
8,-10785.060906322604,-0.15603719651699066,0.2989600896835327
9,-10664.247116585322,0.0013303384184837341,0.23706114292144775
10,-8972.057936830626,-0.22979721426963806,0.6701287031173706
11,-10722.13245926962,0.2261914312839508,0.4988850951194763
12,-10993.683390299573,-0.10169988125562668,0.2588784396648407
13,-9261.078963822209,-0.13975423574447632,0.9817525148391724
14,-11308.213081169622,0.11173330247402191,0.48837780952453613
15,-11620.490426858192,0.09981513023376465,0.10205958038568497
16,-11027.070323854905,0.13144351541996002,0.11443866789340973
17,-11052.410880670213,0.1013462245464325,0.123731829226017
18,-10906.472714928552,0.04890109598636627,0.10605938732624054
19,-10527.414443671552,0.09646537154912949,0.2612292170524597
20,-12318.458086743372,0.013760609552264214,0.45541560649871826
21,-10647.971155482528,-0.25372111797332764,0.47929883003234863
22,-10288.023925767571,0.2123764008283615,0.13213038444519043
23,-11081.032540327646,0.09223626554012299,0.09713560342788696
24,-11521.097219093263,0.07999362051486969,0.045102767646312714
25,-11460.234810837721,-0.19513463973999023,0.15795709192752838
26,-10720.872689415579,0.1408214122056961,0.06962476670742035
27,-10949.822162740547,0.05360190197825432,0.1141943484544754
28,-11782.677327405621,0.07993577420711517,0.19707795977592468
29,-11593.196615263967,-0.13869436085224152,0.16092543303966522
30,-12236.582999729086,-0.29200246930122375,0.31096071004867554
31,-12573.906340513922,0.35259830951690674,0.09034135192632675
32,-12271.842900213573,-0.03632865101099014,0.11970564723014832
33,-12197.161372685796,-0.047259487211704254,0.1238999217748642
34,-12053.260271041605,-0.17894214391708374,0.07848286628723145
35,-12618.933103981917,-0.189204603433609,0.15737220644950867
36,-12713.49280529386,0.18151909112930298,0.014449113048613071
37,-12384.545502620018,-0.40281975269317627,0.08528873324394226
38,-12317.081482730715,0.006963901221752167,0.12932273745536804
39,-12181.38613565749,-0.15023304522037506,0.050207432359457016
40,-11893.448499625683,-0.01940920576453209,0.12825973331928253
41,-11973.457034198558,0.1303480863571167,0.0037617667112499475
42,-12437.312612116988,-0.18113663792610168,0.10625667870044708
43,-12282.832480011493,-0.3110505938529968,0.07994545996189117
44,-11586.256205217978,-0.08839750289916992,0.24320681393146515
45,-12354.106108741227,0.158485546708107,0.0644492655992508
46,-11796.435406755169,0.12590059638023376,0.07073693722486496
47,-10771.50512607254,0.1889333426952362,0.15198193490505219
48,-11072.330957477432,0.12835541367530823,0.09873481839895248
49,-11386.904855475044,-0.08881634473800659,0.06146600842475891
50,-11730.655820320919,0.16330716013908386,0.3412850499153137
51,-11237.299585245431,-0.22787821292877197,0.2206905335187912
52,-11349.201163473785,-0.05135297030210495,0.09425872564315796
53,-11651.75305037676,-0.04818546026945114,0.3674212098121643
54,-11361.167638483576,-0.12793627381324768,0.19910287857055664
55,-11380.347819912751,-0.2741199731826782,0.19570676982402802
56,-10985.779333121449,0.05844345688819885,0.0826130360364914
57,-10961.862651297559,0.0025764815509319305,0.18915051221847534
58,-11583.174528042311,-0.255523145198822,0.2151605635881424
59,-11002.88162441883,0.003192998468875885,0.1167890727519989
60,-11442.030820296426,0.21459859609603882,0.006871506106108427
61,-11086.337882483665,-0.2736269533634186,0.14454078674316406
62,-10980.716383499766,-0.031891871243715286,0.0626884326338768
63,-11933.223051644407,-0.07810282707214355,0.4765470623970032
64,-12043.612052885128,0.024792317301034927,0.08572366833686829
65,-11998.020322673128,-0.0523858368396759,0.22840115427970886
66,-11277.978457976364,-0.021440155804157257,0.18876813352108002
67,-11340.449987847835,0.1318076252937317,0.041773080825805664
68,-10939.432831063177,-0.1608552634716034,0.25040626525878906
69,-11240.523622597719,0.057525720447301865,0.044027749449014664
70,-10782.986410549278,0.21205979585647583,0.06001754850149155
71,-10720.047855712746,-0.10517589747905731,0.041484564542770386
72,-11598.957872059897,0.07200630009174347,0.5284677743911743
73,-10660.927138581248,-0.1995791792869568,0.337838739156723
74,-11563.60361564714,0.027279362082481384,0.16372738778591156
75,-10646.923229925114,0.12409891188144684,0.09097108989953995
76,-11014.607034365472,0.18411177396774292,0.017866071313619614
77,-11306.971762081159,0.06793630868196487,0.14346431195735931
78,-11755.119192778777,-0.19017596542835236,0.20109498500823975
79,-11971.144540161156,0.32606053352355957,0.03663991764187813
80,-11887.325816981853,0.18638919293880463,0.006036396138370037
81,-11456.393331291732,-0.17801949381828308,0.24940232932567596
82,-11152.031442533076,0.1881113052368164,0.04329897463321686
83,-11060.374993043994,0.1609736531972885,0.02402348630130291
84,-10662.750863768904,0.08367566764354706,0.08472766727209091
85,-10493.426045628683,-0.0031503215432167053,0.09245018661022186
86,-11097.436699553165,0.23855805397033691,0.016304198652505875
87,-10864.552119314345,0.11902841925621033,0.043262697756290436
88,-10248.240642614146,0.097543865442276,0.07694853842258453
89,-11831.481508957753,-0.32040780782699585,0.5405391454696655
90,-11451.415490355781,-0.12339073419570923,0.32851117849349976
91,-11654.358423805006,0.2625921964645386,0.001872559543699026
92,-10767.222400685394,0.1001758947968483,0.028233878314495087
93,-11201.105958321337,0.1773528903722763,0.625352144241333
94,-10840.814195668388,-0.05434003844857216,0.12573601305484772
95,-10783.308242223638,0.02503325045108795,0.3832426071166992
96,-10931.038418468675,-0.18527725338935852,0.2600555121898651
97,-10672.514499057714,0.059297773987054825,1.8743267059326172
98,-11203.670246690723,0.13459429144859314,1.5153948068618774
99,-11532.862949033728,-0.0634675994515419,0.4001027047634125
100,-10974.084408302768,0.06607269495725632,0.3690735995769501
1,-8975.458252247747,0.2704259753227234,0.14675229787826538
2,-10941.22384337308,0.08616100251674652,0.5224559307098389
3,-11726.87939670972,-0.2682420015335083,0.31400421261787415
4,-7020.845822182562,-0.025796540081501007,1.1923807859420776
5,-10252.07459823745,-0.2265596091747284,0.29331445693969727
6,-11149.077817058404,0.048198625445365906,0.2635931074619293
7,-10855.318755645,0.09351487457752228,0.10526727885007858
8,-10563.394340827139,0.19481399655342102,0.08418888598680496
9,-10754.032769474434,0.14224562048912048,0.039172716438770294
10,-10046.551620481048,-0.1745109111070633,0.2581869959831238
11,-9706.18729716831,0.1839527189731598,0.1489754617214203
12,-8711.390101016066,0.22788938879966736,1.0179102420806885
13,-6563.08218670954,0.1621161699295044,0.10293827205896378
14,-7853.571840099323,-0.016568869352340698,0.6493918895721436
15,-11067.719205541134,0.021408475935459137,1.0113472938537598
16,-10488.896708151084,0.13735249638557434,0.305889755487442
17,-11962.942819417922,-0.023364350199699402,0.29908961057662964
18,-8144.060722569315,0.021563541144132614,1.0914381742477417
19,-11673.551360316747,0.16238313913345337,0.3955593407154083
20,-7230.217049479978,-0.0935991033911705,1.3925201892852783
21,-9365.023074463386,-0.3580862581729889,0.6309624314308167
22,-10097.543034542714,0.022205937653779984,0.14984779059886932
23,-7820.370348946983,-0.0812312588095665,0.33948004245758057
24,-5912.2777854955,0.0695890486240387,0.2629207968711853
25,-6192.00011560731,0.017480969429016113,0.12785778939723969
26,-8568.262025796974,0.18596631288528442,0.6076627373695374
27,-8245.780507325782,-0.045155249536037445,0.3498677611351013
28,-6598.36311358718,-0.03880134969949722,0.11552605032920837
29,-10227.279609828583,0.15267100930213928,0.17440269887447357
30,-9687.128351418045,-0.11383065581321716,0.21507734060287476
31,-9484.24140913953,0.044881612062454224,0.14679352939128876
32,-5865.523931638926,0.0627751499414444,0.301774263381958
33,-8348.570735077175,-0.01836259663105011,0.6044226884841919
34,-7564.234289130933,0.06779710948467255,0.050247859209775925
35,-5705.211647765723,0.2701319456100464,0.14145854115486145
36,-6340.913120875293,0.2531021237373352,0.22155727446079254
37,-8894.372153881975,-0.13098973035812378,0.3159082531929016
38,-10137.498395926496,-0.1594189703464508,0.20493105053901672
39,-7590.837030616078,0.07253581285476685,0.11085206270217896
40,-5747.201094123642,-0.23293791711330414,0.31522196531295776
41,-6062.970111004346,-0.032333992421627045,0.10775139927864075
42,-7756.014009231608,-0.4070877432823181,0.23412060737609863
43,-10233.386011544419,0.004155643284320831,0.31999409198760986
44,-6774.019150029513,0.08378720283508301,0.4431513845920563
45,-9656.012287530732,-0.09751585125923157,0.2098134309053421
46,-7636.234460489886,0.017197594046592712,0.08656269311904907
47,-5986.839616394157,0.18490225076675415,0.20556870102882385
48,-6163.7204059195865,-0.20270252227783203,0.1272539347410202
49,-5864.543887681014,-0.16900548338890076,0.08251713216304779
50,-9378.351930747069,-0.22161468863487244,0.5825048685073853
51,-5786.362869851419,-0.016802534461021423,0.9830875992774963
52,-7255.709722505796,0.049110785126686096,0.39548033475875854
53,-6397.459680603209,-0.22865259647369385,0.15381675958633423
54,-6424.205257301458,0.2341487854719162,0.05493521690368652
55,-6571.383729780507,0.0002642124891281128,0.22137883305549622
56,-6924.143213956436,-0.1734626442193985,0.16546529531478882
57,-7568.939252868379,-0.1424402892589569,0.2425520122051239
58,-6968.219346530257,0.023100003600120544,0.08148226141929626
59,-7604.745969306569,0.1477065533399582,0.08559578657150269
60,-6975.3352247477405,0.0967467725276947,0.10386641323566437
61,-6212.9535525863585,0.07162808626890182,0.057883113622665405
62,-6219.313801123758,0.08475560694932938,0.06086941435933113
63,-5849.412555633021,-0.5870457291603088,0.2208711951971054
64,-8544.191083303203,0.09693878889083862,0.1282656490802765
65,-9265.650171077703,0.13813552260398865,0.03687860071659088
66,-6548.19853507027,0.03745612874627113,0.11415302008390427
67,-5614.558756835724,0.08204373717308044,0.07171470671892166
68,-5644.675970031919,-0.2098662555217743,0.06384330987930298
69,-5353.80760770952,0.12816467881202698,0.021185630932450294
70,-5031.232501913306,-0.17286117374897003,0.03474733605980873
71,-5552.606702422996,-0.2117982655763626,0.0715126171708107
72,-5625.838917746975,0.03687835484743118,0.05691622942686081
73,-6124.805866485784,-0.2183753401041031,0.08765813708305359
74,-5351.6337458195,-0.041075658053159714,0.041138581931591034
75,-5012.686318336009,0.23514005541801453,0.01185595989227295
76,-5207.509172074231,0.062439627945423126,0.047345831990242004
77,-5214.623352486046,0.08857084065675735,0.06347143650054932
78,-5280.617782369291,-0.08172664046287537,0.06730011105537415
79,-9391.417700224234,-0.10992123186588287,0.1360008716583252
80,-8551.132318081529,-0.1767408698797226,0.11005958914756775
81,-5506.330659697958,0.08817435801029205,0.03316164389252663
82,-5327.54280486408,0.06941838562488556,0.07342109829187393
83,-5490.264598627383,-0.0780181735754013,0.049127399921417236
84,-6023.973002125501,-0.09283339977264404,0.08329297602176666
85,-5603.254414913983,0.05017982795834541,0.014474622905254364
86,-5233.891279094049,0.25545740127563477,0.01331913098692894
87,-5961.321919227347,-0.3736015260219574,0.1544986069202423
88,-5739.965206757146,-0.1662941575050354,0.060990359634160995
89,-5687.660556372557,0.0417720191180706,0.18450208008289337
90,-5298.847202140243,-0.0194375142455101,0.06399550288915634
91,-4982.536546299044,-0.12737756967544556,0.03461060672998428
92,-4914.117360758725,0.25616225600242615,0.00714504811912775
93,-5268.723991898112,-0.05206509679555893,0.03873539716005325
94,-5831.311141258469,0.08652579039335251,0.05784562975168228
95,-5747.387777422563,0.05492959916591644,0.0448116771876812
96,-5978.75382283741,0.09391380846500397,0.055403146892786026
97,-6449.233078686137,0.010075531899929047,0.03586253523826599
98,-5768.0491670418305,-0.03048766404390335,0.04751507192850113
99,-5484.759224060951,0.015543222427368164,0.05290263891220093
100,-5565.528210841351,0.013656608760356903,0.012003595009446144
101,-5420.509274225208,-0.09933003783226013,0.033696576952934265
102,-5312.374937945088,-0.22045914828777313,0.07989008724689484
103,-5153.722197535416,0.16870075464248657,0.01705903932452202
104,-5490.790905296703,-0.18750040233135223,0.09013772010803223
105,-5286.212413958941,-0.10863757133483887,0.09884531795978546
106,-5419.322269016732,0.16270416975021362,0.039724573493003845
107,-4908.825176185415,0.05777885764837265,0.01051504909992218
108,-5341.471099350915,0.14793843030929565,0.016450759023427963
109,-5030.2312124895025,-0.11278170347213745,0.03307502716779709
110,-4795.182513862172,-0.1886928826570511,0.028347540646791458
111,-5328.961236749611,-0.03320911526679993,0.06888473033905029
112,-5090.666012987581,0.1165904551744461,0.0135424192994833
113,-4767.027292898047,-0.06107068806886673,0.04032433032989502
114,-5022.736850628785,-0.017094865441322327,0.045725200325250626
115,-5038.688620502635,-0.13901717960834503,0.04178665578365326
116,-4866.84387654994,-0.00036479532718658447,0.044071368873119354
117,-5314.562869279855,-0.19154399633407593,0.0949959009885788
118,-5044.802649011348,0.031787335872650146,0.052638549357652664
119,-4978.142525943624,-0.09332430362701416,0.07199223339557648
120,-4755.644613852897,0.08720333129167557,0.02497630938887596
121,-5052.8426929219395,0.13680128753185272,0.01855282671749592
122,-4997.026844920505,0.04355597496032715,0.06254292279481888
1,-8975.458252247747,0.2673521339893341,0.15647433698177338
2,-11283.223980169181,0.17910286784172058,0.47870662808418274
3,-11651.30257635911,0.24056684970855713,0.06029000133275986
4,-8096.043408746218,0.27073934674263,0.8865506052970886
5,-10202.13993039531,-0.03306473046541214,0.21945039927959442
6,-10731.408744229273,0.23712410032749176,0.04483167454600334
7,-10572.875206350851,0.1247590035200119,0.08796101063489914
8,-10489.60927800714,0.01753963902592659,0.16690368950366974
9,-10566.70676317677,0.08185316622257233,0.12661215662956238
10,-10918.650976860668,-0.12848791480064392,0.3511717915534973
11,-10440.450956969891,-0.07912760972976685,0.2716502547264099
12,-8671.48770557787,-0.3433401882648468,0.5408910512924194
13,-10479.87290766852,0.018743395805358887,0.40798279643058777
14,-10209.055000742334,-0.12184701859951019,0.33762067556381226
15,-11346.015564867454,0.12376808375120163,0.21084171533584595
16,-9541.240251293942,-0.34007537364959717,0.943590521812439
17,-10960.810201405146,0.05106658861041069,0.09676206111907959
18,-7462.126395257064,-0.09636355936527252,1.0547248125076294
19,-9618.64203874372,-0.12400881201028824,0.34598273038864136
20,-10614.139711844877,0.009561378508806229,0.3180479109287262
21,-10704.913717165515,0.14377707242965698,0.11066147685050964
22,-11712.562650050577,0.18432408571243286,0.14284974336624146
23,-7709.453254526592,0.04940779507160187,0.9795784950256348
24,-10552.215654015205,-0.10126752406358719,0.4843543469905853
25,-11461.389290550344,-0.18997545540332794,0.27827754616737366
26,-11041.35362278621,-0.30372267961502075,0.3391115665435791
27,-11603.767461945636,-0.05530106648802757,0.05573743209242821
28,-11303.735155219718,0.04287666454911232,0.11628013849258423
29,-11613.861640985839,0.018202200531959534,0.10030849277973175
30,-10740.626251918531,-0.14125795662403107,0.27029943466186523
31,-12414.120135074274,-0.03380141407251358,0.2824315130710602
32,-10191.894860171866,0.254520058631897,0.09998662769794464
33,-12574.328723716706,0.17322982847690582,0.447655588388443
34,-11819.145627290436,0.0007760077714920044,0.29976561665534973
35,-11869.121117335053,0.23426347970962524,0.0539504811167717
36,-11840.918179823713,-0.07012128084897995,0.12520168721675873
37,-12635.536907665954,0.05479346960783005,0.3866831660270691
38,-11938.725636901418,0.060477204620838165,0.12412267178297043
39,-11683.64885464022,-0.32234081625938416,0.28398263454437256
40,-12585.09619125227,-0.044248245656490326,0.12365826964378357
41,-12509.321382843294,-0.2024979591369629,0.13568566739559174
42,-12430.819370077565,-0.1395653933286667,0.13980643451213837
43,-11978.613844745876,-0.20238226652145386,0.25971969962120056
44,-11289.329319162109,-0.13011051714420319,0.1533367931842804
45,-11585.677047408744,0.08735577017068863,0.031057162210345268
46,-11207.631469716449,-0.13287100195884705,0.11492826044559479
47,-11402.7787706033,-0.023877374827861786,0.03190028294920921
48,-11299.455126549039,0.07802402228116989,0.08832019567489624
49,-10934.210108943344,-0.22625495493412018,0.3125273287296295
50,-9059.607739970143,-0.10116246342658997,0.9806352853775024
51,-12416.682631207925,0.05231104791164398,0.6008906364440918
52,-11766.562360826283,0.2045714259147644,0.09605978429317474
53,-9892.729823690514,-0.03806525096297264,0.47625547647476196
54,-10637.11137106142,-0.025982145220041275,0.17843136191368103
55,-11774.389386990768,-0.05852414667606354,0.11352157592773438
56,-11042.325737396404,-0.25432270765304565,0.17123262584209442
57,-10784.131355676009,0.32953941822052,0.2968945801258087
58,-11570.547525195308,0.34071964025497437,0.7547075748443604
59,-11054.866263625454,-0.049772776663303375,0.17646875977516174
60,-11694.474959082048,-0.003905782476067543,0.2651517391204834
61,-11210.957764287215,-0.09063313901424408,0.19653581082820892
62,-10572.569490701713,0.24415546655654907,0.05981672555208206
63,-11248.796792608635,0.041540537029504776,0.010733451694250107
64,-11200.62586617347,-0.33734244108200073,0.13181817531585693
65,-11399.58767918309,0.04191460832953453,0.042533211410045624
66,-11487.667035063441,0.1388159692287445,0.8642942309379578
67,-11284.531662127209,-0.047715429216623306,0.1718185693025589
68,-10562.718935081555,-0.32035398483276367,0.4659368693828583
69,-10484.830091538297,-0.09103042632341385,0.11910822242498398
70,-9342.146598112799,-0.22049251198768616,0.304495632648468
71,-10695.173245859522,0.1305641233921051,0.2184995412826538
72,-10648.966392908067,-0.0027902908623218536,0.21363098919391632
73,-12088.363905809107,-0.09342452138662338,0.486244797706604
74,-9535.313214064494,-0.09203539788722992,0.36595579981803894
75,-10355.589407760332,0.11576530337333679,0.054905831813812256
76,-11681.93282478789,-0.09379595518112183,0.33967506885528564
77,-11284.35028920681,-0.210798978805542,0.12701500952243805
78,-10783.472809982777,-0.10751712322235107,0.7709250450134277
79,-10689.75736061965,0.2638539671897888,0.20668859779834747
80,-12183.750496085635,-0.2738925516605377,0.4559187889099121
81,-10854.882726526375,0.09689724445343018,0.14310158789157867
82,-10811.536827118578,-0.030720025300979614,0.22822332382202148
83,-11066.343213843818,-0.0207226499915123,0.1772705763578415
84,-10684.353272641476,0.1194252297282219,0.15271538496017456
85,-10860.651584163803,0.05853601545095444,0.04111410677433014
86,-11342.189718228568,0.21451489627361298,0.25884532928466797
87,-10180.136140045457,-0.11930137872695923,0.21517224609851837
88,-10944.876867222714,-0.16328315436840057,0.14009234309196472
89,-11001.544900496392,-0.004158996045589447,0.055714983493089676
90,-11103.819636555661,-0.16875150799751282,0.08115063607692719
91,-10002.480979628639,0.07420840859413147,0.08443446457386017
92,-10513.18356119856,0.070209801197052,0.18168994784355164
93,-11233.527936754033,0.15167222917079926,0.3682447671890259
94,-11433.569177361667,0.15162056684494019,0.0057761589996516705
95,-11519.835362962247,0.044565100222826004,0.22301344573497772
96,-11431.396323647094,-0.4546703100204468,0.21693137288093567
97,-11539.764488147135,-0.025340501219034195,0.06621281802654266
98,-10981.603499528646,-0.33386558294296265,0.3485255539417267
99,-11535.2021529012,0.16829776763916016,0.002481509931385517
100,-10778.51289900914,0.11585655808448792,0.13309186697006226
101,-11171.41976102207,-0.3147779703140259,0.1375313699245453
102,-10872.961799082175,-0.12913045287132263,0.25932079553604126
103,-11578.68510855372,-0.33675453066825867,0.32645368576049805
104,-11520.261571591547,-0.28338027000427246,0.09125544130802155
105,-11157.541260143675,0.14318200945854187,0.033387117087841034
106,-10234.61018195059,-0.1289488971233368,0.11423498392105103
107,-11141.64922842106,-0.14102479815483093,0.476917028427124
108,-8848.552632547216,0.08110177516937256,0.2759208679199219
109,-9774.579467562502,0.09018556773662567,0.17717257142066956
110,-10583.825256249009,-0.09839817881584167,0.1475796103477478
111,-7268.216378641925,0.03111293911933899,0.23708926141262054
112,-7827.480488586956,-0.0076934099197387695,0.12493729591369629
113,-11529.434694912115,0.3034430146217346,0.486112505197525
114,-10659.427579674733,0.053519561886787415,0.17683923244476318
115,-9264.097317767633,-0.05181293562054634,0.43831565976142883
116,-11437.177512753715,-0.1740715205669403,0.3825971186161041
117,-10689.357642680521,0.12081439048051834,0.15023685991764069
118,-10786.016113841724,0.19989189505577087,0.34363991022109985
119,-11707.201179582817,0.39578890800476074,0.30093613266944885
120,-11852.304754481864,0.08115644007921219,0.12463872134685516
121,-11893.657994847586,0.29424378275871277,0.05699716880917549
122,-11882.126781067382,0.1392989456653595,0.0071477824822068214
1,-8975.458252247747,0.2673521339893341,0.15647433698177338
2,-11283.223980169181,-0.3269926905632019,0.5399553179740906
3,-9047.811689692186,0.14605861902236938,0.640337347984314
4,-6912.752696980848,0.2801273465156555,0.24405765533447266
5,-11470.160191942434,0.28222107887268066,1.4180917739868164
6,-10588.332083883743,-0.060426387935876846,0.12854330241680145
7,-11447.051280252761,-0.13364899158477783,0.2564486265182495
8,-9567.777283166472,0.25319209694862366,0.1687294989824295
9,-11207.26276671704,0.13398036360740662,0.3571232259273529
10,-10177.546507099938,0.13666102290153503,0.3547898530960083
11,-11572.558078840659,-0.3014145493507385,0.3558880686759949
12,-11516.682512446796,0.09726200252771378,0.16917362809181213
13,-11175.492705994757,0.09043664485216141,0.22647781670093536
14,-10957.965483563796,0.11026693135499954,0.10950310528278351
15,-10164.331452419025,-0.3038836419582367,0.2903393507003784
16,-12036.892819779665,0.08011464029550552,0.31110912561416626
17,-12779.90626260432,-0.08745763450860977,0.22974969446659088
18,-12244.387764487885,-0.006665229797363281,0.1527700275182724
19,-10631.22049684579,0.05664777010679245,0.20661525428295135
20,-11225.42609516189,-0.06885296106338501,0.15640763938426971
1,-8975.458252247747,0.2673521339893341,0.15647433698177338
2,-11283.223980169181,-0.3269926905632019,0.5399553179740906
3,-9047.811689692186,0.14605861902236938,0.640337347984314
4,-6912.752696980848,0.2801273465156555,0.24405765533447266
5,-11470.160191942434,0.28222107887268066,1.4180917739868164
6,-10588.332083883743,-0.060426387935876846,0.12854330241680145
7,-11447.051280252761,-0.13364899158477783,0.2564486265182495
8,-9567.777283166472,0.25319209694862366,0.1687294989824295
9,-11207.26276671704,0.13398036360740662,0.3571232259273529
10,-10177.546507099938,0.13666102290153503,0.3547898530960083
11,-11572.558078840659,-0.3014145493507385,0.3558880686759949
12,-11516.682512446796,0.09726200252771378,0.16917362809181213
13,-11175.492705994757,0.09043664485216141,0.22647781670093536
14,-10957.965483563796,0.11249350011348724,0.10948476195335388
15,-11053.398645694513,-0.24782082438468933,0.3086957633495331
16,-12447.602892430623,0.07442867010831833,0.19359555840492249
17,-13007.04754581866,-0.13554176688194275,0.23570218682289124
18,-12695.568094600914,0.01001323014497757,0.15660424530506134
19,-8644.726097449235,-0.1322169452905655,1.0548791885375977
20,-9143.352453831729,-0.05954848229885101,0.11032920330762863
1,-8975.458252247747,0.22865398228168488,0.2869988679885864
2,-11435.591729434185,-0.4398241639137268,0.6285851001739502
3,-9149.293817634474,-0.04927958548069,0.7852281332015991
4,-8501.359324952471,-0.04853631556034088,0.5488796234130859
5,-7640.111312559645,-0.04376373440027237,0.26037150621414185
6,-7301.7570797091685,0.19469304382801056,0.17348036170005798
7,-11304.657891961027,-0.004386838525533676,0.8550256490707397
8,-9298.433210315787,0.39438146352767944,0.20226138830184937
9,-10640.204007933029,0.0064396969974040985,0.07339976727962494
10,-9885.89779065118,0.18202674388885498,0.2184959053993225
11,-9453.941559800229,-0.20093666017055511,0.44182613492012024
12,-7853.173987453132,0.025246918201446533,0.5181455612182617
13,-7163.806361657128,-0.028531596064567566,0.312453031539917
14,-7088.444359509794,-0.04956623911857605,0.2714254558086395
15,-7541.941490540646,-0.06539785861968994,0.46408239006996155
16,-10226.660602830703,-0.058506257832050323,0.6071816682815552
17,-9976.707279077806,0.12449844181537628,0.0980215072631836
18,-10943.924143148812,-0.03413406014442444,0.08367139846086502
19,-10491.959321415397,0.05136653035879135,0.07686760276556015
20,-11069.75098456202,-0.2155551165342331,0.1989211142063141
1,-8975.458252247747,0.23060743510723114,0.231643408536911
2,-11321.10242236037,-0.44246503710746765,0.5250937342643738
3,-8846.10504239672,-0.06381675601005554,1.2258963584899902
4,-7463.5807475152105,-0.09226446598768234,0.3275732398033142
5,-8419.111031954733,0.19317618012428284,0.38001418113708496
6,-10337.804501601591,-0.21548248827457428,0.28785240650177
7,-11147.507121540955,0.08304272592067719,0.04383354261517525
8,-10383.122548071193,0.14025390148162842,0.12795689702033997
9,-10915.154800528571,-0.025272905826568604,0.10885173082351685
10,-10609.05077021286,0.04180543124675751,0.26306894421577454
11,-11502.077176655708,-0.2698007822036743,0.21404345333576202
12,-10684.045023381395,0.1462658941745758,0.13049057126045227
13,-11225.389695051244,0.10229670256376266,0.06190050393342972
14,-10909.177113247531,0.0542878583073616,0.14004701375961304
15,-10472.25012296909,0.030972033739089966,0.19742116332054138
16,-10496.159814575316,0.046457789838314056,0.1980087161064148
17,-12101.039533196024,0.06517408788204193,1.5709948539733887
18,-10268.83859982128,-0.0019072797149419785,0.7215529680252075
19,-11021.834364937504,0.07021856307983398,0.21555763483047485
20,-11426.464827384892,-0.1282806247472763,0.16349735856056213
1,-1279319.9913576914,0.26455262303352356,0.3992201089859009
2,-1319234.0117757514,0.2488684207201004,0.832320511341095
3,-1123507.9361083463,-0.06765642762184143,0.2905738651752472
4,-1800780.9892698298,0.02686411887407303,1.3392504453659058
5,-2299223.145754727,0.03682349622249603,0.8102692365646362
6,-1775404.1627312133,-0.22295796871185303,0.20333637297153473
7,-1589678.7205818973,0.1917511522769928,0.406432569026947
8,-1908448.0280922926,0.5002349019050598,0.4536850154399872
9,-1444106.801358538,0.06676270812749863,0.09318709373474121
10,-1212647.2657092032,-0.27652594447135925,0.04170672222971916
11,-1965961.7617489805,-0.10127286612987518,0.5570921897888184
12,-715164.5128151901,-0.06818441301584244,0.38131964206695557
13,-370096.5373528205,-0.17189747095108032,0.021255942061543465
14,-713860.2297304462,-0.11237644404172897,0.08797892928123474
15,-596276.4638531355,-0.1846754252910614,0.04326789826154709
16,-1830493.2229825237,-0.16791723668575287,0.5065410137176514
17,-2160367.217125115,0.08655159175395966,0.16954059898853302
18,-851067.7936721337,0.01948760449886322,0.99025958776474
19,-3157568.9465179793,0.23700204491615295,1.6112536191940308
20,-2080151.2602034656,-0.054060183465480804,0.531207799911499
1,-304.0812045413024,0.26174166798591614,0.4056442677974701
2,-305.64319168665367,0.2557903230190277,0.7524632811546326
3,-294.6011032150964,-0.004773691296577454,0.17507797479629517
4,-337.9443011163843,0.003383338451385498,0.9365853667259216
5,-860.6949742387027,-0.12010994553565979,0.5816228985786438
6,-369.2375568274104,-0.18296024203300476,0.03791362792253494
7,-362.28293227775407,0.20084527134895325,0.05776071548461914
8,-394.2966232634219,0.5042235851287842,0.09200102090835571
9,-245.06726338276633,-0.040649283677339554,0.02785063162446022
10,-349.59903846675,0.008049160242080688,0.02622535079717636
11,-353.115924644052,-0.011997848749160767,0.08245359361171722
12,-229.2616434425531,-0.030277561396360397,0.04288874566555023
13,-111.82736781792195,-0.13351009786128998,0.0062305377796292305
14,-248.83251120175873,-0.06167840212583542,0.03461020067334175
15,-86.25585231978944,-0.10657797753810883,0.0090635996311903
16,-362.51304097795486,-0.13311824202537537,0.10639606416225433
17,-451.54406782702966,0.09033053368330002,0.030258256942033768
18,-292.70887832200833,-0.14494004845619202,0.05865725874900818
19,-421.02955641398125,0.11624506115913391,0.10251561552286148
20,-113.15621966699118,0.3761199712753296,0.031035564839839935
1,-304.0812045413024,0.26174166798591614,0.4056442677974701
2,-305.64319168665367,0.2557903230190277,0.7524632811546326
3,-294.6011032150964,-0.004773691296577454,0.17507797479629517
4,-337.9443011163843,0.003383338451385498,0.9365853667259216
5,-860.6949742387027,-0.12010994553565979,0.5816228985786438
6,-369.2375568274104,-0.18296024203300476,0.03791362792253494
7,-362.28293227775407,0.20084527134895325,0.05776071548461914
8,-394.2966232634219,0.5042235851287842,0.09200102090835571
9,-245.06726338276633,-0.040649283677339554,0.02785063162446022
10,-349.59903846675,0.008049160242080688,0.02622535079717636
11,-353.115924644052,-0.011997848749160767,0.08245359361171722
12,-229.2616434425531,-0.030277561396360397,0.04288874566555023
13,-111.82736781792195,-0.13351009786128998,0.0062305377796292305
14,-248.83251120175873,-0.06167840212583542,0.03461020067334175
15,-86.25585231978944,-0.10657797753810883,0.0090635996311903
16,-362.51304097795486,-0.13311824202537537,0.10639606416225433
17,-451.54406782702966,0.09033053368330002,0.030258256942033768
18,-292.70887832200833,-0.14494004845619202,0.05865725874900818
19,-421.02955641398125,0.11624506115913391,0.10251561552286148
20,-113.15621966699118,0.3761199712753296,0.031035564839839935
1,-304.0812045413024,0.26174166798591614,0.4056442677974701
2,-305.64319168665367,0.2557903230190277,0.7524632811546326
3,-294.6011032150964,-0.004773691296577454,0.17507797479629517
4,-337.9443011163843,0.003383338451385498,0.9365853667259216
5,-860.6949742387027,-0.12010994553565979,0.5816228985786438
6,-369.2375568274104,-0.18296024203300476,0.03791362792253494
7,-362.28293227775407,0.20084527134895325,0.05776071548461914
8,-394.2966232634219,0.5042235851287842,0.09200102090835571
9,-245.06726338276633,-0.040649283677339554,0.02785063162446022
10,-349.59903846675,0.008049160242080688,0.02622535079717636
11,-353.115924644052,-0.011997848749160767,0.08245359361171722
12,-229.2616434425531,-0.030277561396360397,0.04288874566555023
13,-111.82736781792195,-0.13351009786128998,0.0062305377796292305
14,-248.83251120175873,-0.06167840212583542,0.03461020067334175
15,-86.25585231978944,-0.10657797753810883,0.0090635996311903
16,-362.51304097795486,-0.13311824202537537,0.10639606416225433
17,-451.54406782702966,0.09033053368330002,0.030258256942033768
18,-292.70887832200833,-0.14494004845619202,0.05865725874900818
19,-421.02955641398125,0.11624506115913391,0.10251561552286148
20,-113.15621966699118,0.3761199712753296,0.031035564839839935
1,-402.5397029078987,0.026493623852729797,0.20530787110328674
2,-383.02866400736883,0.24592173099517822,0.3065797686576843
3,-690.9826074755449,-0.14935167133808136,0.10281987488269806
4,-570.6329068336456,0.0884329304099083,0.08463165909051895
5,-222.63796514790562,-0.2567085921764374,0.13663902878761292
6,-327.4301451668425,0.44039416313171387,0.004036201164126396
7,-377.85036794517606,0.22705677151679993,1.3133063316345215
8,-261.9466235183365,0.4706348478794098,0.5315336585044861
9,-245.52608667120444,0.02873331308364868,0.26484957337379456
10,-164.16128893592114,0.02677987702190876,0.04376889020204544
11,-291.7856879597727,0.21046054363250732,0.13682638108730316
12,-381.77260817836014,-0.2009827196598053,0.39288777112960815
13,-335.275647632358,0.09082955121994019,0.2834888994693756
14,-429.16140197123906,0.0475693941116333,0.3127564787864685
15,-646.9858383908127,-0.19040091335773468,0.4586334228515625
16,-443.43891657583123,0.03373873233795166,0.18815717101097107
17,-429.36185451576955,0.1409604549407959,0.0889945700764656
18,-433.6405326009366,-0.12064191699028015,0.18351686000823975
19,-548.4879238910506,0.28849339485168457,0.49736422300338745
20,-450.4646477128778,0.022171061486005783,0.03331441804766655
1,-402.5397029078987,0.026493623852729797,0.20530787110328674
2,-383.02866400736883,0.24592173099517822,0.3065797686576843
3,-690.9826074755449,-0.14935167133808136,0.10281987488269806
4,-570.6329068336456,0.0884329304099083,0.08463165909051895
5,-222.63796514790562,-0.2567085921764374,0.13663902878761292
6,-327.4301451668425,0.44039416313171387,0.004036201164126396
7,-377.85036794517606,0.22705677151679993,1.3133063316345215
8,-261.9466235183365,0.4706348478794098,0.5315336585044861
9,-245.52608667120444,0.02873331308364868,0.26484957337379456
10,-164.16128893592114,0.02677987702190876,0.04376889020204544
11,-291.7856879597727,0.21046054363250732,0.13682638108730316
12,-381.77260817836014,-0.2009827196598053,0.39288777112960815
13,-335.275647632358,0.09082955121994019,0.2834888994693756
14,-429.16140197123906,0.0475693941116333,0.3127564787864685
15,-646.9858383908127,-0.19040091335773468,0.4586334228515625
16,-443.43891657583123,0.03373873233795166,0.18815717101097107
17,-429.36185451576955,0.1409604549407959,0.0889945700764656
18,-433.6405326009366,-0.12064191699028015,0.18351686000823975
19,-548.4879238910506,0.28849339485168457,0.49736422300338745
20,-450.4646477128778,0.022171061486005783,0.03331441804766655
1,-402.5397029078987,0.026493623852729797,0.20530787110328674
2,-383.02866400736883,0.24592173099517822,0.3065797686576843
3,-690.9826074755449,-0.14935167133808136,0.10281987488269806
4,-570.6329068336456,0.0884329304099083,0.08463165909051895
5,-222.63796514790562,-0.2567085921764374,0.13663902878761292
6,-327.4301451668425,0.44039416313171387,0.004036201164126396
7,-377.85036794517606,0.22705677151679993,1.3133063316345215
8,-261.9466235183365,0.4706348478794098,0.5315336585044861
9,-245.52608667120444,0.02873331308364868,0.26484957337379456
10,-164.16128893592114,0.02677987702190876,0.04376889020204544
11,-291.7856879597727,0.21046054363250732,0.13682638108730316
12,-381.77260817836014,-0.2009827196598053,0.39288777112960815
13,-335.275647632358,0.09082955121994019,0.2834888994693756
14,-429.16140197123906,0.0475693941116333,0.3127564787864685
15,-646.9858383908127,-0.19040091335773468,0.4586334228515625
16,-443.43891657583123,0.03373873233795166,0.18815717101097107
17,-429.36185451576955,0.1409604549407959,0.0889945700764656
18,-433.6405326009366,-0.12064191699028015,0.18351686000823975
19,-548.4879238910506,0.28849339485168457,0.49736422300338745
20,-450.4646477128778,0.022171061486005783,0.03331441804766655
1,-402.5397029078987,0.026493623852729797,0.20530787110328674
2,-383.02866400736883,0.24592173099517822,0.3065797686576843
3,-690.9826074755449,-0.14935167133808136,0.10281987488269806
4,-570.6329068336456,0.0884329304099083,0.08463165909051895
5,-222.63796514790562,-0.2567085921764374,0.13663902878761292
6,-327.4301451668425,0.44039416313171387,0.004036201164126396
7,-377.85036794517606,0.22705677151679993,1.3133063316345215
8,-261.9466235183365,0.4706348478794098,0.5315336585044861
9,-245.52608667120444,0.02873331308364868,0.26484957337379456
10,-164.16128893592114,0.02677987702190876,0.04376889020204544
11,-291.7856879597727,0.21046054363250732,0.13682638108730316
12,-381.77260817836014,-0.2009827196598053,0.39288777112960815
13,-335.275647632358,0.09082955121994019,0.2834888994693756
14,-429.16140197123906,0.0475693941116333,0.3127564787864685
15,-646.9858383908127,-0.19040091335773468,0.4586334228515625
16,-443.43891657583123,0.03373873233795166,0.18815717101097107
17,-429.36185451576955,0.1409604549407959,0.0889945700764656
18,-433.6405326009366,-0.12064191699028015,0.18351686000823975
19,-548.4879238910506,0.28849339485168457,0.49736422300338745
20,-450.4646477128778,0.022171061486005783,0.03331441804766655
1,-402.5397029078987,0.026493623852729797,0.20530787110328674
2,-383.02866400736883,0.24592173099517822,0.3065797686576843
3,-690.9826074755449,-0.14935167133808136,0.10281987488269806
4,-570.6329068336456,0.0884329304099083,0.08463165909051895
5,-222.63796514790562,-0.2567085921764374,0.13663902878761292
6,-327.4301451668425,0.44039416313171387,0.004036201164126396
7,-377.85036794517606,0.22705677151679993,1.3133063316345215
8,-261.9466235183365,0.4706348478794098,0.5315336585044861
9,-245.52608667120444,0.02873331308364868,0.26484957337379456
10,-164.16128893592114,0.02677987702190876,0.04376889020204544
11,-291.7856879597727,0.21046054363250732,0.13682638108730316
12,-381.77260817836014,-0.2009827196598053,0.39288777112960815
13,-335.275647632358,0.09082955121994019,0.2834888994693756
14,-429.16140197123906,0.0475693941116333,0.3127564787864685
15,-646.9858383908127,-0.19040091335773468,0.4586334228515625
16,-443.43891657583123,0.03373873233795166,0.18815717101097107
17,-429.36185451576955,0.1409604549407959,0.0889945700764656
18,-433.6405326009366,-0.12064191699028015,0.18351686000823975
19,-548.4879238910506,0.28849339485168457,0.49736422300338745
20,-450.4646477128778,0.022171061486005783,0.03331441804766655
1,-402.5397029078987,0.026493623852729797,0.20530787110328674
2,-383.02866400736883,0.24592173099517822,0.3065797686576843
3,-690.9826074755449,-0.14935167133808136,0.10281987488269806
4,-570.6329068336456,0.0884329304099083,0.08463165909051895
5,-222.63796514790562,-0.2567085921764374,0.13663902878761292
6,-327.4301451668425,0.44039416313171387,0.004036201164126396
7,-377.85036794517606,0.22705677151679993,1.3133063316345215
8,-261.9466235183365,0.4706348478794098,0.5315336585044861
9,-245.52608667120444,0.02873331308364868,0.26484957337379456
10,-164.16128893592114,0.02677987702190876,0.04376889020204544
11,-291.7856879597727,0.21046054363250732,0.13682638108730316
12,-381.77260817836014,-0.2009827196598053,0.39288777112960815
13,-335.275647632358,0.09082955121994019,0.2834888994693756
14,-429.16140197123906,0.0475693941116333,0.3127564787864685
15,-646.9858383908127,-0.19040091335773468,0.4586334228515625
16,-443.43891657583123,0.03373873233795166,0.18815717101097107
17,-429.36185451576955,0.1409604549407959,0.0889945700764656
18,-433.6405326009366,-0.12064191699028015,0.18351686000823975
19,-548.4879238910506,0.28849339485168457,0.49736422300338745
20,-450.4646477128778,0.022171061486005783,0.03331441804766655
1,-402.5397029078987,0.026493623852729797,0.20530787110328674
2,-383.02866400736883,0.24592173099517822,0.3065797686576843
3,-690.9826074755449,-0.14935167133808136,0.10281987488269806
4,-570.6329068336456,0.0884329304099083,0.08463165909051895
5,-222.63796514790562,-0.2567085921764374,0.13663902878761292
6,-327.4301451668425,0.44039416313171387,0.004036201164126396
7,-377.85036794517606,0.22705677151679993,1.3133063316345215
8,-261.9466235183365,0.4706348478794098,0.5315336585044861
9,-245.52608667120444,0.02873331308364868,0.26484957337379456
10,-164.16128893592114,0.02677987702190876,0.04376889020204544
11,-291.7856879597727,0.21046054363250732,0.13682638108730316
12,-381.77260817836014,-0.2009827196598053,0.39288777112960815
13,-335.275647632358,0.09082955121994019,0.2834888994693756
14,-429.16140197123906,0.0475693941116333,0.3127564787864685
15,-646.9858383908127,-0.19040091335773468,0.4586334228515625
16,-443.43891657583123,0.03373873233795166,0.18815717101097107
17,-429.36185451576955,0.1409604549407959,0.0889945700764656
18,-433.6405326009366,-0.12064191699028015,0.18351686000823975
19,-548.4879238910506,0.28849339485168457,0.49736422300338745
20,-450.4646477128778,0.022171061486005783,0.03331441804766655
1,-402.5397029078987,0.026493623852729797,0.20530787110328674
2,-383.02866400736883,0.24592173099517822,0.3065797686576843
3,-690.9826074755449,-0.14935167133808136,0.10281987488269806
4,-570.6329068336456,0.0884329304099083,0.08463165909051895
5,-222.63796514790562,-0.2567085921764374,0.13663902878761292
6,-327.4301451668425,0.44039416313171387,0.004036201164126396
7,-377.85036794517606,0.22705677151679993,1.3133063316345215
8,-261.9466235183365,0.4706348478794098,0.5315336585044861
9,-245.52608667120444,0.02873331308364868,0.26484957337379456
10,-164.16128893592114,0.02677987702190876,0.04376889020204544
1,-402.5397029078987,0.026493623852729797,0.20530787110328674
2,-383.02866400736883,0.24592173099517822,0.3065797686576843
3,-690.9826074755449,-0.14935167133808136,0.10281987488269806
4,-570.6329068336456,0.0884329304099083,0.08463165909051895
5,-222.63796514790562,-0.2567085921764374,0.13663902878761292
6,-327.4301451668425,0.44039416313171387,0.004036201164126396
7,-377.85036794517606,0.22705677151679993,1.3133063316345215
8,-261.9466235183365,0.4706348478794098,0.5315336585044861
9,-245.52608667120444,0.02873331308364868,0.26484957337379456
10,-164.16128893592114,0.02677987702190876,0.04376889020204544
1,-50.00000988795271,0.01863132044672966,0.1963176429271698
2,1.0996586323752666e-05,-0.08165708184242249,3.5721670428756624e-05
3,-100.00001820922853,-0.04560571163892746,0.2779322862625122
4,-100.00001567720486,0.2765970230102539,0.6269899606704712
5,-1.2196425308586e-05,0.49456411600112915,0.0006715537165291607
6,-1.0542725296935895e-05,-0.23778101801872253,0.0002265950752189383
7,-160.16969866702274,0.1992235779762268,0.48916539549827576
8,-50.000009161267975,-0.028245318681001663,0.1593746840953827
9,-57.64871620264753,-0.1340421438217163,0.02115953341126442
10,-0.06364177962742304,0.09547749906778336,0.00012936812709085643
1,-402.5397029078987,0.026493623852729797,0.20530787110328674
2,-383.02866400736883,0.24592173099517822,0.3065797686576843
3,-690.9826074755449,-0.14935167133808136,0.10281987488269806
4,-570.6329068336456,0.0884329304099083,0.08463165909051895
5,-222.63796514790562,-0.2567085921764374,0.13663902878761292
6,-327.4301451668425,0.44039416313171387,0.004036201164126396
7,-377.85036794517606,0.22705677151679993,1.3133063316345215
8,-261.9466235183365,0.4706348478794098,0.5315336585044861
9,-245.52608667120444,0.02873331308364868,0.26484957337379456
10,-164.16128893592114,0.02677987702190876,0.04376889020204544
1,-402.5397029078987,0.026493623852729797,0.20530787110328674
2,-383.02866400736883,0.24592173099517822,0.3065797686576843
3,-690.9826074755449,-0.14935167133808136,0.10281987488269806
4,-570.6329068336456,0.0884329304099083,0.08463165909051895
5,-222.63796514790562,-0.2567085921764374,0.13663902878761292
6,-327.4301451668425,0.44039416313171387,0.004036201164126396
7,-377.85036794517606,0.22705677151679993,1.3133063316345215
8,-261.9466235183365,0.4706348478794098,0.5315336585044861
9,-245.52608667120444,0.02873331308364868,0.26484957337379456
10,-164.16128893592114,0.02677987702190876,0.04376889020204544
1,-402.5397029078987,0.026493623852729797,0.20530787110328674
2,-383.02866400736883,0.24592173099517822,0.3065797686576843
3,-690.9826074755449,-0.14935167133808136,0.10281987488269806
4,-570.6329068336456,0.0884329304099083,0.08463165909051895
5,-222.63796514790562,-0.2567085921764374,0.13663902878761292
6,-327.4301451668425,0.44039416313171387,0.004036201164126396
7,-377.85036794517606,0.22705677151679993,1.3133063316345215
8,-261.9466235183365,0.4706348478794098,0.5315336585044861
9,-245.52608667120444,0.02873331308364868,0.26484957337379456
10,-164.16128893592114,0.02677987702190876,0.04376889020204544
1,-402.5397029078987,0.026493623852729797,0.20530787110328674
2,-383.02866400736883,0.24592173099517822,0.3065797686576843
3,-690.9826074755449,-0.14935167133808136,0.10281987488269806
4,-570.6329068336456,0.0884329304099083,0.08463165909051895
5,-222.63796514790562,-0.2567085921764374,0.13663902878761292
6,-327.4301451668425,0.44039416313171387,0.004036201164126396
7,-377.85036794517606,0.22705677151679993,1.3133063316345215
8,-261.9466235183365,0.4706348478794098,0.5315336585044861
9,-245.52608667120444,0.02873331308364868,0.26484957337379456
10,-164.16128893592114,0.02677987702190876,0.04376889020204544
1,-402.5397029078987,0.026493623852729797,0.20530787110328674
2,-383.02866400736883,0.24592173099517822,0.3065797686576843
3,-690.9826074755449,-0.14935167133808136,0.10281987488269806
4,-570.6329068336456,0.0884329304099083,0.08463165909051895
5,-222.63796514790562,-0.2567085921764374,0.13663902878761292
6,-327.4301451668425,0.44039416313171387,0.004036201164126396
7,-377.85036794517606,0.22705677151679993,1.3133063316345215
8,-261.9466235183365,0.4706348478794098,0.5315336585044861
9,-245.52608667120444,0.02873331308364868,0.26484957337379456
10,-164.16128893592114,0.02677987702190876,0.04376889020204544
1,-343.72642454297943,0.22894787788391113,0.12440291047096252
2,-561.6269517793557,0.1667344868183136,0.7266278266906738
3,-329.6806920981796,0.015892768278717995,0.5039857625961304
4,-232.0283829694032,-0.04442422091960907,0.3184799551963806
5,-292.4468790540074,-0.08415140956640244,0.04198092967271805
6,-323.63308369263393,0.406616747379303,0.08415257930755615
7,-564.7421753431165,0.04024754837155342,0.8540095090866089
8,-212.75094337767447,-0.44467565417289734,0.9027219414710999
9,-217.4742780090702,0.09529655426740646,0.22810621559619904
10,-136.4685493996264,-0.3751372992992401,0.25755083560943604
11,-581.1969146008439,-0.11047643423080444,1.1145429611206055
12,-159.09610922164117,-0.04358004406094551,0.3701692819595337
13,-147.61620232718462,-0.09674113988876343,0.10667136311531067
14,-149.13111562456214,0.014577098190784454,0.08284573256969452
15,-132.76118955764085,0.02300982177257538,0.05334022268652916
16,-480.4487205316478,-0.20071205496788025,0.06424816697835922
17,-613.4554551902953,0.14115408062934875,0.07341378927230835
18,-568.9056887454448,-0.021535761654376984,0.010093053802847862
19,-147.15948856848817,0.13418519496917725,0.00655719731003046
20,-139.17901672128036,0.015673190355300903,0.04502858221530914
21,-523.1002802320216,0.15854649245738983,0.002522719092667103
22,-150.12155107315408,-0.151126429438591,0.05238413065671921
23,-176.33137890368823,-0.008815839886665344,0.12033769488334656
24,-154.9840271111892,0.19766072928905487,0.04474151134490967
25,-199.7170171611141,-0.08514400571584702,0.09295674413442612
26,-346.4183569264683,0.18689948320388794,0.6667162179946899
27,-389.7585491311476,0.012292640283703804,0.14399290084838867
28,-286.2661730307272,0.06696869432926178,0.0814889520406723
29,-279.04676551339395,-0.20300698280334473,0.014438627287745476
30,-255.8412945865516,0.10241023451089859,0.040533557534217834
31,-507.0851001926397,0.16652658581733704,2.0685486793518066
32,-368.92328068982874,0.008277222514152527,0.6379692554473877
33,-414.7451504508339,-0.05024275183677673,0.3688211441040039
34,-412.1197752383395,-0.022796975448727608,0.22640487551689148
35,-432.60920593071154,0.2009829878807068,0.2023969441652298
36,-313.16241755714447,-0.03256805241107941,0.5994601249694824
37,-296.2419046841358,0.15079312026500702,0.2171417772769928
38,-505.19994943757115,0.15843644738197327,0.7645354866981506
39,-483.7248457240325,0.19656352698802948,0.2821385860443115
40,-406.53469166995825,0.20826226472854614,0.026196623221039772
41,-412.735798125982,0.1712244153022766,0.03186116740107536
42,-294.46392909064633,-0.037896886467933655,0.07230520248413086
43,-210.33837472429317,0.012024879455566406,0.014904346317052841
44,-130.45552697349558,-0.10477366298437119,0.029516249895095825
45,-301.5054907616182,0.09458837658166885,0.08407936990261078
46,-134.82973393779514,0.031200341880321503,0.009403100237250328
47,-299.1912751153284,0.02558724582195282,0.008980875834822655
48,-308.2645006802211,0.3230110704898834,0.008770584128797054
49,-164.06338434442628,-0.105293869972229,0.0179155133664608
50,-178.15199712745726,-0.0833628848195076,0.013984931632876396
51,-177.16133882835348,0.14637531340122223,0.011367619968950748
52,-159.77462300149153,-0.45538169145584106,0.014933611266314983
53,-167.801236918268,0.20400728285312653,0.0006323699490167201
54,-188.6520225424606,-0.26153644919395447,0.020947441458702087
55,-145.681441388619,-0.21614202857017517,0.00525572570040822
56,-154.22028588377637,0.2796657383441925,0.006472645327448845
57,-157.40143951628605,0.22569534182548523,0.0015968696679919958
58,-153.81036937843672,-0.019876986742019653,0.012732770293951035
59,-196.13473014092637,-0.0745135173201561,0.022625312209129333
60,-266.1968982310853,-0.07034899294376373,0.03411281481385231
61,-227.1430149694747,-0.07341191172599792,0.03353653475642204
62,-259.2488701601481,0.23466713726520538,0.003270708490163088
63,-179.27702610490672,0.008388228714466095,0.048614077270030975
64,-178.4415859073151,-0.29278457164764404,0.032130736857652664
65,-166.42608675243125,-0.032293468713760376,0.010839557275176048
66,-163.19947301397872,-0.04994303733110428,0.01635396108031273
67,-132.17618165725312,0.2368767261505127,0.007451070472598076
68,-200.78136931038716,-0.015668142586946487,0.08921171724796295
69,-215.62925303245942,-0.1883479505777359,0.05531719699501991
70,-204.8156503237323,-0.08278540521860123,0.06543285399675369
71,-251.01305233839895,-0.033513423055410385,0.01045991014689207
72,-221.29459900527166,-0.12257769703865051,0.11822062730789185
73,-141.25996105936883,0.02800322324037552,0.01386861503124237
74,-203.41027166310158,-0.0838121697306633,0.004807989113032818
75,-127.25665492586943,-0.12397438287734985,0.010921095497906208
76,-118.91632284190486,0.03714590147137642,0.005456023849546909
77,-205.49162840281193,-0.11322081089019775,0.001977164763957262
78,-115.28878981158923,-0.24574697017669678,0.003044813871383667
79,-98.66409424910951,0.19481682777404785,0.0036836687941104174
80,-179.36599286392752,0.26647520065307617,0.0014943764545023441
81,-118.50353364970815,-0.09577642381191254,0.0026030512526631355
82,-90.51919821647688,-0.18289050459861755,0.003423892892897129
83,-80.14706732326098,0.06665461510419846,0.001958464737981558
84,-70.5672739882434,-0.19949348270893097,0.0007855293806642294
85,-76.66599052874844,0.07811421155929565,0.0005055126966908574
86,-66.14486258312468,0.1337391436100006,0.0009639974450692534
87,-81.09177975567837,-0.05453861877322197,0.0009530156385153532
88,-55.36526085011837,0.013718247413635254,0.0008812574669718742
89,-68.61599600738099,-0.008640989661216736,0.0028196536004543304
90,-81.00292017583985,-0.0062111178413033485,0.0014742077328264713
91,-72.02578284875172,0.14059531688690186,0.0012261898955330253
92,-51.95297195458074,-0.20711015164852142,0.0018008705228567123
93,-82.82557598011991,0.14764001965522766,0.0020046879071742296
94,-87.26630095654554,-0.036210447549819946,0.0024670760612934828
95,-52.80185057407392,0.07001800835132599,0.0026810821145772934
96,-74.97346754675283,0.09861703217029572,0.004149994347244501
97,-74.27858715508381,-0.26053017377853394,0.0009748314041644335
98,-60.95367171419769,-0.17280927300453186,0.0026534502394497395
99,-86.17557143369476,0.2221057265996933,0.0328546017408371
100,-93.40996496156383,-0.35948634147644043,0.002923733787611127
1,-343.72642454297943,0.2310836762189865,0.12498141825199127
2,-556.7340833314112,0.1735125482082367,0.7485897541046143
3,-325.98703708783165,0.008130020461976528,0.5081182718276978
4,-243.56465069990404,-0.03561796993017197,0.22469750046730042
5,-297.417032785957,-0.0927807092666626,0.03791338577866554
6,-355.60854959005763,0.2630540728569031,0.08505922555923462
7,-590.5184053893657,0.03910740464925766,0.8860687017440796
8,-222.63919555779194,-0.439441055059433,1.0770248174667358
9,-240.46038059447395,0.09864198416471481,0.3147302269935608
10,-138.18078054535954,-0.3664192259311676,0.3286725878715515
11,-589.3516721583745,-0.11330883949995041,1.1828182935714722
12,-159.49021012837466,-0.04968218505382538,0.2825623154640198
13,-150.0938467544365,-0.08131946623325348,0.1090814545750618
14,-140.49954146532323,0.0191187746822834,0.06556548178195953
15,-142.47440149427015,-0.013726159930229187,0.06213940680027008
16,-491.6954432764704,-0.19537264108657837,0.03302127122879028
17,-603.4014390903433,0.09702333807945251,0.002613139571622014
18,-532.3451674662894,-0.05412257835268974,0.006571576464921236
19,-188.52282513380524,0.23536404967308044,0.46486157178878784
20,-150.85472532392535,0.08361127972602844,0.0592404305934906
1,-343.72642454297943,0.2310836762189865,0.12498141825199127
2,-556.7340833314112,0.1735125482082367,0.7485897541046143
3,-325.98703708783165,0.008130020461976528,0.5081182718276978
4,-243.56465069990404,-0.03561796993017197,0.22469750046730042
5,-297.417032785957,-0.0927807092666626,0.03791338577866554
6,-355.60854959005763,0.2630540728569031,0.08505922555923462
7,-590.5184053893657,0.03910740464925766,0.8860687017440796
8,-222.63919555779194,-0.439441055059433,1.0770248174667358
9,-240.46038059447395,0.09864198416471481,0.3147302269935608
10,-138.18078054535954,-0.3664192259311676,0.3286725878715515
11,-589.3516721583745,-0.11330883949995041,1.1828182935714722
12,-159.49021012837466,-0.04968218505382538,0.2825623154640198
13,-150.0938467544365,-0.08131946623325348,0.1090814545750618
14,-140.49954146532323,0.0191187746822834,0.06556548178195953
15,-142.47440149427015,-0.013726159930229187,0.06213940680027008
16,-491.6954432764704,-0.19537264108657837,0.03302127122879028
17,-603.4014390903433,0.09702333807945251,0.002613139571622014
18,-532.3451674662894,-0.05412257835268974,0.006571576464921236
19,-188.52282513380524,0.23536404967308044,0.46486157178878784
20,-150.85472532392535,0.08361127972602844,0.0592404305934906
1,-343.72642454297943,0.2310836762189865,0.12498141825199127
2,-556.7340833314112,0.1735125482082367,0.7485897541046143
3,-325.98703708783165,0.008130020461976528,0.5081182718276978
4,-243.56465069990404,-0.03561796993017197,0.22469750046730042
5,-297.417032785957,-0.0927807092666626,0.03791338577866554
6,-355.60854959005763,0.2630540728569031,0.08505922555923462
7,-590.5184053893657,0.03910740464925766,0.8860687017440796
8,-222.63919555779194,-0.439441055059433,1.0770248174667358
9,-240.46038059447395,0.09864198416471481,0.3147302269935608
10,-138.18078054535954,-0.3664192259311676,0.3286725878715515
11,-589.3516721583745,-0.11330883949995041,1.1828182935714722
12,-159.49021012837466,-0.04968218505382538,0.2825623154640198
13,-150.0938467544365,-0.08131946623325348,0.1090814545750618
14,-140.49954146532323,0.0191187746822834,0.06556548178195953
15,-142.47440149427015,-0.013726159930229187,0.06213940680027008
16,-491.6954432764704,-0.19537264108657837,0.03302127122879028
17,-603.4014390903433,0.09702333807945251,0.002613139571622014
18,-532.3451674662894,-0.05412257835268974,0.006571576464921236
19,-188.52282513380524,0.23536404967308044,0.46486157178878784
20,-150.85472532392535,0.08361127972602844,0.0592404305934906
1,-343.72642454297943,0.2310836762189865,0.12498141825199127
2,-556.7340833314112,0.1735125482082367,0.7485897541046143
3,-325.98703708783165,0.008130020461976528,0.5081182718276978
4,-243.56465069990404,-0.03561796993017197,0.22469750046730042
5,-297.417032785957,-0.0927807092666626,0.03791338577866554
6,-355.60854959005763,0.2630540728569031,0.08505922555923462
7,-590.5184053893657,0.03910740464925766,0.8860687017440796
8,-222.63919555779194,-0.439441055059433,1.0770248174667358
9,-240.46038059447395,0.09864198416471481,0.3147302269935608
10,-138.18078054535954,-0.3664192259311676,0.3286725878715515
11,-589.3516721583745,-0.11330883949995041,1.1828182935714722
12,-159.49021012837466,-0.04968218505382538,0.2825623154640198
13,-150.0938467544365,-0.08131946623325348,0.1090814545750618
14,-140.49954146532323,0.0191187746822834,0.06556548178195953
15,-142.47440149427015,-0.013726159930229187,0.06213940680027008
16,-491.6954432764704,-0.19537264108657837,0.03302127122879028
17,-603.4014390903433,0.09702333807945251,0.002613139571622014
18,-532.3451674662894,-0.05412257835268974,0.006571576464921236
19,-188.52282513380524,0.23536404967308044,0.46486157178878784
20,-150.85472532392535,0.08361127972602844,0.0592404305934906
1,-1740.0084462545547,0.25163760781288147,0.09991160780191422
2,-3700.603917316992,0.15489231050014496,0.7809431552886963
3,-2241.498277485996,0.21199099719524384,0.7086614966392517
4,-1584.074489106571,0.06429485976696014,0.07764434814453125
5,-1433.0172764498896,-0.10024739801883698,0.04782352223992348
6,-1554.4887757865426,0.4306134581565857,0.04247874766588211
7,-3227.772518824529,0.04619446396827698,0.7613444328308105
8,-1240.6274613676476,-0.26207101345062256,0.8154512643814087
9,-1299.4719506070335,0.0680658221244812,0.03820538520812988
10,-1164.592783232252,-0.2835223078727722,0.016634361818432808
11,-3597.5491963680956,-0.0704001858830452,0.6492083668708801
12,-1325.7875524421877,0.012974828481674194,0.40607836842536926
13,-1173.994666384554,-0.118198461830616,0.008262058719992638
14,-1516.7691259399244,0.1714654117822647,0.14919883012771606
15,-1162.5490929996517,-0.16455867886543274,0.0035456186160445213
16,-4006.2931175085414,-0.19115623831748962,0.09933309257030487
17,-5491.707909714691,0.05456768721342087,0.056508827954530716
18,-4452.04978411053,0.03521323949098587,0.14812758564949036
19,-1458.986730789116,0.2149336338043213,0.0163442250341177
20,-1200.9830399317511,0.09976916015148163,0.0028917216695845127
1,-2412.2222243978295,0.26493844389915466,0.12576256692409515
2,-5242.833823674228,0.18096725642681122,0.7625448703765869
3,-3054.1700470313813,0.18697544932365417,0.9382830858230591
4,-2276.3061766388205,0.08648455888032913,0.04707370325922966
5,-2560.863908377971,-0.16939882934093475,0.010057929903268814
6,-3563.8782269960107,-0.4050002098083496,0.20857833325862885
7,-5951.13369107797,0.03785191848874092,0.4811730980873108
8,-1849.258368214223,-0.2941263020038605,1.889941930770874
9,-1802.5986989158182,0.07752108573913574,0.38873469829559326
10,-1503.9681111724979,-0.3431699275970459,0.03629468008875847
11,-5022.605678735014,-0.07115894556045532,0.9387726783752441
12,-1709.4027034634644,-0.023941272869706154,0.5840896368026733
13,-1534.6078684242589,-0.14283376932144165,0.01684661954641342
14,-1468.883210317494,-0.024456413462758064,0.0146111361682415
15,-1514.0990594385828,-0.10397745668888092,0.013890182599425316
16,-3812.734321061875,-0.1868707835674286,0.1984538584947586
17,-3483.67317176251,-0.17664051055908203,0.16661003232002258
18,-2433.284937457086,0.054399747401475906,0.03577066957950592
19,-2322.1966279495587,0.23258695006370544,1.1213834285736084
20,-1575.5823901577862,-0.14946037530899048,0.008928628638386726
1,-2431.314171052112,0.17771604657173157,0.3060901165008545
2,-4210.274896635715,0.25557875633239746,0.9708579778671265
3,-2678.859917788547,0.0775008499622345,0.19469168782234192
4,-1504.2821650338067,-0.08855731785297394,0.40033581852912903
5,-1668.2409860970406,-0.1517087072134018,0.1130293756723404
6,-1814.63655498693,0.517597496509552,0.19734720885753632
7,-3055.467207528769,0.0756509006023407,0.9922667741775513
8,-2105.437898258759,0.5122268199920654,0.4187335968017578
9,-1428.5332121496565,0.036757923662662506,0.12976130843162537
10,-1549.697719378294,0.07019272446632385,0.02228594198822975
11,-3347.4864179763363,-0.005206320434808731,0.9945890307426453
12,-1944.9794254693747,0.019166771322488785,0.21855953335762024
13,-1788.1498541878173,0.006794549524784088,0.03281530737876892
14,-2132.238227554452,0.017892733216285706,0.09162135422229767
15,-1159.1561564515218,-0.06167769804596901,0.2387251853942871
16,-2111.091302684877,-0.23906461894512177,0.5003172159194946
17,-2088.915011391624,-0.09846966713666916,0.35577914118766785
18,-1457.3690044776458,0.1059742197394371,0.16537582874298096
19,-3209.19070684263,0.06548840552568436,0.7756261229515076
20,-2316.3663559507495,-0.12350106984376907,0.4856528341770172
1,-2431.314171052112,0.17771604657173157,0.3060901165008545
2,-4210.274896635715,0.25557875633239746,0.9708579778671265
3,-2678.859917788547,0.0775008499622345,0.19469168782234192
4,-1504.2821650338067,-0.08855731785297394,0.40033581852912903
5,-1668.2409860970406,-0.1517087072134018,0.1130293756723404
6,-1814.63655498693,0.517597496509552,0.19734720885753632
7,-3055.467207528769,0.0756509006023407,0.9922667741775513
8,-2105.437898258759,0.5122268199920654,0.4187335968017578
9,-1428.5332121496565,0.036757923662662506,0.12976130843162537
10,-1549.697719378294,0.07019272446632385,0.02228594198822975
11,-3347.4864179763363,-0.005206320434808731,0.9945890307426453
12,-1944.9794254693747,0.019166771322488785,0.21855953335762024
13,-1788.1498541878173,0.006794549524784088,0.03281530737876892
14,-2132.238227554452,0.017892733216285706,0.09162135422229767
15,-1159.1561564515218,-0.06167769804596901,0.2387251853942871
16,-2111.091302684877,-0.23906461894512177,0.5003172159194946
17,-2088.915011391624,-0.09846966713666916,0.35577914118766785
18,-1457.3690044776458,0.1059742197394371,0.16537582874298096
19,-3209.19070684263,0.06548840552568436,0.7756261229515076
20,-2316.3663559507495,-0.12350106984376907,0.4856528341770172
1,-2431.3227839408437,0.2708238661289215,0.30376577377319336
2,-4159.819765229761,0.24612055718898773,0.9512311220169067
3,-2360.373527991558,-0.04035406932234764,0.4635920524597168
4,-1503.7862603131127,-0.12762610614299774,0.027406509965658188
5,-1050.5127610420684,-0.22756712138652802,0.26921820640563965
6,-1575.6585433203402,0.2996087968349457,0.10579898953437805
7,-2310.3816793665756,0.24778980016708374,0.8430845737457275
8,-1972.9628745606253,-0.11966338753700256,0.5263462662696838
9,-3224.9732626494315,0.5670615434646606,1.773196816444397
10,-3519.603103147387,0.11122235655784607,0.9426092505455017
11,-3035.8979800273623,0.3620561361312866,0.7439111471176147
12,-3479.7338888745962,0.0289011150598526,0.3580280542373657
13,-2834.4768077403046,0.1386217176914215,0.2043757140636444
14,-3628.345015709192,-0.059935927391052246,0.4239575266838074
15,-2615.339400071774,0.07981062680482864,0.0956675261259079
16,-4274.763745472951,-0.16111458837985992,0.5284703969955444
17,-3493.804297797269,0.2077888697385788,0.40802308917045593
18,-3616.098556114231,0.17369459569454193,0.14781740307807922
19,-2789.2712900412926,0.03329817205667496,0.1540718823671341
20,-629.1346152446254,-0.00834798812866211,0.0576711930334568
1,-3438.4770745460064,0.09681665152311325,0.5367834568023682
2,-2752.790005632611,-0.061142370104789734,0.5038943290710449
3,-4279.116406679979,-0.21380600333213806,0.45583248138427734
4,-2367.3974655705583,-0.14835914969444275,0.3129706084728241
5,-5843.620842123157,0.24085895717144012,1.558510184288025
6,-2343.714009566513,0.16555260121822357,0.1799330711364746
7,-2328.0416049722057,-0.06366803497076035,0.006867154501378536
8,-4212.926675698291,-0.031761616468429565,0.269975870847702
9,-4983.634699703653,-0.10253553092479706,0.3171651363372803
10,-3589.1522593254504,-0.017208179458975792,0.11714199185371399
11,-5610.310692782232,-0.07209524512290955,0.6973137855529785
12,-4392.161542683017,-0.17531542479991913,0.1491067111492157
13,-6959.7878431295185,-0.2567298412322998,1.5099711418151855
14,-5087.702183591709,0.1825150102376938,0.46857309341430664
15,-2652.166153097148,0.301080584526062,0.02232077717781067
16,-3874.1580372465237,0.19980351626873016,0.07716463506221771
17,-4145.447173991063,0.10466166585683823,0.29767560958862305
18,-3490.2779587866457,-0.01751055382192135,0.19707328081130981
19,-3456.624638448362,-0.0732405036687851,0.12280133366584778
20,-3574.5471269200384,0.09374366700649261,0.2297116219997406
1,-6044.803952000444,0.14686089754104614,0.17419825494289398
2,-5090.64455567083,-0.046219415962696075,0.41157376766204834
3,-5504.068383609065,-0.08072935044765472,0.9006443023681641
4,-3414.1483018790877,-0.1450682282447815,0.678928017616272
5,-4762.149853984663,0.22302579879760742,1.278570532798767
6,-2195.652156723926,0.2975612282752991,0.09415239095687866
7,-1786.072792015754,-0.10082757472991943,0.01883321814239025
8,-2432.3342586003746,-0.05243288725614548,0.015277686528861523
9,-400.1495611088764,-0.13016769289970398,0.19885742664337158
10,-504.81194453365185,-0.06874532997608185,0.00956286396831274
11,-5121.086987170989,-0.1910264939069748,0.11183883994817734
12,718.3333703649765,-0.1650407314300537,0.011677238158881664
13,-8190.828126168066,-0.00048793357564136386,0.97043776512146
14,-1303.3642809446196,0.2534424066543579,0.4895561635494232
15,-622.4872684000962,0.1697021722793579,0.04009769856929779
16,-2604.1851888190954,0.09466090053319931,0.44287633895874023
17,-5779.020623304978,0.0675397738814354,0.14354479312896729
18,-2209.9245327177864,-0.2989735007286072,0.698515772819519
19,-3687.0909844897287,0.3213755190372467,0.1259901374578476
20,-1873.7499884317187,-0.07036750018596649,0.1864309012889862
1,-17669.0284230625,0.07038372755050659,0.3669362962245941
2,-19765.956824484696,0.027597999200224876,0.18689537048339844
3,-4043.79890970572,-0.21660563349723816,1.192078948020935
4,-14345.564281788265,0.03531833738088608,0.7337536215782166
5,-6795.505445157858,0.22475747764110565,0.42598891258239746
6,-20753.35267058084,-0.06519125401973724,1.8755712509155273
7,-23589.225573167972,0.11323430389165878,0.7639330625534058
8,-17976.21531029564,-0.08585136383771896,0.20308911800384521
9,-12678.922096699504,0.25728434324264526,0.3126204013824463
10,2852.349576453642,-0.023823004215955734,1.0813844203948975
11,-2681.472061742941,-0.0408644899725914,0.5225841403007507
12,-4706.057801808877,-0.08534875512123108,0.944510817527771
13,-7643.2255926582175,-0.08872795104980469,0.24541690945625305
14,2914.667504601271,-0.2636556327342987,0.18312102556228638
15,-4443.988076449178,0.043807826936244965,0.7919061183929443
16,-6070.878891037761,-0.20466148853302002,0.38158589601516724
17,-6040.661479825125,0.10851672291755676,0.08979666233062744
18,-3286.0094021779914,0.31360089778900146,0.009042368270456791
19,7839.826958436286,-0.04196222871541977,0.05816575512290001
20,2611.210725737271,-0.0908934623003006,0.19612173736095428
1,-50815.68136997977,0.07619647681713104,0.3052731454372406
2,-54499.54938017388,0.05473608523607254,0.18675017356872559
3,-5356.244236114815,-0.17360329627990723,1.4930992126464844
4,-40122.12830063655,0.07459220290184021,0.5782673358917236
5,-4991.625766000952,0.21336457133293152,0.859576404094696
6,-40876.71559040424,-0.08060956001281738,0.8421904444694519
7,-56144.119643820464,0.08748694509267807,0.3377329111099243
8,-26958.487031607638,0.016264721751213074,1.1122841835021973
9,-18889.390394685906,0.27677056193351746,0.6347622871398926
10,-37677.49984135824,-0.08409058302640915,0.2841738760471344
11,-15746.45813109003,0.06572466343641281,0.38832542300224304
12,-28604.32125129248,-0.11465092748403549,0.6911842226982117
13,-15790.487766008575,0.08864905685186386,0.15278711915016174
14,-46403.628132549435,-0.03987479209899902,1.033447265625
15,-17435.434176157374,0.05638532340526581,0.9718202948570251
16,-14767.298711844369,0.17335008084774017,0.40895316004753113
17,-17421.972107871235,0.2041040062904358,0.9492934942245483
18,-21433.61747421936,-0.09529193490743637,0.6218595504760742
19,-11093.06073406729,-0.03318236395716667,0.1026737317442894
20,-7387.438276135921,-0.17037653923034668,0.024756906554102898
1,-54653.93404068146,0.09015440940856934,0.042608827352523804
2,-54995.371093090005,0.09165547788143158,0.028857696801424026
3,-12521.026231328633,-0.06688171625137329,1.0921293497085571
4,-54226.04756724983,0.13116593658924103,2.3258132934570312
5,-12477.873399751295,0.14323900640010834,0.0025721597485244274
6,-54525.43313885704,0.10201172530651093,1.3131084442138672
7,-54966.20135617793,-0.025862455368041992,0.05033620446920395
8,-54874.73747745401,-0.08395098149776459,0.010853543877601624
9,-55294.77562091441,0.09490038454532623,0.00033351778984069824
10,-55247.43839544174,0.11804592609405518,0.00020215296535752714
11,-12784.289409245848,-0.21052084863185883,1.3485865592956543
12,-55299.564891168826,-0.21479782462120056,0.6651204824447632
13,-12727.663724633763,0.07998902350664139,1.0238587856292725
14,-54735.14476609229,0.11695443093776703,0.8925895094871521
15,-54427.074005222865,0.03184102475643158,0.03381303697824478
16,-53982.29525326399,0.08188122510910034,0.0034558724146336317
17,-12544.21886421505,0.05667015537619591,1.3004837036132812
18,-12489.314154310186,0.01320800743997097,0.2345394343137741
19,-54199.19707012857,0.15600022673606873,1.6269254684448242
20,-54151.49424288363,0.1261076033115387,0.28149592876434326
1,-39367.3789794834,-0.011547645553946495,0.5184963941574097
2,-33207.713360341004,-0.11472584307193756,0.07612213492393494
3,-26920.63228728027,-0.053934819996356964,0.0018018994014710188
4,-39307.146516622655,-0.019404273480176926,0.20129680633544922
5,-26937.111319195832,0.1261516809463501,7.396440196316689e-05
6,-33254.55464322522,0.09863878786563873,0.1411895453929901
7,-51723.26595455923,-0.0348508395254612,0.17814326286315918
8,-88726.80811332518,0.05627872794866562,0.07666292041540146
9,-51825.85172985057,-0.23981410264968872,0.10285529494285583
10,-70232.20684155251,-0.02574220299720764,0.03943174332380295
11,-27233.058439807974,-0.2294568121433258,0.0054289414547383785
12,-33312.260232386114,-0.04030131176114082,0.008152876049280167
13,-27197.930074468928,0.07344050705432892,0.0003397989785298705
14,-45619.37235728238,0.1448076218366623,0.007613067980855703
15,-64008.70562543777,0.03848116099834442,0.05119219422340393
16,-33169.349701647145,-0.21367090940475464,0.01928722858428955
17,-27058.113632443066,0.060583263635635376,0.0002549724595155567
18,-27003.727871024596,-0.007112334482371807,0.0024615293368697166
19,-63984.99145224748,0.13420751690864563,0.03356131911277771
20,-45496.110554710634,-0.5247859954833984,0.12184515595436096
21,-57847.792639272586,-0.07870607078075409,0.05565513297915459
22,-64037.94452209513,0.062795490026474,0.02213716320693493
23,-51725.3933958456,-0.015675146132707596,0.035382598638534546
24,-33261.87630009765,0.044983696192502975,0.0036890110932290554
25,-88732.58670273947,-0.16354936361312866,0.12487030029296875
26,-27059.256039534368,-0.12330125272274017,0.0053575183264911175
27,-39436.86700344648,0.126338392496109,0.0015687126433476806
28,-70231.72128204454,0.22073882818222046,0.0212906114757061
29,-27073.9983572189,-0.09816282242536545,0.0034516765736043453
30,-27118.37848690571,0.043226443231105804,0.0002652541152201593
1,-62757.61522214093,0.1782727688550949,0.1195669174194336
2,-62896.71277337225,0.04613171145319939,0.18106040358543396
3,-14965.905557083324,-0.053350191563367844,1.0375972986221313
4,-62395.18124734348,0.08996358513832092,1.765868902206421
5,-14881.68361190414,0.13931918144226074,0.34064170718193054
6,-62494.64041053815,0.004416733980178833,1.7331171035766602
7,-62601.84492530427,0.05729704722762108,0.427537202835083
8,-62191.47054513606,-0.012538490816950798,0.0603199228644371
9,-62326.81509088937,-0.045824579894542694,0.009101352654397488
1,-62757.61522214093,0.1782727688550949,0.1195669174194336
2,-62896.71277337225,0.04613171145319939,0.18106040358543396
3,-14965.905557083324,-0.053350191563367844,1.0375972986221313
4,-62395.18124734348,0.08996358513832092,1.765868902206421
5,-14881.68361190414,0.13931918144226074,0.34064170718193054
6,-62494.64041053815,0.004416733980178833,1.7331171035766602
7,-62601.84492530427,0.05729704722762108,0.427537202835083
8,-62191.47054513606,-0.012538490816950798,0.0603199228644371
9,-62326.81509088937,-0.045824579894542694,0.009101352654397488
10,-62503.54639382397,0.07717310637235641,0.008114858530461788
11,-14961.220107588802,-0.23998227715492249,1.3886111974716187
12,-62531.547149846,-0.15487723052501678,0.5162324905395508
13,-14954.680560391813,0.051849037408828735,1.2980926036834717
14,-62170.628305603364,0.24468335509300232,0.49765968322753906
15,-62173.6177878199,0.09337538480758667,0.007733865641057491
16,-62007.21040006662,0.09062258899211884,0.007008626125752926
17,-14877.230554361846,0.056568048894405365,1.341206431388855
18,-14857.574418385799,0.015049452893435955,0.06940899789333344
19,-61997.714779951806,0.020060714334249496,1.2057068347930908
20,-62073.69264678773,0.032977789640426636,0.08536575734615326
21,-62077.83080483193,-0.4217813014984131,0.05950088053941727
22,-62080.313843100805,0.24055397510528564,0.0022211032919585705
23,-61919.16407011732,0.047728925943374634,0.006782006472349167
24,-62053.96732871278,-0.038903411477804184,0.00988828670233488
25,-62002.78910953953,0.07112634181976318,0.011250547133386135
26,-14837.80575415448,-0.07106690108776093,1.4064979553222656
27,-62068.96930646232,0.056320469826459885,0.528942883014679
28,-61992.706340934245,-0.28990477323532104,0.044373996555805206
29,-14868.002190663148,-0.03517475724220276,1.4127601385116577
30,-62209.770979044864,-0.10958853363990784,0.33488768339157104
1,-101080.20570378732,0.09206227958202362,0.08522378653287888
2,-101048.17792661313,0.05432094261050224,0.10511182993650436
3,-14958.833190922067,-0.06397806107997894,0.9742505550384521
4,-101204.201398024,0.11127316206693649,1.8124984502792358
5,-14900.506202055067,0.13693170249462128,0.3033764660358429
6,-101219.79675791583,0.037080250680446625,1.708271861076355
7,-100537.93859083315,0.004609446041285992,0.417275607585907
8,-100384.40873417212,-0.018491674214601517,0.026092197746038437
9,-100161.52903270084,0.008054180070757866,0.0026983190327882767
10,-99953.30983533575,0.09557725489139557,0.0022422997280955315
11,-14943.651669091227,-0.2588975429534912,1.3639957904815674
12,-99504.49662021043,-0.1647980511188507,0.5985843539237976
13,-14905.356791620052,0.04664680361747742,1.1178674697875977
14,-99343.2177984823,0.2173372358083725,0.8873691558837891
15,-99116.79518945095,0.07086946815252304,0.007238947786390781
16,-99149.8379046322,0.07669846713542938,0.003633799497038126
17,-14916.138644286437,0.05328787490725517,1.3030023574829102
18,-14898.675969852782,0.012431403622031212,0.1958877295255661
19,-99058.72762965165,0.05458964407444,1.5190565586090088
20,-99009.56951481127,0.04289364814758301,0.43245941400527954
21,-98946.02074213867,-0.3838423192501068,0.12607811391353607
22,-98937.2748291451,0.20746266841888428,0.0010930406861007214
23,-98987.37563782015,0.004140973091125488,0.004497596528381109
24,-99026.60558159107,-0.019884835928678513,0.004803474992513657
25,-99024.59169857154,0.05981212854385376,0.006832163315266371
26,-14955.286633825288,-0.1210651844739914,1.388482928276062
27,-98940.02989938702,0.07458608597517014,0.6891756057739258
28,-98974.99370478089,-0.27486690878868103,0.03398992121219635
29,-14988.550253762249,-0.011239727959036827,1.3638622760772705
30,-98927.92403158093,-0.1274227797985077,0.3307371735572815
1,-38504.824124236846,0.11915247142314911,0.16360929608345032
2,-38506.254294562656,0.027345608919858932,0.2622215747833252
3,-24289.454382482458,-0.058476563543081284,1.0080580711364746
4,-38505.51959420182,0.06466686725616455,1.5394713878631592
5,-24229.55118757906,0.12543264031410217,0.37196430563926697
6,-38505.18402915627,-0.018715355545282364,1.3855990171432495
7,-38504.30965881915,0.09537595510482788,0.20146778225898743
8,-38503.66796574162,0.0522938072681427,0.07107631862163544
9,-38504.086342698894,-0.1484782099723816,0.10022342205047607
10,-38504.97767699366,0.059321001172065735,0.07930150628089905
11,-24264.17102673763,-0.23257921636104584,1.2888349294662476
12,-38504.29587442561,-0.11891700327396393,0.6440357565879822
13,-24262.19615395225,0.06377049535512924,0.9095665216445923
14,-38503.9721418242,0.283264696598053,0.9402262568473816
15,-38502.75079991573,0.11702926456928253,0.06629529595375061
16,-38502.222051678145,0.07073390483856201,0.05725179240107536
17,-24216.04021779486,0.05606549233198166,1.1960395574569702
18,-24183.023780361462,0.016898080706596375,0.2205497920513153
19,-38503.040885342525,-0.07763969898223877,1.4438369274139404
20,-38502.81911872414,-0.002306153532117605,0.2549613416194916
1,-38507.16850506334,0.11916490644216537,0.16360405087471008
2,-38508.37300013584,0.02393040619790554,0.2620081305503845
3,-24289.25635748218,-0.05739235132932663,1.0029547214508057
4,-38507.79354914034,0.06921783089637756,1.5393695831298828
5,-24235.358025748483,0.12486833333969116,0.3679901361465454
6,-38507.5749211321,-0.009362487122416496,1.3686912059783936
7,-38506.84304011205,0.09939227998256683,0.18823938071727753
8,-38506.548148198126,0.04594367742538452,0.07119619101285934
9,-38506.449640863095,-0.1483345627784729,0.10101129114627838
10,-38506.87376447116,0.05779268592596054,0.07928835600614548
11,-24236.362055192563,-0.24952682852745056,1.2936179637908936
12,-38505.91758888868,-0.12286334484815598,0.6772927045822144
13,-24208.076747519317,0.05930197238922119,0.9289314150810242
14,-38505.681376408655,0.28516241908073425,0.8968049883842468
15,-38504.685060434924,0.11860453337430954,0.060651540756225586
16,-38504.53465452259,0.06957300752401352,0.0571013018488884
17,-24219.429261502297,0.05351710319519043,1.1939592361450195
18,-24201.25263861683,0.01152550708502531,0.22626623511314392
19,-38505.419825674995,-0.06830798089504242,1.3483293056488037
20,-38505.81093261254,-0.0035981438122689724,0.2148907482624054
1,-38513.91554208087,0.11920125782489777,0.16358885169029236
2,-38514.9046611036,0.02386520802974701,0.2619732916355133
3,-25451.31070519894,-0.0578170046210289,0.9789530634880066
4,-38514.410379793466,0.06307631731033325,1.5324009656906128
5,-25419.58540533991,0.12275399267673492,0.34963101148605347
6,-38514.5142592527,-0.01371806114912033,1.3592804670333862
7,-38514.04816399275,0.11160647124052048,0.1962352991104126
8,-38514.16966957039,0.03524897247552872,0.08020361512899399
9,-38514.17121699123,-0.14916646480560303,0.11526058614253998
10,-38514.381337558545,0.06339439004659653,0.0890505313873291
11,-25431.809664664976,-0.2715924382209778,1.271733045578003
12,-38513.05892772133,-0.12247627973556519,0.6622070074081421
13,-25397.310831819355,0.062119465321302414,0.905326247215271
14,-38512.68472971598,0.2833371162414551,0.8762903213500977
15,-38512.035773973155,0.11637937277555466,0.06690701842308044
16,-38512.00414884467,0.06958691775798798,0.0654488205909729
17,-25369.34206168865,0.05628228187561035,1.1741224527359009
18,-25358.97344464225,0.011233514174818993,0.21866028010845184
19,-38512.463114640785,-0.07322975248098373,1.31417977809906
20,-38512.4881625371,-0.002609382150694728,0.20415577292442322
1,-38533.966789498554,0.11916999518871307,0.1635655015707016
2,-38534.12627003047,0.033873505890369415,0.26125630736351013
3,-29265.235559364533,-0.052675288170576096,0.8238613605499268
4,-38533.997471082184,0.06774754822254181,1.6264629364013672
5,-29256.143840336244,0.1183609664440155,0.19610844552516937
6,-38534.006721835,-0.01346525363624096,1.4391210079193115
7,-38533.97054512831,0.09146144241094589,0.29146116971969604
8,-38533.87118703314,0.06455148756504059,0.12184257805347443
9,-38533.85143115023,-0.1488407552242279,0.1753033846616745
10,-38533.95974056798,0.07811183482408524,0.13094261288642883
11,-29255.925225644813,-0.2458949089050293,1.1409103870391846
12,-38533.75328095979,-0.12218212336301804,0.6870123744010925
13,-29248.760935992064,0.07080182433128357,0.7259885668754578
14,-38533.692801783094,0.2845999002456665,0.9037702083587646
15,-38533.61417661832,0.11671441793441772,0.1052575558423996
16,-38533.61911490649,0.06863813102245331,0.10480668395757675
17,-29244.364229476483,0.05590937286615372,1.023848056793213
18,-29242.29352036819,-0.012269258499145508,0.1885470151901245
19,-38533.69884417575,-0.07108885049819946,1.1980226039886475
20,-38533.733087900626,-0.013113300316035748,0.23153981566429138
1,-36663.26695232338,0.12034197896718979,0.16700506210327148
2,-36734.988257289595,0.01871734857559204,0.27140867710113525
3,-28269.22969566076,-0.05662509799003601,0.817121148109436
4,-36678.301676895644,0.05465683341026306,1.6221120357513428
5,-28187.90652758807,0.12573543190956116,0.20289652049541473
6,-36685.89790755669,-0.02084146998822689,1.4536192417144775
7,-36674.4610345572,0.10133332014083862,0.3130669593811035
8,-36613.65681328121,0.061858512461185455,0.13077184557914734
9,-36651.77153678552,-0.15400245785713196,0.19566570222377777
10,-36688.226852486,0.07627233862876892,0.14525797963142395
11,-28237.77444346717,-0.2719075679779053,1.1260586977005005
12,-36550.83022677932,-0.11640923470258713,0.6797768473625183
13,-28148.538263160914,0.05901912972331047,0.7144266963005066
14,-36504.82312936994,0.2897191643714905,0.8696128726005554
15,-36475.49030961238,0.11869992315769196,0.1063242182135582
16,-36453.81481318106,0.07624541223049164,0.11247150599956512
17,-28131.936684482258,0.056284546852111816,0.971007764339447
18,-28082.977619815363,0.02598429284989834,0.16229727864265442
19,-36493.89745518009,-0.06655073165893555,1.284297227859497
20,-36511.49724285703,-0.006923337932676077,0.26359766721725464
1,-37616.58517189142,0.11988034099340439,0.16522373259067535
2,-37658.03706499387,0.03927293047308922,0.26643726229667664
3,-28763.458289336733,-0.0572916716337204,0.8744776248931885
4,-37598.69573440373,0.06780797243118286,1.554181456565857
5,-28696.643761364365,0.1265685111284256,0.29019272327423096
6,-37585.764307960475,-0.013554885983467102,1.3804497718811035
7,-37574.482066452096,0.10547026246786118,0.29706400632858276
8,-37560.91356338001,0.046739086508750916,0.1255357414484024
9,-37585.77881581716,-0.14771053194999695,0.18408028781414032
10,-37578.30951935243,0.07337091118097305,0.13610267639160156
11,-28712.999409965032,-0.24766990542411804,1.1458003520965576
12,-37330.63919819564,-0.12959536910057068,0.7337332963943481
13,-28698.780747991532,0.058290984481573105,0.7018452882766724
14,-35783.370255437345,0.30257391929626465,0.8241660594940186
15,-35652.001018977455,-0.024855870753526688,0.38309383392333984
16,-35079.65175929914,0.07606853544712067,0.363494336605072
17,-28684.607881005966,0.05597449839115143,0.5733405351638794
18,-28658.060145107287,0.015372957102954388,0.06293416023254395
19,-37532.70753870941,-0.06757024675607681,0.9193076491355896
20,-37545.85213403062,-0.009214788675308228,0.3434451222419739
21,-37528.42257704313,-0.3592756986618042,0.323927104473114
22,-37531.40721901961,0.29236918687820435,0.03016453981399536
23,-36423.49757084702,-0.0733020007610321,0.34317001700401306
24,-35660.44363772117,-0.23756292462348938,0.49481046199798584
25,-34839.76141156612,0.08198904991149902,0.417063444852829
26,-28641.304036720885,-0.11849004030227661,0.6231511831283569
27,-35398.72203235831,0.16371993720531464,0.6376253366470337
28,-34771.629571595004,-0.20333372056484222,0.5443477630615234
29,-28643.71269880868,-0.009992837905883789,0.5425294637680054
30,-34831.727941160934,-0.04945267364382744,0.5809675455093384
31,-34208.13783990728,0.09324079751968384,0.4933091402053833
32,-33914.27870839944,-0.1634872853755951,0.449341356754303
33,-33805.65919862574,0.1376996636390686,0.4251244068145752
34,-33972.02369462337,-0.09548205137252808,0.371537446975708
35,-33723.78414169111,0.013363143429160118,0.4093030095100403
36,-33666.42138715312,-0.4078424870967865,0.44631433486938477
37,-33757.03023131526,0.04453073441982269,0.38682156801223755
38,-34002.316174404805,-0.27776071429252625,0.5158438682556152
39,-33904.18625448383,0.14367598295211792,0.26970145106315613
40,-33683.84808689254,-0.1370679885149002,0.35942161083221436
1,-37593.04154151686,0.12027053534984589,0.1656322181224823
2,-37747.38809014132,0.035524748265743256,0.2653235197067261
3,-28607.551884485434,-0.07773635536432266,0.9569117426872253
4,-37556.27531770373,0.06171513348817825,1.9822189807891846
5,-28364.49472834383,0.15518642961978912,0.017734896391630173
6,-37607.497145473935,-0.023402398452162743,1.1402969360351562
7,-37605.76170882977,0.1064550131559372,0.13242600858211517
8,-34928.122067496704,-0.07637815177440643,0.48478174209594727
9,-34173.74510922195,0.12266220897436142,0.3507106304168701
10,-33490.003095248954,0.07384523749351501,0.40976041555404663
11,-28572.234434892216,-0.2506990134716034,0.3018568754196167
12,-34178.67333158904,0.06830160319805145,0.8859866857528687
13,-28589.158090711408,0.04208249971270561,0.4011914134025574
14,-32026.805113993567,0.2353341281414032,0.4762972593307495
15,-35621.973740922695,-0.024926722049713135,0.571349561214447
16,-33677.980294687906,0.17991498112678528,0.39389342069625854
17,-28601.810800974683,0.05569617450237274,0.32816624641418457
18,-28375.628313080928,0.028858110308647156,0.04427097737789154
19,-35243.6138876646,0.1879526674747467,0.7920129299163818
20,-37531.30324097112,-0.011434823274612427,0.17152035236358643
1,-37636.63252034836,0.12002581357955933,0.16570748388767242
2,-37780.784662830236,0.022248869761824608,0.26462602615356445
3,-28776.12842771967,-0.08008316159248352,0.9761390686035156
4,-37585.07519166486,0.06383762508630753,1.9259651899337769
5,-28555.503772115102,0.15206757187843323,0.036264002323150635
6,-37571.3939848013,-0.018657278269529343,0.892415463924408
7,-37557.06305111939,0.10507392883300781,0.10972756147384644
8,-33724.456269378505,0.06974450498819351,0.5387246012687683
9,-31885.099896609183,0.21385490894317627,0.3569915294647217
10,-30284.65179297541,-0.037741150707006454,0.1501021683216095
11,-28297.106019421444,-0.2668153941631317,0.0938061997294426
12,-29622.78448600711,-0.19756779074668884,0.19983166456222534
13,-28407.349860754937,0.019027143716812134,0.009199638850986958
14,-29920.760098042276,-0.0022795796394348145,0.10153791308403015
15,-29772.239869808825,-0.031660210341215134,0.09348626434803009
16,-29363.04999893975,-0.006082260515540838,0.050792574882507324
17,-28216.797770513647,0.0737663209438324,0.006062169559299946
18,-28242.386239836636,-0.06404296308755875,0.042624738067388535
19,-29797.588194952245,0.22249726951122284,0.1274144947528839
20,-30116.310246508045,0.13780468702316284,0.19428348541259766
1,-37636.63252034836,0.12002581357955933,0.16570748388767242
2,-37780.784662830236,0.022248869761824608,0.26462602615356445
3,-28776.12842771967,-0.08008316159248352,0.9761390686035156
4,-37585.07519166486,0.06383762508630753,1.9259651899337769
5,-28555.503772115102,0.15206757187843323,0.036264002323150635
6,-37571.3939848013,-0.018657278269529343,0.892415463924408
7,-37557.06305111939,0.10507392883300781,0.10972756147384644
8,-33724.456269378505,0.06974450498819351,0.5387246012687683
9,-31885.099896609183,0.21385490894317627,0.3569915294647217
10,-30284.65179297541,-0.037741150707006454,0.1501021683216095
11,-28297.106019421444,-0.2668153941631317,0.0938061997294426
12,-29622.78448600711,-0.19756779074668884,0.19983166456222534
13,-28407.349860754937,0.019027143716812134,0.009199638850986958
14,-29920.760098042276,-0.0022795796394348145,0.10153791308403015
15,-29772.239869808825,-0.031660210341215134,0.09348626434803009
16,-29363.04999893975,-0.006082260515540838,0.050792574882507324
17,-28216.797770513647,0.0737663209438324,0.006062169559299946
18,-28242.386239836636,-0.06404296308755875,0.042624738067388535
19,-29797.588194952245,0.22249726951122284,0.1274144947528839
20,-30116.310246508045,0.13780468702316284,0.19428348541259766
1,-38494.33012597351,0.11933322250843048,0.16334012150764465
2,-38507.63619111542,0.02168172597885132,0.25694388151168823
3,-29746.079638361854,-0.06470183283090591,0.8926061391830444
4,-38489.26865470917,0.06481876224279404,2.075969696044922
5,-29629.306017242106,0.13555294275283813,0.001950913923792541
6,-38484.51048910478,-0.021995222195982933,0.9985114336013794
7,-36520.60021922016,-0.04364822432398796,0.3584911823272705
8,-38495.27342294636,0.05246000736951828,0.13079378008842468
9,-38504.25664235169,-0.14694848656654358,0.1781267523765564
10,-38506.71892990546,0.0647759884595871,0.12133520096540451
11,-29789.9598560335,-0.27192604541778564,1.0216200351715088
12,-38490.475609766654,-0.12480564415454865,1.822669267654419
13,-29738.755393060346,0.06353621184825897,0.09049202501773834
14,-35327.22918035574,0.10256974399089813,0.6880733370780945
15,-36105.61250895574,0.035199105739593506,0.3896406888961792
16,-33240.47277824124,0.34471046924591064,0.4361947476863861
17,-29725.9805599787,0.0567014180123806,0.14444485306739807
18,-29651.189865053446,0.0016104429960250854,0.059312738478183746
19,-35140.84610106496,0.17671075463294983,0.7180050611495972
20,-38488.40143879198,-0.006606698036193848,0.28142601251602173
1,-38535.31599972136,0.1192176342010498,0.1633618324995041
2,-38536.17857881264,0.018357258290052414,0.2563416063785553
3,-29904.90322637916,-0.06343924254179001,0.9012302756309509
4,-38534.981377062424,0.06323816627264023,1.9228848218917847
5,-29850.210991372238,0.1280207633972168,0.01076151430606842
6,-38534.882793227596,-0.011766484007239342,0.925048828125
7,-38534.55917694236,0.10519330203533173,0.13164469599723816
8,-35749.6780819272,-0.04017823562026024,0.4883696436882019
9,-38535.05526576753,-0.1447497457265854,0.17228715121746063
10,-38534.9917255869,0.06609268486499786,0.1267174929380417
11,-29888.684283617782,-0.26099660992622375,1.0778841972351074
12,-33732.38850224585,-0.01214937400072813,0.7194972038269043
13,-29884.587735309968,0.059538066387176514,0.0077313268557190895
14,-33444.30646649017,0.2470991611480713,0.5431497693061829
15,-36397.261020947,-0.007212584372609854,0.4957432746887207
16,-34515.50902986829,0.25054606795310974,0.4142085909843445
17,-29870.169843027525,0.05703108757734299,0.27775976061820984
18,-29840.434306596264,0.0017065703868865967,0.05274932086467743
19,-36589.49576864061,0.15684735774993896,0.8513797521591187
20,-37213.90923526218,-0.02189280465245247,0.2949066460132599
1,-38522.913100844075,0.11925597488880157,0.16335563361644745
2,-38528.017802629976,0.034264981746673584,0.25668570399284363
3,-29847.684473957826,-0.0640145018696785,0.8898327350616455
4,-38520.83618966625,0.061098646372556686,1.929181456565857
5,-29779.952299032946,0.12871383130550385,0.005634862929582596
6,-38520.21456986024,-0.009486757218837738,0.9183632731437683
7,-35485.54072231158,0.0009798904648050666,0.4725216031074524
8,-38523.419511554996,0.035449810326099396,0.16110849380493164
9,-38527.58656503966,-0.14740654826164246,0.17559373378753662
10,-38032.25838908409,-0.02510415017604828,0.2304309457540512
11,-29874.33596725788,-0.25199657678604126,1.022679090499878
12,-38520.84018950242,-0.13000446557998657,1.3942432403564453
13,-29880.352458041725,0.07040711492300034,0.45611950755119324
14,-36333.70788013025,0.25156742334365845,1.0239074230194092
15,-35121.13702253442,-0.05361881107091904,0.42825445532798767
16,-32828.107333388696,0.20119482278823853,0.38010019063949585
17,-29849.16570492095,0.057438746094703674,0.07323649525642395
18,-29800.45147100392,-0.011385753750801086,0.046597301959991455
19,-33968.94154256293,0.13385477662086487,0.48869800567626953
20,-36742.35418872154,-0.022144217044115067,0.4548717141151428
1,4281.359723808352,0.004132112022489309,0.5964850783348083
2,-5201.629049210413,0.05199892446398735,1.2744946479797363
3,-29893.871759058595,-0.05388770252466202,0.03165527433156967
4,-2121.6381512657176,-0.03618022799491882,1.412375807762146
5,-29858.16886918493,0.11561644077301025,0.8643090128898621
6,-7405.39660026248,0.008355630561709404,1.1054424047470093
7,-2592.25903500555,0.1451248675584793,0.1473512351512909
8,6927.726528512005,-0.10005709528923035,0.09559767693281174
9,5900.713691374674,0.26062968373298645,0.023359810933470726
10,11548.471498815368,0.03585916757583618,0.05619175732135773
11,-29818.834498905493,-0.2665368914604187,1.7254303693771362
12,21980.744079469212,0.04235227033495903,0.9448870420455933
13,-29820.47282180121,0.0753481537103653,1.4171165227890015
14,25268.916180284614,-0.1437891125679016,1.1567749977111816
15,15145.66251188978,-0.035270847380161285,0.02445768192410469
16,15439.678481372082,0.12285897135734558,0.017592478543519974
17,-29793.34917758852,0.051017582416534424,0.3274368941783905
18,-29796.114501977987,-0.19998490810394287,0.016207098960876465
19,18605.830057473977,-0.055507078766822815,1.0096242427825928
20,18038.005062430562,0.035250768065452576,0.2851670980453491
21,18271.218127441032,0.04809875786304474,0.2509711980819702
22,17401.868274024473,0.04743165522813797,0.19527852535247803
23,13913.894772137173,0.12053711712360382,0.28246092796325684
24,17585.82959704642,0.013654761016368866,0.2852194905281067
25,19456.429343164185,-0.026248611509799957,0.22707605361938477
26,-29798.05519353771,0.0850689634680748,2.1321582794189453
27,13791.914433527232,-0.0025070756673812866,0.040710143744945526
28,12674.853953718328,0.16481707990169525,0.05684291571378708
29,-29748.70024469217,0.034957580268383026,1.4168565273284912
30,12493.62971177476,0.16845087707042694,0.10113036632537842
31,12733.809673921733,-0.15545883774757385,0.06443522125482559
32,13146.923765342939,0.17445236444473267,0.0750056803226471
33,14355.501298676929,-0.07170012593269348,0.036374129354953766
34,12102.856253146289,0.1637479066848755,0.010888326913118362
35,13036.784392139565,-0.0016933804145082831,0.015734802931547165
36,11220.827630171549,0.4954943060874939,0.007958399131894112
37,13173.479749568263,0.1092059314250946,0.025609474629163742
38,12270.874829637436,0.35552978515625,0.01963643729686737
39,11923.884448623749,-0.07499811798334122,0.007649260573089123
40,13929.51552552436,0.3652670085430145,0.021808825433254242
41,15303.816054503988,-0.011481407098472118,0.13058769702911377
42,16273.922941907487,-0.10124655812978745,0.19678077101707458
43,-29596.20116482951,-0.04528003931045532,2.1252095699310303
44,13992.678388069335,-0.1835981011390686,0.22944049537181854
45,-29635.928858640553,-0.33301272988319397,2.234959125518799
46,13627.891149666526,-0.02834286354482174,0.36214059591293335
47,-29599.48539674,0.0886380523443222,1.2058837413787842
48,-29576.541010764166,-0.03069479763507843,0.09771198034286499
49,13107.860594581001,-0.10353408753871918,1.09683358669281
50,16621.373174517572,-0.14012953639030457,0.22416460514068604
51,12907.043307018976,-0.07257967442274094,0.20964817702770233
52,16526.662815186563,-0.2243490219116211,0.2623678147792816
53,16705.324241246046,0.033377863466739655,0.22620932757854462
54,20878.181619255065,-0.07834064960479736,0.2172623574733734
55,11544.612424133884,-0.24086634814739227,0.02048824355006218
56,14187.8297345088,-0.4036039710044861,0.2072032392024994
57,15753.278429670552,0.20746681094169617,0.05491691082715988
58,17686.6517282089,0.09151916205883026,0.07167630642652512
59,-29655.521687295837,-0.004589557647705078,0.943919837474823
60,-29635.522228101658,-0.13107328116893768,0.004619386978447437
61,17377.44988030619,-0.06880338490009308,0.019637977704405785
62,8673.685946731777,0.1936521977186203,0.03875578194856644
63,16913.76061013828,0.24210673570632935,0.05801737308502197
64,9976.20007991324,0.0067214323207736015,0.0020773247815668583
65,13828.91008370164,-0.0364411287009716,0.009666519239544868
66,-29692.267033094184,0.10274561494588852,0.0722762942314148
67,14314.631356288786,0.03750424087047577,0.0008414225885644555
68,14570.739964039492,-0.17256298661231995,0.0005213983822613955
69,14233.477365104824,-0.23663747310638428,0.00018863455625250936
70,15550.546913227583,0.18747365474700928,0.0024231229908764362
71,16093.863078715342,0.16112756729125977,0.009057978168129921
72,13684.335028861346,-0.08084253966808319,0.00029170894413255155
73,19232.844172314966,-0.05354628711938858,0.11121033132076263
74,15692.458577990194,0.057235509157180786,0.06089840084314346
75,14159.99511793137,0.03496153652667999,0.047517627477645874
76,12138.737460400824,0.10779072344303131,0.01579241082072258
77,13124.528077350047,0.09996919333934784,0.0015924123581498861
78,-29671.593232749066,-0.11488430202007294,0.009073695167899132
79,13811.248041049099,-0.016890525817871094,0.0004087959823664278
80,12367.353702698923,0.21212832629680634,0.00026471796445548534
81,13338.60942365647,-0.32917261123657227,0.03854827582836151
82,13879.22437986599,-0.001789979636669159,0.008942743763327599
83,13576.46557182534,0.1602575033903122,0.014079656451940536
84,14822.962486816888,0.09133391082286835,0.02383330836892128
85,14180.668181788093,-0.2160869687795639,0.00534482579678297
86,13419.17038301048,-0.056203216314315796,0.000311525072902441
87,14130.124133676252,0.19437488913536072,0.0006574246799573302
88,16255.605723561719,-0.043458398431539536,0.0019234553910791874
89,15411.218804265776,-0.09038621187210083,0.0003131046541966498
90,15063.93180046275,0.0035306192003190517,0.0032744049094617367
91,15696.854256910117,-0.19998888671398163,0.0009101770701818168
92,17322.8760928397,0.229826420545578,0.00447808438912034
93,15780.88775010261,0.14982429146766663,0.0010922841029241681
94,14659.579230997553,0.10591491311788559,0.0024144293274730444
95,16242.574844148849,-0.015252728015184402,0.019209105521440506
96,17913.12697227814,0.08891616761684418,0.005410767160356045
97,16944.289295585502,0.2433653473854065,0.006256550084799528
98,22832.335645263764,0.18131348490715027,0.08576609939336777
99,9061.61905959958,-0.019465912133455276,0.009918773546814919
100,9228.511775987694,-0.12701034545898438,0.0010145835112780333
101,9990.492234020074,0.014866173267364502,0.0011311674024909735
102,12958.547031561697,0.16618245840072632,0.0004610402975231409
103,12720.433739252894,-0.10092705488204956,0.0006986893131397665
104,16192.835284137624,0.05926680564880371,0.0015463310992345214
105,19001.777427400557,0.0758747011423111,0.00717399176210165
106,17135.687102395772,-0.1516600251197815,0.0004582541878335178
107,14558.136709365923,-0.12626558542251587,0.0002473244094289839
108,15187.098614115126,-0.023609410971403122,0.0009519406012259424
109,15094.148119596677,-0.1233290433883667,0.0004923447850160301
110,17359.154854446133,0.006440920289605856,0.0005432964535430074
111,19392.503132083668,0.10887724161148071,0.029921790584921837
112,20917.112893190635,0.29910755157470703,0.03645671159029007
113,24060.504312768542,-0.19280678033828735,0.14553436636924744
114,23240.762503462884,0.13227494060993195,0.052010323852300644
115,21447.18901660012,-0.04765550419688225,0.0618087574839592
116,20944.918722310136,-0.16555744409561157,0.05036180466413498
117,20600.625188228838,-0.060162194073200226,0.05457392334938049
118,20481.919342468787,0.12733808159828186,0.058110035955905914
119,17695.196539399458,-0.13394862413406372,0.03562002629041672
120,18466.287677410055,0.05504230782389641,0.03599012643098831
121,24234.533381153946,-0.025390272960066795,0.04930071160197258
122,21921.834370042423,-0.05397631973028183,0.03145308420062065
123,23535.20173343076,0.11380152404308319,0.032368648797273636
124,24497.900893972936,0.07831966876983643,0.03965285047888756
125,27453.728740409806,0.3460094928741455,0.05905505269765854
126,41080.95335371289,-0.14220649003982544,0.024218715727329254
127,24742.85086926775,0.12555241584777832,0.7279819846153259
128,35463.20075179639,0.108753502368927,0.3984777331352234
129,34425.9498457694,0.008899560198187828,0.12737496197223663
130,28427.593952208572,0.001158878207206726,0.02260672114789486
131,31275.009317371325,-0.2968655228614807,0.04668986052274704
132,31218.90161198724,0.14951975643634796,0.09341973066329956
133,25085.383073518773,0.22784817218780518,0.04115273058414459
134,23747.569684486047,0.23494987189769745,0.051373302936553955
135,32096.45404036833,-0.10296021401882172,0.11783689260482788
136,17838.013430919615,0.0985201895236969,0.6953301429748535
137,35572.48043122055,-0.08136151731014252,0.2647099196910858
138,41639.527063258996,-0.07318423688411713,0.07360987365245819
139,24899.156572345622,0.09648483246564865,0.5684370398521423
140,37232.6833114807,0.04359511658549309,0.1279432624578476
141,40948.56438148437,0.3139709234237671,0.04962871968746185
142,41405.5607261511,0.04940564185380936,0.010985547676682472
143,37820.98553640993,0.15681715309619904,0.20010563731193542
144,41103.04099210611,-0.14676299691200256,0.00953600462526083
145,41350.77932520243,0.07748272269964218,0.008016157895326614
146,32831.57233497534,0.12069638818502426,0.26459169387817383
147,19336.922637599473,-0.19049939513206482,0.3756358325481415
148,39732.87464114523,0.11999517679214478,0.9708986282348633
149,39619.87967347197,0.11781799793243408,0.10545506328344345
150,40287.39399879451,0.08487643301486969,0.08161294460296631
151,40622.38948560578,-0.12506185472011566,0.020403802394866943
152,22462.92380506107,0.008028699085116386,0.32692599296569824
153,34586.02201412113,-0.09870447963476181,0.06146429479122162
154,30966.57036599014,-0.0693679004907608,0.16123567521572113
155,26155.276456711963,-0.14585667848587036,0.10734017938375473
156,31782.435013375372,0.10991935431957245,0.053686078637838364
157,20648.81385534269,-0.2252289056777954,0.4013165235519409
158,21569.6433331008,-0.1228470653295517,0.17490820586681366
159,28322.424980825668,0.13191062211990356,0.0720319002866745
160,25588.76575327517,0.06445063650608063,0.07610556483268738
161,22179.460357299762,-0.09480279684066772,0.04322288557887077
162,21226.2346174762,0.008067121729254723,0.0453333780169487
163,16765.72921638531,-0.18233206868171692,0.06601107120513916
164,16328.490902815209,-0.21550676226615906,0.016713695600628853
165,16631.873147096834,-0.03582749888300896,0.021064966917037964
166,28142.99136773057,-0.02941335365176201,0.30283093452453613
167,27472.997465064152,0.16065268218517303,0.0791657567024231
168,22078.880613720397,0.0006543447962030768,0.17847475409507751
169,24680.489905138096,0.1743919551372528,0.05789273977279663
170,26858.212816644136,-0.046600665897130966,0.040747322142124176
171,24894.29971752131,0.16680288314819336,0.048433028161525726
172,22263.180793979842,-0.07211583107709885,0.03508513793349266
173,23134.67686722852,-0.059752337634563446,0.04765300080180168
174,21998.592208677117,-0.46549975872039795,0.03214588761329651
175,18807.045773006495,0.17314700782299042,0.017099380493164062
176,17239.599034856165,-0.03243260085582733,0.0015688566491007805
177,18640.418347554634,0.22629448771476746,0.008288300596177578
178,15186.450263613631,-0.10905812680721283,0.002421899465844035
179,16182.46398029374,0.018583159893751144,0.004741714335978031
180,16237.257321839827,0.2464122772216797,0.006075720768421888
181,15684.20480943512,-0.08826049417257309,0.0026364843361079693
182,15271.779312454257,0.04930830001831055,0.0005699839675799012
183,16111.634692548616,-0.3028393089771271,0.0003152532153762877
184,14417.642529055343,0.0848717987537384,0.0015472208615392447
185,16175.175736819765,0.1245560348033905,0.000320086139254272
186,14849.384971014519,0.20996713638305664,0.0004502813098952174
187,16153.287702039092,0.10591854900121689,0.0012240625219419599
188,16067.149372345291,0.08123593032360077,0.0026763572823256254
189,16830.52478504265,-0.12403153628110886,0.00029887648997828364
190,17459.596628980245,0.02463480830192566,0.005282420665025711
191,16386.262889959686,-0.06155606359243393,0.0003077066212426871
192,16081.865800236199,-0.011590871028602123,0.00029846199322491884
193,15517.072199637536,0.17134228348731995,0.0009925996419042349
194,14115.654015573215,0.04487866163253784,0.00036445469595491886
195,14880.127161162618,-0.29786449670791626,0.0003145402588415891
196,14899.185303622813,0.1723002791404724,0.0015518793370574713
197,14894.027734442523,-0.050058722496032715,0.00025116943288594484
198,15846.120920180814,-0.38498592376708984,0.00028459751047194004
199,15335.17636996368,0.07558555901050568,0.0022647506557404995
200,15451.385771756697,-0.060545116662979126,0.00021579644817393273
1,1958.4554556225366,0.015470425598323345,0.6815709471702576
2,-7576.302996621179,0.04806557297706604,0.9057984352111816
3,-29952.866708376478,-0.05384809523820877,0.009664367884397507
4,-3152.8169008921027,-0.03420059010386467,1.4344805479049683
5,-29931.45087847677,0.11825105547904968,1.0348824262619019
6,-7626.843435437353,-0.030152244493365288,1.000659465789795
7,-4469.175583307092,0.1504877507686615,0.056327514350414276
8,-497.1847191395752,-0.11791957914829254,0.01194828748703003
9,-10299.209809841532,-0.3460789918899536,0.17960307002067566
10,-17464.870430376526,-0.028270220384001732,0.26484423875808716
11,-29973.949958328853,-0.25177091360092163,0.17832021415233612
12,-11946.20352222769,-0.1087261289358139,1.2199710607528687
13,-29962.434845508367,0.07306267321109772,0.04408916085958481
14,-173.5153085632787,-0.2514558732509613,1.4023327827453613
15,306.1336205662417,0.05929978936910629,0.2019771784543991
16,-7140.7326279761155,-0.195490300655365,0.3041287958621979
17,-29958.20486698528,0.057718321681022644,0.7798754572868347
18,-29945.33063989597,-0.010663919150829315,0.012056341394782066
19,-4908.23393954388,-0.1946946680545807,1.2069933414459229
20,-3864.2087770043804,-0.16790246963500977,0.1513584703207016
21,-1460.7792445734224,0.04423059523105621,0.00817682035267353
22,3963.7904796737025,-0.06455712020397186,0.02223263308405876
23,-2224.4890979009265,0.2653106153011322,0.06234847009181976
24,-3221.2811524362005,0.1532430648803711,0.022077307105064392
25,-6446.520173615926,-0.10553188621997833,0.12249668687582016
26,-29961.114711567716,-0.12275797128677368,1.2016668319702148
27,-20225.645166967857,-0.09776438772678375,0.20979338884353638
28,-22093.931543301813,-0.1245427057147026,0.0885191559791565
29,-29972.32265793098,0.04917468875646591,0.10667061805725098
30,-24074.642054042375,0.05332019180059433,0.08313580602407455
31,-24309.898977057997,0.02490832470357418,0.0749075710773468
32,-24828.457457347966,-0.13398703932762146,0.04605969041585922
33,-25022.870600039427,0.02165062539279461,0.0521983802318573
34,-25421.965618145554,-0.18923883140087128,0.05085490271449089
35,-24884.037568125077,-0.06300133466720581,0.07360635697841644
36,-24014.01047044186,-0.5741710662841797,0.06370891630649567
37,-22848.601697610164,-0.27083033323287964,0.07047945261001587
38,-23063.99653635213,-0.45878899097442627,0.10649290680885315
39,-22231.935014354338,0.10133443772792816,0.014817917719483376
40,-23016.96107242092,-0.2906358242034912,0.03070155903697014
41,-25279.261351697667,0.04437493532896042,0.023099809885025024
42,-23510.600894554558,0.13339243829250336,0.015236828476190567
43,-29978.61605748553,-0.05322115868330002,0.6740754842758179
44,-23173.211504629653,0.2057126760482788,0.9591585993766785
45,-29978.806706988027,-0.27417200803756714,0.32812270522117615
46,-23900.18500780625,0.13672517240047455,0.23077088594436646
47,-29981.410453247205,-0.057279761880636215,0.005061138886958361
48,-29978.713407122603,-0.027071133255958557,0.008749419823288918
49,-22088.093402738556,-0.0021466377656906843,0.2119133174419403
50,-23858.92830019111,-0.17296254634857178,0.04746098816394806
51,-23571.590174404308,0.003728653071448207,0.02338375896215439
52,-23193.57882857136,0.19435402750968933,0.0074791014194488525
53,-22227.7877816716,-0.23515400290489197,0.03837887942790985
54,-17888.583836410267,0.0023635427933186293,0.010934150777757168
55,-20574.746390642198,0.1284409612417221,0.01351623609662056
56,-22225.667665178127,-0.16366201639175415,0.045037493109703064
57,-21938.72204645613,-0.10216808319091797,0.02575431577861309
58,-22382.07292916631,0.10335313528776169,0.00419452041387558
59,-29979.15586433469,0.13636386394500732,0.09759828448295593
60,-29977.982574283986,-0.07630209624767303,0.016890961676836014
61,-19345.397465285245,0.0016927620163187385,0.023632511496543884
62,-20364.229573653756,-0.06515178084373474,0.02284226566553116
63,-21368.64714966832,0.1779419183731079,0.0014180997386574745
64,-21917.41685422367,-0.07866308093070984,0.008508836850523949
65,-19399.993297048575,0.030024737119674683,0.01733381301164627
66,-29978.175908076813,0.079839326441288,0.5197460055351257
67,-9485.685961493384,0.12389455735683441,0.6953394412994385
68,-6419.555426475415,-0.12164759635925293,0.1652384102344513
69,-12806.591966220458,-0.047959744930267334,0.013299400918185711
70,-18938.10262470188,-0.20887021720409393,0.04225554317235947
71,-14279.899626516935,-0.07037782669067383,0.007414513733237982
72,-11529.256344569798,0.02058974653482437,0.0068049682304263115
73,-9448.108272159097,-0.06869956105947495,0.004874293226748705
74,18152.045930451262,0.028329765424132347,0.420763224363327
75,15566.196829167624,0.010349085554480553,1.6401431560516357
76,13514.202119600965,-0.0003187159891240299,1.2869547605514526
77,13304.360389775062,-0.02106330916285515,1.0615984201431274
78,-29980.774523347416,-0.32481494545936584,0.38028234243392944
79,12800.769568970258,0.030451765283942223,0.28639131784439087
80,9719.264957915548,0.3282369077205658,0.3794959485530853
81,9525.321727146922,-0.32895877957344055,0.15279832482337952
82,10525.976093183264,0.11215385049581528,0.08014804124832153
83,9877.921140971057,-0.0008450796594843268,0.05148202180862427
84,10683.67346706337,-0.16654877364635468,0.024831240996718407
85,10292.700790070912,0.3033602833747864,0.012279104441404343
86,10646.750630844537,-0.19654850661754608,0.010037313215434551
87,10179.111848214212,0.06348296999931335,0.0051208604127168655
88,9145.378659866343,-0.019715383648872375,0.002135448856279254
89,10469.604074727524,0.02382468990981579,0.00776508217677474
90,6127.634543318689,0.009258533827960491,0.009100275114178658
91,11389.451753486837,-0.011531214229762554,0.1536186933517456
92,11462.02847147547,-0.03449004143476486,0.06921878457069397
93,13439.779710345427,-0.12207910418510437,0.1347590684890747
94,11609.288587850575,-0.021932344883680344,0.02101760171353817
95,16256.634716754394,-0.14328394830226898,0.18638744950294495
96,19241.435795116668,0.16481000185012817,0.1171094998717308
97,14063.073299967038,0.15880346298217773,0.019120249897241592
98,12769.220272240404,0.09106390923261642,0.08422915637493134
99,13785.93499152041,0.17109887301921844,0.07743915915489197
100,12298.878812364044,0.11397618055343628,0.03237729147076607
101,12872.461034788113,-0.08389604091644287,0.07806625962257385
102,10308.473393383132,0.30628833174705505,0.054158829152584076
103,12829.806991207453,0.020192673429846764,0.0637306198477745
104,12884.167597304497,-0.15551498532295227,0.06176924332976341
105,11331.710720638961,-0.088687464594841,0.04623871669173241
106,11380.784059192834,-0.08531796932220459,0.0291963629424572
107,11394.451717650036,0.04279923439025879,0.03678625449538231
108,10661.451593176043,0.05527324602007866,0.03467978537082672
109,10176.078482297049,-0.08236001431941986,0.03306762874126434
110,9087.008098199625,-0.005765636917203665,0.030763279646635056
111,8039.438602869773,-0.17137758433818817,0.03317238762974739
112,8526.534042671423,0.10149481892585754,0.026385817676782608
113,8743.121100876355,0.18073193728923798,0.03834542632102966
114,9307.649085787547,-0.0008696665754541755,0.01717836782336235
115,10354.202689085392,-0.11165633052587509,0.027980998158454895
116,9220.967918173714,-0.139014333486557,0.02602453902363777
117,8433.05688366814,-0.10691748559474945,0.029814034700393677
118,9624.743128264112,0.050870370119810104,0.028188560158014297
119,8911.205027846841,0.017387181520462036,0.024999767541885376
120,8759.789504597828,0.15112096071243286,0.021678686141967773
121,8320.416068280298,-0.1892307996749878,0.02873968705534935
122,7826.444900935436,0.09966205060482025,0.01708552986383438
123,8354.526760532483,0.09559359401464462,0.020046357065439224
124,8799.925900865306,0.2098667323589325,0.014010995626449585
125,8023.128913860798,-0.05833503231406212,0.02046913467347622
126,7149.729753677465,-0.0049382648430764675,0.008882639929652214
127,7191.714217056135,-0.16810457408428192,0.008215341717004776
128,8000.903865258564,-0.09102678298950195,0.01640922576189041
129,8435.259519938701,-0.248077392578125,0.023730527609586716
130,9251.287041487358,0.10104581713676453,0.012458200566470623
131,9176.249331210543,-0.03692781180143356,0.013673629611730576
132,8848.066179464575,0.1478649377822876,0.01410159282386303
133,9038.574283293869,0.11019518971443176,0.012778908014297485
134,9113.948512908542,0.01972278580069542,0.0030955735128372908
135,8900.956993227204,-0.2685791254043579,0.03146156668663025
136,9015.006473978803,-0.22242113947868347,0.016438614577054977
137,8911.050899096454,-0.08413065969944,0.006346533074975014
138,9243.713460503648,-0.0557502917945385,0.01359296590089798
139,8795.50841263712,-0.223893940448761,0.021611224859952927
140,8805.905816167984,-0.06280643492937088,0.013201708905398846
141,7870.134220216167,-0.051989659667015076,0.014201071113348007
142,8078.849207399968,-0.1560221016407013,0.014546300284564495
143,8172.566903945363,-0.013738349080085754,0.004200917202979326
144,7212.972642132438,0.23624885082244873,0.02098800800740719
145,7377.966443833999,0.23173627257347107,0.013412635773420334
146,8342.541962994126,-0.36143478751182556,0.017494577914476395
147,7048.975404053674,-0.10725905746221542,0.00825102161616087
148,7425.2384753708175,0.22547951340675354,0.0144151970744133
149,7539.0167047882605,0.10076005756855011,0.010449770838022232
150,6528.38906103292,-0.021489035338163376,0.006271002814173698
151,7630.6971114216685,0.12296851724386215,0.007876233197748661
152,3798.240019161997,-0.22792385518550873,0.013823658227920532
153,3164.8670892786668,0.18994957208633423,0.007717875298112631
154,3446.389030673924,0.03732267767190933,0.00174239301122725
155,3773.833942018518,-0.026473170146346092,0.004345179069787264
156,2908.6628940477003,-0.041954927146434784,0.0009691073792055249
157,3059.8858825722127,0.08601462841033936,0.0005554743111133575
158,4016.5041667788614,-0.26511773467063904,0.005635429173707962
159,6464.3697260176905,-0.1029394268989563,0.0407232940196991
160,7442.003600032221,0.1556301712989807,0.005014735274016857
161,7952.650576988714,-0.04997527599334717,0.010899825021624565
162,9448.292160685565,-0.0030757389031350613,0.012375196442008018
163,8940.19835763418,-0.13948947191238403,0.010777421295642853
164,7927.742321483742,-0.14011894166469574,0.009516222402453423
165,8221.572061446926,0.09420382976531982,0.004645531997084618
166,9081.476039367932,-0.07997507601976395,0.013499414548277855
167,8822.949625793355,0.12790033221244812,0.010367726907134056
168,7857.824267407305,-0.003770997282117605,0.008384710177779198
169,8117.043359131552,0.0513015054166317,0.0035401717759668827
170,8785.714437324423,-0.17456355690956116,0.010900024324655533
171,8653.010146277378,-0.04380248114466667,0.0016470870468765497
172,8498.071900326418,-0.2692677676677704,0.014054338447749615
173,7885.123802728007,-0.08080606907606125,0.005682613700628281
174,8727.800701768527,0.06274500489234924,0.010400675237178802
175,8793.589724769983,0.30347275733947754,0.01151130348443985
176,8863.7895900871,-0.09244881570339203,0.00156356580555439
177,8890.199985297473,-0.03380721062421799,0.0049600242637097836
178,8159.189164719581,-0.05413961410522461,0.007850171998143196
179,8816.917729831543,-0.19409048557281494,0.018718959763646126
180,8338.083219719865,0.27534356713294983,0.013626130297780037
181,8146.588494733226,0.008333435282111168,0.00949233677238226
182,9094.805949633293,-0.023928143084049225,0.002438907977193594
183,8427.906514038617,0.07248597592115402,0.0016364546027034521
184,8167.199029653136,-0.1221664771437645,0.005023543257266283
185,7004.596331530469,0.006498493254184723,0.0027994983829557896
186,7911.619977986281,0.07124969363212585,0.009910482913255692
187,3569.626387784943,0.28652942180633545,0.08315012603998184
188,3892.587459186096,-0.12297269701957703,0.008713547140359879
189,2608.3500514353036,-0.008169695734977722,0.0011352587025612593
190,2492.7946684256103,-0.14565613865852356,0.005467724055051804
191,2491.6907898312957,0.02046615444123745,0.0003373048675712198
192,2654.2429419558794,-0.09013991057872772,0.00019309131312184036
193,2769.0662567189665,0.08656661957502365,0.002555918414145708
194,2623.458815240337,0.017378753051161766,0.001704351045191288
195,3639.2443305853885,0.35201019048690796,0.001209503854624927
196,3945.8955165624384,-0.02339226007461548,0.005724637769162655
197,3101.8365745903984,0.13206550478935242,0.0007934767054393888
198,2966.035205489425,0.16009975969791412,0.0004222777206450701
199,2601.270160291899,-0.28558528423309326,0.008939283899962902
200,2649.38543011541,-0.007947109639644623,0.0009345451253466308
1,1459.2082064568076,0.0043654246255755424,0.6538397073745728
2,-7617.054588682099,0.0419464036822319,0.9590551257133484
3,-29953.57443213958,-0.05401372164487839,0.03559667244553566
4,-97.26428931637298,-0.010036304593086243,1.566550612449646
5,-29948.562267288842,0.11728298664093018,0.6423932909965515
6,-16018.597118033982,-0.017643598839640617,0.8238305449485779
7,-15030.426884924687,0.13273808360099792,0.17281942069530487
8,-11825.512780890189,0.04117535054683685,0.08442803472280502
9,-14725.705017603466,-0.34209227561950684,0.1515582799911499
10,-20740.37443465044,-0.015099262818694115,0.2815200090408325
11,-29974.24726684822,-0.2791922986507416,0.029931163415312767
12,-19267.76625326699,-0.11589449644088745,0.28494328260421753
13,-29975.234893417735,0.03631473705172539,0.0014556943206116557
14,-16708.47560668819,0.08427596092224121,0.26141977310180664
15,-17093.624695088045,0.07638566195964813,0.22105637192726135
16,-19156.50328331063,-0.15286314487457275,0.14566117525100708
17,-29974.921604695617,0.014157062396407127,1.3194499015808105
18,-29971.336436887043,0.15507903695106506,0.027073651552200317
19,-24267.885141383562,-0.24079135060310364,0.7083967924118042
20,-23828.670889849385,-0.15851834416389465,0.25426897406578064
21,-23078.70934570574,-0.28460535407066345,0.19365231692790985
22,-22220.438934612892,0.30743861198425293,0.025299876928329468
23,-21925.516915605716,0.008909255266189575,0.027466177940368652
24,-21854.02210856052,0.0776246190071106,0.021047081798315048
25,-22630.365202284684,0.04399053379893303,0.04127980396151543
26,-29957.640677888983,-0.14928199350833893,4.451855659484863
27,-22432.787600511696,-0.02949376031756401,1.1948400735855103
28,-21227.126645092492,-0.20684435963630676,0.059889018535614014
29,-29962.005038407315,-0.054891400039196014,5.06226921081543
30,-20500.419799023177,0.08466897904872894,1.162926435470581
31,-22045.637509345626,-0.03476352617144585,0.0925392210483551
32,-21268.28119847526,0.06738533079624176,0.042810872197151184
33,-21651.638477295157,0.005932842846959829,0.06700116395950317
34,-21775.305293523546,-0.1354542374610901,0.0400090292096138
35,-13467.72605062149,-0.12943576276302338,0.05535058304667473
36,-9063.090946980652,-0.2533697485923767,0.06888985633850098
37,-11163.943928335455,-0.2767936587333679,0.0280090793967247
38,-20056.971830787723,-0.23466375470161438,0.3583393096923828
39,-15465.84531972729,0.07044495642185211,0.031707800924777985
40,-6011.666502336226,-0.0878932923078537,0.0037692810874432325
41,13403.74940865775,0.18641547858715057,0.033606380224227905
42,9542.265675447894,-0.08752688020467758,0.07279224693775177
43,-29927.30512031989,0.01807922124862671,9.026305198669434
44,2863.50925745313,-0.32069066166877747,1.4183014631271362
45,-29918.00549137475,-0.031251709908246994,7.2909650802612305
46,-2810.8108225821757,0.07669980078935623,1.651755690574646
47,-29940.38919416195,0.1424521654844284,6.329684734344482
48,-29939.074890219126,-0.025600146502256393,2.9465651512145996
49,-7339.696620033429,-0.061778128147125244,4.015748500823975
50,-5032.021064046136,-0.3732543885707855,1.0205200910568237
51,5072.870515479475,-0.013274123892188072,0.6928290724754333
52,7688.255451954353,-0.09159338474273682,0.0014502814738079906
53,22774.946183502412,0.2959993779659271,0.18268786370754242
54,22029.3754949617,0.058224499225616455,0.933964192867279
55,19936.134340165605,-0.1180533766746521,0.6863884329795837
56,17753.93545835431,-0.23374752700328827,0.7612702250480652
57,13713.17348046838,0.03816775232553482,0.528641939163208
58,15065.42744397588,-0.011117329820990562,0.39956244826316833
59,-29873.717519152913,-0.03852783143520355,1.370370864868164
60,-29865.478173372358,-0.19747546315193176,0.03130172938108444
61,13247.746164155598,-0.04900062829256058,0.608721137046814
62,4675.914713679344,-0.09994788467884064,0.035431694239377975
63,11178.0831270076,0.24725906550884247,0.0060353269800543785
64,2037.1262043221348,0.037733133882284164,0.008089843206107616
65,7020.305172575658,-0.08098822832107544,0.0020970036275684834
66,-29891.087859797408,-0.23513323068618774,0.3443208336830139
67,10157.270540961827,-0.02147543430328369,0.08045271039009094
68,12758.238469709875,0.007282634731382132,0.09939935803413391
69,12754.091248941828,0.11556403338909149,0.031027279794216156
70,13455.060631908716,0.11423520743846893,0.06782972812652588
71,13097.168837550167,0.20731811225414276,0.06903843581676483
72,12963.223277352981,-0.012039780616760254,0.054004281759262085
73,15624.867267250991,-0.16069543361663818,0.11617043614387512
74,11827.1702738752,-0.0036830357275903225,0.07926096767187119
75,11698.876826711463,0.029713094234466553,0.0951039046049118
76,10844.023458245585,-0.21332310140132904,0.04369678348302841
77,11776.950698508908,-0.21704068779945374,0.10192471742630005
78,-29924.90892362697,-0.3399074077606201,0.012196331284940243
79,11938.509579670974,0.10952842235565186,0.02724115364253521
80,9407.44275335802,0.4611225128173828,0.007909754291176796
81,10668.325117631824,-0.32174089550971985,0.12198858708143234
82,10529.599232627661,-0.01881536841392517,0.014959136955440044
83,9661.821165524772,0.12870220839977264,0.0007769629592075944
84,10638.340631530702,0.021011456847190857,0.011885586194694042
85,11864.926426608745,0.04108709096908569,0.00032649876084178686
86,10549.8622788252,0.12072247266769409,0.0005846956628374755
87,9951.78717628162,0.04771661013364792,0.0018428100738674402
88,11438.101234410167,-0.05430137738585472,0.01866958476603031
89,10742.101587154375,0.005772516131401062,0.00015585462097078562
90,12391.309392146779,-0.03876970335841179,0.00043520666076801717
91,11893.25814947161,-0.02945975586771965,0.00046098465099930763
92,13801.068563468,0.17962738871574402,0.002309253439307213
93,13121.215365307105,-0.030667414888739586,0.00020686510833911598
94,13886.007076805634,-0.06773293763399124,0.0013262499123811722
95,13272.125218735177,-0.009119304828345776,0.005395086016505957
96,12790.067665930255,-0.13481861352920532,0.026325751096010208
97,13303.390818490008,-0.3386443555355072,0.016117192804813385
98,13689.082233196657,0.24191176891326904,0.03262102231383324
99,13592.609438352818,0.16757087409496307,0.051800020039081573
100,12127.420264638426,0.04397229477763176,0.03387351334095001
101,14639.896553530598,0.036815255880355835,0.0657772421836853
102,13941.324518160363,0.31695136427879333,0.051640585064888
103,13872.006104928665,0.01040051132440567,0.05323369801044464
104,14372.40207961046,-0.25647270679473877,0.04137081652879715
105,13880.686602644913,0.06184985488653183,0.0337754487991333
106,12130.033966366787,-0.22617928683757782,0.024768948554992676
107,14403.305699504808,0.06148788332939148,0.035505980253219604
108,14459.391554444623,-0.017823033034801483,0.034690406173467636
109,15708.085050291658,-0.11268849670886993,0.029531439766287804
110,18453.79344116512,0.05319936200976372,0.03641427308320999
111,16038.170116123123,0.0038128707092255354,0.02270890399813652
112,15300.776745759511,0.15686236321926117,0.0255951639264822
113,16437.419651110762,0.21946069598197937,0.03542444854974747
114,14452.581260549465,-0.007440486457198858,0.014305410906672478
115,15691.029544997231,-0.12040466070175171,0.026178373023867607
116,15778.704836928533,-0.17936652898788452,0.024169472977519035
117,13978.831711804187,-0.11214131116867065,0.023277368396520615
118,15369.10318869035,0.11913488805294037,0.027579262852668762
119,14449.461438699638,-0.028294652700424194,0.022256221622228622
120,13546.805224347647,0.14529871940612793,0.023125842213630676
121,14828.213430250014,-0.18786808848381042,0.025338921695947647
122,14517.48010362747,0.03536034747958183,0.014302711002528667
123,15141.309390942135,-0.08207905292510986,0.008826854638755322
124,16429.68754557167,-0.013910835608839989,0.013514392077922821
125,16484.441265129477,-0.12186746299266815,0.01222328469157219
126,16654.801312152696,0.028319692239165306,0.0060472371987998486
127,16313.570592596616,-0.2351149022579193,0.00410929461941123
128,17066.905126937163,-0.06497399508953094,0.010781644843518734
129,17491.315261426793,-0.01029802393168211,0.01441908162087202
130,16581.883929998534,0.12146472930908203,0.01778871938586235
131,16867.49644143495,0.017696654424071312,0.019573509693145752
132,16436.75501524608,-0.07519882917404175,0.012959899380803108
133,16058.066943092106,-0.21924695372581482,0.017328672111034393
134,13903.162353459076,0.013349528424441814,0.00858723372220993
135,13122.83352410084,0.04842968285083771,0.022981718182563782
136,13946.186976631881,-0.3331837058067322,0.019635211676359177
137,14780.120532517654,-0.00346915191039443,0.003558926982805133
138,15009.153105124276,0.044640686362981796,0.02008684352040291
139,16303.898951056864,0.10027985274791718,0.010281792841851711
140,18062.029044048697,-0.22002357244491577,0.01638125628232956
141,11691.940436618837,-0.15308159589767456,0.02150217816233635
142,9476.417163423823,0.04509636387228966,0.022414173930883408
143,12485.361617821585,-0.16603946685791016,0.0015310922171920538
144,9691.38352696904,-0.028938323259353638,0.002172027248889208
145,9714.667094074031,-0.41553792357444763,0.0011608365457504988
146,10648.547646321018,0.193473681807518,0.0008170208893716335
147,8404.81383946846,-0.1241355761885643,0.0010973438620567322
148,8529.137038404926,-0.01891574263572693,0.0005472227931022644
149,8714.803873252109,0.11419697850942612,0.0006887332419864833
150,8920.381754424085,-0.21332930028438568,0.0006325847934931517
151,11861.278329801791,-0.18681298196315765,0.0016768602654337883
152,10634.013210504083,0.17919564247131348,0.005450627766549587
153,11499.09260290989,0.15045768022537231,0.0008809204446151853
154,11836.522021229626,-0.13059833645820618,0.0005101437564007938
155,13937.794950906684,-0.025308778509497643,0.000529443088453263
156,12561.436831825167,-0.008408586494624615,0.0007696159882470965
157,13327.028689600316,0.1506684422492981,0.0033352947793900967
158,12274.236030583545,-0.17663615942001343,0.0007916513131931424
159,13982.4093531626,0.019824832677841187,0.0010158101795241237
160,14704.552137830147,-0.014466380700469017,0.0018017950933426619
161,16786.828778489828,0.058682866394519806,0.005521947052329779
162,18052.24359503486,-0.1948501318693161,0.012530149891972542
163,17958.779258858223,-0.06319770961999893,0.018540892750024796
164,22582.66624845761,0.05030632019042969,0.05140664428472519
165,16572.300545285503,0.06946861743927002,0.04228370636701584
166,15362.664426173273,0.25689852237701416,0.003992957528680563
167,15167.659412693742,0.15657907724380493,0.0035776649601757526
168,15404.745464591824,0.2555645704269409,0.0038511883467435837
169,14091.665430213512,-0.11758126318454742,0.0010781367309391499
170,13497.44053757822,-0.012677709572017193,0.0008501088013872504
171,12550.940525583163,0.1498948186635971,0.0005572118097916245
172,14872.374642891229,0.08969886600971222,0.007663072552531958
173,15950.556756858163,0.07205154746770859,0.0017297673039138317
174,32985.99920350465,-0.055863313376903534,0.40767428278923035
175,28646.334365901323,-0.07201732695102692,0.1271473914384842
176,19131.22600015576,-0.12009228765964508,0.03503626957535744
177,21930.436148853674,-0.16614101827144623,0.04951616749167442
178,12853.85874040067,0.20746879279613495,0.02989458292722702
179,16158.39762553258,0.31904423236846924,0.009010318666696548
180,13810.066504765475,-0.1183851957321167,0.012020333670079708
181,15340.23954518318,-0.14565148949623108,0.016840022057294846
182,28901.445524384813,-0.09761746227741241,0.367459774017334
183,18317.55547485341,0.06670182943344116,0.0010162238031625748
184,18335.7889207435,0.03850685805082321,0.005768219940364361
185,16622.12018468225,-0.11725162714719772,0.0018056490225717425
186,15351.253136002852,0.05395900830626488,0.0013317083939909935
187,14989.925682911567,0.07788123190402985,0.0021616946905851364
188,15881.181406631607,0.1752663254737854,0.0028721457347273827
189,17566.09412349639,-0.14909480512142181,0.0017254818230867386
190,20085.793832655585,0.04125899821519852,0.02537311613559723
191,23414.93968034893,0.12757930159568787,0.04028240218758583
192,31555.40659717653,-0.2129925787448883,0.11965062469244003
193,41001.83025078095,0.03523116186261177,0.02905510738492012
194,40917.23360724517,-0.044525157660245895,0.02369905821979046
195,32503.466332326912,-0.02127457782626152,0.1449418067932129
196,41599.96012752896,0.2720414996147156,0.07283279299736023
197,30744.638315911518,0.044008590281009674,0.08478616178035736
198,40993.26005330687,-0.15800780057907104,0.017187263816595078
199,41837.73886450703,0.08785666525363922,0.17911913990974426
200,41685.07034379733,0.051515787839889526,0.07697730511426926
1,22109.568199389145,-0.032863955944776535,0.41699084639549255
2,8297.877309578786,0.04725940525531769,1.3100776672363281
3,-29958.772543911527,-0.05402247607707977,0.019573135301470757
4,17213.850396054,-0.06325097382068634,1.439764380455017
5,-29947.845891224853,0.11315789073705673,0.4703328311443329
6,-7143.404138980892,0.009328430518507957,0.8417691588401794
7,350.4252069707434,0.1256379783153534,0.18626630306243896
8,15105.662756483132,-0.004262745380401611,0.13352073729038239
9,2108.4637436764897,-0.3576143682003021,0.2649146318435669
10,-10996.615889261662,-0.03629681095480919,0.35262393951416016
11,-29974.931224192776,-0.24487809836864471,0.1235007494688034
12,-10716.14927190412,-0.09706622362136841,0.743212103843689
13,-29972.003829643865,0.06797537952661514,0.06594403088092804
14,-384.5467809482547,0.033687323331832886,0.7760283946990967
15,-3058.196580690808,0.04398242384195328,0.2180979698896408
16,-10797.440014179492,-0.19051039218902588,0.24868756532669067
17,-29978.520049660234,0.027243774384260178,0.6221840381622314
18,-29974.82633977632,0.14403367042541504,0.032784353941679
19,-13730.937700824936,-0.2747494578361511,0.5769548416137695
20,-13034.015474380092,-0.1915663182735443,0.2105160653591156
21,-15744.658421893626,-0.20592650771141052,0.07770490646362305
22,-15502.524147962979,0.27033042907714844,0.023013105615973473
23,-15025.74693370775,-0.05292093753814697,0.026781214401125908
24,-15622.380125175105,-0.25499141216278076,0.07828713208436966
25,-339.7574752689371,-0.19050340354442596,0.006740198936313391
26,-29951.23714356071,0.2742782235145569,0.08731164783239365
27,2492.0517302113512,-0.11211991310119629,0.00689771119505167
28,720.2488974334985,-0.13983021676540375,0.009775729849934578
29,-29927.72221007928,0.03925647586584091,0.00766743253916502
30,10226.599732860615,-0.10125432908535004,0.019719023257493973
31,17260.302412577832,-0.026714077219367027,0.004995121620595455
32,22539.287770573163,-0.16877220571041107,0.0034784588497132063
33,25893.76085748478,0.08358754217624664,0.0071060387417674065
34,23554.77362385829,0.20136845111846924,0.002539216773584485
35,33430.532525345334,0.0652175098657608,0.10548949241638184
36,28995.744508524687,0.07297374308109283,0.08792262524366379
37,29525.38878032407,0.17009016871452332,0.021126670762896538
38,28207.39477629316,0.6221713423728943,0.02845616452395916
39,36818.66568866127,-0.05383182689547539,0.07683458924293518
40,37163.17292130162,0.017915692180395126,0.09741239994764328
41,41933.46479757549,0.033932097256183624,0.031223800033330917
42,27980.879375886452,-0.10385020822286606,0.0017996958922594786
43,-29873.284788040757,0.05106087774038315,0.27799054980278015
44,31978.36616602303,0.21559153497219086,0.49966010451316833
45,-29903.569655744115,-0.04529041051864624,1.1789170503616333
46,16604.57843914747,0.02640349045395851,0.33725056052207947
47,-29927.214248944754,0.14333543181419373,0.32013973593711853
48,-29929.41489213101,-0.033606015145778656,0.056118205189704895
49,181.1426066787379,-0.019519805908203125,0.10810332000255585
50,-4573.9502498085585,-0.3727514147758484,0.032471850514411926
51,8496.402169901337,0.01978081464767456,0.004071253817528486
52,18280.593647504367,-0.1802257001399994,0.01240534894168377
53,25597.085893626467,-0.13822433352470398,0.016618788242340088
54,24496.96879036846,0.014820913784205914,0.0024607989471405745
55,29796.174923815848,-0.03776325285434723,0.005635078996419907
56,33178.7950058766,-0.08899005502462387,0.09716945886611938
57,28309.81752156957,-0.020772214978933334,0.015473103150725365
58,29044.339957370652,-0.15542840957641602,0.009360389783978462
59,-29888.550337561526,-0.003902753349393606,1.0942680835723877
60,-29866.107784495438,-0.16361576318740845,0.005329195410013199
61,29960.58619826814,-0.043340571224689484,1.0256118774414062
62,33881.54300064809,0.034940607845783234,0.06076208874583244
63,26985.832566820074,-0.2144755721092224,0.0019833100959658623
64,28658.367610119018,0.09170792996883392,0.003537314012646675
65,34880.56242978971,0.13226431608200073,0.08549218624830246
66,-29867.430536936405,-0.24363712966442108,0.02896876446902752
67,31514.184407441557,0.03653445839881897,0.5529815554618835
68,27374.18240558603,0.033628445118665695,0.1395513266324997
69,26914.46150263133,0.08799125999212265,0.018828220665454865
70,31158.4110093005,0.05305691808462143,0.06838978826999664
71,33366.24666610812,0.1435537040233612,0.0724191814661026
72,28520.604390319902,-0.03221186250448227,0.0077415695413947105
73,22401.9592497959,-0.04654599353671074,0.0034294663928449154
74,30691.106121474008,-0.04022455960512161,0.052234381437301636
75,29186.626815441006,-0.13481475412845612,0.0774116963148117
76,27027.517736905378,-0.14830222725868225,0.016522666439414024
77,29032.094246610824,-0.08562222123146057,0.12710881233215332
78,-29964.461287518465,-0.04880194365978241,2.3690874576568604
79,27175.348614660987,-0.10919810831546783,0.020773572847247124
80,25113.40792644764,0.4081366956233978,0.03762919828295708
81,25672.00294716866,-0.13176727294921875,0.021373629570007324
82,26822.65963020694,-0.015233288519084454,0.014285845682024956
83,26029.812165116768,-0.030476253479719162,0.007694078143686056
84,26297.987328018728,-0.22746460139751434,0.00610871147364378
85,20399.112939927953,0.03698694705963135,0.002757348120212555
86,23303.47138171578,-0.2062496542930603,0.0009884077589958906
87,24918.279348920387,-0.07849744707345963,0.002420599339529872
88,27373.157310645074,0.023198653012514114,0.00214009708724916
89,27575.617458050605,-0.02837694250047207,0.00301136146299541
90,27950.0519158362,0.13802050054073334,0.013053305447101593
91,28296.005524699147,0.043183594942092896,0.005018789786845446
92,29229.01415425253,-0.03970810025930405,0.01411664392799139
93,27700.781049815687,-0.058992378413677216,0.0028055254369974136
94,27208.7201262182,-0.08620993793010712,0.006228999234735966
95,28336.130365186127,0.025052059441804886,0.0056390343233942986
96,28472.629638392707,-0.0734233483672142,0.000978208496235311
97,28967.162388748504,0.017515484243631363,0.007654529996216297
98,30275.44809499773,0.18795230984687805,0.01794007234275341
99,28912.914503672302,0.07782766222953796,0.004482800140976906
100,33792.96734347941,0.30109381675720215,0.031128156930208206
101,35482.06095485481,0.06663782894611359,0.07398873567581177
102,33677.84157930321,-0.34712880849838257,0.06744469702243805
103,34966.131308127624,-0.28696250915527344,0.06329300999641418
104,29298.472463985214,-0.05005716532468796,0.03836981952190399
105,27584.44091060156,-0.06539427489042282,0.04117122292518616
106,30364.66091922178,0.12439322471618652,0.030151722952723503
107,29286.60470433224,0.1446886956691742,0.0067854090593755245
108,31437.115521409978,0.07416386902332306,0.04089082032442093
109,27807.037612770346,-0.06958498060703278,0.0007072539301589131
110,25432.06559564353,0.09374533593654633,0.0012822153512388468
111,25948.847938138442,0.3910496234893799,0.01693734899163246
112,27145.26267029136,0.11484318226575851,0.0030200330074876547
113,28443.743920703004,-0.1328849494457245,0.0002679327444639057
114,26885.36309392811,-0.16645954549312592,0.0002542711445130408
115,28324.17738919882,-0.10662026703357697,0.001114743179641664
116,28485.60396830621,0.054388683289289474,0.0008177198469638824
117,33812.82549009432,-0.10733568668365479,0.06953095644712448
118,37388.16370419617,0.21554812788963318,0.07139411568641663
119,36487.02319165765,-0.1160854622721672,0.06057344004511833
120,36937.50153684281,-0.07222830504179001,0.07213473320007324
121,39091.26409027313,-0.22772477567195892,0.08518456667661667
122,33757.54963862332,-0.05155440419912338,0.04511461779475212
123,33704.054112115715,0.13278810679912567,0.03797047957777977
124,35805.98891165843,0.07226479053497314,0.04217226803302765
125,38419.604893945376,0.33186742663383484,0.0581640750169754
126,39255.26168992232,0.1884353756904602,0.04933883249759674
127,38014.05605844537,0.281289666891098,0.038725025951862335
128,39189.94976751348,0.07704053819179535,0.05406728386878967
129,38894.62015098428,0.1377505511045456,0.051965758204460144
130,37704.46867687439,-0.06106772646307945,0.03178119286894798
131,38783.51769349893,-0.07289445400238037,0.045636117458343506
132,39584.94462284476,0.13468444347381592,0.07227077335119247
133,50745.03521541042,-0.21807989478111267,0.06114983558654785
134,43662.91409563954,0.283784955739975,0.21336257457733154
135,43139.21215985551,-0.06698610633611679,0.10539766401052475
136,32400.350570518833,0.07203212380409241,0.026467708870768547
137,43256.202929747364,0.1423523724079132,0.07086527347564697
138,34408.04641518139,-0.3528597056865692,0.02969970367848873
139,32476.497873221608,0.167652890086174,0.048350851982831955
140,29040.80557531478,-0.006696030497550964,0.011961611919105053
141,27554.822693041686,-0.17811845242977142,0.005449248012155294
142,25592.523018621247,0.06605631113052368,0.000477874418720603
143,31965.813640608227,0.09089285135269165,0.01697375439107418
144,30025.880063590663,0.273727148771286,0.005872752517461777
145,34889.2726898498,-0.3510502576828003,0.07969748973846436
146,40698.60384093368,0.18899141252040863,0.05347863584756851
147,30310.5595430975,-0.15329208970069885,0.008008157834410667
148,33643.09075980671,-0.01164417527616024,0.022087082266807556
149,30300.386823957306,0.021129202097654343,0.002776538720354438
150,29876.169057589028,0.20817047357559204,0.009795261546969414
151,49441.162420152665,-0.15253576636314392,0.12027464807033539
152,29472.130517279573,-0.030366089195013046,0.005892851855605841
153,33024.14942427224,0.13583584129810333,0.007955211214721203
154,30955.201286412626,-0.10414346307516098,0.0022651217877864838
155,47146.5323576017,0.03788144886493683,0.1808941811323166
156,31356.996198037614,-0.11168281733989716,0.0024490044452250004
157,39786.705329789715,0.064116470515728,0.04140546917915344
158,29749.097917462714,-0.05770822614431381,0.00029572585481218994
159,33201.00086307584,0.03139117360115051,0.015466798096895218
160,28916.56299847358,0.036573827266693115,0.004517106339335442
161,29330.88857892893,0.03422648459672928,0.004674322437494993
162,30197.518763692122,-0.08801190555095673,0.0014176707481965423
163,43352.73123899324,0.07138174772262573,0.1604563295841217
164,50880.590103824456,0.10053815692663193,0.09159239381551743
165,38311.67673307917,-0.0511016845703125,0.05421655997633934
166,43206.74246982436,0.0809437558054924,0.12362208217382431
167,43492.19192810026,0.28460612893104553,0.4891643524169922
168,35893.31455603585,-0.08205106109380722,0.37191042304039
169,34088.77784136012,-0.15087206661701202,0.11058320850133896
170,30722.866194398834,0.11742489039897919,0.030879374593496323
171,37085.198635609195,0.09461787343025208,0.06254886090755463
172,39946.179301581156,0.01456111203879118,0.05443612486124039
173,38294.95809709555,-0.028496500104665756,0.09652390331029892
174,39838.253157851614,0.1412830948829651,0.09732000529766083
175,42200.92228129994,0.02480047009885311,0.05138152837753296
176,38529.120638636006,0.0473669171333313,0.03974363952875137
177,36388.40605811393,0.032360922545194626,0.09365405142307281
178,35340.74825299296,-0.2919529676437378,0.0806707814335823
179,30493.588247319574,0.11651140451431274,0.028648465871810913
180,30541.764136492573,-0.024057388305664062,0.025128504261374474
181,32420.544929815067,-0.1255725920200348,0.03678730130195618
182,30580.808828823567,-0.06037618964910507,0.011786866933107376
183,29454.781993740613,-0.20656505227088928,0.0038207843899726868
184,27113.327507513543,0.0002824912662617862,0.0028953775763511658
185,26425.632719608664,-0.07475189864635468,0.0005986791802570224
186,27033.98984258957,0.028393052518367767,0.0016375957056879997
187,28165.529561244006,-0.06218861788511276,0.006934487260878086
188,28281.503330480802,0.1886242926120758,0.007859534583985806
189,28239.36428346816,-0.04865124076604843,0.0005387103301472962
190,30013.206684312845,-0.03575368970632553,0.01444230880588293
191,31373.421119370432,0.15204423666000366,0.013297643512487411
192,30484.783139874096,-0.031251635402441025,0.012455841526389122
193,30424.565486418913,0.09332290291786194,0.010671942494809628
194,32787.29376164597,0.20260602235794067,0.018163681030273438
195,33327.37785333512,-0.043927595019340515,0.03494932875037193
196,32960.167341355875,-0.04842856526374817,0.039862584322690964
197,34050.5872815818,-0.23668834567070007,0.02386370860040188
198,34520.737488741775,-0.022335156798362732,0.025834759697318077
199,34933.64217120931,-0.0482933446764946,0.039016470313072205
200,35085.53926480525,0.09895355999469757,0.02440907061100006
1,7513.000227794243,-0.055406492203474045,0.3986920714378357
2,6229.067871162708,-0.09570908546447754,0.5344443321228027
3,-28261.340902895197,-0.055145736783742905,0.04417964071035385
4,8489.063029028344,-0.0544978529214859,1.4945777654647827
5,-27903.757872404196,0.13915160298347473,0.8634983897209167
6,2152.921913778936,0.010126790031790733,1.199819803237915
7,3255.5256592048595,0.12499496340751648,0.07348465919494629
8,5594.56996480762,-0.010748535394668579,0.002958362689241767
9,3918.736668793248,-0.36914384365081787,0.006412151735275984
10,728.4593904202749,-0.032559964805841446,0.03530750051140785
11,-28433.260424917073,-0.22546470165252686,0.9738535284996033
12,1444.8500233567422,-0.08326680958271027,0.9734079241752625
13,-28100.657959850163,0.05935230851173401,0.41382449865341187
14,2692.4643349687576,0.030212244018912315,1.458258867263794
15,2419.858837309057,0.08145442605018616,0.24431650340557098
16,2681.1735241809015,-0.19715356826782227,0.014039519242942333
17,-28194.03130214919,0.05642854794859886,1.1573776006698608
18,-27927.466450240638,0.015708690509200096,0.043075695633888245
19,3290.241617423902,-0.29799529910087585,1.2548831701278687
20,4669.543192522998,-0.205857515335083,0.24477212131023407
21,3134.971300830776,-0.022323569282889366,0.03172803670167923
22,1443.469120719672,0.21975187957286835,0.023778971284627914
23,3300.7439733292645,0.298275351524353,0.005863487254828215
24,4066.0198384110363,0.0030076082330197096,0.0015915690455585718
25,1995.5608160063096,-0.06940218806266785,0.002543318085372448
26,-28438.926991072192,-0.04206381365656853,0.02061581425368786
27,-3385.7285945193453,-0.12511375546455383,0.0034686685539782047
28,-4445.248559658238,-0.23984387516975403,0.0062317028641700745
29,-28527.543068813193,0.012898087501525879,1.0457595586776733
30,-4257.239410318388,0.11921465396881104,1.0123825073242188
31,-5430.4255054109435,-0.10361412167549133,0.10906963050365448
32,-4787.8241254389995,0.2524201273918152,0.01176657434552908
33,-5289.417219028306,-0.081169992685318,0.003236072603613138
34,-4523.0434935375715,0.04966244101524353,0.0011984070297330618
35,-776.6643744110354,-0.21763531863689423,0.003404449438676238
36,572.6790292104532,-0.2114868462085724,0.006298927124589682
37,-220.33435267624904,-0.14875254034996033,0.0022096852771937847
38,-3511.355001593387,-0.4990221858024597,0.019709493964910507
39,-323.1705427837238,0.05767561495304108,0.0006473310641013086
40,-639.4195536692638,-0.05323691666126251,0.000684092752635479
41,1956.8010769259856,-0.2825106084346771,0.00023708000662736595
42,4519.174284640429,-0.02898036316037178,0.00020636511908378452
43,-28455.638715760888,-0.08784996718168259,0.2067863792181015
44,13121.266483600293,0.28187471628189087,0.04878351837396622
45,-28425.221529460658,-0.37626343965530396,2.1425721645355225
46,7005.85200965128,-0.11359472572803497,0.4903523325920105
47,-28470.42724712857,0.07681259512901306,1.1536951065063477
48,-28512.966208572827,-0.03941396623849869,0.01222000177949667
49,8227.475621165499,0.04179571196436882,0.0037568267434835434
50,10778.303977993999,0.05562595650553703,0.00231497036293149
51,8911.262737081506,0.0007876766612753272,0.001427847775630653
52,11033.748548718228,-0.21963447332382202,0.0008733563008718193
53,14456.185461655456,0.02930585667490959,0.1515563726425171
54,11040.487421111951,0.057914476841688156,0.01672142744064331
55,10621.359409148623,-0.22731129825115204,0.013446826487779617
56,16912.490842385636,-0.052108537405729294,0.3320687413215637
57,10731.30931139259,-0.033860623836517334,0.01409972459077835
58,18495.264849259318,-0.33446189761161804,0.5626248717308044
59,-28214.57075545782,0.09710901975631714,1.3009593486785889
60,-27552.336626020548,-0.18749497830867767,0.026496391743421555
61,7396.323385025013,-0.044149450957775116,0.28221845626831055
62,8931.024709043635,0.05614584684371948,0.013948647305369377
63,10831.731962062511,-0.07871460169553757,0.0016975325997918844
64,10316.469634005593,-0.06670673191547394,0.0008877908694557846
65,9958.074151701136,0.11034621298313141,0.0019430445972830057
66,-27679.985500097744,0.036805160343647,0.3043202757835388
67,10048.787014904572,0.1375822126865387,0.317871630191803
68,10256.02926584312,0.08288291096687317,0.0966225266456604
69,10133.390820631095,0.0955420732498169,0.003847577376291156
70,10724.017042320686,0.10918804258108139,0.007661229930818081
71,11102.216288712101,0.20924335718154907,0.0071907564997673035
72,9896.162137683712,-0.02038835547864437,0.002306925132870674
73,-1914.2959849391534,0.06381535530090332,0.0344068817794323
74,-2886.9091171660325,-0.17603528499603271,0.004992836154997349
75,-353.22996736832005,0.07555128633975983,0.00022461087792180479
76,97.74567775381439,-0.020463235676288605,0.00036023446591570973
77,1629.9431728913687,-0.10101836919784546,0.0001799427845980972
78,-29095.535476241374,0.05526277422904968,0.0638277605175972
79,-4996.162458348507,0.02163073420524597,0.004253647290170193
80,-3503.5938078250524,0.2136044204235077,0.0009692200692370534
81,-3368.8631849614167,-0.12566447257995605,0.0008845568518154323
82,-4239.981148301363,0.10858806222677231,0.0005802139639854431
83,1286.4215985861067,0.14832013845443726,0.0004308074712753296
84,6490.651249363795,-0.10895764827728271,0.0006147382082417607
85,10304.336887252473,-0.12131556123495102,0.0014341481728479266
86,10327.818562975166,-0.06022637337446213,0.0012717852368950844
87,10672.752573413036,0.04925314337015152,0.008852265775203705
88,10808.735526404664,-0.024949699640274048,0.001459853257983923
89,10073.459425365892,-0.12288817018270493,0.00035010193823836744
90,10686.793694000295,0.17846918106079102,0.00675143301486969
91,10758.635720761426,-0.21102498471736908,0.0010393754346296191
92,10445.067494701141,-0.006207535974681377,0.00834381952881813
93,17572.976405185684,0.24948763847351074,0.2149483859539032
94,11199.529146112409,0.04309196397662163,0.0786326676607132
95,17488.700282679903,0.000828087329864502,0.24321262538433075
96,10295.276362062048,-0.1685456931591034,0.003936792723834515
97,10659.31356702727,0.01100012194365263,0.006630405783653259
98,10990.705193946249,0.3402876853942871,0.005371426232159138
99,9949.381684294454,-0.021993905305862427,0.0024116565473377705
100,10252.09388505248,0.1728113740682602,0.001574125373736024
1,7219.549095648986,-0.035648416727781296,0.4123094975948334
2,4035.322264015805,0.06295427680015564,1.0450431108474731
3,-28465.645176063623,-0.037815794348716736,0.006329752039164305
4,5562.755811054756,-0.07718911021947861,1.529860496520996
5,-27933.655242705943,0.13955171406269073,0.9895280599594116
6,1702.5958257282773,0.03613412380218506,1.277329444885254
7,4046.419789159866,0.13460776209831238,0.03585429489612579
8,5176.186482552452,0.0022345236502587795,0.003318281378597021
9,3047.7172811119526,-0.36167073249816895,0.012525874190032482
10,541.4433213845841,-0.032461684197187424,0.0392070896923542
11,-28475.244368428,-0.23386868834495544,0.9974467754364014
12,1255.8711620548388,-0.08962845057249069,1.262047290802002
13,-28199.07589251563,0.06616543978452682,0.5288113355636597
14,3699.728799266557,-0.001607020734809339,1.525549292564392
15,4813.5335311665185,0.06828315556049347,0.15525317192077637
16,2725.840066286826,-0.20004308223724365,0.015900738537311554
17,-28173.264924760737,0.05577089637517929,1.1937308311462402
18,-27843.26723913383,0.03094920516014099,0.11671232432126999
19,3598.976127570298,-0.3052806556224823,1.5137159824371338
20,6276.442571991247,-0.21864692866802216,0.5102197527885437
21,5447.316434674317,0.1578712910413742,0.03488057851791382
22,6846.63293254802,0.09868880361318588,0.0007731561781838536
23,8980.753424700459,-0.23940293490886688,0.0026991674676537514
24,7317.235156655617,-0.2762930691242218,0.0035401280038058758
25,9540.912184846804,0.008572104386985302,0.0032125122379511595
26,-27644.44315196719,-0.09361451119184494,1.4017906188964844
27,2943.739602953258,-0.11454059183597565,0.6346924901008606
28,1400.1210874338642,-0.0008231848478317261,0.020517047494649887
29,-27857.004331700355,0.010107527486979961,0.9853919744491577
30,1243.2208877344235,0.1372823268175125,0.6762142181396484
31,-379.80141553865894,-0.06397753208875656,0.02540000155568123
32,-266.17828030165265,0.23545271158218384,0.001879360293969512
33,-1581.569343670107,-0.06743104755878448,0.0020287218503654003
34,-959.9050312445927,0.03825923427939415,0.0003345858713146299
35,3155.5809571548284,0.038032591342926025,0.00029559171525761485
36,5337.39077162089,0.2984929382801056,0.0005492374184541404
37,8569.758875823256,0.2369949072599411,0.00399817107245326
38,8432.71277127606,0.5220690965652466,0.007244551554322243
39,9914.973312503967,-0.11159719526767731,0.0028193420730531216
40,9951.577266751208,0.1572052538394928,0.004921560641378164
41,10582.511138374606,-0.12346364557743073,0.016202963888645172
42,12986.503114956293,-0.08893405646085739,0.16887515783309937
43,-27760.281253617482,-0.05338745564222336,2.4684877395629883
44,10559.600627431082,-0.17783348262310028,0.3330143094062805
45,-27579.821119750668,-0.40203917026519775,1.616942286491394
46,12306.230567153372,-0.039767663925886154,0.6464160680770874
47,-27629.203299038163,0.12558326125144958,1.5340535640716553
48,-27794.955377462225,-0.05099187418818474,0.43127697706222534
49,14440.993085972637,-0.09797706454992294,1.927992820739746
50,14405.201537969524,-0.14008082449436188,0.4315493702888489
51,13352.665044620759,0.05441993102431297,0.19011595845222473
52,14640.52641759167,-0.18910759687423706,0.3479077219963074
53,8456.375066936365,0.08703254163265228,0.026300504803657532
54,10112.165797517739,-0.0014033218612894416,0.027158468961715698
55,8675.680693036122,-0.283569872379303,0.013697399757802486
56,12944.089827925478,-0.3498876094818115,0.35855865478515625
57,12674.212710853373,0.17172956466674805,0.12909823656082153
58,13456.894545448815,0.05884765833616257,0.16867825388908386
59,-27869.51830488962,0.11269950866699219,2.312371253967285
60,-27556.861311149252,-0.08711451292037964,0.8860397338867188
61,9256.270798545189,-0.07254494726657867,1.457114577293396
62,9767.767713700616,-0.1586158722639084,0.0026098608504980803
63,10143.640471507217,-0.14351150393486023,0.00519679207354784
64,10123.42437128104,0.14815326035022736,0.0052610961720347404
65,11623.373455249062,-0.07933937758207321,0.08557625114917755
66,-28236.48529556349,0.06568019092082977,0.9119185209274292
67,14293.789303172342,-0.013168087229132652,0.9913203120231628
68,11126.569024656827,0.05293232947587967,0.08509849011898041
69,10354.64707593239,0.21543358266353607,0.01135268248617649
70,12639.252268948205,0.12424324452877045,0.07271292805671692
71,17661.233826257157,0.17117255926132202,0.2149912416934967
72,9536.784702351271,-0.02993028238415718,0.003923705779016018
73,9897.404210803375,-0.10815463960170746,0.0035297542344778776
74,9364.530580271878,0.035709477961063385,0.0045999204739928246
75,9087.104038562573,0.002285401104018092,0.002799024572595954
76,8839.321908268867,-0.24207958579063416,0.0013963746605440974
77,9163.280780579698,-0.2546577453613281,0.0026943988632410765
78,-27471.6451511751,-0.03882075101137161,0.027599282562732697
79,9128.910800669524,-0.012164617888629436,0.001159515231847763
80,9242.488845826821,-0.05886150151491165,0.0005850743618793786
81,9626.384269636475,0.07132038474082947,0.0004307974595576525
82,10433.708352821457,0.158347487449646,0.010144820436835289
83,9106.971411965224,0.02004013955593109,0.00046641388325951993
84,9461.148194805965,0.03515757620334625,0.014583691954612732
85,9116.132723014602,-0.05646008253097534,0.000666844833176583
86,8874.250937284753,-0.018718481063842773,0.0006090101669542491
87,8922.261834818499,0.03474191948771477,0.00040910596726462245
88,10067.742572477388,-0.08929628133773804,0.009090437553822994
89,9184.92916326689,-0.11801403015851974,0.0004753858956974
90,9593.325471428365,0.1846788376569748,0.0009945177007466555
91,9773.64082189086,0.03193407878279686,0.00032973531051538885
92,10268.447699325046,0.16216208040714264,0.0024775820784270763
93,9612.151105630579,0.06701655685901642,0.0004925422836095095
94,9274.592879085583,0.13901768624782562,0.0012809491017833352
95,11509.810389433815,0.021375447511672974,0.023336200043559074
96,12382.313376815831,0.3275359272956848,0.003707675961777568
97,18550.93689699547,0.1032714769244194,0.26300010085105896
98,20194.81417815397,0.12576329708099365,0.1912492960691452
99,9255.043149908657,0.0229642391204834,0.059222228825092316
100,9511.691646209172,-0.11519689857959747,0.024859493598341942
1,5737.789205009544,0.12827055156230927,0.6726207733154297
2,-4030.442825955703,0.0476236566901207,0.8752202987670898
3,-11999.480661158781,-0.1420702338218689,0.022201552987098694
4,-6430.848287118198,-0.0061328113079071045,0.3189840614795685
5,-10531.524348139295,0.21782080829143524,0.0067387050949037075
6,-7708.700511154326,-0.04604927450418472,0.2678989768028259
7,77.73248153947522,-0.06211430951952934,0.49928462505340576
8,-2289.1864448242613,0.09140860289335251,0.41655176877975464
9,-2121.1149079295415,-0.024692755192518234,0.12293773889541626
10,-1194.3506011058869,0.21086733043193817,0.04575425386428833
11,-11993.046279834782,-0.26464927196502686,4.199593544006348
12,-3855.675811762341,0.07825076580047607,1.248823881149292
13,-12065.425524968085,-0.028259476646780968,2.9183521270751953
14,-308.7482594591347,-0.031033754348754883,0.22644305229187012
15,2241.512557781304,-0.00537283718585968,0.17198066413402557
16,-8148.442005875709,-0.11588233709335327,0.9449021816253662
17,-9571.41233389595,0.00985860824584961,0.3764232099056244
18,-7780.2205921602845,0.14363931119441986,0.26722562313079834
19,-11998.639422082788,-0.023396363481879234,0.010938986204564571
20,-11994.955938219004,-0.04440806061029434,0.0024574310518801212
21,-4486.080255255272,0.20042213797569275,0.28662821650505066
22,-3242.2855741801186,0.280107319355011,0.1317429393529892
23,-1463.9757439235775,0.272998183965683,0.15232253074645996
24,-5967.703095217617,0.04861786216497421,0.5675723552703857
25,-3619.286873465892,-0.24212953448295593,0.39257240295410156
26,-11969.621363475433,0.04252833127975464,1.0015532970428467
27,-3090.0274985672704,0.17117398977279663,1.942445158958435
28,-3917.031262060153,-0.08942034840583801,0.06420078873634338
29,-6734.506658632805,0.03482290357351303,2.4122705459594727
30,-5122.197752511821,0.2564443051815033,0.6632272005081177
31,1531.287118922616,-0.08441352844238281,0.3891792297363281
32,694.7841004223479,0.25047022104263306,0.17361226677894592
33,-1007.6014218524134,-0.2721922993659973,0.16258704662322998
34,-2207.305035199237,-0.10447820276021957,0.030537385493516922
35,-5004.07687273403,-0.0545397624373436,2.0048630237579346
36,-1492.670274037463,-0.2216690629720688,1.2468643188476562
37,-4214.062975518089,-0.13266593217849731,0.3472631871700287
38,4994.621661808892,0.08473001420497894,0.21079882979393005
39,2740.2660513617875,0.017301470041275024,0.11343546956777573
40,8108.381706319658,0.08536756038665771,0.11499124765396118
41,-4381.9796213533045,-0.20737773180007935,0.6492903232574463
42,-7446.1710876905645,0.08503347635269165,0.14632466435432434
43,-11996.196075894528,-0.09497271478176117,0.011467315256595612
44,-1884.0056358607187,-0.2867414355278015,0.46948671340942383
45,-11989.072057609026,-0.31504929065704346,0.11363820731639862
46,-1256.9539500456647,0.08074718713760376,0.35234615206718445
47,-12066.829743535669,-0.20105181634426117,0.006608607247471809
48,-7740.546368974317,-0.04914329946041107,0.13170963525772095
49,-6005.4693242036055,-0.061374761164188385,0.18564006686210632
50,-8084.704034360386,0.09102128446102142,0.04946011304855347
51,-7591.69216741272,0.033950284123420715,0.0433688722550869
52,-5903.946274638876,0.12345187366008759,0.013234332203865051
53,2205.8216658716146,-0.07743160426616669,0.028696326538920403
54,6496.236382627762,-0.09758119285106659,0.06501904129981995
55,3159.235571938701,-0.29098278284072876,0.09573926776647568
56,-1428.0585548016122,0.32782578468322754,0.8409805297851562
57,-2530.4736558579566,-0.027762895449995995,0.18986821174621582
58,-6217.966173589885,-0.06027647852897644,0.15426447987556458
59,-7424.842224407956,-0.009352277033030987,0.4443904161453247
60,-5405.984557609002,-0.3551270365715027,0.09509079903364182
61,-3125.946844697876,0.013918857090175152,0.16579172015190125
62,-1560.1342075531184,0.22755716741085052,0.09761591255664825
63,-1860.391497443115,0.22113917768001556,0.03182773292064667
64,5024.145324654502,0.017934639006853104,0.012330211699008942
65,6077.651534781211,0.1808730661869049,0.08337100595235825
66,-6921.6365433135325,0.0864226222038269,1.3707692623138428
67,917.6343438529015,0.1505526602268219,1.5473779439926147
68,5100.722530911653,0.12280412763357162,0.0219571590423584
69,6619.330840906211,-0.11573517322540283,0.10653596371412277
70,554.0880275481557,0.014858752489089966,0.1898529976606369
71,5849.153776720809,0.03974733501672745,0.005697647109627724
72,3163.475166080461,-0.0690133273601532,0.006111341528594494
73,10430.034384175953,-0.04102499783039093,0.29527613520622253
74,12505.810275300031,-0.06381647288799286,0.2195746898651123
75,12202.797063305872,-0.1939847469329834,0.3699033260345459
76,12223.38107856929,0.13127954304218292,0.1534888595342636
77,-3107.220038209293,-0.0859965905547142,0.036024585366249084
78,-5323.649355398579,-0.2112896889448166,0.6384467482566833
79,4617.435177348453,-0.23976096510887146,0.6684796810150146
80,8030.49911406412,0.02558944933116436,0.3374505043029785
81,11880.354473841397,-0.2165287435054779,0.4960460662841797
82,7613.772414898064,0.08495132625102997,0.5770078897476196
83,12455.542305388655,0.21351191401481628,0.35755643248558044
84,5867.236521106795,0.006415476556867361,0.018483154475688934
85,4919.487290811368,-0.002063972409814596,0.5623873472213745
86,5686.80176952426,0.1816980093717575,0.04986761137843132
87,4581.674582251824,0.04204258322715759,0.002657728735357523
88,6538.921701383788,0.1619727909564972,0.024235233664512634
89,12163.237815903822,-0.01209992729127407,0.22105035185813904
90,10805.218581291618,0.16529840230941772,0.16853666305541992
91,7305.796311831188,0.1230728030204773,0.12307443469762802
92,9024.167470009766,0.01810702309012413,0.049056656658649445
93,9469.14287090755,0.07833747565746307,0.04776706546545029
94,6497.273384420461,0.09140929579734802,0.7745115160942078
95,10674.387090289067,0.041012585163116455,0.6740093231201172
96,10063.66147237712,-0.21865186095237732,0.49672064185142517
97,17149.706440665108,0.04414590820670128,0.6142244338989258
98,7917.730359222368,-0.2063646763563156,0.22822901606559753
99,8846.853063361039,0.20240581035614014,0.036867655813694
100,5656.059331417916,-0.06154896318912506,0.027829419821500778
1,5335.451819527354,0.1322232484817505,0.6983441710472107
2,-4298.608242074725,0.03545361012220383,0.8986772298812866
3,-11999.969015950077,-0.10076867789030075,0.007335295435041189
4,-1434.4047268990325,-0.04964299127459526,0.6391131281852722
5,-5232.32992175636,0.21913328766822815,0.4554283618927002
6,-7866.067299686473,-0.06368358433246613,0.2320631593465805
7,-1667.868927042963,0.015341284684836864,0.2992957830429077
8,-2246.6485848758834,0.1311221569776535,0.13008204102516174
9,-2642.6944784935195,0.123713418841362,0.07187539339065552
10,-3200.763867662796,0.30180424451828003,0.06818389147520065
11,-12069.974256815058,0.0972946509718895,4.904101371765137
12,-9150.970415289583,-0.08668825030326843,1.261688470840454
13,-12069.95756057338,0.08307194709777832,0.7238961458206177
14,-7925.602201656805,0.15130193531513214,1.7530092000961304
15,-7898.752971914464,0.091480553150177,0.2081236094236374
16,-8883.842040790942,-0.02499029040336609,0.11083560436964035
17,-9697.945284935471,-0.13242027163505554,0.10633054375648499
18,-8081.104574118044,-0.04115365073084831,0.13008233904838562
19,-8842.815513722006,0.018717389553785324,0.02872440218925476
20,-5268.1093617572515,-0.11871689558029175,0.018203943967819214
21,-8396.205748576647,-0.19549797475337982,0.05833550915122032
22,-5348.271836750816,0.0839490294456482,0.14063392579555511
23,-5805.017412071243,0.04633685201406479,0.05953995883464813
24,-7388.039870644777,0.080450139939785,0.2656298875808716
25,-4419.854763342971,0.005504995584487915,0.10851269960403442
26,-7917.6967252704135,-0.23220479488372803,0.3373044431209564
27,-3590.250112099034,0.08316633105278015,0.22614197432994843
28,-2201.159530349602,0.06766103953123093,0.0782482773065567
29,-10980.778651527811,-0.2985497713088989,0.10032325237989426
30,-6424.491447817778,0.11232811212539673,0.2882114052772522
31,-1482.604348061736,0.0030074070673435926,0.05070297047495842
32,-4976.357981361315,-0.0572708360850811,0.058472126722335815
33,-8513.394640423678,0.20392563939094543,0.6792998313903809
34,-8699.565273102628,-0.33033180236816406,0.21224699914455414
35,-5448.371455192175,-0.14718890190124512,0.21173807978630066
36,971.5292026742409,0.03340042382478714,0.34850093722343445
37,3916.826923294693,-0.07468809932470322,0.12497062981128693
38,-6068.8986527368,-0.20990042388439178,1.9114741086959839
39,-4085.3191858870036,0.061427365988492966,0.0941469818353653
40,-544.066165851669,0.006851206533610821,0.0636833980679512
41,4960.966831126513,-0.3115677535533905,0.3221224546432495
42,4277.755471943596,-0.2621173858642578,0.021859291940927505
43,-8896.421862317105,0.09343010187149048,1.2451189756393433
44,-1173.3313604867103,0.04782792925834656,0.3827206492424011
45,-4219.401707484109,0.011114026419818401,0.3488966226577759
46,-5891.109796773835,-0.028933238238096237,1.0550527572631836
47,-3838.59737972963,-0.042805157601833344,0.4778788685798645
48,1918.0654313887783,-0.2160073220729828,0.46287772059440613
49,227.74283996518207,0.19561950862407684,0.4722035825252533
50,-2267.2419678203814,-0.18313638865947723,0.3837546706199646
51,-567.0845690298302,0.32464563846588135,0.1324441134929657
52,-3016.1702966070948,0.04138728976249695,0.02335364744067192
53,5192.139129757076,0.06294199824333191,0.010308446362614632
54,4547.8416734813845,-0.10757166147232056,0.01773478090763092
55,734.9584740808755,-0.030342942103743553,0.3395099639892578
56,8479.77349010921,0.11247148364782333,0.9740854501724243
57,3557.7167220300935,-0.16505789756774902,0.1173459142446518
58,7580.318255040404,0.011728813871741295,0.2596389055252075
59,4752.508055974856,-0.1785527765750885,0.07664704322814941
60,5386.504149535322,0.13000863790512085,0.027481934055685997
61,10926.045666182994,0.11586763709783554,0.2747710347175598
62,-4066.0750409251577,-0.013892432674765587,0.9983310699462891
63,-411.53185961412066,0.08609020709991455,0.34900587797164917
64,6826.435790967401,-0.04756560176610947,0.33314400911331177
65,-5128.231860839557,0.06272228062152863,0.8737895488739014
66,-4686.041852515874,0.04622116684913635,0.24841730296611786
67,4603.621985125341,0.02857201173901558,0.15076327323913574
68,1992.1475509033032,-0.17813527584075928,0.0664220005273819
69,-1266.922561961465,-0.06061646342277527,0.19213321805000305
70,507.7918880449251,0.2217661738395691,0.1145431250333786
71,3146.60957659123,0.08695545792579651,0.05479177087545395
72,-3599.8246898696543,0.0333123505115509,0.2482089251279831
73,-2061.8985677027367,0.12610307335853577,0.040313586592674255
74,2213.7923483226773,0.03947335109114647,0.015768995508551598
75,4421.819130533117,0.10201858729124069,0.6240732669830322
76,5416.977404798188,0.060627393424510956,0.015762872993946075
77,1766.613648136143,0.175604909658432,0.22084715962409973
78,-3884.6019871243716,0.24144093692302704,0.7815322875976562
79,-965.8511458048924,-0.0742182582616806,0.0758102685213089
80,151.2087814587943,0.10578154027462006,0.012881381437182426
81,6111.03690351771,-0.22430294752120972,0.033248886466026306
82,3740.9197935780066,0.10682132095098495,0.03801477700471878
83,-3274.5041363238524,-0.15639901161193848,0.2670799493789673
84,5498.264718189293,-0.0885009765625,0.008236018940806389
85,6461.16416991011,0.07213281095027924,0.053221724927425385
86,6588.387694779206,0.17507687211036682,0.0031018508598208427
87,5385.420303308203,0.05542847141623497,0.008927702903747559
88,7789.603500996234,-0.38317978382110596,0.06235931068658829
89,16789.674322458686,0.049528323113918304,0.5191693305969238
90,7767.422338001572,-0.042069874703884125,0.32096371054649353
91,11728.79667820541,-0.25870105624198914,0.25853636860847473
92,9539.659407482448,0.018867572769522667,0.09328186511993408
93,5944.764193134484,0.07685407996177673,0.014618370682001114
94,11674.561331787294,0.24173836410045624,0.15422886610031128
95,13847.838211804863,0.22992198169231415,0.19290664792060852
96,7488.41800311878,-0.04379284381866455,0.021488413214683533
97,14859.956074448784,0.013629928231239319,0.33013471961021423
98,11504.602640096407,-0.3353293538093567,0.4838581681251526
99,14662.436401259125,0.08561444282531738,0.3519539535045624
100,10543.997573820337,-0.09437983483076096,0.34300321340560913
1,4913.705051892495,0.13652455806732178,0.7340847849845886
2,-7122.772484006517,0.03405478596687317,0.7336620092391968
3,-12112.539219891874,-0.13761606812477112,0.031655434519052505
4,-7303.1667119672065,0.0065607232972979546,0.21790394186973572
5,-10647.484820120844,0.09368985891342163,0.01135074719786644
6,-7702.453596832991,-0.11475592851638794,0.2379160374403
7,-4295.3769664420715,0.05423256754875183,0.17441853880882263
8,-887.4932424299485,-0.052755292505025864,0.13659635186195374
9,-1868.4816906783924,0.10851633548736572,0.08276921510696411
10,-2763.7008627900004,-0.15055155754089355,0.05855876952409744
11,-11080.407749039283,-0.22980955243110657,1.5743907690048218
12,-7147.621544044931,-0.14561015367507935,1.3060035705566406
13,-12167.664856268571,0.0958482027053833,0.4920840859413147
14,-1367.9995374429382,-0.06430073827505112,0.5781856775283813
15,24.320875604309016,-0.13700233399868011,0.3268214464187622
16,1664.5984524452829,0.03914445638656616,0.0568593367934227
17,-11244.141777310359,-0.015727665275335312,1.763090968132019
18,-4329.802269770168,0.3004658818244934,1.1806378364562988
19,-5299.40123734204,-0.2564355134963989,0.22913311421871185
20,-2900.240342194448,0.2609178125858307,0.0693928599357605
21,-1060.5062716313266,-0.0074457130394876,0.11176227033138275
22,-3096.776172093002,-0.09061335772275925,0.03967737406492233
23,-8115.048665399057,0.04011113941669464,0.33676815032958984
24,-8418.265766826038,0.03916171193122864,0.9929931163787842
25,-6210.36504482028,0.044158872216939926,0.30207115411758423
26,-7643.859183247798,0.24466773867607117,0.1893461048603058
27,-6071.7325272795615,-0.09133978933095932,0.06446593254804611
28,-6860.205581425841,0.06103992089629173,0.05035967752337456
29,-5887.360072688799,-0.13946861028671265,0.15796129405498505
30,-8178.726756998333,-0.05123927444219589,0.05457767844200134
31,5927.451885927075,-0.11436688154935837,0.15302640199661255
32,2241.3723423789734,0.23452210426330566,1.3738692998886108
33,4852.840578463586,0.053109847009181976,0.013909757137298584
34,-937.1029981039824,0.06779661774635315,0.7854613661766052
35,-2980.1026048791837,-0.040776126086711884,0.8630627989768982
36,-3248.6256933374093,0.031241400167346,0.7689151763916016
37,-4562.38236376758,0.08228172361850739,0.13545727729797363
38,-4119.525663038987,0.20174819231033325,0.06730543076992035
39,-2203.2060279949865,0.008124269545078278,0.08355643600225449
40,-2030.3685604906448,0.1758047193288803,0.06655741482973099
41,-2654.0758940652086,-0.06447051465511322,0.1421036720275879
42,-3488.1578174826172,-0.034060265868902206,0.20486706495285034
43,-12040.491579060741,0.045140497386455536,3.131622314453125
44,-2317.6789001682696,-0.14014552533626556,0.867164134979248
45,-11876.464831037809,-0.15683424472808838,1.7689403295516968
46,-6898.013215813714,0.1483772099018097,0.1981801688671112
47,-11929.611496625525,0.1148303747177124,1.8906688690185547
48,-11882.794976964258,0.024093598127365112,0.17559991776943207
49,-8385.61768473393,-0.001173636643216014,0.2225842922925949
50,-7702.714854244834,-0.24230310320854187,0.2511451840400696
51,-6921.111822984155,0.04994527995586395,0.10871607065200806
52,-7719.844614697757,0.25704723596572876,0.07689354568719864
53,-7091.408716296834,-0.12828677892684937,0.11587335914373398
54,-8411.211870821871,-0.1422654539346695,0.6281099319458008
55,-9016.461664740966,0.15618810057640076,0.6342513561248779
56,-6705.9962933539955,0.003990828990936279,0.1851271092891693
57,-5731.278646407284,-0.14407512545585632,0.09708365052938461
58,-8447.37369730479,-0.1361239105463028,0.4459781050682068
59,-9359.477305674203,0.04045826941728592,0.07920816540718079
60,-11726.57236537362,-0.18040701746940613,0.6829942464828491
61,-8844.771460724054,0.12772272527217865,0.21999675035476685
62,-3195.6381301322585,0.09895220398902893,0.26338866353034973
63,-6461.564941937652,-0.0311877578496933,0.0199773870408535
64,-2027.6733400440328,-0.05239148437976837,0.04889734834432602
65,-2851.505861758358,0.06674046814441681,0.8722705841064453
66,-11925.668685995963,-0.14023950695991516,0.3228483498096466
67,-7420.7465026921445,-0.14443185925483704,0.5913760662078857
68,-7293.095632296904,-0.18264691531658173,0.10891851037740707
69,-8141.469446500415,-0.0879155844449997,0.008772246539592743
70,-3519.8982858688237,0.19753554463386536,0.03196568787097931
71,3602.5384343676615,-0.061482302844524384,0.5353916883468628
72,-4356.930674697883,0.07935591787099838,1.2172378301620483
73,-1571.8662789626735,0.08880506455898285,0.39247462153434753
74,4729.6294620634135,0.08337999880313873,0.023886775597929955
75,1070.66447664597,-0.0039154840633273125,0.40024662017822266
76,-5945.418793304027,0.18671660125255585,0.05970774590969086
77,-7486.230429117006,-0.14424915611743927,0.01535465195775032
78,-602.45685580208,0.13374732434749603,0.3807613253593445
79,-6138.690805489128,0.08957832306623459,0.6724305152893066
80,4706.227389845858,0.021049698814749718,0.13660547137260437
81,-3154.3913855949754,-0.15868471562862396,0.22172927856445312
82,-4217.71906806965,0.05832570046186447,0.1564359962940216
83,4082.7870809453584,-0.0938887819647789,0.03782820701599121
84,3831.078478133764,0.02220718190073967,0.13055939972400665
85,2149.5384511376615,0.04943656176328659,0.008500833064317703
86,7825.804206582262,0.03205311298370361,0.07847146689891815
87,2986.988532788093,-0.17061340808868408,0.22496019303798676
88,2321.8518258134595,0.06901051849126816,0.07675991952419281
89,6373.366167106852,0.12289704382419586,0.059710875153541565
90,7240.641340221444,-0.03158405423164368,0.2717573940753937
91,5995.0835871044765,0.18148237466812134,0.09860903024673462
92,2462.917005102545,-0.03318037837743759,0.47518739104270935
93,3004.023386191497,0.0722324401140213,0.09200192987918854
94,3895.8957983089053,0.12498615682125092,0.01233581081032753
95,-7000.691580900087,0.06493707001209259,0.0842193067073822
96,-7812.05748599264,0.11551090329885483,0.01339676883071661
97,9699.795750922129,-0.1844496726989746,0.44652971625328064
98,3249.872252065395,-0.12637411057949066,0.29877203702926636
99,-2606.825962823721,0.10105238854885101,0.061364538967609406
100,-2774.989595627167,-0.04020198434591293,0.05708039551973343
1,10578.547338725317,0.06621285527944565,0.3485703468322754
2,-16.532913253557624,0.0730113536119461,0.8182970285415649
3,-12112.508657206308,-0.09788849204778671,0.002929283306002617
4,7073.773447564667,-0.05056556314229965,1.1059441566467285
5,-9553.738261209111,0.2348836362361908,0.9067009687423706
6,-5743.89118165553,-0.08333560079336166,0.42048168182373047
7,6291.184596792058,0.0278084184974432,0.6949032545089722
8,6953.341854355727,0.09664564579725266,0.12402959913015366
9,6342.285427084464,-0.08309096097946167,0.03821428120136261
10,-1360.9074947942206,-0.006967559456825256,0.5224460959434509
11,-12109.319904862052,-0.2625751197338104,0.6134970188140869
12,-6545.067818381811,-0.0823134109377861,0.6247050166130066
13,-12180.436202193061,0.07499270886182785,0.1056780070066452
14,4335.695128597899,-0.09596160054206848,1.2599635124206543
15,4766.612060805145,-0.06884032487869263,0.3104536235332489
16,9862.383531110216,-0.0460234098136425,0.11328092217445374
17,-8737.727973012126,0.18698374927043915,1.4032152891159058
18,-11214.338912752253,-0.2869892418384552,0.27756595611572266
19,794.0340422922777,-0.1247335895895958,1.1418964862823486
20,2058.6451033996154,-0.24829034507274628,0.39010152220726013
21,-1263.0070203168427,0.05839046463370323,0.08209481090307236
22,715.4637037579854,0.13936853408813477,0.03544408828020096
23,1265.1269807486697,-0.06074690818786621,0.0324162021279335
24,-4904.603905752844,0.009742915630340576,0.600756049156189
25,1295.180570211741,0.12078696489334106,0.18663418292999268
26,-9605.125515460417,0.2648918032646179,0.8997290134429932
27,4565.0641203822015,-0.2822677493095398,0.7493536472320557
28,3589.967524949615,-0.19285842776298523,0.144315704703331
29,-6457.931446738789,-0.08556844294071198,0.408065527677536
30,-4318.514752667019,0.2981398105621338,0.4906638562679291
31,2223.0168989510585,0.19977913796901703,0.1020602211356163
32,-4589.863509471954,-0.1431538164615631,0.029301151633262634
33,-4302.199027750587,-0.290584921836853,0.1899210661649704
34,10303.57508000694,0.24526354670524597,0.004978202283382416
35,7407.287453553453,-0.14420783519744873,0.16778671741485596
36,10787.141533538439,0.3587706983089447,0.00543555524200201
37,1326.3454066477382,-0.17246147990226746,0.5018980503082275
38,9778.944166422276,0.15937845408916473,0.11778574436903
39,7625.026375511099,-0.011102233082056046,0.009001105092465878
40,5511.44925783843,0.2457188367843628,0.027350332587957382
41,10764.877252320566,0.21548905968666077,0.004791982471942902
42,4426.212894183398,-0.1000542864203453,0.35228610038757324
43,-12112.208222137597,0.08960901200771332,0.9819769859313965
44,9149.601188080285,0.0840325653553009,0.8719745874404907
45,-12111.78130713038,-0.09001868218183517,0.5178465843200684
46,-3726.836031409397,0.17812424898147583,0.22016339004039764
47,-12113.391058145568,-0.17477402091026306,0.3554118573665619
48,-12113.596221229389,-0.049851130694150925,0.03203841298818588
49,-5601.832955225163,-0.05270128697156906,0.38556140661239624
50,-3374.727022986825,-0.26722824573516846,0.27339252829551697
51,-5918.8384274566115,0.05712757632136345,0.16590315103530884
52,-4114.926133875117,0.12579742074012756,0.024265404790639877
53,4385.313074270832,-0.07723730057477951,0.04534304141998291
54,12677.16275699833,0.0002589722571428865,0.13229817152023315
55,8966.452177051644,-0.1897638440132141,0.008483171463012695
56,5560.145010419154,-0.04372343420982361,0.24445736408233643
57,5079.610350611151,0.01968727819621563,0.195277601480484
58,2491.2204072032355,-0.137717604637146,0.3185438811779022
59,-12112.945870924428,0.048893265426158905,0.4275088906288147
60,-11002.075053081553,0.10352551192045212,0.08909963071346283
61,758.2702617850391,-0.0513664186000824,0.3989090919494629
62,6865.896040059482,0.1966482251882553,0.37302491068840027
63,6731.933949022933,-0.29399797320365906,0.028279399499297142
64,7277.844209493282,0.07915513962507248,0.08493854105472565
65,2881.0373525790624,0.09055745601654053,0.23330354690551758
66,-9394.23795467455,-0.08077003806829453,0.17775580286979675
67,-3117.812839679271,-0.0545530840754509,0.09252982586622238
68,-797.3187858723348,-0.050966471433639526,0.013752254657447338
69,9201.38290104884,0.0076151043176651,0.002755708061158657
70,11398.031542416647,0.12942928075790405,0.011727293953299522
71,11892.462741199372,0.03915750980377197,0.13087418675422668
72,9947.258145944163,0.13483873009681702,0.004593332763761282
73,887.6199470702612,0.12594293057918549,0.9882005453109741
74,701.782240536666,-0.09625875949859619,0.34962648153305054
75,-119.24069395304026,0.06694130599498749,0.03752988949418068
76,7476.782460540348,0.06743257492780685,0.03869062662124634
77,13408.27534968527,-0.32114166021347046,0.32089975476264954
78,-12114.51851513771,-8.763621735852212e-05,0.0848151370882988
79,4317.778804672093,-0.01519791316241026,0.23629127442836761
80,-2386.1472813897103,-0.10583679378032684,0.2943583130836487
81,1864.7297231934372,0.10831932723522186,0.05873986333608627
82,5503.897365979055,0.09608298540115356,0.01993122696876526
83,9950.734043250768,-0.08914472162723541,0.00023147667525336146
84,-249.39728712626987,0.06572254002094269,0.26145097613334656
85,7244.748424410593,0.06396545469760895,0.013629615306854248
86,9800.312601208263,-0.256565123796463,0.017158273607492447
87,11394.865120646466,0.02397892437875271,0.010129152797162533
88,9866.804625831965,-0.0541686937212944,0.000728524464648217
89,9498.21169734091,-0.05500292405486107,0.02568942680954933
90,9959.787146747685,0.2460898458957672,0.003844910766929388
91,9980.269451446782,-0.03878959268331528,0.00317034381441772
92,12813.707798070946,-0.10695880651473999,0.12819844484329224
93,9567.112598088233,0.06498581171035767,0.19399337470531464
94,7576.596962216075,0.07637351006269455,0.2677699327468872
95,10862.465039593633,0.1406283676624298,0.01294307317584753
96,4934.529762219213,-0.11275775730609894,0.012200804427266121
97,8452.847161348542,-0.16504743695259094,0.005091658793389797
98,10933.591598700421,0.2545657753944397,0.008105264976620674
99,12573.521267440308,0.19620928168296814,0.02425782009959221
100,9194.814984341012,0.035804711282253265,0.03917098790407181
1,9194.897486439068,0.08948206901550293,0.5186150074005127
2,-3720.6517071184917,0.07114069163799286,0.8635196685791016
3,-8200.199268398374,-0.061147984117269516,0.26436060667037964
4,-5191.8214838388,-0.01129349134862423,0.28579628467559814
5,-12110.348037531776,-0.02824074774980545,0.23800089955329895
6,-2792.616692859899,-0.05002598091959953,0.07113410532474518
7,2295.675131922357,0.12195303291082382,0.009704409167170525
8,11338.076669202153,-0.02063439041376114,0.3990045487880707
9,5937.7352410864305,-0.2669508457183838,0.31115594506263733
10,8429.509768823946,-0.03856916353106499,0.04966031759977341
11,-8978.371582583373,0.21367323398590088,0.25501322746276855
12,-5062.545134505721,0.020203888416290283,0.4092981219291687
13,-8672.638701150343,0.010300472378730774,0.011500346474349499
14,3115.343956832871,-0.059627778828144073,0.45626506209373474
15,1958.4355915340293,0.06779104471206665,0.43304580450057983
16,-3000.6499034640747,-0.008876699022948742,0.8575481176376343
17,-11925.85672996418,0.02350211702287197,0.6612635850906372
18,-11246.117131622148,0.2375955432653427,0.019266178831458092
19,742.6125463096673,-0.03224247694015503,0.7471565008163452
20,951.3039043303955,-0.26050299406051636,0.29365599155426025
21,-2867.9575942769056,-0.2565889358520508,0.07030428946018219
22,7282.5219427626935,0.01458691619336605,0.20080861449241638
23,7576.143682259244,-0.2812578082084656,0.05975937098264694
24,-5954.904584241136,0.19311675429344177,2.129570484161377
25,-7871.415709717006,-0.15121152997016907,1.0209567546844482
26,-9860.08664063975,-0.048720937222242355,0.4964160919189453
27,-8443.762339264222,0.09507178515195847,0.3823338747024536
28,-8360.224124306624,-0.20126000046730042,0.17497631907463074
29,-9791.803811070116,-0.3438889980316162,0.1187310740351677
30,-9854.876751123595,-0.08724003285169601,0.031623534858226776
31,-7920.188742062997,0.06114734336733818,0.048143502324819565
32,-4736.704668597841,-0.2912049889564514,0.02597654238343239
33,-5653.1575945674895,-0.03936024755239487,0.011594034731388092
34,-5348.105628603154,0.4677508473396301,0.012283805757761002
35,-7586.872885777798,0.03010677918791771,0.3825891613960266
36,-1955.1148645894423,0.02097281441092491,1.0882580280303955
37,-1406.8546824185603,0.048550840467214584,0.2029268443584442
38,1432.7384165386554,0.18270215392112732,0.017140798270702362
39,3656.741604874661,-0.014164865016937256,0.012013033032417297
40,1162.0672875731973,-0.02936193346977234,0.028076572343707085
41,1831.1727469231057,0.2227601706981659,0.01741807535290718
42,4695.764522512287,0.056218575686216354,0.019387690350413322
43,-7038.486405271335,0.07371503859758377,0.2700536549091339
44,-329.7828517874346,0.2021580934524536,0.3636723458766937
45,-9686.387449979633,-0.2915903925895691,0.03558947145938873
46,780.4961465485602,-0.1475144773721695,0.16480475664138794
47,-585.1465118901407,-0.188418447971344,0.009416131302714348
48,4283.313030038713,0.20276467502117157,0.002889186842367053
49,7711.569863212511,-0.33285272121429443,0.00169349682983011
50,4508.599135953412,-0.04439309984445572,0.2758318781852722
51,8694.877081941917,-0.09222617000341415,0.009262222796678543
52,7040.29120361681,0.06969508528709412,0.0356995053589344
53,9235.09990456535,0.14236590266227722,0.016430741176009178
54,8913.809077024172,-0.11202256381511688,0.002104154322296381
55,9301.255792690641,-0.19864670932292938,0.01839255541563034
56,3463.193633909329,-0.1627533733844757,0.3798445165157318
57,8413.221345908,-0.18162411451339722,0.005706171505153179
58,7908.800781347228,0.15530972182750702,0.02224266529083252
59,7469.215841065904,-0.1331198662519455,0.0014287957455962896
60,17066.377702312922,0.02339552342891693,0.40283167362213135
61,6026.706708540198,0.07510765641927719,0.30904990434646606
62,-8708.613042335075,0.12822571396827698,0.6659377813339233
63,13082.336358829982,-0.4121977686882019,1.2415034770965576
64,8651.169488577261,0.19541457295417786,0.005449698306620121
65,-9577.48898374515,-0.030536508187651634,0.3692188262939453
66,-2582.6422107612266,-0.3262699544429779,0.061199914664030075
67,9427.253739719312,-0.03717361018061638,0.01715083047747612
68,12730.513486137646,-0.09100966900587082,0.2025451362133026
69,17983.81676563581,0.23680606484413147,0.22866389155387878
70,12960.007456033225,-0.1755029857158661,0.1256425380706787
71,13057.73312084413,-0.03389196842908859,0.09659996628761292
72,11827.816950390361,-0.24176043272018433,0.0759933814406395
73,10506.677387953798,0.03496631979942322,0.010516464710235596
74,10235.269171420645,0.058603495359420776,0.09443680942058563
75,10069.17953673616,0.0005387365818023682,0.018219787627458572
76,9674.223222253178,-0.3107425570487976,0.002101033926010132
77,8971.908145806556,0.17965322732925415,0.0012288549914956093
78,3012.324330843539,0.01149370800703764,0.02485603094100952
79,11196.679641638859,0.042571574449539185,0.0463152639567852
80,9672.17224847688,-0.06504300981760025,0.02461851015686989
81,11390.517819389452,-0.05471053719520569,0.04092375934123993
82,11835.37068627264,0.14373908936977386,0.05483109503984451
83,13798.0829957178,0.026209598407149315,0.08161082118749619
84,18984.80151447856,-0.2363404631614685,0.5672774314880371
85,26996.475368248764,0.3406505584716797,0.4978998303413391
86,9180.454917453124,-0.10694839805364609,0.07766936719417572
87,18571.862536232,-0.1211836189031601,0.2796626687049866
88,11321.701467286679,0.09725932776927948,0.3510441184043884
89,26460.009366670387,0.048678986728191376,0.8992979526519775
90,14785.740213012898,0.005666112061589956,1.007425308227539
91,11331.662980254507,-0.10222023725509644,0.07010351121425629
92,9777.424399491187,0.2165565937757492,0.014074558392167091
93,10400.867467802409,0.0674954205751419,0.010327992029488087
94,9463.302217371242,0.008721604943275452,0.03503958508372307
95,16178.371724841467,-0.16457535326480865,0.24223360419273376
96,17937.568883005286,-0.08811087906360626,0.3586274981498718
97,29106.590825228184,-0.11377941817045212,0.7024997472763062
98,15606.420090099607,-0.20180895924568176,0.5223754048347473
99,11227.451925667383,0.10475865006446838,0.028965329751372337
100,10578.87488851212,0.133720263838768,0.006344679743051529
1,-6383.561943136476,0.11977910995483398,0.224369078874588
2,-5636.701892646503,-0.079572394490242,0.20508655905723572
3,-8438.534041115308,-0.05230313166975975,0.1250355839729309
4,-5986.230759273198,0.004270295612514019,0.09802430123090744
5,-1542.298364841827,-0.016056617721915245,0.14899331331253052
6,-6878.043382835396,-0.027866845950484276,0.3009142279624939
7,-5821.386131667378,-0.15120404958724976,0.22265219688415527
8,-6267.7572772812855,-0.06241149827837944,0.10123272985219955
9,-12112.240937260112,-0.11858588457107544,0.6536663770675659
10,-12111.309519210738,0.08626534044742584,0.007791879586875439
11,-12111.290226386345,0.2984248101711273,0.005739969201385975
12,-8973.620696496642,-0.030354171991348267,0.19354532659053802
13,-4936.330774002682,0.008597642183303833,0.2883760631084442
14,-5946.085862660611,-0.022443216294050217,0.15650247037410736
15,-6163.40897136174,0.12382319569587708,0.09561678022146225
16,-6535.4109578958505,-0.07601670175790787,0.1224936842918396
17,-8823.986896239394,-0.11716091632843018,0.15909023582935333
18,-5206.794499056319,-0.3245294988155365,0.18844926357269287
19,-2690.963072863927,0.13536569476127625,0.08373324573040009
20,-2986.4797834506007,0.11619833111763,0.06293904781341553
21,-2075.565625621143,0.1590477079153061,0.04631680250167847
22,-3922.1058679137386,-0.18133747577667236,0.04361832141876221
23,-9361.90872709383,0.24036680161952972,0.893846869468689
24,-2230.0090569894132,0.11643289029598236,0.13782285153865814
25,-1510.6531096190618,-0.011797716841101646,0.02206815406680107
26,-1543.359008349182,0.040470004081726074,0.021638764068484306
27,-12112.638921047477,-0.057168811559677124,2.8470675945281982
28,-12112.325795813831,-0.01579354703426361,0.6147947311401367
29,-4020.7585205442842,0.07382625341415405,1.1646547317504883
30,5330.7166668080345,-0.14765365421772003,0.04583359882235527
31,7868.411855405288,-0.10824215412139893,0.026912754401564598
32,-1749.1614769376597,-0.0360160730779171,0.046808645129203796
33,5514.29570068022,-0.20755240321159363,0.21785199642181396
34,8847.719716299638,-0.16500435769557953,0.006329539231956005
35,2183.8364288708617,-0.21144631505012512,0.1726098507642746
36,1515.716658379068,-0.05552075058221817,0.03741644322872162
37,1042.3567340292925,-0.21834063529968262,0.0048544034361839294
38,8674.20224542694,0.261340856552124,0.007041856646537781
39,-12112.328137098431,-0.1174931526184082,0.38303717970848083
40,7364.671589878485,-0.14545831084251404,0.1364176869392395
41,2443.211101543916,-0.11403198540210724,0.12877456843852997
42,-4314.59152579583,-0.11941462010145187,0.35154885053634644
43,-12112.218277609545,0.11973100155591965,0.00920303724706173
44,5455.120277941866,0.05814209580421448,0.5534948706626892
45,10493.821874150097,-0.023788224905729294,0.0553235225379467
46,9286.527232023956,-0.09703125804662704,0.01462581753730774
47,12684.688055786386,-0.2582055330276489,0.1280471384525299
48,9638.118379901423,-0.0946514829993248,0.022549506276845932
49,7220.494529189814,0.11110973358154297,0.10966696590185165
50,9135.403156876273,-0.10035353899002075,0.030322931706905365
51,9799.952086959502,-0.005787800066173077,0.02275562658905983
52,9700.924727640324,-0.019703835248947144,0.013779822736978531
53,742.3124849702432,0.0265975259244442,0.5983990430831909
54,9505.054650648479,0.3098379969596863,0.1385585069656372
55,10299.174465191529,-0.3866536021232605,0.01632952317595482
56,9511.631122963681,0.08524581044912338,0.012416547164320946
57,12717.830834720631,-0.08999159187078476,0.17448928952217102
58,10874.442095392216,0.03609273210167885,0.07600320130586624
59,8865.326846190965,7.680058479309082e-05,0.1022757738828659
60,-7451.792535119633,-0.1607086956501007,1.1673719882965088
61,6292.713153971789,-0.026359079405665398,0.490590900182724
62,7985.9086216354035,0.058316633105278015,0.007688778918236494
63,1931.3508708502711,0.13672541081905365,0.1853538602590561
64,4768.526248562423,-0.10330696403980255,0.029445737600326538
65,9498.542273739986,-0.01736465096473694,0.0033027983736246824
66,10804.520139872337,0.04811428114771843,0.023273613303899765
67,7656.390902082005,-0.35626745223999023,0.10165208578109741
68,-7466.795902588087,-0.06089005619287491,0.9834097623825073
69,11201.952779934492,-0.14726728200912476,1.1863893270492554
70,12270.26676080075,-0.2023458480834961,0.1346418559551239
71,-5025.4293064738185,-0.007444789167493582,0.8489326238632202
72,2315.803863764828,-0.27077382802963257,0.41531193256378174
73,10178.250296704095,-0.00401159655302763,0.026687046512961388
74,9304.230913169438,-0.14291958510875702,0.0013058417243883014
75,9192.244475990676,-0.13921307027339935,0.00042164779733866453
76,10746.568232344556,0.11693078279495239,0.02949385717511177
77,14289.261975814687,-0.05987394601106644,0.16564467549324036
78,12049.179399309303,-0.007085348479449749,0.03831350430846214
79,8901.11574149484,-0.1771078109741211,0.02421163022518158
80,10184.309276324617,0.3931697607040405,0.009988761506974697
81,14587.879885428772,0.07520084083080292,0.1709834337234497
82,9879.10334653665,-0.08977951109409332,0.003196811769157648
83,15759.643924411812,-0.1415502279996872,0.4309849441051483
84,12310.708154414966,0.053580351173877716,0.0278303325176239
85,14012.061520221201,-0.2404610812664032,0.13009075820446014
86,10280.359452189901,0.20439700782299042,0.015249086543917656
87,11132.831889582158,0.015229647979140282,0.05119559168815613
88,9131.805330638248,0.010153773240745068,0.0033676668535917997
89,13158.842380109445,0.06085015460848808,0.09846766293048859
90,9343.349613530918,-0.41070660948753357,0.006397351622581482
91,13517.754476960541,-0.27305206656455994,0.2391951084136963
92,10385.413564791184,0.010751692578196526,0.007120064459741116
93,12993.37596802215,-0.22171708941459656,0.13959115743637085
94,12506.234211750883,0.06608768552541733,0.16991941630840302
95,14485.593720533734,0.21495673060417175,0.19322383403778076
96,10112.666576992677,0.11724825948476791,0.07547690719366074
97,9650.133648254716,0.011045913212001324,0.011151213198900223
98,8764.64754821904,-0.29258105158805847,0.0006307791918516159
99,10207.856445957072,-0.04325238987803459,0.005495574325323105
100,17031.242305730975,0.08799450844526291,0.2221967875957489
1,39121.61857396931,-0.11305014789104462,0.2536029815673828
2,39147.054854944785,-0.10098670423030853,0.23115137219429016
3,39120.732955419546,-0.05936199426651001,0.23333601653575897
4,39145.93839163201,-0.03637720271945,0.2723489999771118
5,39097.93357753467,0.05667143687605858,0.34902486205101013
6,39121.32914466084,0.11177849024534225,0.38637346029281616
7,39095.52431300464,-0.11192836612462997,0.2230481207370758
8,39121.14181005307,0.0475492998957634,0.33805423974990845
9,-12107.97986422566,0.042632341384887695,2.0863723754882812
10,-12111.46366760425,0.11256414651870728,0.00012430278002284467
11,-12109.486578865572,-0.045384179800748825,0.004265787545591593
12,39097.15696900081,0.1843731850385666,1.342223048210144
13,39120.573665284166,-0.021307319402694702,0.163620263338089
14,39121.15809388447,-0.06582848727703094,0.029656346887350082
15,39145.99439903776,0.09839063882827759,0.0595325343310833
16,-11024.512138926339,-0.3506401777267456,1.2531912326812744
17,-12112.653044220677,0.028023933991789818,0.01049022562801838
18,-11747.595319898192,-0.14189697802066803,0.0017467503203079104
19,39095.88905195455,0.10156001895666122,1.1943063735961914
20,39120.788372073104,0.05917752906680107,0.1417001187801361
21,-12111.41982835866,-0.07079684734344482,0.8975633978843689
22,39119.80397761003,-0.12899599969387054,0.9459511637687683
23,39095.63541439324,-0.10738878697156906,0.07210630178451538
24,39145.08969355712,0.15230898559093475,0.05262108892202377
25,-12107.487247625511,-0.4194833040237427,1.2070419788360596
26,39145.26160144296,-0.07417193800210953,0.3405786156654358
27,39144.750061862076,0.09321685880422592,0.030749104917049408
28,39145.05081557796,0.053737521171569824,0.04476126283407211
29,39120.06119661966,-0.07631506025791168,0.02740687131881714
30,-8618.848548115731,0.029560357332229614,1.0643068552017212
31,39145.47815593326,-0.10594882816076279,0.3510740399360657
32,39120.05359664506,0.19449320435523987,0.057247988879680634
33,-11995.355373563385,-0.07673203945159912,1.2357286214828491
34,39146.03379055271,-0.004030600190162659,0.646096408367157
35,39120.06245767186,-0.018712302669882774,0.04592970013618469
36,39144.309636277285,0.1415519416332245,0.04788767918944359
37,39070.33271729279,-0.11763279885053635,0.02681078389286995
38,39120.518134615224,-0.07280217111110687,0.03301779925823212
39,39120.26463514851,-0.043024610728025436,0.04509107023477554
40,39120.28201664113,-0.010690860450267792,0.049698516726493835
41,39169.927243914964,0.07237624377012253,0.05555940791964531
42,39145.41141352821,0.12091519683599472,0.05652835592627525
43,39145.26823144348,-0.2016441822052002,0.022623784840106964
44,-4089.5102879710353,0.05168679356575012,1.0413188934326172
45,39145.52687846741,-0.23403367400169373,0.6276577115058899
46,39119.71411931639,-0.15957289934158325,0.039134446531534195
47,39169.4188086294,0.09439962357282639,0.058947041630744934
48,15379.106469795646,0.0214727483689785,0.5466269254684448
49,39120.280880386854,0.307497501373291,0.14301598072052002
50,39119.088854903624,0.187002032995224,0.08027909696102142
51,39120.02785089219,-0.24471470713615417,0.018170811235904694
52,39143.77868046842,0.09600017964839935,0.07840468734502792
53,39119.49645975611,-0.056055646389722824,0.03860599547624588
54,39143.95751619002,0.09220759570598602,0.07032979279756546
55,39118.72264830887,-0.10730745643377304,0.04280402511358261
56,39094.46110600755,0.09811799228191376,0.06301793456077576
57,39093.100888943656,0.08783194422721863,0.0602748766541481
58,39093.63675844586,0.11397652328014374,0.07145142555236816
59,39044.14294554362,0.02626342698931694,0.06264536827802658
60,-1305.1233280126903,-0.12148277461528778,0.7750186920166016
61,39095.08829277822,0.3566114902496338,0.9519540071487427
62,39095.13337746662,-0.1568336933851242,0.08938394486904144
63,30048.240335743558,0.15274009108543396,0.3863010108470917
64,30987.38516371649,-0.0818769633769989,0.07405984401702881
65,39117.13806234479,0.03808850795030594,0.05259497091174126
66,38343.76353208114,-0.06290638446807861,0.062322527170181274
67,15699.932460153716,-0.010233890265226364,0.12757819890975952
68,39093.48543785789,-0.289188027381897,0.04040810465812683
69,39093.59936856625,0.17358283698558807,0.08686390519142151
70,19577.250013695415,0.16650360822677612,0.16908147931098938
71,39143.258486790815,-0.15957540273666382,0.03523175045847893
72,39118.18828345012,-0.15769179165363312,0.03597952052950859
73,39118.32100665001,-0.049394600093364716,0.04195662587881088
74,39068.7062665903,-0.10623510181903839,0.03734787553548813
75,39118.83862939704,-0.2243344634771347,0.02946232259273529
76,39094.1463164718,0.21001802384853363,0.08584039658308029
77,38993.13501119635,0.29585108160972595,0.11092673242092133
78,39117.98288915223,-0.035714201629161835,0.07251429557800293
79,33873.41766781295,-0.026079697534441948,0.05457916483283043
80,39067.700399260684,0.10484640300273895,0.08997662365436554
81,39093.87858370877,0.027357107028365135,0.08010105043649673
82,39093.643542096725,0.10254640877246857,0.07819044589996338
83,39144.108753452936,-0.14236554503440857,0.039648789912462234
84,39067.99128289134,-0.033294614404439926,0.06474673748016357
85,34838.94484502459,-0.04901273548603058,0.12318587303161621
86,39068.361061774216,-0.06737184524536133,0.0588863268494606
87,34886.05549781854,-0.15870162844657898,0.10331732034683228
88,35729.18323206838,-0.22540432214736938,0.05922731012105942
89,37231.1428199435,-0.07660900801420212,0.09191210567951202
90,36401.89243377298,-0.035234998911619186,0.09481525421142578
91,31685.04903451083,0.03911164775490761,0.20130020380020142
92,36351.48145364579,0.14214734733104706,0.1198541671037674
93,38993.03639825227,0.02199666202068329,0.05936533212661743
94,39044.46606824002,0.16591164469718933,0.10757287591695786
95,39043.19297240914,-0.029138386249542236,0.0734424963593483
96,39067.9718556093,0.16333788633346558,0.10342967510223389
97,39118.69360277146,-0.03369927406311035,0.06206543371081352
98,39094.232081295966,0.154697984457016,0.09331058710813522
99,39119.96137176854,0.16059479117393494,0.07177355885505676
100,39068.95262478353,-0.01267037820070982,0.039337389171123505
101,39093.765430678926,0.030392413958907127,0.07195736467838287
102,39019.29055504454,0.024226060137152672,0.08419963717460632
103,39094.674030996684,0.041450418531894684,0.08534187078475952
104,38992.882932776505,0.2037820816040039,0.09796684980392456
105,36502.153873425705,0.025589164346456528,0.130568727850914
106,36377.20441692297,0.01834138296544552,0.13140295445919037
107,39093.61362638058,0.06277316808700562,0.0848410427570343
108,39067.76537090053,0.05385832116007805,0.08258257806301117
109,33560.165254663916,-0.02795480750501156,0.14060287177562714
110,30472.730449143968,-0.10143264383077621,0.1416340172290802
111,36102.78199703711,0.1695607602596283,0.15294530987739563
112,33559.12268579382,0.052487365901470184,0.15544070303440094
113,38795.180488684055,-0.15959808230400085,0.036371488124132156
114,31072.644198104703,-0.0005072256317362189,0.30601540207862854
115,36402.342183330016,-0.0891033411026001,0.12309660762548447
116,33066.90264552667,0.039129480719566345,0.17533215880393982
117,39069.168233389755,-0.04862770438194275,0.07291436195373535
118,39094.07568047181,-0.06771688163280487,0.06844723224639893
119,29336.86450082751,0.18971429765224457,0.2419275939464569
120,39120.85615280439,-0.31268060207366943,0.05425291508436203
121,39043.52837600757,-0.05383250117301941,0.06862621009349823
122,28816.603433591823,0.1773543804883957,0.2897913455963135
123,19003.26504392597,-0.00020229071378707886,0.35348451137542725
124,21649.510155321586,0.04676343500614166,0.18450313806533813
125,11060.811931905111,0.14886720478534698,0.09655381739139557
126,23921.55353627235,-0.011914263479411602,0.22259753942489624
127,23552.98206531568,0.09261884540319443,0.1621818095445633
128,24010.511088391417,-0.011240152642130852,0.1589902639389038
129,27256.280423587268,-0.012098073959350586,0.1419641375541687
130,26728.45316763416,0.013525004498660564,0.19023841619491577
131,29626.857642802035,0.1380191147327423,0.1318315863609314
132,29332.485998565724,0.18535107374191284,0.13529066741466522
133,30925.333192534647,-0.1410645842552185,0.1130295917391777
134,39093.868202248246,0.005030085798352957,0.08133606612682343
135,38408.21697655275,-0.1263212263584137,0.061849500983953476
136,39145.286640285296,0.1953500211238861,0.11417114734649658
137,39094.96246998308,-0.17634376883506775,0.04244665428996086
138,39069.0841138369,-0.20406925678253174,0.03974141925573349
139,39119.219501607346,0.012506733648478985,0.087423175573349
140,28738.071854840233,-0.04694608598947525,0.15849271416664124
141,39093.838846415456,0.11894257366657257,0.1066596508026123
142,39070.240483930356,0.0034953728318214417,0.07133837789297104
143,39044.37314532156,-0.056167252361774445,0.06524534523487091
144,39095.005617837145,0.03867039829492569,0.09101926535367966
145,15036.380408757224,-0.021036481484770775,0.24383559823036194
146,39069.26696699821,-0.009599288925528526,0.16208378970623016
147,39070.3389020423,-0.060117997229099274,0.06823694705963135
148,39094.71897297401,0.047615837305784225,0.08317987620830536
149,39095.10804317375,-0.2323775738477707,0.03824055939912796
150,39070.52046713608,-0.01247025839984417,0.07402567565441132
151,39119.448403562164,-0.10008186101913452,0.06530182808637619
152,39069.89880482719,-0.10914759337902069,0.06790304183959961
153,39094.70669548453,-0.17101244628429413,0.0488225594162941
154,39045.30876864377,0.32290202379226685,0.1479042023420334
155,33586.59487025802,-0.05393566936254501,0.15950068831443787
156,38995.14791826684,-0.06393810361623764,0.08163941651582718
157,39045.219809006914,-0.1207815408706665,0.051229700446128845
158,39069.82793041802,0.0279866810888052,0.06691917777061462
159,36402.1058374522,-0.18209871649742126,0.130914568901062
160,38919.488334431226,-0.236424058675766,0.05978655070066452
161,34914.772434092716,-0.07858838886022568,0.15185284614562988
162,30969.82770795546,-0.05847937986254692,0.14651547372341156
163,28984.157921174014,0.09059863537549973,0.16048617660999298
164,39019.54568500881,0.026387935504317284,0.0848308801651001
165,26727.64784598517,-0.17911094427108765,0.22073808312416077
166,39045.17279563521,0.11656951904296875,0.1030120700597763
167,38995.23307214678,0.13033214211463928,0.11706985533237457
168,39094.55318894517,0.04261216148734093,0.08277899026870728
169,39070.507046605155,0.22407466173171997,0.1235644668340683
170,39093.872415437734,0.08227697014808655,0.09341095387935638
171,38996.44035476693,0.030988430604338646,0.12009739875793457
172,39144.61326791349,-0.2897409200668335,0.03822743147611618
173,39046.30243771498,-0.0601443275809288,0.05967310816049576
174,36026.98257376521,-0.15444421768188477,0.09738019108772278
175,39094.56390738278,-0.11175476014614105,0.0486275814473629
176,39019.44833784089,-0.22072206437587738,0.051017485558986664
177,39095.25353581463,-0.031464919447898865,0.08214595168828964
178,39045.01063126608,0.009974008426070213,0.08704163879156113
179,39070.85599895157,0.12132363766431808,0.094749316573143
180,39120.28578011581,0.047120969742536545,0.10077681392431259
181,39095.302221517624,0.06027403101325035,0.1285027265548706
182,39044.556140059794,-0.13289496302604675,0.06337864696979523
183,39120.61688132086,-0.0460028350353241,0.08351778984069824
184,38995.71752983169,-0.1877812147140503,0.05417051166296005
185,39094.23253607583,-0.21365956962108612,0.027299901470541954
186,39071.36764736811,0.1420120894908905,0.11314477026462555
187,38994.577715842235,-0.18070296943187714,0.05671168491244316
188,39019.956459595356,0.0052721379324793816,0.09583573043346405
189,39020.59075069637,-0.16086165606975555,0.04704921692609787
190,39119.88586341167,-0.05490591377019882,0.07750663161277771
191,39095.54867046633,-0.07064249366521835,0.07051409780979156
192,39119.17674192061,0.031400904059410095,0.08357127755880356
193,39020.38574940941,-0.12744030356407166,0.07615958154201508
194,38823.1270768622,0.2245205044746399,0.15766550600528717
195,39045.26036573005,-0.001477529644034803,0.08934430778026581
196,39094.19791032051,0.08092428743839264,0.10106909275054932
197,38970.98048543383,-0.1016712412238121,0.07006490230560303
198,39095.69827554012,0.29654455184936523,0.17942313849925995
199,39094.41622609913,-0.053373079746961594,0.07743526995182037
200,39069.98032589029,-0.16077692806720734,0.06118336319923401
201,39020.511146125165,-0.09445979446172714,0.06125880032777786
202,39046.48170913564,0.12315261363983154,0.10061788558959961
203,39120.856880832565,0.08304194360971451,0.11584979295730591
204,39120.33141937363,0.06961597502231598,0.09029649198055267
205,39095.57734694906,0.393241822719574,0.174851655960083
206,39094.99362633563,-0.13739173114299774,0.05874026566743851
207,39119.69163433495,0.013111621141433716,0.06843225657939911
208,39120.198307494065,-0.2302241176366806,0.04419983923435211
209,39070.48297425278,-0.12431227415800095,0.07517332583665848
210,31963.32282552204,0.43995317816734314,0.8948275446891785
211,16222.037073581805,-0.07879404723644257,0.6314483880996704
212,31684.356573222667,-0.07882165908813477,0.2600099742412567
213,24366.613446591826,-0.2085500955581665,0.40469440817832947
214,18943.27277907895,-0.00965290516614914,0.5548583269119263
215,35258.87007511893,-0.19080933928489685,0.30426597595214844
216,39120.02152314176,-0.05635352432727814,0.09135816991329193
217,25767.03443883449,-0.11269380897283554,0.2423451542854309
218,39119.1427080825,0.026395639404654503,0.10625886172056198
219,35664.46620194167,-0.24463903903961182,0.06962545961141586
220,39044.835116698196,0.07055984437465668,0.09530371427536011
221,28680.367831541407,-0.19075894355773926,0.1555105447769165
222,39120.08163263487,0.015589694492518902,0.09969763457775116
223,31553.74323714229,0.02921353280544281,0.4614213705062866
224,31103.44093618844,-0.0005036344518885016,0.2897903323173523
225,39120.82106530835,0.18364188075065613,0.1287049800157547
226,39094.587237785476,-0.14872576296329498,0.056412797421216965
227,39069.57341182737,0.1040622740983963,0.10005449503660202
228,39070.35344010808,-0.1583891659975052,0.05243968218564987
229,39145.45748304084,0.08070182800292969,0.11195173114538193
230,39070.055760363975,-0.05666528642177582,0.07783957570791245
231,27879.182512186308,0.017786866053938866,0.38748735189437866
232,32127.65254730418,-0.016811128705739975,0.24440622329711914
233,30522.6290452773,-0.08237366378307343,0.16553568840026855
234,36641.684072685544,0.06555008143186569,0.11690520495176315
235,32021.323886584927,0.08697645366191864,0.17256459593772888
236,33912.59009261314,-0.026812192052602768,0.10242673009634018
237,39095.03352081573,-0.10674643516540527,0.0968184769153595
238,39071.002347006295,0.03034944459795952,0.1027970239520073
239,39095.873522715534,0.0045727817341685295,0.11330927908420563
240,39145.76841918819,0.1486198902130127,0.10294558107852936
241,39145.92768624611,0.019078612327575684,0.10709413141012192
242,39095.95396934268,-0.007914970628917217,0.08646073937416077
243,39095.66086586203,-0.010235264897346497,0.06980638951063156
244,39095.036854497535,-0.11210475862026215,0.06677894294261932
245,39119.80523918777,0.1068941280245781,0.132330060005188
246,39096.16575227635,-0.10222270339727402,0.08625109493732452
247,39095.0988929498,-0.03575345501303673,0.049779102206230164
248,39120.653627074185,0.18375150859355927,0.1130693256855011
249,39095.82788217791,0.28919869661331177,0.12535369396209717
250,39095.72504118027,-0.1899758279323578,0.04783765226602554
251,39121.902176854965,-0.09841405600309372,0.047509368509054184
252,28678.379508371178,0.12746819853782654,0.2559290826320648
253,39071.05192935212,-0.25542253255844116,0.06620286405086517
254,29650.278324469986,-0.2692805230617523,0.22263801097869873
255,39121.42260285395,0.07329362630844116,0.17584988474845886
256,39095.40819474244,-0.045136451721191406,0.08367332071065903
257,32637.755789702474,0.027534380555152893,0.31578606367111206
258,37526.360595378035,-0.2501237988471985,0.06688304245471954
259,39144.77949135466,-0.20695289969444275,0.0409371592104435
260,39071.23062805619,0.011650679633021355,0.08654932677745819
261,31446.37233594404,-0.031110292300581932,0.25214242935180664
262,30630.916240147584,-0.08601438999176025,0.22166213393211365
263,23523.8856064214,-0.03107365220785141,0.1614924669265747
264,30748.71587339027,-0.31624966859817505,0.09036505222320557
265,39146.91065010963,0.20196926593780518,0.12686215341091156
266,31683.276199648077,0.05538909137248993,0.17267398536205292
267,17526.975115789548,0.01963868737220764,0.17139223217964172
268,23927.385358741187,0.07963073253631592,0.19322650134563446
269,26970.95716533563,0.24622437357902527,0.23719000816345215
270,16391.76469522937,-0.1664707511663437,0.12103157490491867
271,16328.302436225043,-0.07527632266283035,0.15032178163528442
272,24032.574117468273,0.03380421921610832,0.1671110838651657
273,30640.468365170014,-0.15811559557914734,0.10007619857788086
274,39095.6729454143,-0.06145548075437546,0.06564482301473618
275,39096.31711885338,0.16195252537727356,0.09555362910032272
276,39046.71312511825,-0.1531381607055664,0.049130506813526154
277,39121.51339263695,-0.1534842848777771,0.05588748678565025
278,39071.25046296117,0.20481008291244507,0.12367255985736847
279,39097.736161218745,0.036464493721723557,0.1002909392118454
280,31207.283279389274,-0.016916215419769287,0.13901804387569427
281,31066.815915074356,-0.0771634578704834,0.1481253206729889
282,39120.59679388693,0.01748986542224884,0.0953546091914177
283,22469.619847500784,0.0662984848022461,0.1682250201702118
284,39121.35988451339,0.05921756476163864,0.11613240838050842
285,39096.178244274146,-0.12306356430053711,0.08279817551374435
286,29680.888823981666,0.10599426925182343,0.1608857661485672
287,14743.950982515706,-0.020485443994402885,0.12149393558502197
288,21952.06447421219,-0.017216088250279427,0.08160127699375153
289,17140.46378999959,-0.10275892913341522,0.08729690313339233
290,39171.16919364767,0.1535266786813736,0.11246253550052643
291,7761.135414446528,0.06613615155220032,0.12684576213359833
292,39122.55459200088,0.1632983535528183,0.36566969752311707
293,20546.59809794941,0.35665592551231384,0.2317725270986557
294,33711.951907627794,-0.017076440155506134,0.07351964712142944
295,39146.35289983962,-0.051717184484004974,0.06626513600349426
296,39171.56445101802,-0.043967753648757935,0.06540639698505402
297,28543.877627037396,0.08087559044361115,0.15480203926563263
298,39146.72745874415,-0.07304762303829193,0.06656069308519363
299,39146.789246222594,0.042719196528196335,0.09188227355480194
300,39146.276654125235,0.0026231608353555202,0.08057675510644913
301,39146.07814574249,-0.1127328872680664,0.06828950345516205
302,39171.6399360534,-0.04585495591163635,0.07229210436344147
303,30734.20746242708,-0.14783243834972382,0.08712366223335266
304,39171.93663980484,0.10861526429653168,0.10290837287902832
305,39171.789397740984,0.07686828076839447,0.11472517251968384
306,39172.64824020205,-0.03463079407811165,0.0952426940202713
307,27911.97395987895,-0.06718891859054565,0.17045335471630096
308,16551.16981377863,0.09193813800811768,0.17077253758907318
309,13698.347031872036,-0.004663705825805664,0.12169381976127625
310,9234.781991676506,0.08070405572652817,0.06745460629463196
311,39146.82999133028,0.09006230533123016,0.24291154742240906
312,37161.212709238454,0.14242662489414215,0.11103704571723938
313,39171.46595159558,-0.06096568703651428,0.08071435987949371
314,39146.87110722149,0.08112087100744247,0.08521813154220581
315,-4077.3438087008594,0.0181825440376997,0.09456352889537811
316,39170.88857380417,-0.16543340682983398,0.07330650836229324
317,39170.81829998859,0.04415100812911987,0.08837828040122986
318,39172.247212323695,-0.1115972027182579,0.05920170992612839
319,39148.18192728628,0.16409599781036377,0.1378212720155716
320,39146.67552130185,-0.17811773717403412,0.0391373410820961
321,39147.01989061266,-0.07639752328395844,0.06704625487327576
322,39147.41348027136,-0.259236216545105,0.04050610587000847
323,39172.92028073364,-0.13963443040847778,0.04886782169342041
324,39172.27107621174,-0.05529522895812988,0.09113512933254242
325,39172.21354258105,0.1993544101715088,0.12577828764915466
326,39146.706376901144,-0.039611294865608215,0.08326848596334457
327,39148.13257494801,-0.19306114315986633,0.05162690579891205
328,39122.626969161545,0.07228850573301315,0.09460081905126572
329,39121.65192965424,-0.08146527409553528,0.08274052292108536
330,39146.94131340093,0.08985620737075806,0.10629310458898544
331,39171.394558045926,-0.07013541460037231,0.07472652941942215
332,21397.198497133395,-0.14784292876720428,0.23091012239456177
333,39147.015441363415,0.07918345928192139,0.10264149308204651
334,11392.7117649579,-0.1166648268699646,0.5905200242996216
335,16052.608650778428,0.02823241613805294,0.16003982722759247
336,8077.221426277531,0.09761961549520493,0.030594801530241966
337,30427.62132148461,-0.1885843276977539,0.4593935012817383
338,13400.824098285195,-0.09746333211660385,0.15495505928993225
339,19900.9157548461,0.14724622666835785,0.1289864480495453
340,17316.470787963415,-0.1462552547454834,0.12015300989151001
341,20947.7380345664,0.1885036677122116,0.15394195914268494
342,14457.480701806253,-0.10955886542797089,0.1150929182767868
343,14480.712528228358,-0.20554088056087494,0.0477350577712059
344,15408.103014539574,-0.12227219343185425,0.09472610801458359
345,21793.38194798837,-0.1253269910812378,0.08975082635879517
346,13015.821886901866,-0.1309279501438141,0.06114900857210159
347,33879.7623018093,0.08783930540084839,0.08814891427755356
348,39148.46258180169,0.009586086496710777,0.08683526515960693
349,38121.836468934,-0.0790112167596817,0.06102962791919708
350,39172.29467599144,0.12777721881866455,0.08255846798419952
351,39147.6387036857,0.09101422131061554,0.08521950244903564
352,30006.43227528649,-0.13564059138298035,0.09923607110977173
353,39173.1030701701,-0.08876832574605942,0.06312672793865204
354,39171.75912925501,-0.1130678579211235,0.05608106777071953
355,39147.376160588974,0.4199976921081543,0.18300358951091766
356,39147.22052379897,0.11271604150533676,0.09419097751379013
357,39172.49379858051,-0.020340776070952415,0.05164564773440361
358,39171.691559073835,0.1185213029384613,0.13208460807800293
359,39173.076334568366,0.09723284095525742,0.10978035628795624
360,39173.729458186586,0.4122709631919861,0.1327761709690094
361,39171.667013748905,-0.11500553786754608,0.05853274464607239
362,27016.719737459847,0.24816875159740448,0.43304383754730225
363,39171.45782030111,-0.10776223987340927,0.311138391494751
364,39172.288384507614,-0.09035471081733704,0.06359590590000153
365,39172.32211802201,0.03920314833521843,0.09014686197042465
366,33128.71133156666,0.16105666756629944,0.2706544101238251
367,34259.3403623066,0.24571017920970917,0.2394927442073822
368,36456.63499479395,-0.06630183756351471,0.15303534269332886
369,33107.60015950655,0.2924591302871704,0.26222413778305054
370,39173.86796082933,0.07291197776794434,0.11565019935369492
371,39172.632640266485,-0.034254997968673706,0.08434756845235825
372,36380.47108351589,-0.26337891817092896,0.09195959568023682
373,34847.59656185854,-0.19802126288414001,0.17022636532783508
374,36530.934131739945,0.0368083119392395,0.16599372029304504
375,39172.77416034856,-0.15935088694095612,0.048865221440792084
376,36506.619967568535,-0.021954920142889023,0.13116420805454254
377,39172.34456125358,-0.10781081765890121,0.04031464457511902
378,39172.190549098195,-0.12926630675792694,0.0628710389137268
379,28298.466711546953,-0.07726964354515076,0.43699783086776733
380,36555.75847899374,-0.14342527091503143,0.14207707345485687
381,39172.24057733346,0.06036163121461868,0.09083186089992523
382,39173.14423590379,-0.00295044993981719,0.10798665136098862
383,39172.82986739072,-0.1398923099040985,0.06327839195728302
384,39172.99856737815,0.13980510830879211,0.10682757198810577
385,39172.48631452502,-0.0026733875274658203,0.08469796180725098
386,39173.01771632816,0.287994921207428,0.13882608711719513
387,39173.97090021284,0.07953637093305588,0.1233823150396347
388,39172.43670925867,0.0710732638835907,0.08400028944015503
389,39172.26349667985,0.0034135233145207167,0.09071993082761765
390,28935.641736600184,-0.04869714379310608,0.3551003336906433
391,25991.887498090244,-0.12602445483207703,0.15154939889907837
392,16238.55707489453,0.1422451138496399,0.23310554027557373
393,36481.680920304636,0.0010201334953308105,0.13489308953285217
394,18364.02981893201,-0.02800620160996914,0.11602866649627686
395,39173.08326609462,-0.11557754129171371,0.07938116043806076
396,36480.78893206744,0.08052793145179749,0.19043031334877014
397,33034.478866326215,-0.10685070604085922,0.22457319498062134
398,31855.88098314934,0.09365963190793991,0.2187085598707199
399,39172.390199396126,-0.28617745637893677,0.06611365079879761
400,28630.909993172518,-0.0941549763083458,0.08175711333751678
1,6137.546051537461,-0.2572157382965088,0.4975656270980835
2,2978.129467571177,-0.11217683553695679,0.6215565204620361
3,5226.073010175147,-0.028083007782697678,0.9207825660705566
4,5559.9297385074415,-0.012305036187171936,0.32486075162887573
5,2216.2864775931403,0.03642046079039574,0.9724158048629761
6,2035.7126970661507,0.10143726319074631,0.5639282464981079
7,3388.0127541035786,0.3442402780056,0.20216171443462372
8,2341.463836525356,-0.07568101584911346,0.1319277137517929
9,999.8800869511061,-0.06641768664121628,0.9457839727401733
10,561.8071613363772,-0.17413131892681122,0.2876277267932892
11,327.9938683798758,0.275676429271698,0.46619290113449097
12,780.3265002509144,0.05726814270019531,0.35876354575157166
13,-583.1908235088313,-0.09782572835683823,0.06146658584475517
14,1080.4241464738102,-0.0016665260773152113,0.019518226385116577
15,477.4431258684683,-0.17082665860652924,0.008969077840447426
16,2698.5333324099392,0.1772502362728119,0.7826985120773315
17,2626.48842746358,0.1451011598110199,0.5045872926712036
18,930.1890526706522,0.009872655384242535,0.40061578154563904
19,2579.822360802416,-0.11502949893474579,0.06088503450155258
20,4394.664253552931,-0.0027123838663101196,0.14268213510513306
1,7750.493266128731,-0.254660964012146,0.4763360023498535
2,3147.1654548529814,-0.15572558343410492,0.6611359119415283
3,4271.7239877249585,0.0736171156167984,0.42902645468711853
4,8501.268066975284,-0.08641938865184784,1.046119213104248
5,3977.1956829941187,0.03153776749968529,1.0004396438598633
6,3908.688156361353,0.2315848469734192,0.18484732508659363
7,4930.824296460831,0.5335494875907898,0.3612629771232605
8,3667.5436995774844,0.08032229542732239,0.44522231817245483
9,-4048.8666215110193,-0.3253961503505707,3.282794713973999
10,-4504.884448841308,-0.20919650793075562,1.8137075901031494
11,-4475.9965466507065,0.029780462384223938,0.8891823291778564
12,113.08565432231748,0.021076589822769165,0.9417290687561035
13,299.88872587285874,0.18108224868774414,0.46136197447776794
14,2339.2194921555943,-0.023464059457182884,0.25270017981529236
15,1976.6326906179368,-0.11672990024089813,0.06791915744543076
16,1358.571925532486,-0.17206935584545135,0.009231654927134514
17,137.9183679173033,0.06389091908931732,0.01396020408719778
18,-671.1187311671814,0.008976995944976807,0.02786630392074585
19,-2705.2197216871577,-0.20920388400554657,0.36873531341552734
20,-1762.4132561710608,-0.05902387946844101,0.21842460334300995
1,7686.4875176719825,-0.2646719813346863,0.4903324246406555
2,3581.2531873869425,-0.1286022961139679,0.6838010549545288
3,5605.728612453283,0.08497150242328644,0.647333562374115
4,3052.219203790293,-0.03469784930348396,0.7779554128646851
5,4924.393262588316,0.05176475644111633,0.40442293882369995
6,1680.1097999341928,0.044082388281822205,0.5367856025695801
7,6337.093504949621,-0.1014539822936058,0.9205993413925171
8,216.09804375070254,0.07300285995006561,1.229735255241394
9,-7488.286464523311,-0.3037019968032837,1.2692028284072876
10,-7544.190000290006,-0.19576601684093475,0.21258734166622162
11,-8008.922914503288,-0.09994804859161377,0.18224281072616577
12,-4119.423419236706,-0.08780469745397568,0.3853098750114441
13,-1554.268916866047,0.08894848078489304,0.3218429684638977
14,1259.6140237262366,-0.043174996972084045,0.34992069005966187
15,313.9340592308962,0.03006022237241268,0.10548655688762665
16,1181.045225041636,-0.15072691440582275,0.008208326064050198
17,-2711.4060943804575,-0.0470418743789196,0.5211572647094727
18,1526.2546164402947,-0.05076587200164795,0.008592206053435802
19,2660.7145065964496,-0.13077659904956818,0.0028176619671285152
20,5039.446675220694,-0.2390100210905075,0.004176233895123005
21,8257.67496589903,0.03771444782614708,0.032954972237348557
22,7570.103277470821,0.30212873220443726,0.031042732298374176
23,1318.6499884057732,-0.0022860518656671047,0.3483209013938904
24,6218.661829580158,-0.06286921352148056,0.04876474663615227
25,8750.072860042495,-0.08198927342891693,0.009199103340506554
26,7543.747544269825,0.09877185523509979,0.01097266748547554
27,302.5615754287939,0.2815953195095062,0.3492523431777954
28,450.30480077519996,-0.06797430664300919,0.12447750568389893
29,2783.088116550192,-0.05784926936030388,0.8246822357177734
30,5887.864199184208,0.12759581208229065,0.5046820640563965
31,3721.9709671716487,-0.06523522734642029,0.24673548340797424
32,5426.980732723162,-0.2389076203107834,0.018605735152959824
33,6381.410099570668,-0.13203004002571106,0.007784923072904348
34,7618.443943445796,-0.1946718543767929,0.0054543702863156796
35,8457.025949791696,0.17586515843868256,0.011999454349279404
36,8930.933232253014,-0.018066421151161194,0.010773992165923119
37,7712.004578199027,-0.1832202672958374,0.0230032317340374
38,8772.841414431661,0.007378101348876953,0.007574636489152908
39,-827.6461361231156,-0.0910949632525444,0.07679067552089691
40,4868.794691499863,-0.12742459774017334,0.14635387063026428
1,8857.393186000612,-0.2452031373977661,0.37510913610458374
2,5156.80190367736,-0.15716972947120667,0.660714328289032
3,3943.9923839558005,0.051369886845350266,0.6220600605010986
4,5847.668848080052,-0.05181695148348808,0.557044267654419
5,5844.922684085176,0.029069414362311363,0.3740171194076538
6,1207.1036011493588,0.1509811282157898,0.8700032234191895
7,643.859664074258,0.19376397132873535,0.2864859104156494
8,2151.9725425360652,0.07160548865795135,0.4869570732116699
9,-4748.4905396247705,-0.23178011178970337,1.858095407485962
10,-686.045322084634,-0.028491277247667313,1.7779030799865723
11,-819.5653243476817,0.08683377504348755,0.8130375742912292
12,843.4735756816681,-0.06685712188482285,0.36531513929367065
13,630.8237809255658,0.06559772789478302,0.2803826928138733
14,-2146.0945356521315,0.19488464295864105,0.7009367346763611
15,2892.4109186948413,0.15749689936637878,0.46051377058029175
16,3074.523464142862,0.0525401309132576,0.07799302041530609
17,2828.7027615021393,0.033658113330602646,0.03818683326244354
18,6462.192222070666,0.19678935408592224,0.024324869737029076
19,5780.3115453981545,-0.1531556248664856,0.26082727313041687
20,1624.4636216257986,-0.22125165164470673,0.3170520067214966
21,6417.182998149088,0.11945624649524689,0.011722712777554989
22,6041.580568026178,0.1462273895740509,0.23427629470825195
23,412.5629524138436,-0.08767088502645493,0.5404335260391235
24,5506.090146717575,0.0030299078207463026,0.258209764957428
25,2902.3964004093114,0.01816350780427456,0.4199088513851166
26,1721.809172918267,0.21584221720695496,0.11575274914503098
27,-6005.69231149278,0.007069661282002926,0.012006223201751709
28,-4659.242844323283,0.05912778899073601,0.002165743848308921
29,7981.371818347206,0.12424661219120026,0.07725738734006882
30,6182.550604600031,0.21322402358055115,0.08948610723018646
31,4370.330526690244,-0.12588323652744293,0.11866211891174316
32,9178.563283121022,-0.025324881076812744,0.0967726930975914
33,9757.480386980149,0.023187708109617233,0.006954568438231945
34,6897.002941196913,-0.1342320293188095,0.033860865980386734
35,9619.189681584636,0.075341135263443,0.013103166595101357
36,5411.308099348575,-0.0904940813779831,0.18434849381446838
37,7044.937631570826,-0.1269027590751648,0.004695781972259283
38,9722.50202879348,0.16516712307929993,0.007352571003139019
39,521.7321176141353,0.09077766537666321,0.2991236746311188
40,9091.454856776014,-0.10444848984479904,0.10692913830280304
1,9172.830939416694,-0.21347779035568237,0.39012736082077026
2,7069.357667524344,-0.1680196225643158,0.5884062051773071
3,732.809695572464,0.08895637840032578,0.5005877614021301
4,1768.291415678681,-0.030913449823856354,0.26863399147987366
5,6704.40267745062,-0.12678098678588867,0.06386031210422516
6,5082.120575271798,0.05367591604590416,1.4101232290267944
7,804.95001317407,-0.04415156692266464,1.342392921447754
8,2662.707842348022,-0.04211881756782532,0.9211599230766296
9,-9907.182759406138,0.13142651319503784,0.5333139896392822
10,-9578.114371964906,0.26317453384399414,0.05932145565748215
11,-7340.885463350635,0.0701952576637268,0.16134653985500336
12,-5005.216301786161,0.022951936349272728,0.25314614176750183
13,2484.8438877486956,0.3261641263961792,0.1806166172027588
14,-1933.3716959438996,-0.08448900282382965,0.10650479793548584
15,-1799.889268143405,0.24840673804283142,0.04378034919500351
16,-8866.164445369775,-0.050284843891859055,1.3793857097625732
17,-6537.11650791348,-0.045515358448028564,0.5033861398696899
18,-9915.229610107754,-0.14556702971458435,0.013425812125205994
19,-2858.5800604918336,0.031021645292639732,0.3295118510723114
20,-2955.445960733215,-0.0017703622579574585,0.14281998574733734
1,9864.014789076884,-0.1685335636138916,0.28001832962036133
2,6622.207672188012,-0.2215023934841156,0.45507460832595825
3,3402.3328798288917,0.05151933431625366,0.549726128578186
4,4988.483220366147,-0.02641560696065426,0.2180631458759308
5,5270.113560473412,-0.12213306128978729,0.043206118047237396
6,4026.8981314028993,0.05788404494524002,2.323352575302124
7,1202.3443662290892,-0.05337340384721756,1.530474066734314
8,4090.218789860289,0.10989902913570404,1.7211761474609375
9,-9294.144217185813,0.12621736526489258,0.4000631272792816
10,-9701.943140100137,0.11623527854681015,0.11051967740058899
11,-7125.36510893795,-0.07021539658308029,0.027477920055389404
12,-2051.585571120904,0.05857810005545616,0.23149916529655457
13,-4464.544038529843,-0.27778172492980957,0.2353319376707077
14,-1368.4748995434027,-0.12905149161815643,0.10695873945951462
15,-2512.171779116104,0.2178105115890503,0.06031765788793564
16,-8228.41334937678,-0.08506586402654648,2.4584927558898926
17,-8665.81284852402,0.2767617404460907,0.06107994541525841
18,-10603.808205313742,-0.06204834580421448,0.6963121294975281
19,1705.4244357492216,0.127634197473526,0.4237060546875
20,2105.6796609639814,-0.17816418409347534,0.08494552969932556
1,10375.72981079993,-0.16197261214256287,0.25448358058929443
2,3317.8474750379787,-0.22534237802028656,0.5750468969345093
3,-1834.6802182252663,0.0904998630285263,0.43640145659446716
4,-679.2560785921954,-0.055729202926158905,0.24657222628593445
5,7923.143742937772,0.1512230783700943,0.12217378616333008
6,7730.535888884604,-0.049127332866191864,0.04214708134531975
7,7507.162757744407,-0.015977174043655396,0.23615992069244385
8,3370.3965306858768,-0.005009807646274567,0.5880813598632812
9,-7079.973709252724,-0.18208441138267517,1.9293955564498901
10,-6047.736964170498,-0.09234248101711273,0.38144809007644653
11,-5970.677032587471,0.13581478595733643,0.15035215020179749
12,-4329.1678597142345,-0.1087600588798523,0.26037952303886414
13,-2914.1881337729906,0.1052747592329979,0.17541351914405823
14,1347.437816363824,0.13065755367279053,0.06224776431918144
15,-321.9201992890717,0.11482007801532745,0.22628025710582733
16,-2970.0233613710143,-0.26667019724845886,0.07112964242696762
17,-3579.5434057228663,0.0764266848564148,0.22632209956645966
18,2493.943699221574,0.23652593791484833,0.09194210171699524
19,557.9508679894506,0.2208169400691986,0.10198216885328293
20,-1913.382435052453,0.021502375602722168,0.047487616539001465
1,9638.89289865228,-0.15017643570899963,0.325969398021698
2,5086.780880079584,-0.2392941415309906,0.4352874457836151
3,-2212.0641684334937,0.14813444018363953,0.48648402094841003
4,-4799.75769597004,-0.00788310170173645,0.07833300530910492
5,7440.281303927932,-0.07414975762367249,0.012512460350990295
6,6825.154215304628,0.03721480816602707,0.496358722448349
7,2280.670901342913,-0.06302546709775925,0.3730607032775879
8,-1279.9761129679844,0.13765138387680054,0.46771782636642456
9,-11327.302668059929,0.16030068695545197,0.007958094589412212
10,-10957.44502769795,0.14653220772743225,0.024627383798360825
11,-11414.527268003323,0.05016905814409256,0.17306916415691376
12,5110.7627269349605,-0.04075092077255249,0.12226134538650513
13,-6335.749288946379,0.15613220632076263,1.2682336568832397
14,5729.184625701215,0.5942294001579285,0.8309029340744019
15,380.2682248039468,-0.15948154032230377,0.4201797842979431
16,-11176.710544760417,-0.26558956503868103,0.5697309374809265
17,-11359.31362979073,0.024195503443479538,0.06217833608388901
18,-9930.197535309404,-0.20445182919502258,0.05308772623538971
19,-7160.868751585574,-0.05727451667189598,0.2794031798839569
20,-8246.408791039696,-0.11847101151943207,0.07818160951137543
1,10149.242901652284,-0.1709897220134735,0.2560783624649048
2,6173.9889715608115,-0.21727102994918823,0.4693291187286377
3,3100.720946343369,0.010731091722846031,0.5206882953643799
4,8695.968309975357,-0.06233612820506096,0.1545439511537552
5,8525.356999048197,0.029762055724859238,0.3094261884689331
6,5277.824285870412,0.006105636712163687,0.2660400867462158
7,1102.3382888242575,-0.04104853421449661,1.281132459640503
8,2935.436245210901,-0.016217241063714027,1.1348066329956055
9,-8070.086518812037,-0.13498900830745697,0.10168951749801636
10,-4207.297732593488,0.12723514437675476,0.38578420877456665
11,-3459.6554691385904,-0.15799465775489807,0.23644982278347015
12,-2179.554927858895,-0.06372641026973724,0.31847530603408813
13,-1479.9597438234755,0.11233612149953842,0.30538618564605713
14,982.5002798320237,-0.13540272414684296,0.052340082824230194
15,2391.126199230287,0.030776163563132286,0.032560836523771286
16,804.6814582630848,-0.005236799828708172,0.19899234175682068
17,-2772.144323726424,0.05550950765609741,1.8079856634140015
18,3963.0369694855103,-0.009714081883430481,1.3374407291412354
19,629.0263009457561,-0.21023903787136078,0.30304694175720215
20,5534.3856684445345,-0.14843463897705078,0.07985872030258179
21,-5724.542882268858,0.05123189836740494,0.12656080722808838
22,214.92805430011526,0.1256289929151535,0.040086276829242706
23,-4164.208475432578,0.19202947616577148,0.02116350457072258
24,-1204.7446823536127,0.19405874609947205,0.05281730741262436
25,-5349.13286374549,0.09534569829702377,0.031032687053084373
26,-4618.877853839422,0.15845301747322083,0.023699691519141197
27,-9964.82727924351,0.22090813517570496,0.04390063136816025
28,-7466.095449802912,0.09994872659444809,0.08290079236030579
29,-7924.4507442466775,-0.2143753618001938,0.019703542813658714
30,-5519.526408614339,-0.07093759626150131,0.0041369167156517506
31,-4412.895793538597,0.14463971555233002,0.01022268459200859
32,7114.607761694656,-0.2735013961791992,0.1652759611606598
33,9605.513115129823,-0.09702758491039276,0.0005774609744548798
34,2186.8566037956616,-0.08301091194152832,0.5790374279022217
35,10504.302443925862,-0.04084392637014389,0.013415522873401642
36,4077.6564688962717,-0.23276834189891815,0.23834840953350067
37,-8.432046956190485,-0.2988753914833069,0.09994633495807648
38,2890.6439001274452,-0.2936716377735138,0.03388844430446625
39,264.1053021027921,-0.09360601752996445,0.40632444620132446
40,3410.0696870101574,0.03550326079130173,0.11711450666189194
41,2767.260193862114,-0.03251885250210762,0.04001540690660477
42,-817.5803046317834,-0.035790011286735535,0.09467487037181854
43,617.0179175723405,0.13974112272262573,0.016331171616911888
44,-3628.573576173416,0.05092132091522217,0.14046290516853333
45,-1112.550003364607,-0.02272946760058403,0.037697769701480865
46,3469.8451219116173,-0.10210414230823517,0.005814024247229099
47,9720.39147494501,0.05454055592417717,0.0017908405279740691
48,1010.6902033203497,-0.15972283482551575,0.47688063979148865
49,-1524.3287268855536,0.08142529428005219,0.37322720885276794
50,-3460.5032155052527,-0.030176471918821335,0.03849915415048599
51,-5016.452580225648,-0.04271043837070465,0.012075945734977722
52,427.73851407757485,0.040485553443431854,0.0657818466424942
53,4738.6634482488325,0.08338450640439987,0.015871111303567886
54,3294.297093968153,0.17375165224075317,0.06756769865751266
55,105.68498641837238,0.0028551954310387373,0.08297773450613022
56,2972.3614930373956,-0.069788359105587,0.01280546747148037
57,191.86419138286251,0.0600724034011364,0.011010388843715191
58,-450.0680585263791,0.04724467918276787,0.013110658153891563
59,-1854.738842279764,-0.09480981528759003,0.002842813264578581
60,-7497.446950625675,-0.046365849673748016,0.3244028389453888
61,4593.357932364189,-0.14550575613975525,0.8586602210998535
62,1684.6612570548136,-0.015149733051657677,0.13034331798553467
63,970.5809311832543,0.19300299882888794,0.0026239107828587294
64,1218.1213478263935,-0.24660253524780273,0.013165276497602463
65,9743.475688693337,-0.026725541800260544,0.002691522240638733
66,-462.43698971738536,0.1559813767671585,0.23799757659435272
67,1900.5557641023179,0.1252048760652542,0.02808324620127678
68,1817.0348078723487,-0.07363471388816833,0.16631421446800232
69,5927.981230640107,0.08363226056098938,0.4464173913002014
70,2940.048490131478,-0.05587834119796753,0.20289358496665955
71,-1585.6889228312446,0.01574539765715599,0.14515694975852966
72,3398.4872320050154,-0.13191725313663483,0.20646457374095917
73,7875.830817713341,0.035278432071208954,0.037722148001194
74,8603.221652631353,-0.010627839714288712,0.0031626434065401554
75,10518.242159509426,0.01256055198609829,0.0012224994134157896
76,9853.716702725123,0.30806589126586914,0.011106681078672409
77,11149.030120687497,-0.1359187662601471,0.00027028555632568896
78,10261.364633176547,0.06862303614616394,0.0021273314487189054
79,10585.621151834144,-0.013717375695705414,0.0010256648529320955
80,9623.16576262299,0.028839856386184692,0.02420683577656746
1,11208.434059022671,-0.1588810384273529,0.13436143100261688
2,7543.343772762884,-0.2658849358558655,0.414629191160202
3,-882.2511163970642,0.13370992243289948,0.512356162071228
4,-1834.2253212594437,-0.04631957411766052,0.02757929265499115
5,10332.650554056672,-0.10162966698408127,0.0008054934442043304
6,8821.068057947392,0.019263900816440582,0.5385768413543701
7,8940.71441392641,-0.012892480008304119,0.1085817813873291
8,5594.294828019383,0.13469001650810242,0.34980660676956177
9,-9234.31084798409,-0.2028522491455078,1.5078823566436768
10,-8767.128658181726,-0.1718629002571106,0.23245730996131897
11,-8971.036246902708,0.0688132718205452,0.027325648814439774
12,-95.57430073484252,0.003970782272517681,0.2605730891227722
13,2969.8532554161793,0.026325702667236328,0.08839498460292816
14,-657.6698797803541,0.3135831654071808,0.009824499487876892
15,2375.722069841524,0.24682271480560303,0.013176463544368744
16,-1430.345670824852,-0.006137162446975708,1.3123693466186523
17,2704.818389424473,0.20355898141860962,0.6372696757316589
18,4644.727430185887,-0.03325855731964111,0.17127808928489685
19,5553.255492483596,-0.12681740522384644,0.19260022044181824
20,2041.2546679153986,0.018096623942255974,0.37076693773269653
21,-3899.8828365404015,-0.14032915234565735,0.17459365725517273
22,5050.74956373544,0.15547367930412292,0.03687307611107826
23,7866.953571964696,0.11850205063819885,0.04393141716718674
24,6323.102523998045,-0.08981573581695557,0.03043236956000328
25,3463.0136654328653,-0.019551655277609825,0.4161345362663269
26,10118.628946182143,-0.0634649321436882,0.024234183132648468
27,10689.980246076886,0.22599701583385468,0.011025267653167248
28,8950.761952836501,0.05983526632189751,0.01654878817498684
29,10770.768384224028,0.08551529049873352,0.00674134586006403
30,-235.08992344694445,-0.10177101939916611,0.4295269250869751
31,5806.4406938740385,-0.0038711130619049072,0.5379362106323242
32,11131.357755866271,0.28093767166137695,0.015195861458778381
33,941.7216673597045,-0.17978200316429138,0.4979681968688965
34,-2862.420770560318,0.1571447253227234,0.4203789234161377
35,3771.7040826238976,-0.2960324287414551,0.05061604082584381
36,10178.696030463367,0.005694816820323467,0.0019024353241547942
37,10317.62295968743,0.08121077716350555,0.333626389503479
38,9498.240006761665,-0.06804896146059036,0.4550112187862396
39,11134.452110152475,-0.28067252039909363,0.017648845911026
40,10595.029579510538,0.3210006356239319,0.014634519815444946
41,10988.843357245842,0.03195923566818237,0.003687941934913397
42,10787.083293475629,-0.12134604156017303,0.00291593000292778
43,10338.997319361306,-0.017429430037736893,0.00593965407460928
44,-1158.3577985372326,-0.2794110178947449,0.48383423686027527
45,10390.41170981537,0.02989298105239868,0.7989352941513062
46,11291.809094207807,-0.04965997859835625,0.0010899226181209087
47,7897.7905473372475,-0.031312547624111176,0.07543712854385376
48,-3227.0565399675475,0.15519021451473236,0.9530137777328491
49,7274.12697538666,-0.16757015883922577,0.45909225940704346
50,7161.229432153783,-0.006113009061664343,0.02585480362176895
51,9521.264945169803,-0.12545204162597656,0.00434425612911582
52,8313.848750740508,-0.022102205082774162,0.015556158497929573
53,9976.72506621324,-0.3157210052013397,0.0026728310622274876
54,10559.554718375086,0.15846332907676697,0.009498844854533672
55,9666.022464071768,-0.056386858224868774,0.003497431753203273
56,10608.421021893733,-0.008751163259148598,0.0011501647531986237
57,11602.105658562692,0.07892347127199173,0.0007406552322208881
58,7056.200475674371,0.10791531205177307,0.3040642738342285
59,11558.893180909557,0.07832936942577362,0.0013172344770282507
60,11303.979836107992,0.14444254338741302,0.007927156053483486
61,-1769.8073659294723,-0.2709127962589264,0.6910591125488281
62,1413.4631090740677,0.214910089969635,0.23946885764598846
63,-5497.201105975778,-0.041792817413806915,0.20808076858520508
64,1369.900239646534,-0.006633957382291555,0.04067106544971466
65,4303.773958406608,0.08937647938728333,0.17077556252479553
66,808.0148620450285,-0.03725109249353409,0.4583147466182709
67,2669.554634459678,-0.04864249750971794,0.3870999813079834
68,4359.720855594938,0.09640015661716461,0.10440579056739807
69,3290.238947237115,-0.07199664413928986,0.021860644221305847
70,6777.835412971514,0.14396899938583374,0.014597779139876366
71,9317.435316892144,-0.19149747490882874,0.009589659050107002
72,6024.495900516816,0.301909476518631,0.007740497123450041
73,-1067.7502952154996,-0.054785825312137604,1.7445180416107178
74,2550.940912556428,-0.1442759782075882,0.7950328588485718
75,-2699.6367649825784,-0.012333115562796593,0.1853576898574829
76,1628.5668992409057,-0.04656980186700821,0.059367358684539795
77,697.5949725212662,0.19145387411117554,0.024107124656438828
78,579.1769143438951,-0.09011988341808319,0.017882846295833588
79,549.8685370912496,-0.2722647190093994,0.02839551493525505
80,1610.6768521803142,0.005052357912063599,0.0034689223393797874
1,19538.931938879978,-0.10479830205440521,0.40272578597068787
2,16690.298624654886,-0.08824798464775085,0.3263985812664032
3,15859.346959817274,-0.126366525888443,0.7823676466941833
4,3525.7446495953454,0.01018732599914074,0.3552459180355072
5,2348.4629120319873,0.12783291935920715,0.12542256712913513
6,4170.685711982108,0.1891053020954132,0.02277037315070629
7,2988.0108641881493,-0.07148148864507675,0.2949741780757904
8,3810.1952791615367,0.0960145816206932,0.20827257633209229
9,-11371.961978367135,-0.24580007791519165,4.902376651763916
10,-13201.19992907677,-0.1243138536810875,1.2896676063537598
1,16090.681520732993,-0.12564153969287872,0.24613969027996063
2,18125.538153358215,-0.1910799741744995,0.40651965141296387
3,20390.08815233525,0.13219627737998962,0.492931067943573
4,20288.54026626819,0.05173192545771599,0.6973826885223389
5,9935.171668030729,0.08400097489356995,0.597527265548706
6,7144.195947344903,0.11675190180540085,0.32829490303993225
7,12547.59228299906,-0.07200071215629578,0.0983554869890213
8,-3402.387615000544,0.012358075007796288,0.25015658140182495
9,-11918.96967241782,-0.18159447610378265,1.5122382640838623
10,-11343.161804241247,-0.21265184879302979,1.298642873764038
1,-3230.6514706069693,0.10307157039642334,0.34522509574890137
2,-2996.3968021726987,-0.2383413016796112,0.02304024063050747
3,-3417.847979710038,-0.04014686495065689,0.018139947205781937
4,-2742.9592273450544,0.004356379620730877,0.0042525120079517365
5,-3096.340161171091,0.06471196562051773,0.0051471395418047905
6,-2643.221762786566,0.15762917697429657,0.00296828243881464
7,-2978.219197170395,-0.07940129935741425,0.05067960172891617
8,-3108.3482163688445,0.14258527755737305,0.015637489035725594
9,-5541.710011627445,-0.17443661391735077,0.3597831428050995
10,-4563.327680983327,-0.09850605577230453,0.056511592119932175
1,-10718.48042104897,-0.05123109370470047,0.038830772042274475
2,-3461.5021205198145,-0.21685346961021423,0.00025200334494002163
3,582.7849522137889,-0.10984679311513901,5.329888517735526e-05
4,636.3075345041177,-0.06747535616159439,0.0002882252156268805
5,290.8474047461254,0.2451552152633667,3.9419395761797205e-05
6,716.4392063150444,-0.06005134433507919,5.1570183131843805e-05
7,799.0190824079223,0.23330466449260712,0.00011713429557858035
8,833.2874177489945,-0.12477689236402512,4.221412746119313e-05
9,-14828.078635120904,0.01110217534005642,0.36619529128074646
10,-9032.997652727645,0.17927299439907074,0.24514542520046234
11,-7320.491710552183,-0.13878053426742554,0.011068525724112988
12,-13436.414450987282,0.17337793111801147,0.4520041346549988
13,-4556.19399296436,-0.09068866074085236,0.018373608589172363
14,-7420.108677997631,0.06615358591079712,0.1353154182434082
15,-5216.412988745603,-0.13200722634792328,0.01395465712994337
16,376.5415157890796,0.13537462055683136,1.1495081707835197e-05
17,-23832.39446920268,-0.1369396299123764,0.01835760474205017
18,-361.6264995192673,-0.7257457971572876,0.0038951148744672537
19,-8150.026500128136,-0.11185040324926376,0.02395029366016388
20,-188.48670778971584,0.008130277507007122,0.0001047776167979464
